phrase,frequency,seed
"воспитание ребенка",177728,"воспитание ребенка"
"воспитание детей",177716,"воспитание ребенка"
"воспитание детей обучение",30906,"воспитание ребенка"
"дошкольное воспитание ребенка",20247,"воспитание ребенка"
"развитие и воспитание детей",18563,"воспитание ребенка"
"воспитание детей какая",18412,"воспитание ребенка"
"воспитание детей и молодежи",18180,"воспитание ребенка"
"воспитание ребенка возрасту",16527,"воспитание ребенка"
"нравственное воспитание детей",16214,"воспитание ребенка"
"воспитание ребенка родителями",15716,"воспитание ребенка"
"требования к воспитанию детей",14676,"воспитание ребенка"
"рождение воспитание ребенка",14329,"воспитание ребенка"
"программа воспитания детей",14104,"воспитание ребенка"
"требования к организации воспитания детей",14088,"воспитание ребенка"
"воспитание детей цель",14056,"воспитание ребенка"
"процесс воспитания ребенка",13941,"воспитание ребенка"
"духовное воспитание ребенка",13716,"воспитание ребенка"
"российское воспитание детей",13633,"воспитание ребенка"
"духовно нравственное воспитание детей",13061,"воспитание ребенка"
"воспитание ребенка является",12084,"воспитание ребенка"
"пособие в связи с воспитанием ребенка",11552,"воспитание ребенка"
"условия воспитания ребенка",11346,"воспитание ребенка"
"ежемесячное пособие в связи с воспитанием ребенка",10532,"воспитание ребенка"
"воспитание образование дети",10398,"воспитание ребенка"
"воспитание детей ответы",9795,"воспитание ребенка"
"вопросы воспитания ребенка",9311,"воспитание ребенка"
"воспитание детей в семье",8749,"воспитание ребенка"
"социальное воспитание ребенка",8666,"воспитание ребенка"
"воспитание детей в деятельности",8492,"воспитание ребенка"
"федеральная программа воспитания детей",8325,"воспитание ребенка"
"ценность воспитания детей",8306,"воспитание ребенка"
"направления воспитания детей",8154,"воспитание ребенка"
"воспитание детей государственное",8120,"воспитание ребенка"
"патриотическое воспитание детей",8027,"воспитание ребенка"
"воспитания личности ребенка",7829,"воспитание ребенка"
"педагогическое воспитание детей",7514,"воспитание ребенка"
"воспитание детей ограничивая",7348,"воспитание ребенка"
"целью воспитания ребенка является",7116,"воспитание ребенка"
"воспитание детей с ограниченными возможностями",7017,"воспитание ребенка"
"воспитания детей с ограниченными возможностями здоровья",6887,"воспитание ребенка"
"воспитание ребенка 1",6771,"воспитание ребенка"
"дети в процессе воспитания являются",6526,"воспитание ребенка"
"программа нравственное воспитание детей",6523,"воспитание ребенка"
"организация процесса воспитания ребенка",6516,"воспитание ребенка"
"программа духовно нравственного воспитания детей",6420,"воспитание ребенка"
"результат воспитания ребенка",6375,"воспитание ребенка"
"основная цель воспитания детей",6247,"воспитание ребенка"
"работа воспитание детей",6184,"воспитание ребенка"
"воспитание и формирование ребенка",6124,"воспитание ребенка"
"цель образовательной организации в воспитании ребенка",6076,"воспитание ребенка"
"инклюзивное воспитание детей",6006,"воспитание ребенка"
"правила воспитания детей",5975,"воспитание ребенка"
"направления нравственного воспитания детей",5736,"воспитание ребенка"
"основной целью организации процесса воспитания детей с",5682,"воспитание ребенка"
"задачи воспитания детей",5653,"воспитание ребенка"
"нравственные ценности в воспитании детей",5580,"воспитание ребенка"
"проект воспитание детей",5571,"воспитание ребенка"
"духовные ценности в воспитании детей",5552,"воспитание ребенка"
"программа воспитания и развития детей",5512,"воспитание ребенка"
"основной целью воспитания ребенка является",5500,"воспитание ребенка"
"развитие обучение воспитание ребенка",5470,"воспитание ребенка"
"духовно нравственные ценности в воспитании детей",5466,"воспитание ребенка"
"воспитание ребенка 2",5441,"воспитание ребенка"
"нравственное воспитание детей дошкольного",5433,"воспитание ребенка"
"игра воспитание ребенка",5385,"воспитание ребенка"
"суть воспитания детей",5231,"воспитание ребенка"
"воспитание детей будучи",5220,"воспитание ребенка"
"воспитание детей духовно нравственное развитие",5200,"воспитание ребенка"
"воспитание ребенка человеком",5200,"воспитание ребенка"
"воспитание и развитие личности ребенка",5174,"воспитание ребенка"
"воспитание 3 детей",5173,"воспитание ребенка"
"системы воспитания детей",5163,"воспитание ребенка"
"воспитание ребенка рф",5110,"воспитание ребенка"
"вид воспитания ребенка",4986,"воспитание ребенка"
"воспитание детей раньше",4950,"воспитание ребенка"
"дошкольное воспитание детей с ограниченными возможностями",4887,"воспитание ребенка"
"целевые ориентиры воспитания детей",4867,"воспитание ребенка"
"воспитатель и воспитание детей",4688,"воспитание ребенка"
"традиционное воспитание детей",4688,"воспитание ребенка"
"воспитание детей вопросы ответы",4562,"воспитание ребенка"
"воспитание соседских детей",4549,"воспитание ребенка"
"духовно нравственное воспитание детей дошкольного",4520,"воспитание ребенка"
"нравственное воспитание детей возраст",4490,"воспитание ребенка"
"мужское воспитание детей",4416,"воспитание ребенка"
"секреты воспитания ребенка",4359,"воспитание ребенка"
"ценностное воспитание детей",4333,"воспитание ребенка"
"про воспитание детей",4310,"воспитание ребенка"
"развитие детей дошкольного воспитании",4273,"воспитание ребенка"
"мужское женское дети воспитание",4263,"воспитание ребенка"
"навыки воспитания детей",4226,"воспитание ребенка"
"традиционное духовное воспитание детей",4224,"воспитание ребенка"
"цель нравственного воспитания детей",4207,"воспитание ребенка"
"программа дошкольного воспитания детей",4116,"воспитание ребенка"
"духовное развитие и воспитание детей",4116,"воспитание ребенка"
"секреты воспитания соседских детей",4112,"воспитание ребенка"
"воспитание и здоровье детей",4104,"воспитание ребенка"
"цели духовного воспитания детей",4102,"воспитание ребенка"
"воспитание соседских детей мужское женское",4067,"воспитание ребенка"
"цель духовно нравственного воспитания детей",4034,"воспитание ребенка"
"семейное воспитание ребенка",4032,"воспитание ребенка"
"развитие воспитания образования ребенка",4030,"воспитание ребенка"
"ориентиры в воспитании детей",4027,"воспитание ребенка"
"темы воспитание детей",3976,"воспитание ребенка"
"основа воспитания ребенка",3961,"воспитание ребенка"
"традиционные ценности в воспитании детей",3935,"воспитание ребенка"
"воспитание детей в деятельности виды деятельности",3925,"воспитание ребенка"
"ценности в воспитании детей дошкольного",3913,"воспитание ребенка"
"физическое воспитание ребенка",3907,"воспитание ребенка"
"воспитание духовно нравственных ценностей детей дошкольного",3825,"воспитание ребенка"
"нравственное воспитание личности ребенка",3798,"воспитание ребенка"
"секреты воспитания соседских детей мужское",3783,"воспитание ребенка"
"мужское женское секреты воспитание детей",3783,"воспитание ребенка"
"доброе воспитание детей",3744,"воспитание ребенка"
"воспитание 5 детей",3728,"воспитание ребенка"
"секреты воспитания соседских детей мужское женское",3681,"воспитание ребенка"
"воспитание добра в детях",3641,"воспитание ребенка"
"правильное воспитание детей",3634,"воспитание ребенка"
"воспитание детей до года",3629,"воспитание ребенка"
"цель воспитания развитие детей",3618,"воспитание ребенка"
"формирование нравственного воспитания детей",3606,"воспитание ребенка"
"духовно нравственное воспитание личности ребенка",3585,"воспитание ребенка"
"создание условий для воспитания ребенка",3569,"воспитание ребенка"
"воспитание ребенка отцом",3555,"воспитание ребенка"
"методы воспитания детей",3543,"воспитание ребенка"
"направления развития и воспитания ребенка",3517,"воспитание ребенка"
"концепции воспитания детей",3431,"воспитание ребенка"
"воспитание детей овз",3388,"воспитание ребенка"
"особенности воспитания детей",3379,"воспитание ребенка"
"патриотическое воспитание детей дошкольного",3337,"воспитание ребенка"
"воспитание 4 детей",3333,"воспитание ребенка"
"интеграция воспитания детей",3326,"воспитание ребенка"
"формы воспитания детей",3310,"воспитание ребенка"
"школа воспитания детей",3274,"воспитание ребенка"
"патриотическое воспитание детей дошкольного возраста",3245,"воспитание ребенка"
"роль воспитании ребенка",3199,"воспитание ребенка"
"нравственное воспитание детей дошкольного возраста",3179,"воспитание ребенка"
"воспитание детей дошкольного возраста это",3098,"воспитание ребенка"
"содержание воспитания ребенка",3091,"воспитание ребенка"
"воспитание ребенка взрослыми",3077,"воспитание ребенка"
"право на воспитание ребенка",3060,"воспитание ребенка"
"главные правила воспитания детей",3055,"воспитание ребенка"
"игры воспитанию детей дошкольного возраста",3050,"воспитание ребенка"
"воспитание детей через",3008,"воспитание ребенка"
"воспитание ребенка без",2965,"воспитание ребенка"
"воспитание ребенка раннего возраста",2955,"воспитание ребенка"
"проект воспитание детей дошкольного возраста",2934,"воспитание ребенка"
"культура воспитания ребенка",2917,"воспитание ребенка"
"современное воспитание детей",2906,"воспитание ребенка"
"семья родители и дети воспитание",2858,"воспитание ребенка"
"процесс воспитания и обучения детей",2840,"воспитание ребенка"
"концепции дошкольного воспитания дети",2825,"воспитание ребенка"
"совместное воспитание ребенка",2817,"воспитание ребенка"
"воспитание ребенка 7",2809,"воспитание ребенка"
"воспитание новых детей",2785,"воспитание ребенка"
"воспитание детей детского сада",2766,"воспитание ребенка"
"отношение к воспитанию детей",2755,"воспитание ребенка"
"принципы воспитания детей",2731,"воспитание ребенка"
"концепция воспитания детей дошкольного возраста",2718,"воспитание ребенка"
"воспитание ребенка матерью",2675,"воспитание ребенка"
"программа воспитания детей дошкольного возраста",2659,"воспитание ребенка"
"этапы воспитания ребенка",2647,"воспитание ребенка"
"воспитание ребенка дошкольника",2577,"воспитание ребенка"
"в процессе воспитания ребенок ценности",2565,"воспитание ребенка"
"дошкольное образование воспитание детей дошкольного возраста",2526,"воспитание ребенка"
"включи воспитание ребенка",2491,"воспитание ребенка"
"педагогика воспитания детей",2490,"воспитание ребенка"
"ежемесячное пособие на рождение и воспитание ребенка",2487,"воспитание ребенка"
"вопросы развития и воспитания детей",2464,"воспитание ребенка"
"воспитание детей мероприятие",2430,"воспитание ребенка"
"дошкольное воспитание детей обучение",2422,"воспитание ребенка"
"воспитание детей в саду",2416,"воспитание ребенка"
"духовное воспитание детей дошкольного возраста",2416,"воспитание ребенка"
"социально педагогическое воспитание детей",2391,"воспитание ребенка"
"воспитание ребенка 6",2389,"воспитание ребенка"
"задачи воспитания развития детей",2383,"воспитание ребенка"
"россия воспитание детей",2383,"воспитание ребенка"
"вопросы воспитания и обучения детей",2371,"воспитание ребенка"
"воспитание ребенка поведение",2365,"воспитание ребенка"
"организация духовно нравственного воспитания детей",2348,"воспитание ребенка"
"родительское воспитание детей",2314,"воспитание ребенка"
"духовно нравственное воспитание детей дошкольного возраста",2313,"воспитание ребенка"
"проекты патриотического воспитания детей",2313,"воспитание ребенка"
"дети 1 2 воспитание",2312,"воспитание ребенка"
"нравственно патриотическое воспитание ребенка",2308,"воспитание ребенка"
"книги по воспитанию детей",2307,"воспитание ребенка"
"раннее развитие детей воспитание",2251,"воспитание ребенка"
"среда воспитания ребенка",2224,"воспитание ребенка"
"политика воспитания детей",2216,"воспитание ребенка"
"проект духовно нравственное воспитание детей",2205,"воспитание ребенка"
"воспитание детей с нарушениями",2204,"воспитание ребенка"
"психолого педагогическое воспитание детей",2203,"воспитание ребенка"
"центр воспитания детей",2181,"воспитание ребенка"
"социально нравственное воспитание детей",2177,"воспитание ребенка"
"развивающее воспитание ребенка",2174,"воспитание ребенка"
"патриотические игры патриотического воспитания детей",2160,"воспитание ребенка"
"программы воспитания и обучения детей",2159,"воспитание ребенка"
"сфера воспитания детей",2155,"воспитание ребенка"
"процесс воспитания детей дошкольного возраста",2139,"воспитание ребенка"
"воспитание детей доу",2135,"воспитание ребенка"
"здоровье развитие воспитание детей",2132,"воспитание ребенка"
"воспитание детей относится к",2110,"воспитание ребенка"
"развитие и воспитание ребенка дошкольного возраста",2107,"воспитание ребенка"
"трудовой воспитание детей",2099,"воспитание ребенка"
"нравственное воспитание детей в игре",2083,"воспитание ребенка"
"эстетическое воспитание детей",2081,"воспитание ребенка"
"пособие по воспитанию ребенка",2026,"воспитание ребенка"
"родителей вопросам воспитания ребенка",2022,"воспитание ребенка"
"участвовать в воспитании ребенка",2022,"воспитание ребенка"
"духовно нравственное воспитание детей в игре",2019,"воспитание ребенка"
"занимается воспитанием детей",2011,"воспитание ребенка"
"условия нравственного воспитания детей",2010,"воспитание ребенка"
"приобщение детей к нравственному воспитанию",2008,"воспитание ребенка"
"средства воспитания ребенка",1984,"воспитание ребенка"
"этапы нравственного воспитания ребенка",1972,"воспитание ребенка"
"лучшее воспитание детей",1961,"воспитание ребенка"
"дошкольное воспитание и образование детей",1944,"воспитание ребенка"
"половое воспитание детей",1924,"воспитание ребенка"
"участие в воспитании ребенка",1922,"воспитание ребенка"
"воспитание ребенка 2 3",1909,"воспитание ребенка"
"функции воспитания детей",1903,"воспитание ребенка"
"воспитание старших детей",1901,"воспитание ребенка"
"проект патриотическое воспитание детей дошкольного возраста",1894,"воспитание ребенка"
"воспитание общением детей",1894,"воспитание ребенка"
"государственная политика в воспитании детей",1881,"воспитание ребенка"
"ценность воспитания детей дошкольного возраста",1880,"воспитание ребенка"
"игра патриотическое воспитание детей дошкольного",1875,"воспитание ребенка"
"игра патриотическое воспитание детей дошкольного возраста",1869,"воспитание ребенка"
"подходы воспитания детей",1865,"воспитание ребенка"
"условия духовно нравственного воспитания детей",1853,"воспитание ребенка"
"задачи воспитания детей дошкольного возраста",1849,"воспитание ребенка"
"концепция патриотического воспитания детей",1831,"воспитание ребенка"
"воспитание обучение детей дошкольного возраста",1822,"воспитание ребенка"
"воспитание детей наука",1812,"воспитание ребенка"
"общество в воспитании ребенка",1812,"воспитание ребенка"
"воспитание детей в другом",1810,"воспитание ребенка"
"воспитание детей 10",1796,"воспитание ребенка"
"дети 7 лет воспитание",1787,"воспитание ребенка"
"воспитание 8 детей",1775,"воспитание ребенка"
"мир ребенка воспитание",1750,"воспитание ребенка"
"процесс воспитания детей игрой",1748,"воспитание ребенка"
"основные ценности воспитания ребенка",1746,"воспитание ребенка"
"основы дошкольного воспитания детей",1744,"воспитание ребенка"
"создание условий для духовного воспитания детей",1742,"воспитание ребенка"
"воспитание нескольких детей",1732,"воспитание ребенка"
"культурное воспитание детей",1691,"воспитание ребенка"
"связанных с воспитанием детей",1671,"воспитание ребенка"
"условия для воспитания и развития ребенка",1665,"воспитание ребенка"
"обучение навыкам воспитания ребенка",1662,"воспитание ребенка"
"проблемы воспитание детей",1661,"воспитание ребенка"
"воспитание детей 2025",1652,"воспитание ребенка"
"поддержка воспитания детей",1652,"воспитание ребенка"
"индивидуальное воспитание ребенка",1645,"воспитание ребенка"
"воспитание образование и здоровье детей",1642,"воспитание ребенка"
"воспитание детей законодательство",1638,"воспитание ребенка"
"национальное воспитание детей",1637,"воспитание ребенка"
"игры нравственного воспитания детей дошкольного возраста",1610,"воспитание ребенка"
"дать ребенку воспитание",1597,"воспитание ребенка"
"музыкальное воспитание детей",1597,"воспитание ребенка"
"качества воспитания ребенка",1595,"воспитание ребенка"
"концепция духовно нравственного воспитания детей",1591,"воспитание ребенка"
"русское воспитание детей",1570,"воспитание ребенка"
"ответственность за воспитание детей",1564,"воспитание ребенка"
"основы воспитания детей дошкольного возраста",1560,"воспитание ребенка"
"гражданское воспитание детей",1559,"воспитание ребенка"
"воспитание младшего ребенка",1553,"воспитание ребенка"
"план воспитание детей",1547,"воспитание ребенка"
"психология воспитания детей",1547,"воспитание ребенка"
"педагогическое сопровождение воспитания ребенка",1546,"воспитание ребенка"
"экологически воспитание детям",1536,"воспитание ребенка"
"народное воспитание детей",1533,"воспитание ребенка"
"санпин воспитание детей",1529,"воспитание ребенка"
"пространство воспитания ребенка",1524,"воспитание ребенка"
"федеральные проекты воспитания детей",1519,"воспитание ребенка"
"социализация воспитание детей",1515,"воспитание ребенка"
"воспитание несовершеннолетних детей",1515,"воспитание ребенка"
"пособие по рождению и воспитанию ребенка",1486,"воспитание ребенка"
"санпин воспитание обучение детей",1485,"воспитание ребенка"
"воспитание детей наказания",1470,"воспитание ребенка"
"стили воспитания детей",1470,"воспитание ребенка"
"воспитание личностного развития ребенка",1468,"воспитание ребенка"
"с рождением и воспитания ребенком выплаты",1466,"воспитание ребенка"
"психолого педагогическое сопровождение воспитания ребенка",1459,"воспитание ребенка"
"психическое воспитание ребенка",1452,"воспитание ребенка"
"гигиеническое воспитание детей",1451,"воспитание ребенка"
"обучение родителей воспитанию детей",1446,"воспитание ребенка"
"развитие физического воспитания детей",1443,"воспитание ребенка"
"обязанность по воспитанию детей",1436,"воспитание ребенка"
"условия воспитания ребенка дошкольного возраста",1428,"воспитание ребенка"
"задачи патриотического воспитания детей",1426,"воспитание ребенка"
"помощь в воспитании детей",1426,"воспитание ребенка"
"воспитание успешного ребенка",1424,"воспитание ребенка"
"развития воспитания ребенка дошкольника",1417,"воспитание ребенка"
"опыт воспитания детей",1403,"воспитание ребенка"
"программа воспитания детей в дошкольном образовании",1402,"воспитание ребенка"
"технология воспитания детей детьми",1399,"воспитание ребенка"
"воспитание ребенка любовью",1395,"воспитание ребенка"
"санпин воспитание детей и молодежи",1395,"воспитание ребенка"
"педагогическое сопровождение ребенка в процессе воспитания",1393,"воспитание ребенка"
"воспитание детей скачать",1385,"воспитание ребенка"
"передача воспитание детей",1384,"воспитание ребенка"
"начальное воспитание ребенка",1382,"воспитание ребенка"
"воспитание и развитие дети и родители",1380,"воспитание ребенка"
"нравственно патриотическое воспитание детей дошкольного",1378,"воспитание ребенка"
"заявление о воспитании ребенка",1371,"воспитание ребенка"
"воспитание ребенка дома",1367,"воспитание ребенка"
"идеи воспитания ребенка",1367,"воспитание ребенка"
"этапы развития и воспитания ребенка",1360,"воспитание ребенка"
"нравственно патриотическому воспитанию детей дошкольного возраста",1356,"воспитание ребенка"
"воспитание ребенка 3 4",1355,"воспитание ребенка"
"основы воспитания и обучения детей",1353,"воспитание ребенка"
"позиции воспитания ребенка",1352,"воспитание ребенка"
"эмоциональное воспитание ребенка",1346,"воспитание ребенка"
"развитие воспитание детей в игре",1345,"воспитание ребенка"
"деятельность ребенка в процессе воспитания",1340,"воспитание ребенка"
"цель воспитания детей дошкольного возраста",1340,"воспитание ребенка"
"какие вопросы воспитания детей",1333,"воспитание ребенка"
"приоритет воспитания детей",1332,"воспитание ребенка"
"воспитания формирования личности ребенка",1319,"воспитание ребенка"
"ежемесячное пособие по воспитанию ребенка",1301,"воспитание ребенка"
"воспитание детей первый ребенок",1298,"воспитание ребенка"
"воспитание первого ребенка",1298,"воспитание ребенка"
"духовно патриотическое воспитание детей",1294,"воспитание ребенка"
"что важно в воспитании детей",1293,"воспитание ребенка"
"методики воспитания детей",1288,"воспитание ребенка"
"пример воспитания детей",1275,"воспитание ребенка"
"ребенок в системе дошкольного воспитания",1269,"воспитание ребенка"
"нравственное воспитание детей раннего возраста",1268,"воспитание ребенка"
"воспитание ребенка видео",1267,"воспитание ребенка"
"воспитание детей подростков",1259,"воспитание ребенка"
"ненадлежащее воспитание детей",1250,"воспитание ребенка"
"российская система воспитания детей",1242,"воспитание ребенка"
"книги про воспитание детей",1232,"воспитание ребенка"
"воспитание детей важная задача",1228,"воспитание ребенка"
"обучение и воспитание детей с овз",1218,"воспитание ребенка"
"патриотическое духовно нравственное воспитание детей",1217,"воспитание ребенка"
"воспитание ребенка трудом",1216,"воспитание ребенка"
"духовно нравственное воспитание детей раннего возраста",1215,"воспитание ребенка"
"воспитания детей без родителей",1209,"воспитание ребенка"
"воспитание детей женщинами",1204,"воспитание ребенка"
"современное воспитание и развитие детей",1201,"воспитание ребенка"
"задачи воспитания детей в игре",1197,"воспитание ребенка"
"воспитание детей дошкольников патриотическое",1197,"воспитание ребенка"
"концепции воспитания и развития ребенка",1196,"воспитание ребенка"
"закономерности воспитания детей",1195,"воспитание ребенка"
"день воспитания детей",1194,"воспитание ребенка"
"мама дети воспитание",1192,"воспитание ребенка"
"воспитание дополнительное образование детей",1191,"воспитание ребенка"
"возрастное воспитание детей",1185,"воспитание ребенка"
"решение в воспитании ребенка",1182,"воспитание ребенка"
"современное воспитание детей дошкольного возраста",1175,"воспитание ребенка"
"ем воспитание детей",1173,"воспитание ребенка"
"условия патриотического воспитания детей дошкольного возраста",1158,"воспитание ребенка"
"дошкольное воспитание относится к детям",1157,"воспитание ребенка"
"воспитание чувств детей",1156,"воспитание ребенка"
"патриотическое воспитание детей дошкольного возраста задачи",1155,"воспитание ребенка"
"воспитание ребенка 6 лет",1150,"воспитание ребенка"
"аспекты воспитания детей",1150,"воспитание ребенка"
"цель воспитания детей в российской федерации",1148,"воспитание ребенка"
"ответственность родителей за воспитание детей",1144,"воспитание ребенка"
"воспитание детей чтением",1142,"воспитание ребенка"
"воспитание ребенка в 5 лет",1137,"воспитание ребенка"
"целевые ориентиры воспитания детей раннего возраста",1135,"воспитание ребенка"
"традиции воспитания детей",1134,"воспитание ребенка"
"семья рабочая воспитания детей",1131,"воспитание ребенка"
"воспитание ребенка консультация",1127,"воспитание ребенка"
"инструменты воспитания детей",1126,"воспитание ребенка"
"психологическое воспитание ребенка",1125,"воспитание ребенка"
"условия жизни и воспитания ребенка",1117,"воспитание ребенка"
"программа патриотического воспитания детей",1116,"воспитание ребенка"
"смотреть воспитание детей",1100,"воспитание ребенка"
"воспитание детей это знание и умение",1097,"воспитание ребенка"
"общественное воспитание ребенка",1088,"воспитание ребенка"
"группа по воспитанию детей",1084,"воспитание ребенка"
"воспитание детей школьного",1083,"воспитание ребенка"
"психическое развитие и воспитание детей",1082,"воспитание ребенка"
"воспитание ребенка в 1 3",1080,"воспитание ребенка"
"условия воспитания ребенка с овз",1077,"воспитание ребенка"
"ценности и цели в воспитании детей",1077,"воспитание ребенка"
"задачи процесса воспитания детей дошкольного возраста",1066,"воспитание ребенка"
"воспитание ребенка 9",1064,"воспитание ребенка"
"принимать детей на воспитание",1063,"воспитание ребенка"
"воспитание ребенка после",1061,"воспитание ребенка"
"создание условий для патриотического воспитания детей",1057,"воспитание ребенка"
"тест воспитание детей",1055,"воспитание ребенка"
"обязан воспитанию детей",1052,"воспитание ребенка"
"воспитание взаимодействии между родителями и детьми",1052,"воспитание ребенка"
"гигиеническое воспитание и обучение детей",1051,"воспитание ребенка"
"умственное воспитание ребенка",1051,"воспитание ребенка"
"воспитание ребенка через игру",1048,"воспитание ребенка"
"работа родителей и воспитание детей",1048,"воспитание ребенка"
"задача взрослых в воспитании детей",1046,"воспитание ребенка"
"воспитание интеллектуального ребенка",1044,"воспитание ребенка"
"воспитание ребенка мужа",1043,"воспитание ребенка"
"законы о воспитании детей",1041,"воспитание ребенка"
"патриотическое воспитание детей и взрослых",1036,"воспитание ребенка"
"ребенку год развитие и воспитание",1032,"воспитание ребенка"
"знакомства для воспитания детей",1031,"воспитание ребенка"
"игры в воспитании детей дошкольников",1029,"воспитание ребенка"
"воспитание ребенка психолог",1028,"воспитание ребенка"
"особенности воспитания и развития детей",1024,"воспитание ребенка"
"цель проекта воспитание ребенка",1024,"воспитание ребенка"
"предметы воспитания детей",1023,"воспитание ребенка"
"ситуация воспитания ребенка",1021,"воспитание ребенка"
"воспитание детей дошкольного возраста в деятельности",1020,"воспитание ребенка"
"воспитание детей москва",1014,"воспитание ребенка"
"воспитание ребенка инвалида",1012,"воспитание ребенка"
"время в воспитании ребенка",1002,"воспитание ребенка"
"контроль воспитания ребенка",999,"воспитание ребенка"
"духовная культура воспитание детей",998,"воспитание ребенка"
"философия воспитание ребенка",993,"воспитание ребенка"
"воспитание детей оставшихся без родителей",993,"воспитание ребенка"
"друзья воспитание детей",992,"воспитание ребенка"
"воспитание в интересах ребенка",991,"воспитание ребенка"
"воспитание детей с рождения до года",990,"воспитание ребенка"
"способы воспитания детей",990,"воспитание ребенка"
"уровни воспитания детей дошкольного возраста",990,"воспитание ребенка"
"воспитание трех детей",989,"воспитание ребенка"
"государственная политика в сфере воспитания детей",983,"воспитание ребенка"
"воспитания детей оставшихся без попечения",978,"воспитание ребенка"
"процесс воспитания детей с овз",976,"воспитание ребенка"
"условия воспитания современных детей",976,"воспитание ребенка"
"воспитание детей старшего возраста",975,"воспитание ребенка"
"типы воспитания детей",974,"воспитание ребенка"
"воспитания детей без попечения родителей",972,"воспитание ребенка"
"практика воспитания детей",972,"воспитание ребенка"
"ребенок имеет право на воспитание",969,"воспитание ребенка"
"деятельность родителей воспитание ребенка",967,"воспитание ребенка"
"воспитание детей оставшихся без попечения родителей",965,"воспитание ребенка"
"цели воспитания в игре ребенок ребенок",965,"воспитание ребенка"
"художественное воспитание детей",964,"воспитание ребенка"
"цель общества в воспитании детей",964,"воспитание ребенка"
"цели воспитания детей с овз",963,"воспитание ребенка"
"воспитание детей произведение",962,"воспитание ребенка"
"вопросы образования и воспитания детей",961,"воспитание ребенка"
"цели и задачи воспитания детей",960,"воспитание ребенка"
"воспитание культуры детей дошкольного возраста",958,"воспитание ребенка"
"новая философия воспитания дети",957,"воспитание ребенка"
"особенности обучения и воспитания детей",950,"воспитание ребенка"
"воспитание ребенка раннего дошкольного возраста",948,"воспитание ребенка"
"принимает участие в воспитании ребенка",947,"воспитание ребенка"
"цели обучения воспитания детей",942,"воспитание ребенка"
"вопросы воспитание детей в семье",941,"воспитание ребенка"
"цели нравственное воспитание детей дошкольного возраста",941,"воспитание ребенка"
"заботиться о воспитании детей",940,"воспитание ребенка"
"патриотического воспитания детей и молодежи",935,"воспитание ребенка"
"приобщение детей к патриотическому воспитанию",935,"воспитание ребенка"
"развитие и воспитание ребенка в семье",928,"воспитание ребенка"
"какая семьи в воспитании ребенка",919,"воспитание ребенка"
"культурное воспитание детей дошкольного возраста",914,"воспитание ребенка"
"подготовка к воспитанию детей",911,"воспитание ребенка"
"выплаты на воспитание ребенка",911,"воспитание ребенка"
"обязанности родителей по воспитанию детей",910,"воспитание ребенка"
"воспитание детей природой",908,"воспитание ребенка"
"преимущественное право на воспитание детей",907,"воспитание ребенка"
"воспитание детей сюжетно ролевой игре",906,"воспитание ребенка"
"воспитание детей старшего дошкольного",905,"воспитание ребенка"
"периоды воспитания детей",905,"воспитание ребенка"
"год семьи и воспитание детей",905,"воспитание ребенка"
"направления воспитания детей раннего возраста",903,"воспитание ребенка"
"национальная политика в воспитании детей",902,"воспитание ребенка"
"воспитание сказкой детей дошкольного возраста",895,"воспитание ребенка"
"воспитание ребенка 14",894,"воспитание ребенка"
"воспитание детей в традиционном обществе",893,"воспитание ребенка"
"воспитание детей младшего возраста",892,"воспитание ребенка"
"нравственное воспитание ребенка через игру",892,"воспитание ребенка"
"формы воспитания детей родителями",891,"воспитание ребенка"
"воспитание детей автор",889,"воспитание ребенка"
"особый ребенок воспитание",886,"воспитание ребенка"
"программа традиционного духовного воспитания детей",886,"воспитание ребенка"
"программы нравственного воспитания детей дошкольного возраста",884,"воспитание ребенка"
"воспитание детей рекомендации",883,"воспитание ребенка"
"нормы воспитания детей",883,"воспитание ребенка"
"детства воспитании ребенка ребенка",883,"воспитание ребенка"
"физическая воспитание детей дошкольного воспитания",880,"воспитание ребенка"
"воспитание активных детей",880,"воспитание ребенка"
"воспитание словами детей",878,"воспитание ребенка"
"теории воспитания детей",874,"воспитание ребенка"
"цель организации воспитания детей с овз",874,"воспитание ребенка"
"основная цель воспитания детей с овз",873,"воспитание ребенка"
"социальное воспитание личности ребенка",871,"воспитание ребенка"
"воспитание детей учителями",870,"воспитание ребенка"
"практическое воспитание детей",870,"воспитание ребенка"
"инструменты воспитания детей и молодежи",867,"воспитание ребенка"
"воспитание детей с нарушениями развития",867,"воспитание ребенка"
"патриотическое воспитание детей в дошкольном образовании",866,"воспитание ребенка"
"воспитание ребенка 1 4",864,"воспитание ребенка"
"аспекты воспитания и развития детей",863,"воспитание ребенка"
"нормальное воспитание ребенка",860,"воспитание ребенка"
"совместное обучение воспитание детей",859,"воспитание ребенка"
"воспитания детей старшего дошкольного возраста",859,"воспитание ребенка"
"гражданское воспитание детей дошкольного возраста",857,"воспитание ребенка"
"инклюзивное воспитание детей с овз",856,"воспитание ребенка"
"аспекты воспитания детей дошкольного возраста",851,"воспитание ребенка"
"воспитание детей часть",846,"воспитание ребенка"
"классическое воспитание детей",845,"воспитание ребенка"
"дошкольное воспитание ребенок и общество",845,"воспитание ребенка"
"читать воспитание ребенка",841,"воспитание ребенка"
"воспитание детей текст",841,"воспитание ребенка"
"задачи обучения воспитания детей",840,"воспитание ребенка"
"современные концепции воспитания ребенка",836,"воспитание ребенка"
"занятия по воспитанию детей",835,"воспитание ребенка"
"воспитание детей через культуру",832,"воспитание ребенка"
"порядок воспитания детей",826,"воспитание ребенка"
"программы патриотического воспитания детей дошкольного возраста",807,"воспитание ребенка"
"факторы воспитания ребенка",805,"воспитание ребенка"
"1 нравственное воспитание детей",804,"воспитание ребенка"
"литературное воспитание ребенка",803,"воспитание ребенка"
"воспитание детей в процессе общения",802,"воспитание ребенка"
"темы воспитания детей дошкольного возраста",801,"воспитание ребенка"
"воспитание детей в народных играх",801,"воспитание ребенка"
"воспитание детей через сказки",800,"воспитание ребенка"
"воспитание ребенком бабушки",800,"воспитание ребенка"
"патриотическое воспитание детей в современных условиях",798,"воспитание ребенка"
"воспитание детей безопасность",796,"воспитание ребенка"
"духовно нравственное воспитание детей сказкой",791,"воспитание ребенка"
"сказки в нравственном воспитании детей",790,"воспитание ребенка"
"современные концепции воспитания и развития ребенка",788,"воспитание ребенка"
"смотреть мужское женское соседское воспитание детей",787,"воспитание ребенка"
"идея патриотического воспитания детей",782,"воспитание ребенка"
"вопросы физического воспитания ребенка",781,"воспитание ребенка"
"воспитание детей несовершеннолетние родители",781,"воспитание ребенка"
"истоки воспитания детей",780,"воспитание ребенка"
"споры воспитание детей",778,"воспитание ребенка"
"совместное воспитание детей игра",777,"воспитание ребенка"
"что является воспитанием детей дошкольного возраста",775,"воспитание ребенка"
"дети сироты воспитание",775,"воспитание ребенка"
"уровень культурного воспитания детей",774,"воспитание ребенка"
"нравственное воспитание детей через сказку",770,"воспитание ребенка"
"патриотическое воспитание работы детей",770,"воспитание ребенка"
"воспитание второго ребенка",769,"воспитание ребенка"
"второй ребенок воспитание",769,"воспитание ребенка"
"семья и семейное воспитание детей",769,"воспитание ребенка"
"постановление о воспитании детей",767,"воспитание ребенка"
"воспитание ребенка с 12",766,"воспитание ребенка"
"раздел воспитание детей",765,"воспитание ребенка"
"патриотическое воспитание детей темы",762,"воспитание ребенка"
"народные сказки в воспитании детей",760,"воспитание ребенка"
"воспитание детей через народные игры",760,"воспитание ребенка"
"русские сказки в воспитании детей ребенка",758,"воспитание ребенка"
"взять ребенка на воспитание",758,"воспитание ребенка"
"закономерности воспитания и обучения детей",757,"воспитание ребенка"
"воспитание приемного ребенка",757,"воспитание ребенка"
"воспитание среднего ребенка",757,"воспитание ребенка"
"меры воспитания ребенка",756,"воспитание ребенка"
"русские народные сказки в воспитании детей",754,"воспитание ребенка"
"помогу в воспитании ребенка",753,"воспитание ребенка"
"в воспитании детей 18",748,"воспитание ребенка"
"процесс нравственного воспитания детей дошкольного возраста",746,"воспитание ребенка"
"воспитание ребенка до 3 лет",745,"воспитание ребенка"
"институты воспитания ребенка",745,"воспитание ребенка"
"воспитание творческого ребенка",745,"воспитание ребенка"
"воспитание и наказание детей угрозой",744,"воспитание ребенка"
"центр эстетического воспитания детей",740,"воспитание ребенка"
"гражданско патриотическое воспитание детей",737,"воспитание ребенка"
"педагогические системы воспитания детей",737,"воспитание ребенка"
"ребенок 20 лет воспитание",735,"воспитание ребенка"
"воспитание детей дошкольного возраста через сказки",734,"воспитание ребенка"
"физическое воспитание детей дошкольного возраста",732,"воспитание ребенка"
"секреты воспитания соседских детей смотреть",730,"воспитание ребенка"
"народная культуры в воспитании детей",729,"воспитание ребенка"
"фгос воспитание детей",728,"воспитание ребенка"
"мужское женское секреты воспитания детей смотреть",726,"воспитание ребенка"
"центр воспитания детей и молодежи",725,"воспитание ребенка"
"духовно нравственное воспитание детей через сказку",725,"воспитание ребенка"
"воспитание детей дошкольного возраста в общении",720,"воспитание ребенка"
"семья рождение и воспитание детей",720,"воспитание ребенка"
"секреты воспитания соседских детей мужское женское смотреть",719,"воспитание ребенка"
"воспитание детей принципы развития",717,"воспитание ребенка"
"методы воспитания и обучения детей",715,"воспитание ребенка"
"советы по воспитанию детей",712,"воспитание ребенка"
"правовое воспитание детей",709,"воспитание ребенка"
"воспитание детей один правильный ответ",709,"воспитание ребенка"
"роль семьи в воспитании ребенка",707,"воспитание ребенка"
"передаче ребенка на воспитание в семью",705,"воспитание ребенка"
"воспитание характера ребенка",704,"воспитание ребенка"
"русская культура и воспитание детей",703,"воспитание ребенка"
"санитарно гигиеническое воспитание детей",702,"воспитание ребенка"
"социализация ребенка в процессе воспитания",700,"воспитание ребенка"
"федеральные законы о воспитании детей",699,"воспитание ребенка"
"социальное воспитание ребенка в семье",698,"воспитание ребенка"
"личность ребенка в процессе воспитания",693,"воспитание ребенка"
"воспитание двух детей",693,"воспитание ребенка"
"ребенок воспитание уход",692,"воспитание ребенка"
"воспитание ребенка три года",689,"воспитание ребенка"
"ребенок субъект воспитания",689,"воспитание ребенка"
"забота о воспитании детей",686,"воспитание ребенка"
"возрастные особенности воспитания детей",686,"воспитание ребенка"
"народ дети воспитание",685,"воспитание ребенка"
"ребенок воспитание государством",684,"воспитание ребенка"
"патриотическое воспитание детей в образовательном процессе",684,"воспитание ребенка"
"воспитание ребенка 4 5",682,"воспитание ребенка"
"содержание обучения и воспитания детей",681,"воспитание ребенка"
"воспитание детей в другом мире",681,"воспитание ребенка"
"выпуск секрет воспитания соседских детей",681,"воспитание ребенка"
"влияние на воспитание детей",680,"воспитание ребенка"
"роль ребенка в процессе воспитания",679,"воспитание ребенка"
"воспитание детей история",679,"воспитание ребенка"
"воспитание детей значение",679,"воспитание ребенка"
"мужское женское выпуск воспитание соседских детей",677,"воспитание ребенка"
"темы нравственного воспитания детей",675,"воспитание ребенка"
"воспитание самостоятельного ребенка",673,"воспитание ребенка"
"аниме воспитание детей",673,"воспитание ребенка"
"воспитание детей 5 6",670,"воспитание ребенка"
"преимущественное право воспитания детей имеют",670,"воспитание ребенка"
"понятие воспитания ребенка",667,"воспитание ребенка"
"воспитание развитие детей раннего возраста",666,"воспитание ребенка"
"формы методы воспитания детей",664,"воспитание ребенка"
"воспитание детей фз",663,"воспитание ребенка"
"родители ненадлежащее воспитание детей",662,"воспитание ребенка"
"система обучения детей и воспитания детей",658,"воспитание ребенка"
"родительское собрание воспитание ребенка",658,"воспитание ребенка"
"анализ воспитания ребенка",658,"воспитание ребенка"
"мужское женское секреты воспитания соседских детей выпуск",658,"воспитание ребенка"
"организация воспитания детей дошкольного возраста",654,"воспитание ребенка"
"роль родителей в воспитании детей",654,"воспитание ребенка"
"обучение и воспитание детей какие организации",650,"воспитание ребенка"
"участие отца в воспитании детей",648,"воспитание ребенка"
"условия воспитания личности ребенка",647,"воспитание ребенка"
"воспитание ребенка от 1 года",645,"воспитание ребенка"
"воспитания детей здоровыми",644,"воспитание ребенка"
"воспитание ребенка 1 5",643,"воспитание ребенка"
"вопросы семейного воспитания детей",642,"воспитание ребенка"
"воспитание детей в системе образования",641,"воспитание ребенка"
"начало воспитания ребенка",640,"воспитание ребенка"
"воспитание ребенка жены",640,"воспитание ребенка"
"воспитание самостоятельности ребенка",636,"воспитание ребенка"
"воспитание детей названия",635,"воспитание ребенка"
"основы нравственного воспитания детей",634,"воспитание ребенка"
"отец не участвует в воспитании ребенка",630,"воспитание ребенка"
"воспитание в семье права ребенка",627,"воспитание ребенка"
"воспитание ребенка с сдвг",626,"воспитание ребенка"
"воспитание и обучение детей в семье",626,"воспитание ребенка"
"воспитание детей 18 лет",625,"воспитание ребенка"
"воспитание детей бесплатно",625,"воспитание ребенка"
"социальное воспитание в процессе социализации ребенка",624,"воспитание ребенка"
"воспитание детей закон рф",622,"воспитание ребенка"
"право родителя на воспитание ребенка",622,"воспитание ребенка"
"единое пособие рождение и воспитание ребенка",621,"воспитание ребенка"
"формы организации воспитания детей",621,"воспитание ребенка"
"совместное обучение воспитание детей имеющих овз",615,"воспитание ребенка"
"совместное обучение и воспитание детей имеющих",610,"воспитание ребенка"
"приемы воспитания детей",609,"воспитание ребенка"
"вопросы нравственного воспитания детей",608,"воспитание ребенка"
"воспитание активности детей",604,"воспитание ребенка"
"уроки воспитания детей",603,"воспитание ребенка"
"исполнение обязанностей по воспитанию ребенка",602,"воспитание ребенка"
"воспитание детей законодательство рф",600,"воспитание ребенка"
"задачи воспитания родителями детей",599,"воспитание ребенка"
"педагогические условия воспитания детей",599,"воспитание ребенка"
"плохое воспитание детей",595,"воспитание ребенка"
"воспитание детей уважение",595,"воспитание ребенка"
"благополучие и воспитание детей",594,"воспитание ребенка"
"ребенку 8 лет воспитание",594,"воспитание ребенка"
"роль воспитания в развитии детей",593,"воспитание ребенка"
"эффективное воспитание детей",588,"воспитание ребенка"
"наука о воспитании и обучении детей",588,"воспитание ребенка"
"единое пособие с воспитанием ребенка",587,"воспитание ребенка"
"воспитание ребенка с отклонениями в",586,"воспитание ребенка"
"гигиеническое воспитание детей ответы",586,"воспитание ребенка"
"воспитание детей криком",585,"воспитание ребенка"
"воспитание ребенка школьного возраста",583,"воспитание ребенка"
"личность ребенка в воспитании педагогика",581,"воспитание ребенка"
"дети в школе обучение и воспитание",574,"воспитание ребенка"
"консультации родителям воспитание ребенка",572,"воспитание ребенка"
"основные вопросы воспитания детей",566,"воспитание ребенка"
"воспитание детей без криков",566,"воспитание ребенка"
"воспитании и опеки ребенка",566,"воспитание ребенка"
"педагоги о воспитании детей",564,"воспитание ребенка"
"воспитание детей детского дома",561,"воспитание ребенка"
"воспитание ребенка с отклонениями в развитии",561,"воспитание ребенка"
"спор связанный с воспитанием детей",560,"воспитание ребенка"
"педагогическое воспитание детей дошкольного возраста",560,"воспитание ребенка"
"воспитание ребенка 3 5",559,"воспитание ребенка"
"образы в воспитании детей",557,"воспитание ребенка"
"взаимодействие по воспитанию ребенка",556,"воспитание ребенка"
"1 воспитание ребенка в игре",555,"воспитание ребенка"
"отдать детей на воспитание",552,"воспитание ребенка"
"закон об образовании воспитание детей",551,"воспитание ребенка"
"индивидуальные особенности детей и воспитание",550,"воспитание ребенка"
"педагогика наука о воспитании детей",549,"воспитание ребенка"
"модели воспитания ребенка",549,"воспитание ребенка"
"условия воспитания ребенка в семье",548,"воспитание ребенка"
"задачи физического воспитания ребенка",548,"воспитание ребенка"
"обучение и воспитание детей с года",547,"воспитание ребенка"
"воспитание детей ответ на тест",547,"воспитание ребенка"
"семейное воспитание в развитии ребенка",547,"воспитание ребенка"
"неисполнение обязанности по воспитанию ребенка",545,"воспитание ребенка"
"обязанности по воспитанию несовершеннолетних детей",544,"воспитание ребенка"
"воспитание ребенка путь",543,"воспитание ребенка"
"формы воспитания ребенка в семье",542,"воспитание ребенка"
"формы обучения и воспитания детей",542,"воспитание ребенка"
"воспитание детей 3 4 лет",536,"воспитание ребенка"
"конспект воспитание детей",534,"воспитание ребенка"
"воспитание детей с какого возраста",534,"воспитание ребенка"
"воспитание ребенка в городе",532,"воспитание ребенка"
"воспитание и обучение детей с нарушениями развития",530,"воспитание ребенка"
"особенности воспитания ребенка дошкольного возраста",525,"воспитание ребенка"
"вопросов воспитания детей дошкольного возраста",525,"воспитание ребенка"
"воспитание ребенка в 4 года",525,"воспитание ребенка"
"психология воспитания детей обучение",522,"воспитание ребенка"
"воспитание детей 5 7 лет",522,"воспитание ребенка"
"гармоничное воспитание детей",519,"воспитание ребенка"
"патриотическое воспитание детей через",519,"воспитание ребенка"
"воспитание детей в разных",518,"воспитание ребенка"
"нравственное воспитание детей задачи",517,"воспитание ребенка"
"воспитание детей супруга",516,"воспитание ребенка"
"воспитание супругами ребенка",516,"воспитание ребенка"
"критерии воспитания детей",515,"воспитание ребенка"
"искусство воспитание ребенка",514,"воспитание ребенка"
"методы какие воспитания ребенка",514,"воспитание ребенка"
"воспитание детей младшего дошкольного возраста",513,"воспитание ребенка"
"онлайн воспитание детей",512,"воспитание ребенка"
"воспитание ребенка в 2 года",512,"воспитание ребенка"
"развитие личности ребенка в процессе воспитания",512,"воспитание ребенка"
"воспитание ребенка без наказания",510,"воспитание ребенка"
"воспитание детей 5 6 лет",510,"воспитание ребенка"
"ненадлежащее исполнение обязанностей по воспитанию детей",505,"воспитание ребенка"
"развитие воспитание и формирование личности ребенка",505,"воспитание ребенка"
"конституция воспитание детей",503,"воспитание ребенка"
"физическое воспитание детей обучение",502,"воспитание ребенка"
"речевое воспитание детей",502,"воспитание ребенка"
"взаимодействие семьи в воспитании детей",501,"воспитание ребенка"
"родители нравственное воспитание ребенка",500,"воспитание ребенка"
"ответственность за ненадлежащее воспитание детей",498,"воспитание ребенка"
"воспитание ребенка лекции",497,"воспитание ребенка"
"коллектива в воспитании ребенка",491,"воспитание ребенка"
"безопасное воспитание ребенка",490,"воспитание ребенка"
"стратегия воспитания ребенка",490,"воспитание ребенка"
"принципы обучения и воспитания детей",489,"воспитание ребенка"
"сенсорное воспитание ребенка",489,"воспитание ребенка"
"проекты в области воспитания детей",485,"воспитание ребенка"
"воспитание детей 17 лет",484,"воспитание ребенка"
"воспитание ребенка мужчиной",484,"воспитание ребенка"
"физическое воспитание здоровья детей",483,"воспитание ребенка"
"какая цель воспитания ребенка",482,"воспитание ребенка"
"факт воспитания ребенка",479,"воспитание ребенка"
"воспитания детей старшей группы",478,"воспитание ребенка"
"отец не принимает участие в воспитании ребенка",476,"воспитание ребенка"
"средство воспитания детей дошкольного возраста",475,"воспитание ребенка"
"смысл воспитания ребенка",474,"воспитание ребенка"
"трудовое воспитание детей дошкольного",473,"воспитание ребенка"
"свободное воспитание ребенка",473,"воспитание ребенка"
"духовные основы воспитания детей",472,"воспитание ребенка"
"воспитание ребенка 10 лет",471,"воспитание ребенка"
"воспитание ребенка школьника",471,"воспитание ребенка"
"наказание родителей за воспитание детей",467,"воспитание ребенка"
"особенности воспитания детей родителями",466,"воспитание ребенка"
"воспитание ребенка без криков и наказаний",465,"воспитание ребенка"
"секреты воспитания соседских детей 17.02 2021",465,"воспитание ребенка"
"правильное воспитание и развитие ребенка",464,"воспитание ребенка"
"воспитание ребенка 2 5",464,"воспитание ребенка"
"нравственное воспитание ребенка в семье",461,"воспитание ребенка"
"воспитание детей 6 7",460,"воспитание ребенка"
"брак и воспитание детей",459,"воспитание ребенка"
"воспитание детей и право и обязанность",458,"воспитание ребенка"
"цель родителей в воспитании ребенка",457,"воспитание ребенка"
"ребенок объект воспитания",456,"воспитание ребенка"
"неисполнение родителем обязанностей по воспитанию ребенка",456,"воспитание ребенка"
"воспитание ребенка отец и мать",451,"воспитание ребенка"
"экологическое воспитание детей дошкольного",441,"воспитание ребенка"
"бить ребенка воспитание",441,"воспитание ребенка"
"моральное воспитание детей",440,"воспитание ребенка"
"школа семья ребенок воспитание",440,"воспитание ребенка"
"жизнь семьи и воспитание детей",438,"воспитание ребенка"
"трудовое воспитание детей дошкольного возраста",438,"воспитание ребенка"
"что необходимо в воспитании детей",437,"воспитание ребенка"
"педагоги и родители в воспитании детей",434,"воспитание ребенка"
"свобода воспитания ребенка",432,"воспитание ребенка"
"воспитание ребенка презентация",432,"воспитание ребенка"
"ответственность родителей за ненадлежащее воспитание детей",432,"воспитание ребенка"
"разрешение споров связанных с воспитанием детей",431,"воспитание ребенка"
"простое воспитание детей",429,"воспитание ребенка"
"темы самообразования воспитание детей",428,"воспитание ребенка"
"воспитание детей 0",428,"воспитание ребенка"
"цитаты о воспитании детей",426,"воспитание ребенка"
"проблемы воспитания и развития ребенка",426,"воспитание ребенка"
"беременность и воспитание ребенка",425,"воспитание ребенка"
"вопрос ответ воспитание детей дошкольного",425,"воспитание ребенка"
"воспитание детей в стране",424,"воспитание ребенка"
"1 воспитание детей дошкольного возраста",423,"воспитание ребенка"
"воспитание ребенка понимание",422,"воспитание ребенка"
"методики воспитания детей дошкольного",421,"воспитание ребенка"
"ребенок родители школа воспитание",421,"воспитание ребенка"
"воспитание детей в дошкольных учреждениях",420,"воспитание ребенка"
"воспитание ребенка 4 5 года",419,"воспитание ребенка"
"исследования воспитания детей",418,"воспитание ребенка"
"помощь семье в воспитании детей",418,"воспитание ребенка"
"основы духовно нравственного воспитания детей",418,"воспитание ребенка"
"пример родителей в воспитании детей",418,"воспитание ребенка"
"про половое воспитание детям",416,"воспитание ребенка"
"информационное воспитание ребенка",415,"воспитание ребенка"
"всестороннее воспитание ребенка",415,"воспитание ребенка"
"проблема обучения и воспитания ребенка",414,"воспитание ребенка"
"воспитание детей с нарушениями речи",413,"воспитание ребенка"
"помощь родителям в воспитании детей",413,"воспитание ребенка"
"ценности основа воспитания ребенка",412,"воспитание ребенка"
"художественно эстетическое воспитание ребенка",411,"воспитание ребенка"
"обязанность родителей по воспитанию несовершеннолетних детей",411,"воспитание ребенка"
"наука изучающая воспитание ребенка",410,"воспитание ребенка"
"единство в воспитании детей",410,"воспитание ребенка"
"аниме воспитания детей в другом",410,"воспитание ребенка"
"технологии обучения и воспитания детей",409,"воспитание ребенка"
"экологическая воспитание детей дошкольного возраста",409,"воспитание ребенка"
"нравственное воспитание детей направлено",408,"воспитание ребенка"
"дошкольное музыкальное воспитание детей",408,"воспитание ребенка"
"воспитание ребенка с месяца",405,"воспитание ребенка"
"воспитание детей в семье цель",404,"воспитание ребенка"
"финансовое воспитание детей",403,"воспитание ребенка"
"воспитание детей девочек",403,"воспитание ребенка"
"авторитарное воспитание ребенка",402,"воспитание ребенка"
"справка о воспитании ребенка",402,"воспитание ребенка"
"специальные условия обучения и воспитания детей",402,"воспитание ребенка"
"аниме воспитание детей в другом мире",401,"воспитание ребенка"
"основные задачи в воспитании детей",401,"воспитание ребенка"
"проблема воспитание детей родителями",401,"воспитание ребенка"
"воспитание маленького ребенка",401,"воспитание ребенка"
"программы воспитания детей раннего возраста",400,"воспитание ребенка"
"особенности физического воспитания детей",400,"воспитание ребенка"
"права отца в воспитании ребенка",400,"воспитание ребенка"
"стили семейного воспитания ребенка",400,"воспитание ребенка"
"ошибки в воспитании детей",400,"воспитание ребенка"
"центр патриотического воспитания детей и молодежи",400,"воспитание ребенка"
"советское воспитание детей",398,"воспитание ребенка"
"воспитание ребенка мальчика",397,"воспитание ребенка"
"ценности семьи и воспитание детей",396,"воспитание ребенка"
"доклад воспитание детей",395,"воспитание ребенка"
"воспитание детей в игре вопросы",393,"воспитание ребенка"
"ненадлежащее воспитание несовершеннолетних детей",392,"воспитание ребенка"
"половое воспитание детей лет",392,"воспитание ребенка"
"способность к воспитанию ребенка",392,"воспитание ребенка"
"воспитание детей нарушением зрения",392,"воспитание ребенка"
"отказ от воспитания ребенка",392,"воспитание ребенка"
"воспитание 3 детей в семье",391,"воспитание ребенка"
"воспитание ребенка кратко",390,"воспитание ребенка"
"психология обучения воспитания и развития ребенка",389,"воспитание ребенка"
"воспитание обучение и развитие ребенка является",389,"воспитание ребенка"
"формы воспитания детей дошкольного возраста",386,"воспитание ребенка"
"форум воспитание ребенка",385,"воспитание ребенка"
"воспитание детей творчеством",385,"воспитание ребенка"
"семья и духовное воспитание детей",385,"воспитание ребенка"
"риски воспитания детей",384,"воспитание ребенка"
"воспитания ребенка дошкольного возраста в семье",384,"воспитание ребенка"
"особенности процесса воспитания детей",382,"воспитание ребенка"
"дети военных воспитание",381,"воспитание ребенка"
"семейное право воспитание детей",381,"воспитание ребенка"
"воспитание детей знать",380,"воспитание ребенка"
"коммуникативное воспитание детей",379,"воспитание ребенка"
"наказание родителей за ненадлежащее воспитание детей",379,"воспитание ребенка"
"трудности в воспитании ребенка",378,"воспитание ребенка"
"воспитание детей без криков угроз",378,"воспитание ребенка"
"ответственность родителей за воспитание несовершеннолетних детей",377,"воспитание ребенка"
"описать воспитание детей",375,"воспитание ребенка"
"суд о спорах воспитания ребенка",375,"воспитание ребенка"
"воспитание ребенка папа",374,"воспитание ребенка"
"воспитание и обучение детей в россии",374,"воспитание ребенка"
"необходимость воспитания детей",374,"воспитание ребенка"
"пособие при единовременном воспитании детей",372,"воспитание ребенка"
"говорят дети о воспитании",372,"воспитание ребенка"
"задачи воспитания детей в семье",372,"воспитание ребенка"
"педагогические методы воспитания детей",371,"воспитание ребенка"
"неисполнение обязанностей по воспитанию несовершеннолетних детей",371,"воспитание ребенка"
"воспитание ребенка 2 3 лет",371,"воспитание ребенка"
"формы работы в воспитании ребенка",371,"воспитание ребенка"
"приемная семья воспитание детей",370,"воспитание ребенка"
"методы воспитания родителями детей",370,"воспитание ребенка"
"содержании воспитания детей дошкольного возраста",369,"воспитание ребенка"
"участие родителей в воспитании детей",368,"воспитание ребенка"
"воспитание нравственных качеств ребенка",368,"воспитание ребенка"
"12 принципов воспитания ребенка",368,"воспитание ребенка"
"воспитание ребенка сильнейшим",367,"воспитание ребенка"
"лучшие книги по воспитанию детей",367,"воспитание ребенка"
"патриотическое воспитание ребенка в доу",367,"воспитание ребенка"
"интеллектуальное воспитание детей дошкольного возраста",366,"воспитание ребенка"
"пленум воспитание детей",366,"воспитание ребенка"
"картинка воспитание детей",366,"воспитание ребенка"
"умственное развитие и воспитание детей",365,"воспитание ребенка"
"современные подходы воспитания детей",365,"воспитание ребенка"
"нравственное воспитание детей и молодежи",364,"воспитание ребенка"
"тема воспитания и развития ребенка",364,"воспитание ребенка"
"роды воспитание детей",363,"воспитание ребенка"
"патриотическое воспитание детей мероприятие",363,"воспитание ребенка"
"специфика воспитания детей",363,"воспитание ребенка"
"кодекс воспитания детей",362,"воспитание ребенка"
"воспитание детей отзывы",362,"воспитание ребенка"
"программа обучения воспитания и развития детей",361,"воспитание ребенка"
"домашнее воспитание ребенка",361,"воспитание ребенка"
"процесс физического воспитания детей",361,"воспитание ребенка"
"стратегия развития воспитания детей",361,"воспитание ребенка"
"социальное воспитание детей дошкольного возраста",360,"воспитание ребенка"
"отношение родителей к воспитанию детей",360,"воспитание ребенка"
"в чем заключается воспитание детей",360,"воспитание ребенка"
"передать ребенка на воспитание",359,"воспитание ребенка"
"организация патриотического воспитания детей",358,"воспитание ребенка"
"музыкальное воспитание детей дошкольного возраста",357,"воспитание ребенка"
"воспитание трудных детей",357,"воспитание ребенка"
"принципы воспитания детей с сдвг",357,"воспитание ребенка"
"воспитание детей в разводе",356,"воспитание ребенка"
"воспитание детей 6 7 лет",356,"воспитание ребенка"
"воспитания детей в семье с ответами",354,"воспитание ребенка"
"ответственное воспитание детей",353,"воспитание ребенка"
"воспитание ребенка истерики",352,"воспитание ребенка"
"великие воспитание детей",352,"воспитание ребенка"
"методики воспитания детей дошкольного возраста",352,"воспитание ребенка"
"программа воспитания детей дополнительное образование",351,"воспитание ребенка"
"особенности воспитание ребенка в семье",351,"воспитание ребенка"
"цель патриотического воспитания ребенка",350,"воспитание ребенка"
"группа развитие и воспитание детей",350,"воспитание ребенка"
"воспитание ребенка с сдвг 12 принципов",350,"воспитание ребенка"
"организация физического воспитания детей",348,"воспитание ребенка"
"за достойное воспитание детей",348,"воспитание ребенка"
"методы и средства воспитания детей",346,"воспитание ребенка"
"программа воспитание ребенка в семье",346,"воспитание ребенка"
"роль дошкольного воспитания детей",345,"воспитание ребенка"
"воспитание чужого ребенка",344,"воспитание ребенка"
"науки изучающие развитие и воспитание ребенка",343,"воспитание ребенка"
"воспитание и обучение особого ребенка",343,"воспитание ребенка"
"деятельность по обучению и воспитанию детей",342,"воспитание ребенка"
"достижение в воспитании детей",341,"воспитание ребенка"
"традиции семьи воспитания детей",341,"воспитание ребенка"
"нравственное воспитание детей в доу",339,"воспитание ребенка"
"воспитание детей в будущем",339,"воспитание ребенка"
"воспитание детей слушать",339,"воспитание ребенка"
"разрешение споров о воспитании детей",339,"воспитание ребенка"
"воспитание детей без криков угроз наказание",338,"воспитание ребенка"
"историческое воспитание детей",338,"воспитание ребенка"
"основы физического воспитания детей",337,"воспитание ребенка"
"какие стили воспитания детей",336,"воспитание ребенка"
"центр развития и воспитания детей",335,"воспитание ребенка"
"воспитание детей заключение",335,"воспитание ребенка"
"желания детей воспитание",335,"воспитание ребенка"
"новые правила воспитания детей",334,"воспитание ребенка"
"воспитание детей зпр",334,"воспитание ребенка"
"проблема воспитания детей семье",334,"воспитание ребенка"
"стандарты воспитания детей",333,"воспитание ребенка"
"патриотическое воспитание детей в россии",333,"воспитание ребенка"
"диагностики воспитания детей",333,"воспитание ребенка"
"задача трудовое воспитание детей",333,"воспитание ребенка"
"семейные ценности воспитание детей",333,"воспитание ребенка"
"православное воспитание детей",332,"воспитание ребенка"
"методы воспитания детей дошкольного",331,"воспитание ребенка"
"семья институт воспитания детей",331,"воспитание ребенка"
"воспитание детей 1 3 года",331,"воспитание ребенка"
"умственное воспитание обучение детей",331,"воспитание ребенка"
"система нравственного воспитания ребенка",330,"воспитание ребенка"
"основы патриотического воспитания детей",330,"воспитание ребенка"
"возраст детей рабочей программы воспитания",329,"воспитание ребенка"
"воспитания детей младшего школьного",329,"воспитание ребенка"
"экономическое воспитание детей",328,"воспитание ребенка"
"воспитание детей средней группы",327,"воспитание ребенка"
"воспитание детей авторы книг",326,"воспитание ребенка"
"развития воспитания детей россии",326,"воспитание ребенка"
"воспитание детей выступление",324,"воспитание ребенка"
"воспитание детей после развода",324,"воспитание ребенка"
"нравственное образование и воспитание ребенка",322,"воспитание ребенка"
"воспитание детей младшего школьного возраста",322,"воспитание ребенка"
"воспитание детей с нарушениями интеллекта",322,"воспитание ребенка"
"процесс социального воспитания детей это",321,"воспитание ребенка"
"воспитание развитие обучение детей дошкольного возраста",321,"воспитание ребенка"
"воспитание сложных детей",320,"воспитание ребенка"
"воспитание детей сейчас",320,"воспитание ребенка"
"физическое воспитание детей раннего",319,"воспитание ребенка"
"занимаются обучением воспитанием детей",319,"воспитание ребенка"
"сотрудничество в воспитании детей",318,"воспитание ребенка"
"управление в воспитании детей",318,"воспитание ребенка"
"традиции и культура воспитания детей",317,"воспитание ребенка"
"патриотическому воспитанию детей старшего дошкольного",317,"воспитание ребенка"
"социализация воспитание и развитие ребенка",317,"воспитание ребенка"
"формы семейного воспитания детей",316,"воспитание ребенка"
"воспитание детей право и обязанность родителей",315,"воспитание ребенка"
"семья в духовно нравственном воспитании детей",314,"воспитание ребенка"
"что значит воспитания ребенка",313,"воспитание ребенка"
"воспитание ребенка в семье педагогов",313,"воспитание ребенка"
"воспитание детей здорового образа жизни",313,"воспитание ребенка"
"не справляюсь с воспитанием детей",313,"воспитание ребенка"
"методы обучения воспитания и развития детей",312,"воспитание ребенка"
"профессии воспитанию детей",312,"воспитание ребенка"
"ребенок находится на воспитание",312,"воспитание ребенка"
"советник директора по воспитанию детей",311,"воспитание ребенка"
"какими правилами воспитания детей",311,"воспитание ребенка"
"образовательная среда и воспитание детей",311,"воспитание ребенка"
"основные направления воспитания детей",311,"воспитание ребенка"
"принятие детей на воспитание",310,"воспитание ребенка"
"сексуальное воспитание детей",310,"воспитание ребенка"
"музыка воспитание детей",309,"воспитание ребенка"
"воспитание детей подготовительной группы",309,"воспитание ребенка"
"воспитание детей в российских семьях",307,"воспитание ребенка"
"ребенку 9 лет воспитание",307,"воспитание ребенка"
"информация о воспитании детей",307,"воспитание ребенка"
"статья о детях воспитание",307,"воспитание ребенка"
"воспитание детей среднего возраста",306,"воспитание ребенка"
"воспитания и обучения ребенка с отклонением",306,"воспитание ребенка"
"семья в воспитании личности ребенка",306,"воспитание ребенка"
"воспитание ребенка конституция рф",306,"воспитание ребенка"
"воспитание детей в учебной деятельности",306,"воспитание ребенка"
"постановление правительства о воспитании детей",306,"воспитание ребенка"
"дисциплина воспитание детей",306,"воспитание ребенка"
"трудовая деятельность в воспитании детей",305,"воспитание ребенка"
"воспитание ребенка 3 7 лет",305,"воспитание ребенка"
"оздоровительное воспитание детей",304,"воспитание ребенка"
"дошкольное воспитание ребенок в детском саду",304,"воспитание ребенка"
"беседы о воспитании детей",304,"воспитание ребенка"
"патриотическое воспитание детей старшего возраста",304,"воспитание ребенка"
"воспитание детей без крика и истерик",304,"воспитание ребенка"
"физическое воспитание ребенка раннего возраста",304,"воспитание ребенка"
"взгляд на воспитание ребенка",303,"воспитание ребенка"
"воспитание безопасного поведения детей",303,"воспитание ребенка"
"питание и воспитание детей",303,"воспитание ребенка"
"педагогическая поддержка ребенка в воспитании",302,"воспитание ребенка"
"воспитание детей 3 5 лет",302,"воспитание ребенка"
"охрана здоровья детей воспитание",301,"воспитание ребенка"
"патриотическое воспитание детей в саду",301,"воспитание ребенка"
"манга воспитание ребенка",301,"воспитание ребенка"
"ребенок с точки зрения воспитания",300,"воспитание ребенка"
"программы воспитания детей в школе",299,"воспитание ребенка"
"верховный суд о воспитании детей",299,"воспитание ребенка"
"воспитание детей без истерик и наказаний",299,"воспитание ребенка"
"ребенок в семье патриотическое воспитание",299,"воспитание ребенка"
"вопросы воспитания и содержания ребенка",299,"воспитание ребенка"
"воспитание целостного ребенка",299,"воспитание ребенка"
"какая роль в воспитании детей",299,"воспитание ребенка"
"система физического воспитание ребенка",299,"воспитание ребенка"
"книга воспитание развитие ребенка",299,"воспитание ребенка"
"играть воспитание ребенка",298,"воспитание ребенка"
"организации воспитания и обучения детей это",298,"воспитание ребенка"
"физическое воспитание ребенка родители",298,"воспитание ребенка"
"воспитание 1 10 ребенка",297,"воспитание ребенка"
"воспитание детей сегодня",297,"воспитание ребенка"
"физические методы воспитания детей",297,"воспитание ребенка"
"высказывания о воспитании детей",296,"воспитание ребенка"
"средство физического воспитания детей",296,"воспитание ребенка"
"пленум верховного суда воспитание детей",295,"воспитание ребенка"
"материалы по воспитанию детей",295,"воспитание ребенка"
"семейный кодекс воспитание детей",294,"воспитание ребенка"
"духовное воспитание детей и молодежи",294,"воспитание ребенка"
"характеристика на ребенка воспитание",293,"воспитание ребенка"
"семинар воспитание детей",293,"воспитание ребенка"
"воспитание ребенка старше года",293,"воспитание ребенка"
"постановление пленума о воспитании детей",292,"воспитание ребенка"
"преимущественное право родителей на воспитание ребенка",292,"воспитание ребенка"
"последствия воспитания ребенка",292,"воспитание ребенка"
"программа воспитание детей в детском саду",292,"воспитание ребенка"
"дефекты воспитания ребенка",291,"воспитание ребенка"
"воспитание основа поведения ребенка",291,"воспитание ребенка"
"патриотическое воспитание детей старшего дошкольного возраста",291,"воспитание ребенка"
"воспитание ребенка инвалида пенсия",290,"воспитание ребенка"
"3 воспитание детей дошкольного возраста",290,"воспитание ребенка"
"педагогические системы обучения и воспитания детей",290,"воспитание ребенка"
"требования к воспитанию детей в россии",290,"воспитание ребенка"
"основные принципы воспитания детей",289,"воспитание ребенка"
"учет возрастных особенностей в воспитании детей",289,"воспитание ребенка"
"эстетическое воспитание и развитие детей",289,"воспитание ребенка"
"в воспитании ребенка поведение родителей",289,"воспитание ребенка"
"воспитание ребенка с особыми потребностями",289,"воспитание ребенка"
"факторы развития ребенка воспитание",288,"воспитание ребенка"
"физическая культура воспитания ребенка",288,"воспитание ребенка"
"основные системы воспитания детей",287,"воспитание ребенка"
"семейное нравственное воспитание детей",287,"воспитание ребенка"
"физическое воспитание детей год",286,"воспитание ребенка"
"патриотическое воспитание детей в детских садах",286,"воспитание ребенка"
"нравственно эстетическое воспитание детей",285,"воспитание ребенка"
"теоретические основы воспитания ребенка",284,"воспитание ребенка"
"традиции нравственно духовного воспитания детей",283,"воспитание ребенка"
"воспитание детей авантюристом",283,"воспитание ребенка"
"формы нравственного воспитания детей",283,"воспитание ребенка"
"гражданское воспитание детей и молодежи",283,"воспитание ребенка"
"тема экологическое воспитание детей",282,"воспитание ребенка"
"воспитанием ребенка занимается мать",282,"воспитание ребенка"
"вопросы воспитания детей в школе",282,"воспитание ребенка"
"обязанности по воспитанию и содержанию детей",281,"воспитание ребенка"
"семейное воспитание детей сирот",281,"воспитание ребенка"
"технологий воспитания детей дошкольного возраста",281,"воспитание ребенка"
"методы воспитание детей дошкольного возраста",281,"воспитание ребенка"
"духовно нравственное воспитание детей молодежи",280,"воспитание ребенка"
"мусихин воспитание детей",280,"воспитание ребенка"
"обучение и воспитание современного ребенка",280,"воспитание ребенка"
"обучения воспитания детей подростков",280,"воспитание ребенка"
"воспитанием ребенка должны родители",280,"воспитание ребенка"
"план патриотического воспитания детей",279,"воспитание ребенка"
"государственная программа воспитания детей",279,"воспитание ребенка"
"роль в воспитание обучения детей",278,"воспитание ребенка"
"гражданско патриотическое воспитание детей и молодежи",278,"воспитание ребенка"
"виды воспитания детей пособие",277,"воспитание ребенка"
"строгое воспитание детей",277,"воспитание ребенка"
"воспитание ребенка начальной школы",277,"воспитание ребенка"
"постановление пленума связанное с воспитанием детей",277,"воспитание ребенка"
"институт воспитания и развития детей",276,"воспитание ребенка"
"особенность семейного воспитания детей",276,"воспитание ребенка"
"осознанное воспитание детей",276,"воспитание ребенка"
"творческое развитие и воспитание детей",276,"воспитание ребенка"
"поддержка родителей в воспитании детей",276,"воспитание ребенка"
"условия физического воспитания детей",274,"воспитание ребенка"
"содержание воспитания ребенка в семье",274,"воспитание ребенка"
"семья основа воспитания ребенка",274,"воспитание ребенка"
"воспитание детей статус",274,"воспитание ребенка"
"процесс воспитания детей в семье",273,"воспитание ребенка"
"мастер класс воспитание детей",273,"воспитание ребенка"
"воспитание детей нянями",272,"воспитание ребенка"
"духовно нравственное воспитание детей темы",272,"воспитание ребенка"
"формы физического воспитания детей",272,"воспитание ребенка"
"позитивное воспитание детей",271,"воспитание ребенка"
"воспитание ведомых детей",271,"воспитание ребенка"
"какое нужное воспитание ребенка",271,"воспитание ребенка"
"воспитание ребенка 1 5 лет",270,"воспитание ребенка"
"технология развития и воспитания ребенка",269,"воспитание ребенка"
"воспитание и развитие детей с овз",269,"воспитание ребенка"
"воспитание детей скачать бесплатно",269,"воспитание ребенка"
"беседа с родителями воспитание детей",268,"воспитание ребенка"
"ребенок 1 2 года воспитание",268,"воспитание ребенка"
"занятие воспитания детей дошкольного возраста",268,"воспитание ребенка"
"верховный суд споры о воспитании детей",267,"воспитание ребенка"
"настоящие воспитание детей",267,"воспитание ребенка"
"описание воспитания детей",267,"воспитание ребенка"
"системы воспитание детей в семье",266,"воспитание ребенка"
"формы воспитания детей оставшихся",265,"воспитание ребенка"
"нравственное воспитание современных детей",265,"воспитание ребенка"
"методики физического воспитания детей",265,"воспитание ребенка"
"воспитание ребенка с особыми образовательными",265,"воспитание ребенка"
"образование и воспитание современных детей",265,"воспитание ребенка"
"воспитание культуры поведения детей",265,"воспитание ребенка"
"постановление верховного суда о воспитании детей",265,"воспитание ребенка"
"денежное воспитание детей",265,"воспитание ребенка"
"формы воспитания детей без родителей",265,"воспитание ребенка"
"элементы воспитания детей",264,"воспитание ребенка"
"воспитание умственно отсталого ребенка",263,"воспитание ребенка"
"успех воспитания детей",263,"воспитание ребенка"
"формы воспитания детей оставшихся без",263,"воспитание ребенка"
"по поводу воспитания детей",263,"воспитание ребенка"
"коллективное воспитание детей",263,"воспитание ребенка"
"обучение воспитание детей с нарушением речи",262,"воспитание ребенка"
"основы воспитания детей раннего возраста",262,"воспитание ребенка"
"воспитание ребенка 12 лет",261,"воспитание ребенка"
"участие матери в воспитании ребенка",261,"воспитание ребенка"
"дети в школе образование и воспитание",261,"воспитание ребенка"
"эффективность воспитания ребенка",261,"воспитание ребенка"
"цитаты про воспитание детей",260,"воспитание ребенка"
"нравственное и физическое воспитание детей",260,"воспитание ребенка"
"воспитание внутреннего ребенка",260,"воспитание ребенка"
"баркли воспитание ребенка с сдвг",260,"воспитание ребенка"
"задачи воспитания ребенка в доу",260,"воспитание ребенка"
"форма воспитания детей оставшихся без родителей",260,"воспитание ребенка"
"воспитание ребенка в дошкольном образовательном учреждении",259,"воспитание ребенка"
"воспитание личности современных детей",259,"воспитание ребенка"
"воспитание и образование детей с овз",259,"воспитание ребенка"
"педагогические принципы воспитания ребенка",259,"воспитание ребенка"
"мусихин воспитание детей без криков",259,"воспитание ребенка"
"методы и приемы воспитания детей",258,"воспитание ребенка"
"постановление пленума верховного суда воспитание детей",258,"воспитание ребенка"
"что нужно в воспитании детей",258,"воспитание ребенка"
"воспитания детей с особыми образовательными потребностями",258,"воспитание ребенка"
"теория и методика воспитания детей",257,"воспитание ребенка"
"воспитание детей журналы",257,"воспитание ребенка"
"книги про половое воспитание для детей",257,"воспитание ребенка"
"какие принципы в воспитании ребенка",257,"воспитание ребенка"
"фильмы про воспитание детей",255,"воспитание ребенка"
"воспитание обучение детей в доу",255,"воспитание ребенка"
"форма воспитания детей оставшихся без попечения",255,"воспитание ребенка"
"благодарность за воспитание ребенка",254,"воспитание ребенка"
"нравственное воспитание детей 7 лет",254,"воспитание ребенка"
"военно патриотического воспитания детей",254,"воспитание ребенка"
"какова роль в воспитании ребенка",254,"воспитание ребенка"
"воспитание патриотизма у детей",254,"воспитание ребенка"
"задача педагога в воспитании детей",253,"воспитание ребенка"
"форма воспитания детей оставшихся попечения родителей",253,"воспитание ребенка"
"формы воспитания детей без попечения родителей",253,"воспитание ребенка"
"тема задача воспитания детей",253,"воспитание ребенка"
"развитие качеств в воспитании ребенка",253,"воспитание ребенка"
"тема патриотическое воспитание детей дошкольного возраста",253,"воспитание ребенка"
"культурно нравственное воспитание детей",253,"воспитание ребенка"
"полноценное воспитание ребенка",253,"воспитание ребенка"
"анкета воспитание детей",253,"воспитание ребенка"
"воспитание детей в социальном обществе",253,"воспитание ребенка"
"принципы воспитания личности ребенка",252,"воспитание ребенка"
"нравственное воспитание детей 5 лет",252,"воспитание ребенка"
"средства нравственного воспитания детей",252,"воспитание ребенка"
"неправильное воспитание ребенка",252,"воспитание ребенка"
"работа по нравственно патриотическое воспитание детей",252,"воспитание ребенка"
"макаренко о воспитании детей",252,"воспитание ребенка"
"помощь в воспитании и развитии ребенка",251,"воспитание ребенка"
"конституция забота о детях их воспитание",251,"воспитание ребенка"
"условия воспитания и содержания ребенка",251,"воспитание ребенка"
"условия и методы воспитания детей",250,"воспитание ребенка"
"физическое воспитание детей раннего дошкольного возраста",250,"воспитание ребенка"
"воспитание детей на психолого",250,"воспитание ребенка"
"мероприятия нравственного воспитания детей",250,"воспитание ребенка"
"стиль воспитания ребенка в семье",250,"воспитание ребенка"
"механизмы воспитания детей",249,"воспитание ребенка"
"воспитание детей скачать книгу",249,"воспитание ребенка"
"любовь что начинается с воспитания детей",248,"воспитание ребенка"
"соглашение о воспитании ребенка",247,"воспитание ребенка"
"методики развития и воспитания детей",247,"воспитание ребенка"
"особенность интеллектуального воспитания детей",247,"воспитание ребенка"
"принципы воспитания детей в семье",246,"воспитание ребенка"
"дети и взрослые вопросы воспитания",246,"воспитание ребенка"
"игровое воспитание детей дошкольного возраста",246,"воспитание ребенка"
"устройство детей на воспитание",246,"воспитание ребенка"
"задачи воспитания детей 6 лет",245,"воспитание ребенка"
"естественное воспитание детей",245,"воспитание ребенка"
"процесс воспитания и формирования личности ребенка",245,"воспитание ребенка"
"роль отца в воспитании ребенка",244,"воспитание ребенка"
"вклад в воспитание ребенка",244,"воспитание ребенка"
"ответы родителей о воспитании детей",243,"воспитание ребенка"
"договор на воспитание ребенка",243,"воспитание ребенка"
"воспитание примерного ребенка",243,"воспитание ребенка"
"сценарий воспитание детей",243,"воспитание ребенка"
"руководство по воспитанию ребенка",243,"воспитание ребенка"
"психологическое педагогическое воспитание детей",243,"воспитание ребенка"
"принципы и методы воспитания детей",242,"воспитание ребенка"
"периоды развития ребенка и воспитание",241,"воспитание ребенка"
"мусихин воспитание детей без криков угроз",241,"воспитание ребенка"
"какие задачи в воспитании ребенка",241,"воспитание ребенка"
"особенности воспитания детей дошкольного образования",241,"воспитание ребенка"
"воспитание ребенок таблицы",241,"воспитание ребенка"
"цели воспитания детей дошкольного образования",240,"воспитание ребенка"
"социально трудовое воспитание детей",240,"воспитание ребенка"
"воспитание детей монтессори",240,"воспитание ребенка"
"нравственное воспитание детей старшего дошкольного возраста",239,"воспитание ребенка"
"воспитание детей дошкольного возраста в доу",239,"воспитание ребенка"
"воспитание ребенка с сдвг 12 принципов баркли",239,"воспитание ребенка"
"спок воспитание ребенка",239,"воспитание ребенка"
"дошкольное воспитание с детьми овз",238,"воспитание ребенка"
"программа воспитания детей 3 лет",238,"воспитание ребенка"
"воспитание детей мультик",238,"воспитание ребенка"
"заслуги в воспитании детей",237,"воспитание ребенка"
"воспитание детей рас",236,"воспитание ребенка"
"воспитание детей главная задача",236,"воспитание ребенка"
"этнокультурное воспитание детей",235,"воспитание ребенка"
"тема нравственное воспитание детей дошкольного возраста",235,"воспитание ребенка"
"правое воспитание детей",235,"воспитание ребенка"
"воспитания ребенка книга купить",235,"воспитание ребенка"
"воспитание ребенка с ранних лет",235,"воспитание ребенка"
"эстетическое воспитание детей дошкольного",235,"воспитание ребенка"
"воспитание детей фото",235,"воспитание ребенка"
"условия семейного воспитания ребенка",234,"воспитание ребенка"
"воспитание тяжелого ребенка",233,"воспитание ребенка"
"ресурсы воспитания ребенка",232,"воспитание ребенка"
"принципы воспитания обучения развития детей",232,"воспитание ребенка"
"ответственность воспитание и обучение детей",232,"воспитание ребенка"
"что является основной воспитания ребенка",232,"воспитание ребенка"
"программа воспитания ребенка 2 года",232,"воспитание ребенка"
"принципы семейного воспитания детей",232,"воспитание ребенка"
"культура и патриотическое воспитание детей",232,"воспитание ребенка"
"воспитание детей дошкольного возраста педагогика",232,"воспитание ребенка"
"пленум 10 о воспитании детей",231,"воспитание ребенка"
"воспитание детей приложение",231,"воспитание ребенка"
"воспитание детей фразы",231,"воспитание ребенка"
"памятка воспитание детей",231,"воспитание ребенка"
"развитие нравственных основ воспитания детей",230,"воспитание ребенка"
"народы россии воспитание детей",230,"воспитание ребенка"
"конфликты воспитания детей",230,"воспитание ребенка"
"воспитание детей дошкольного возраста в детском",229,"воспитание ребенка"
"воспитание личностных качеств ребенка",229,"воспитание ребенка"
"счастливый ребенок воспитание",229,"воспитание ребенка"
"воспитание ребенка убеждением",228,"воспитание ребенка"
"воспитание детей через семью",228,"воспитание ребенка"
"игра средство воспитания ребенка",228,"воспитание ребенка"
"читать книги воспитание детей",227,"воспитание ребенка"
"личность ребенка субъект воспитания",227,"воспитание ребенка"
"типы воспитания детей родителями",227,"воспитание ребенка"
"подходы воспитания детей дошкольного возраста",227,"воспитание ребенка"
"знак за воспитание детей",227,"воспитание ребенка"
"закономерности воспитания детей дошкольного",226,"воспитание ребенка"
"воспитание ребенка в условиях фгос",226,"воспитание ребенка"
"темы воспитания детей в доу",226,"воспитание ребенка"
"японское воспитание детей",226,"воспитание ребенка"
"правила воспитания ребенка с рождения",225,"воспитание ребенка"
"форма патриотического воспитания детей",225,"воспитание ребенка"
"воспитание детей в исламе",225,"воспитание ребенка"
"воспитание качеств личности ребенка",225,"воспитание ребенка"
"режим в воспитании ребенка",224,"воспитание ребенка"
"пособие по беременности и воспитанию ребенка",224,"воспитание ребенка"
"тема семьи в воспитании детей",224,"воспитание ребенка"
"педагогика особенности воспитания ребенка",223,"воспитание ребенка"
"воспитание обучение детей с нарушениями зрения",223,"воспитание ребенка"
"организация процесса воспитания и обучения детей",223,"воспитание ребенка"
"формы содержания и воспитания детей",223,"воспитание ребенка"
"социальная проблема воспитания детей",223,"воспитание ребенка"
"наставник в воспитании ребенка",222,"воспитание ребенка"
"специфическое воспитание детей",222,"воспитание ребенка"
"трудовое воспитание детей в семье",222,"воспитание ребенка"
"литература по воспитанию детей",222,"воспитание ребенка"
"развитие детей 3 лет воспитание",222,"воспитание ребенка"
"психологическое воспитание детей в семье",222,"воспитание ребенка"
"нравственное трудовое воспитание детей",221,"воспитание ребенка"
"совместное воспитание ребенка в семье",221,"воспитание ребенка"
"обеспечение безопасности воспитания ребенка",220,"воспитание ребенка"
"воспитание и образование детей в рф",220,"воспитание ребенка"
"постановление пленума 10 воспитание детей",219,"воспитание ребенка"
"принципы социального воспитания детей",219,"воспитание ребенка"
"методы нравственного воспитания детей",219,"воспитание ребенка"
"теории воспитания и обучения ребенка",218,"воспитание ребенка"
"организация воспитания детей в доу",218,"воспитание ребенка"
"социальные институты в воспитании детей",218,"воспитание ребенка"
"основные методы воспитания ребенка",218,"воспитание ребенка"
"ответственность за воспитание ребенка несут",217,"воспитание ребенка"
"воспитание воли детей",217,"воспитание ребенка"
"воспитание детей в социальных учреждениях",217,"воспитание ребенка"
"воспитание ребенка через воспитание родителя",217,"воспитание ребенка"
"2 года ребенку развитие воспитание",217,"воспитание ребенка"
"возможности семьи в воспитании ребенка",217,"воспитание ребенка"
"воспитание детей в условиях доу",217,"воспитание ребенка"
"воспитание души ребенка",217,"воспитание ребенка"
"воспитания детей приемными родителями",217,"воспитание ребенка"
"педагогические проблемы в воспитании детей",216,"воспитание ребенка"
"проблемы развития обучения и воспитания детей",216,"воспитание ребенка"
"программы по музыкальному воспитанию детей",216,"воспитание ребенка"
"христианское воспитание детей",216,"воспитание ребенка"
"тип воспитания ребенка в семье",215,"воспитание ребенка"
"воспитание детей дошкольного и младшего",215,"воспитание ребенка"
"возрастные особенности воспитания детей дошкольного возраста",215,"воспитание ребенка"
"воспитание детей финансовой грамотности",215,"воспитание ребенка"
"3 ребенку основы воспитания",214,"воспитание ребенка"
"услуги по воспитанию детей",214,"воспитание ребенка"
"воспитание детей будучи авантюристом",213,"воспитание ребенка"
"духовно нравственное воспитание детей мероприятия",213,"воспитание ребенка"
"какое воспитание дать ребенку",212,"воспитание ребенка"
"теория физического воспитания детей",212,"воспитание ребенка"
"нравственное воспитание детей 4 лет",212,"воспитание ребенка"
"воспитание мышления детей",212,"воспитание ребенка"
"служба по воспитанию детей",212,"воспитание ребенка"
"задачи духовно нравственного воспитания детей",212,"воспитание ребенка"
"многодетная семья воспитание детей",212,"воспитание ребенка"
"правила воспитания детей в россии",212,"воспитание ребенка"
"воспитание детей читать онлайн",211,"воспитание ребенка"
"личность родителей в воспитании детей",211,"воспитание ребенка"
"авторитарный стиль воспитания детей",211,"воспитание ребенка"
"влияние воспитания на развитие детей",211,"воспитание ребенка"
"обучение и воспитание детей с нарушением интеллекта",211,"воспитание ребенка"
"воспитание детей в обеспеченной семье",211,"воспитание ребенка"
"методика воспитания и обучения детей",211,"воспитание ребенка"
"педагогика и воспитание детей с отклонениями",211,"воспитание ребенка"
"6 нравственное воспитание ребенка",211,"воспитание ребенка"
"воспитание детей советы родителям",210,"воспитание ребенка"
"воспитание и обучение детей раннего возраста",210,"воспитание ребенка"
"задачи воспитания ребенка раннего возраста",210,"воспитание ребенка"
"воспитание детей с сдвг рассел баркли",210,"воспитание ребенка"
"система воспитания детей дошкольного возраста",210,"воспитание ребенка"
"темы воспитания детей для родителей",210,"воспитание ребенка"
"право ребенка на воспитание и образование",209,"воспитание ребенка"
"воспитание детей обсуждение",209,"воспитание ребенка"
"темы в вопросах воспитания детей",209,"воспитание ребенка"
"адаптивное физическое воспитание детей",208,"воспитание ребенка"
"акафист воспитание детей",208,"воспитание ребенка"
"современные технологии воспитания детей",208,"воспитание ребенка"
"цель физического воспитания ребенка",208,"воспитание ребенка"
"трудовое воспитание детей темы",208,"воспитание ребенка"
"основа физического воспитания и развития детей",207,"воспитание ребенка"
"цифровое воспитание детей",207,"воспитание ребенка"
"воспитание детей с интеллектуальными нарушениями",207,"воспитание ребенка"
"речь о воспитании детей",206,"воспитание ребенка"
"воспитание современных детей в семье",206,"воспитание ребенка"
"дошкольное воспитание детей в россии",206,"воспитание ребенка"
"актуальность воспитания ребенка",206,"воспитание ребенка"
"музыкальное воспитание и развитие ребенка",205,"воспитание ребенка"
"пособие по воспитанию ребенка до года",205,"воспитание ребенка"
"воспитание детей с нарушением слуха",205,"воспитание ребенка"
"воспитанию детей и семейной жизни",204,"воспитание ребенка"
"воспитание ребенка 50 50",204,"воспитание ребенка"
"воспитателю о воспитании детей 5 7",203,"воспитание ребенка"
"воспитание детей проблемы и решения",203,"воспитание ребенка"
"направления воспитания детей дошкольного возраста",202,"воспитание ребенка"
"программа воспитания детей до года",202,"воспитание ребенка"
"психологические особенности воспитания ребенка",202,"воспитание ребенка"
"методы воспитания детей в семье",202,"воспитание ребенка"
"воспитание и обучение детей инвалидов",202,"воспитание ребенка"
"воспитание детей татьяна",202,"воспитание ребенка"
"воспитание ребенка до каких лет",202,"воспитание ребенка"
"задачи физического воспитания и развития детей",201,"воспитание ребенка"
"воспитание детей красотой",201,"воспитание ребенка"
"патриотическое воспитание детей дошкольного возраста через",201,"воспитание ребенка"
"методические рекомендации по воспитанию детей",201,"воспитание ребенка"
"цель воспитания ребенка дошкольника",201,"воспитание ребенка"
"проект воспитание детей семье",200,"воспитание ребенка"
"воспитание ребенка после года",200,"воспитание ребенка"
"адекватное воспитание ребенка",200,"воспитание ребенка"
"системное воспитание детей",200,"воспитание ребенка"
"педагогические технологии в воспитании детей",200,"воспитание ребенка"
"воспитание в семье нескольких детей",200,"воспитание ребенка"
"теоретическое воспитание детей дошкольного возраста",200,"воспитание ребенка"
"как доказать воспитание ребенка",199,"воспитание ребенка"
"игра в обучении и воспитании детей",199,"воспитание ребенка"
"эмоциональное воспитание детей в семье",199,"воспитание ребенка"
"воспитание двоих детей",199,"воспитание ребенка"
"формы духовно нравственного воспитания детей",199,"воспитание ребенка"
"воспитание детей конференция",198,"воспитание ребенка"
"воспитание личности ребенка дошкольного возраста",198,"воспитание ребенка"
"воспитание детей старейшее",198,"воспитание ребенка"
"национальные традиции воспитания детей",197,"воспитание ребенка"
"правильное воспитание детей в семье",197,"воспитание ребенка"
"что главное в воспитании детей",197,"воспитание ребенка"
"духовное воспитание детей в доу",197,"воспитание ребенка"
"основы нравственного воспитания детей дошкольного возраста",197,"воспитание ребенка"
"принципы воспитания детей дошкольного",197,"воспитание ребенка"
"александр мусихин воспитание детей",197,"воспитание ребенка"
"эстетическое воспитания детей дошкольного возраста",196,"воспитание ребенка"
"тема современное воспитание ребенка",196,"воспитание ребенка"
"опыт семейного воспитания детей",196,"воспитание ребенка"
"маме папе воспитание детей",196,"воспитание ребенка"
"воспитание детей разговором",196,"воспитание ребенка"
"бережное воспитание ребенка",195,"воспитание ребенка"
"патриотическое воспитание детей раннего возраста",195,"воспитание ребенка"
"воспитание 2 6 ребенка",195,"воспитание ребенка"
"ребенку 1 6 воспитание",195,"воспитание ребенка"
"роль нравственного воспитания ребенка",195,"воспитание ребенка"
"воспитание ребенка в семье опекуна",195,"воспитание ребенка"
"программы физического воспитания детей",194,"воспитание ребенка"
"духовно нравственное воспитание детей в доу",194,"воспитание ребенка"
"воспитание детей животные",193,"воспитание ребенка"
"социально нравственное воспитание и развитие ребенка",192,"воспитание ребенка"
"цель задачи воспитания детей дошкольного возраста",192,"воспитание ребенка"
"социально культурное воспитание детей",192,"воспитание ребенка"
"1 1 метод воспитания ребенка",192,"воспитание ребенка"
"система методов воспитания детей",192,"воспитание ребенка"
"устройства детей в семью на воспитание",191,"воспитание ребенка"
"воспитание детей среднего дошкольного возраста",191,"воспитание ребенка"
"пособие по уходу и воспитанию ребенка",191,"воспитание ребенка"
"отец не занимается воспитанием ребенка",190,"воспитание ребенка"
"книги по воспитанию детей психология",190,"воспитание ребенка"
"темы воспитания детей в детском саду",190,"воспитание ребенка"
"работа с детьми по нравственному воспитанию",190,"воспитание ребенка"
"условия правильного воспитания ребенка",190,"воспитание ребенка"
"методы социального воспитания детей",190,"воспитание ребенка"
"воспитание ребенка 1 класса",190,"воспитание ребенка"
"педагогические средства воспитания детей",190,"воспитание ребенка"
"быт и воспитание детей",190,"воспитание ребенка"
"воспитание детей с особенностями психического развития",189,"воспитание ребенка"
"личность ребенка в физическом воспитании",189,"воспитание ребенка"
"воспитание детей 8 вида",188,"воспитание ребенка"
"семейное воспитание детей дошкольного возраста",188,"воспитание ребенка"
"цели и задачи обучения воспитания детей",188,"воспитание ребенка"
"воспитание детей спб",188,"воспитание ребенка"
"педагогические подходы в воспитании детей",187,"воспитание ребенка"
"программа воспитания ребенка дошкольника",187,"воспитание ребенка"
"жестокое воспитание детей",187,"воспитание ребенка"
"воспитание и развитие детей практически",187,"воспитание ребенка"
"правильные методы воспитания детей",186,"воспитание ребенка"
"воспитание и развитие ребенка в доу",186,"воспитание ребенка"
"развитие и воспитание ребенка в коллективе",186,"воспитание ребенка"
"условия физического развития и воспитания детей",186,"воспитание ребенка"
"основные особенности воспитания детей",186,"воспитание ребенка"
"техника воспитания детей",186,"воспитание ребенка"
"дела о воспитании детей",186,"воспитание ребенка"
"признаки воспитания детей",185,"воспитание ребенка"
"источники воспитания ребенка",185,"воспитание ребенка"
"закономерность воспитания детей дошкольного возраста",185,"воспитание ребенка"
"почетный работник сферы воспитания детей и молодежи",185,"воспитание ребенка"
"задачи эстетического воспитания детей",185,"воспитание ребенка"
"нравственное воспитание детей 3 4",185,"воспитание ребенка"
"воспитание ребенка коротко",185,"воспитание ребенка"
"воспитание детей с речевыми нарушениями",185,"воспитание ребенка"
"вопросы воспитания детей в детском саду",184,"воспитание ребенка"
"нравственное воспитание детей в детском саду",184,"воспитание ребенка"
"цели и средства воспитания детей",184,"воспитание ребенка"
"воспитание ребенка рассматривается как",184,"воспитание ребенка"
"воспитание детей сайты",184,"воспитание ребенка"
"цели и задачи дошкольного воспитания ребенка",184,"воспитание ребенка"
"методы индивидуального воспитания ребенка",184,"воспитание ребенка"
"мотивы воспитания детей",184,"воспитание ребенка"
"ребенок является объектом воспитания",184,"воспитание ребенка"
"средством воспитания ребенка является",183,"воспитание ребенка"
"курсы по воспитанию детей",183,"воспитание ребенка"
"воспитание ребенка чудом",183,"воспитание ребенка"
"подход в воспитании детей в семье",183,"воспитание ребенка"
"теории воспитания детей дошкольного возраста",183,"воспитание ребенка"
"воспитание детей в лагере",182,"воспитание ребенка"
"социальное воспитание детей и молодежи",182,"воспитание ребенка"
"воспитание детей 14 лет",182,"воспитание ребенка"
"воспитание детей художественной литературой",182,"воспитание ребенка"
"как воспитание влияет на ребенка",182,"воспитание ребенка"
"культура деятельности в воспитании детей",182,"воспитание ребенка"
"воз воспитание детей",181,"воспитание ребенка"
"физической воспитание детей школьного возраста",181,"воспитание ребенка"
"программа воспитания для детей с овз",181,"воспитание ребенка"
"характеристика ребенка родители воспитанием",181,"воспитание ребенка"
"воспитание детей в семье собрание",181,"воспитание ребенка"
"воспитание патриотических чувств у детей",180,"воспитание ребенка"
"вопросы о развитии воспитании обучении ребенка",180,"воспитание ребенка"
"воспитание детей группы риска",180,"воспитание ребенка"
"дети в возрасте 3 лет воспитание",180,"воспитание ребенка"
"средства патриотического воспитания детей",180,"воспитание ребенка"
"гармоничное развитие и воспитание детей",180,"воспитание ребенка"
"игровая деятельность в воспитании детей",180,"воспитание ребенка"
"творческая деятельность воспитание детей",180,"воспитание ребенка"
"логопедическое воспитание детей",180,"воспитание ребенка"
"верховный суд рф о воспитании ребенка",180,"воспитание ребенка"
"здоровье и воспитание ребенка дошкольного возраста",180,"воспитание ребенка"
"воспитание и культура личности детей",179,"воспитание ребенка"
"воспитание аномальных детей",179,"воспитание ребенка"
"александр мусихин воспитание детей без криков",179,"воспитание ребенка"
"тенденции воспитания детей",179,"воспитание ребенка"
"воспитание детей с овз родителями",179,"воспитание ребенка"
"воспитание ребенка это определение",179,"воспитание ребенка"
"ушинский воспитание детей",179,"воспитание ребенка"
"важное в воспитании детей в семье",178,"воспитание ребенка"
"цель школы в воспитании детей",178,"воспитание ребенка"
"воспитание детей через природу",178,"воспитание ребенка"
"духовное развитие основа воспитания детей",178,"воспитание ребенка"
"специалист по воспитанию детей",178,"воспитание ребенка"
"воспитание и образование детей в россии",178,"воспитание ребенка"
"воспитание детей круглый стол",178,"воспитание ребенка"
"патриотическое воспитание дополнительного образования детей",177,"воспитание ребенка"
"индивидуальный подход в воспитании ребенка",177,"воспитание ребенка"
"формы воспитания детей в школе",177,"воспитание ребенка"
"теоретические основы воспитания детей дошкольного возраста",177,"воспитание ребенка"
"пенсия за воспитание детей",177,"воспитание ребенка"
"рекомендация родителям по воспитанию детей",177,"воспитание ребенка"
"ветохина нравственно патриотическое воспитание детей",177,"воспитание ребенка"
"нравственное воспитание детей младшего возраста",176,"воспитание ребенка"
"личность общение ребенок воспитание",176,"воспитание ребенка"
"аниме воспитание авантюристов детей",176,"воспитание ребенка"
"книга о половом воспитании для детей",176,"воспитание ребенка"
"что входит в воспитание ребенка",176,"воспитание ребенка"
"воспитание ребенка двух лет",176,"воспитание ребенка"
"рекомендации по воспитанию обучению ребенка",175,"воспитание ребенка"
"нравственно патриотическое воспитание детей через",175,"воспитание ребенка"
"программа воспитания детей в доу",175,"воспитание ребенка"
"коап воспитание детей",175,"воспитание ребенка"
"качество обучения и воспитания детей",175,"воспитание ребенка"
"функции семьи в воспитании ребенка",175,"воспитание ребенка"
"цели воспитания детей по возрастам",174,"воспитание ребенка"
"семейный кодекс воспитание детей родителями",174,"воспитание ребенка"
"нравственно патриотическое воспитание детей доу",174,"воспитание ребенка"
"ребенок 11 лет воспитание",174,"воспитание ребенка"
"рабочая программа по воспитанию детей",173,"воспитание ребенка"
"содержание нравственного воспитания детей",173,"воспитание ребенка"
"дошкольное воспитание детей книги",173,"воспитание ребенка"
"примерная программа воспитания детей",173,"воспитание ребенка"
"роль педагога в воспитании детей",172,"воспитание ребенка"
"воспитание детей в социальной политике",172,"воспитание ребенка"
"система ценностей в воспитании детей",172,"воспитание ребенка"
"проблемы современного воспитания ребенка",171,"воспитание ребенка"
"воспитание и содержание детей обязанности родителей",171,"воспитание ребенка"
"манхва воспитание детей",171,"воспитание ребенка"
"воспитание ребенка семи лет",171,"воспитание ребенка"
"план воспитания ребенка по годам",170,"воспитание ребенка"
"компетентность родителей в воспитании детей",170,"воспитание ребенка"
"за воспитание детей отвечает",170,"воспитание ребенка"
"подходы к воспитанию и развитию детей",170,"воспитание ребенка"
"патриотическое воспитание детей 3 лет",170,"воспитание ребенка"
"форматы воспитания детей",170,"воспитание ребенка"
"ветохина нравственно патриотическое воспитание детей дошкольного",170,"воспитание ребенка"
"группы физического воспитания детей",170,"воспитание ребенка"
"закономерности физического воспитания детей",169,"воспитание ребенка"
"разделов раздел развитие воспитание ребенка",169,"воспитание ребенка"
"воспитание ребенка 1 7",169,"воспитание ребенка"
"культура родителей в воспитании детей",169,"воспитание ребенка"
"цели воспитания современного ребенка",169,"воспитание ребенка"
"виды воспитание детей раннего возраста",169,"воспитание ребенка"
"уклоняется от воспитания ребенка",169,"воспитание ребенка"
"педагогическая ситуация воспитании детей",169,"воспитание ребенка"
"формирование у детей патриотического воспитания",169,"воспитание ребенка"
"обязанности семьи в воспитании ребенка",169,"воспитание ребенка"
"подростковое воспитание ребенка",168,"воспитание ребенка"
"воспитание детей в библиотеке",168,"воспитание ребенка"
"проект патриотическое воспитание детей и молодежи",168,"воспитание ребенка"
"задачи воспитания ребенка в школе",168,"воспитание ребенка"
"направление социального воспитания ребенка",168,"воспитание ребенка"
"воспитание детей лечение",168,"воспитание ребенка"
"воспитание детей с нарушением психического развития",168,"воспитание ребенка"
"жесткое воспитание ребенка",168,"воспитание ребенка"
"педагогика рассматривает воспитание детей",167,"воспитание ребенка"
"гендерное воспитание детей",167,"воспитание ребенка"
"система воспитания и социализации детей",167,"воспитание ребенка"
"психолого педагогические условия воспитания ребенка",167,"воспитание ребенка"
"особенности воспитания детей с нарушениями развития",166,"воспитание ребенка"
"воспитания одаренных детей",166,"воспитание ребенка"
"умственное воспитание детей дошкольного",166,"воспитание ребенка"
"содержание трудового воспитания детей",166,"воспитание ребенка"
"сухомлинский воспитание ребенка",166,"воспитание ребенка"
"главная цель воспитания ребенка",165,"воспитание ребенка"
"педагогические методики воспитания детей",165,"воспитание ребенка"
"воспитание индивидуальности ребенка",165,"воспитание ребенка"
"возрастные индивидуальные особенности детей и воспитание",165,"воспитание ребенка"
"темы по духовному воспитанию детей",164,"воспитание ребенка"
"родительское собрание тема воспитание детей",164,"воспитание ребенка"
"воспитание детей мысли",164,"воспитание ребенка"
"границы воспитание ребенка",164,"воспитание ребенка"
"правовое воспитание права детей",164,"воспитание ребенка"
"закономерности физического воспитания и развития детей",164,"воспитание ребенка"
"вопросы связанные с воспитанием детей",163,"воспитание ребенка"
"индивидуальное воспитание ребенка в семье",163,"воспитание ребенка"
"воспитание и обучение ребенка до рождения",163,"воспитание ребенка"
"воспитание детей с умственной отсталостью",163,"воспитание ребенка"
"типы семейного воспитания ребенка",163,"воспитание ребенка"
"воспитание детей 2 5 года",162,"воспитание ребенка"
"воспитание детей от 0 до года",162,"воспитание ребенка"
"какие качества в воспитании ребенка",162,"воспитание ребенка"
"задачи воспитания детей 5 6 лет",162,"воспитание ребенка"
"формы семейного воспитания детей в семье",161,"воспитание ребенка"
"воспитание детей любви к родине",161,"воспитание ребенка"
"государственные законы о воспитании детей",161,"воспитание ребенка"
"ошибки воспитание родители ребенок",161,"воспитание ребенка"
"приоритеты семейного воспитания детей",161,"воспитание ребенка"
"воспитание ребенка посредством сказки",161,"воспитание ребенка"
"аудиокнига воспитание детей",161,"воспитание ребенка"
"иные формы воспитания детей",160,"воспитание ребенка"
"воспитание ребенка в семье имеет",160,"воспитание ребенка"
"специальные методы обучения и воспитания детей",160,"воспитание ребенка"
"воспитание детей дошкольного возраста это ответ",160,"воспитание ребенка"
"средство воспитания обучения развития детей",160,"воспитание ребенка"
"родительское собрание воспитание ребенка в семье",160,"воспитание ребенка"
"подготовка родителей воспитанию ребенка в семье",160,"воспитание ребенка"
"принципы нравственного воспитания детей",159,"воспитание ребенка"
"воспитание детей разного возраста",159,"воспитание ребенка"
"воспитание детей с особым развитием",159,"воспитание ребенка"
"влияние воспитания на личность ребенка",159,"воспитание ребенка"
"рекомендации по организации воспитания детей",159,"воспитание ребенка"
"родители не занимаются воспитанием детей",158,"воспитание ребенка"
"нравственное воспитание ребенка в школе",158,"воспитание ребенка"
"способы и методы воспитания детей",158,"воспитание ребенка"
"принципы и условия воспитания детей",158,"воспитание ребенка"
"какие проблемы в воспитании детей",158,"воспитание ребенка"
"нравственное воспитание детей посредством сказки",157,"воспитание ребенка"
"воспитание детей юлия",157,"воспитание ребенка"
"физическое воспитание детей в семьи",157,"воспитание ребенка"
"духовно нравственное воспитание работа с детьми",157,"воспитание ребенка"
"воспитание ребенка в современном обществе",157,"воспитание ребенка"
"центр дополнительного образования и воспитания детей",157,"воспитание ребенка"
"воспитание детей 7 лет книга",157,"воспитание ребенка"
"воспитание ребенка советы психолога",157,"воспитание ребенка"
"основные правила воспитания детей",157,"воспитание ребенка"
"опыт воспитания ребенка в семье",157,"воспитание ребенка"
"воспитание детей гиперопека",156,"воспитание ребенка"
"вопросы по воспитанию детей педагогу",156,"воспитание ребенка"
"дети о советниках по воспитанию",156,"воспитание ребенка"
"штраф за воспитание детей",156,"воспитание ребенка"
"изучение воспитания детей в семье",156,"воспитание ребенка"
"воспитание детей бабушками дедушками",155,"воспитание ребенка"
"воспитание ребенка патриота",155,"воспитание ребенка"
"социально личностное воспитание детей",155,"воспитание ребенка"
"заповеди воспитания ребенка",155,"воспитание ребенка"
"общественные организации по воспитанию детей",155,"воспитание ребенка"
"медаль за воспитание детей",155,"воспитание ребенка"
"подготовка родителей к воспитанию детей",155,"воспитание ребенка"
"детство нравственное воспитание детей",154,"воспитание ребенка"
"видео про воспитание детей",154,"воспитание ребенка"
"принцип физического воспитания детей",154,"воспитание ребенка"
"форма организации воспитания детей дошкольного возраста",154,"воспитание ребенка"
"формы воспитания детей педагогика",154,"воспитание ребенка"
"воспитание детей в другом мире будучи",154,"воспитание ребенка"
"воспитание детей сочинение",154,"воспитание ребенка"
"нравственное воспитание детей овз",154,"воспитание ребенка"
"выготский воспитание детей",154,"воспитание ребенка"
"задача трудового воспитания детей дошкольного возраста",154,"воспитание ребенка"
"воспитание детей в государственных учреждениях",154,"воспитание ребенка"
"теоретические основы воспитания детей раннего возраста",154,"воспитание ребенка"
"цель семейного воспитания ребенка",153,"воспитание ребенка"
"вопросы воспитания детей раннего возраста",153,"воспитание ребенка"
"духовно нравственное воспитание родителей и детей",153,"воспитание ребенка"
"воспитание детей дошкольного возраста виды воспитания",153,"воспитание ребенка"
"методы воспитание детей педагогика",153,"воспитание ребенка"
"воспитание детей дошкольного возраста скачать",153,"воспитание ребенка"
"принципы воспитания детей дошкольного возраста",153,"воспитание ребенка"
"воспитание детей дошкольного и школьного возраста",153,"воспитание ребенка"
"цель эстетического воспитания детей",152,"воспитание ребенка"
"молитвы о воспитании детей",152,"воспитание ребенка"
"конвенция о воспитании ребенка",152,"воспитание ребенка"
"принятие ребенка в семью на воспитание",152,"воспитание ребенка"
"физическое и духовное воспитание ребенка",152,"воспитание ребенка"
"воспитание детей фольклором",152,"воспитание ребенка"
"задачи нравственного воспитания детей дошкольного возраста",152,"воспитание ребенка"
"современный педагог в воспитании детей",152,"воспитание ребенка"
"воспитание детей родители бабушки",152,"воспитание ребенка"
"воспитание ребенка различного возраста",152,"воспитание ребенка"
"новелла воспитание детей",151,"воспитание ребенка"
"учет индивидуальных особенностей в воспитании ребенка",151,"воспитание ребенка"
"закон о рождении и воспитании детей",151,"воспитание ребенка"
"конвенция о правах ребенка воспитание",151,"воспитание ребенка"
"музыкальное эстетическое воспитание детей",151,"воспитание ребенка"
"гуманистического воспитания детей",151,"воспитание ребенка"
"воспитание ребенка в контакте",151,"воспитание ребенка"
"процесс воспитания детей раннего возраста",151,"воспитание ребенка"
"патриотическое воспитание детей 4 лет",151,"воспитание ребенка"
"воспитание в системе дополнительного образования детей",151,"воспитание ребенка"
"показатели воспитания детей",151,"воспитание ребенка"
"воспитание детей общая задача",151,"воспитание ребенка"
"процесс семейного воспитания детей",150,"воспитание ребенка"
"воспитание и развитие детей 5 лет",150,"воспитание ребенка"
"воспитание детей с инвалидностью",150,"воспитание ребенка"
"решение суда о воспитании детей",150,"воспитание ребенка"
"воспитание и развитие детей в труде",150,"воспитание ребенка"
"теория методика физического воспитания детей",150,"воспитание ребенка"
"ответственность родителей за воспитание и обучение детей",150,"воспитание ребенка"
"характеристика воспитания ребенка в семье",149,"воспитание ребенка"
"воспитание ребенка как педагогический процесс",149,"воспитание ребенка"
"система воспитания детей с нарушениями",149,"воспитание ребенка"
"формы трудового воспитания детей",149,"воспитание ребенка"
"воспитание детей в современном мире",149,"воспитание ребенка"
"нравственное воспитание детей конспекты занятий",149,"воспитание ребенка"
"роль воспитания в жизни детей",149,"воспитание ребенка"
"деятельностный подход в воспитании ребенка",149,"воспитание ребенка"
"воспитание детей с задержкой",149,"воспитание ребенка"
"воспитание духа ребенка",149,"воспитание ребенка"
"инженер по воспитанию детей няня автоняня",149,"воспитание ребенка"
"почетный знак за воспитание детей",149,"воспитание ребенка"
"познавательное воспитание детей дошкольного возраста",148,"воспитание ребенка"
"невестка героини романа о воспитании детей",148,"воспитание ребенка"
"воспитание детей начальных классов",148,"воспитание ребенка"
"задачи физического воспитания детей дошкольного воспитания",148,"воспитание ребенка"
"эстетическое воспитание детей программа",148,"воспитание ребенка"
"мероприятия по воспитанию детей с родителями",147,"воспитание ребенка"
"родители не участвующие в воспитании детей",147,"воспитание ребенка"
"проект по нравственному воспитанию детей",147,"воспитание ребенка"
"гигиена воспитания детей",147,"воспитание ребенка"
"воспитание детей дошкольного возраста в россии",147,"воспитание ребенка"
"факторы воспитания ребенка в семье",147,"воспитание ребенка"
"разностороннее воспитание ребенка",147,"воспитание ребенка"
"цели и задачи нравственного воспитания детей",147,"воспитание ребенка"
"воспитание детей является заботой",147,"воспитание ребенка"
"цель трудового воспитания детей",147,"воспитание ребенка"
"консультация воспитание детей дошкольного возраста",146,"воспитание ребенка"
"духовно нравственное воспитании современных детей",146,"воспитание ребенка"
"книги по воспитанию детей от года",146,"воспитание ребенка"
"воспитание детей через традиции",146,"воспитание ребенка"
"ответственность семьи за воспитание детей",146,"воспитание ребенка"
"в мире воспитание детей будучи авантюристом",146,"воспитание ребенка"
"воспитание детей в другом мире будучи авантюристом",146,"воспитание ребенка"
"поощрение в воспитании ребенка",146,"воспитание ребенка"
"задачи воспитания детей 3 лет",145,"воспитание ребенка"
"воспитание электронного ребенка",145,"воспитание ребенка"
"методы воспитания духовного воспитания детей",145,"воспитание ребенка"
"цель воспитания ребенка в доу",145,"воспитание ребенка"
"ребенку год психология воспитания",145,"воспитание ребенка"
"воспитание детей в интернате",145,"воспитание ребенка"
"воспитание детей в разводе отец",145,"воспитание ребенка"
"основы семейного воспитания детей",145,"воспитание ребенка"
"педагогическая культура в воспитании детей",145,"воспитание ребенка"
"деятельность детского сада в воспитание детей",145,"воспитание ребенка"
"воспитание детей часть 1",145,"воспитание ребенка"
"конспект патриотическое воспитание детей",145,"воспитание ребенка"
"организация воспитания детей до года",145,"воспитание ребенка"
"умственное воспитание детей дошкольного возраста",145,"воспитание ребенка"
"ребенок субъект и объект воспитания",145,"воспитание ребенка"
"воспитание детей методом б",144,"воспитание ребенка"
"физическое воспитание детей дошкольников",144,"воспитание ребенка"
"песни воспитание детей",144,"воспитание ребенка"
"социальной защиты воспитание детей",144,"воспитание ребенка"
"методы семейного воспитания детей",144,"воспитание ребенка"
"задачи художественного воспитания детей",144,"воспитание ребенка"
"нравственное воспитание детей беседы",144,"воспитание ребенка"
"каким должно быть воспитание ребенка",144,"воспитание ребенка"
"свободное воспитание личности ребенка",144,"воспитание ребенка"
"методика физического воспитания детей дошкольного",144,"воспитание ребенка"
"приключения другом мире воспитание детей",144,"воспитание ребенка"
"демократическое воспитание ребенка",144,"воспитание ребенка"
"знак за достойное воспитание детей",143,"воспитание ребенка"
"воспитание детей 16 лет",143,"воспитание ребенка"
"невестка главной героини романа о воспитании детей",143,"воспитание ребенка"
"проблема семейного воспитания детей",143,"воспитание ребенка"
"методы воспитания личности ребенка",143,"воспитание ребенка"
"воспитание детей елена",143,"воспитание ребенка"
"социокультурное воспитание детей",143,"воспитание ребенка"
"обучение и воспитание детей зпр",143,"воспитание ребенка"
"воспитание детей группы раннего возраста",142,"воспитание ребенка"
"материнское воспитание детей",142,"воспитание ребенка"
"консультация воспитание ребенка в семье",142,"воспитание ребенка"
"дети дома обучение и воспитание",142,"воспитание ребенка"
"эстетическое воспитание и возраст ребенка",142,"воспитание ребенка"
"методы воспитание детей убеждения",142,"воспитание ребенка"
"фомичева воспитание у детей",142,"воспитание ребенка"
"программа воспитания отдыха и оздоровления детей",142,"воспитание ребенка"
"современные подходы воспитанию детей дошкольного возраста",142,"воспитание ребенка"
"воспитание детей дошкольного возраста книга",141,"воспитание ребенка"
"учеба и воспитание ребенка",141,"воспитание ребенка"
"райкин воспитание детей",141,"воспитание ребенка"
"основные требования к воспитанию детей",141,"воспитание ребенка"
"воспитание мотивация детей",141,"воспитание ребенка"
"3 правила воспитания ребенка",141,"воспитание ребенка"
"направления воспитания детей в семье",141,"воспитание ребенка"
"роль семьи в воспитании детей дошкольного",141,"воспитание ребенка"
"программы музыкального воспитания детей дошкольного возраста",141,"воспитание ребенка"
"ребенок объект процесса воспитания",141,"воспитание ребенка"
"современные принципы воспитания детей",141,"воспитание ребенка"
"легкое воспитание детей",141,"воспитание ребенка"
"культурно историческое воспитание детей",141,"воспитание ребенка"
"особенности воспитания детей с овз",141,"воспитание ребенка"
"воспитание детей сексом",141,"воспитание ребенка"
"уход и воспитание ребенка до года",140,"воспитание ребенка"
"воспитание гражданственности в ребенке",140,"воспитание ребенка"
"воспитание детей дмитрий",140,"воспитание ребенка"
"художественно эстетического развития и воспитания детей",140,"воспитание ребенка"
"воспитание ребенка с сдвг скачать",140,"воспитание ребенка"
"приоритет ответ воспитания детей",140,"воспитание ребенка"
"воспитание детей сериал",140,"воспитание ребенка"
"духовно нравственное воспитание ребенка дошкольника",140,"воспитание ребенка"
"условия воспитания детей в школе",140,"воспитание ребенка"
"условия трудового воспитания детей",140,"воспитание ребенка"
"задачи семейного воспитания детей",139,"воспитание ребенка"
"возраст воспитания самостоятельности ребенка",139,"воспитание ребенка"
"за воспитание детей несут ответственность родители",139,"воспитание ребенка"
"платить за воспитание детей",139,"воспитание ребенка"
"воспитание детей вывод",139,"воспитание ребенка"
"страхи воспитания ребенка",139,"воспитание ребенка"
"уделять внимание воспитанию ребенка",139,"воспитание ребенка"
"воспитание гигиенических навыков детей",139,"воспитание ребенка"
"семейные традиции воспитания детей",139,"воспитание ребенка"
"патриотическое воспитание детей для родителей",138,"воспитание ребенка"
"воспитание детей и точка",138,"воспитание ребенка"
"методические основы воспитания детей раннего возраста",138,"воспитание ребенка"
"путин воспитание детей",138,"воспитание ребенка"
"воспитание ребенок получает от",138,"воспитание ребенка"
"иностранное воспитание детей",138,"воспитание ребенка"
"воспитание детей в учении",138,"воспитание ребенка"
"игра в воспитании ребенка в семье",138,"воспитание ребенка"
"возрастная психология воспитание детей",138,"воспитание ребенка"
"основные формы воспитания детей",138,"воспитание ребенка"
"патриотическое воспитание детей 7 года",137,"воспитание ребенка"
"воспитание детей с онр",137,"воспитание ребенка"
"аниме воспитание детей будучи авантюристом",137,"воспитание ребенка"
"фомичева воспитание у детей правильного",137,"воспитание ребенка"
"педагогическая помощь родителям в воспитании детей",137,"воспитание ребенка"
"работа по экологическому воспитанию детей",137,"воспитание ребенка"
"методика физического воспитания детей дошкольного возраста",136,"воспитание ребенка"
"психолого педагогическая поддержка в воспитании детей",136,"воспитание ребенка"
"семья в воспитании ребенка дошкольника",136,"воспитание ребенка"
"гуманное воспитание детей",136,"воспитание ребенка"
"ребенок в доме воспитание в семье",136,"воспитание ребенка"
"концепция воспитания личности ребенка",136,"воспитание ребенка"
"почему важно воспитание ребенка",136,"воспитание ребенка"
"воспитание нравственных качеств детей дошкольного возраста",135,"воспитание ребенка"
"игры экологического воспитания детей",135,"воспитание ребенка"
"китайское воспитание детей",135,"воспитание ребенка"
"принципы правильного воспитания детей",135,"воспитание ребенка"
"план развития и воспитания ребенка",134,"воспитание ребенка"
"педагогические теории воспитания ребенка",134,"воспитание ребенка"
"задачи воспитания детей старшего дошкольного возраста",134,"воспитание ребенка"
"ограничение в воспитании ребенка",134,"воспитание ребенка"
"воспитание детей мультфильмы",134,"воспитание ребенка"
"отцовство в воспитании ребенка",134,"воспитание ребенка"
"запрет воспитания детей",134,"воспитание ребенка"
"воспитание детей с задержкой психического развития",134,"воспитание ребенка"
"воспитание детей на основе традиций",134,"воспитание ребенка"
"условия воспитания детей в группе",134,"воспитание ребенка"
"задачи умственного воспитания детей",133,"воспитание ребенка"
"фильмы о воспитании детей",133,"воспитание ребенка"
"основные направления воспитании и развитии ребенка",133,"воспитание ребенка"
"роль семейного в воспитании ребенка",133,"воспитание ребенка"
"воспитание детей православие",133,"воспитание ребенка"
"спасибо за воспитание детей",133,"воспитание ребенка"
"этическое воспитание детей",133,"воспитание ребенка"
"проблема воспитания и образования детей",133,"воспитание ребенка"
"5 рождение и воспитание детей",133,"воспитание ребенка"
"психология и педагогика в воспитании ребенка",132,"воспитание ребенка"
"основы физического воспитания детей дошкольного возраста",132,"воспитание ребенка"
"процесс воспитания детей в доу",131,"воспитание ребенка"
"жили были воспитание детей",131,"воспитание ребенка"
"форма устройства ребенка на воспитание",131,"воспитание ребенка"
"мать не участвует в воспитании ребенка",131,"воспитание ребенка"
"какова роль родителей в воспитании детей",130,"воспитание ребенка"
"семья и воспитание детей в россии",130,"воспитание ребенка"
"развитие ребенка в процессе физического воспитания",130,"воспитание ребенка"
"правильное воспитание детей дошкольного возраста",130,"воспитание ребенка"
"социальное воспитание детей раннего возраста",130,"воспитание ребенка"
"закон о воспитании детей родителями",130,"воспитание ребенка"
"воспитание ребенка ск",130,"воспитание ребенка"
"игрушка и воспитание детей",130,"воспитание ребенка"
"специальные условия воспитания детей с овз",130,"воспитание ребенка"
"цель культурного воспитания детей",130,"воспитание ребенка"
"современные системы воспитания детей",130,"воспитание ребенка"
"культурно патриотическое воспитание детей",130,"воспитание ребенка"
"5 правил воспитания детей",130,"воспитание ребенка"
"консультирование по воспитанию детей",130,"воспитание ребенка"
"корчак воспитание детей",130,"воспитание ребенка"
"духовное воспитание детей в школе",129,"воспитание ребенка"
"занимается воспитанием ребенка в семье",129,"воспитание ребенка"
"воспитание детей добротой",129,"воспитание ребенка"
"физическое воспитание детей в игре",129,"воспитание ребенка"
"4 правила воспитания детей",129,"воспитание ребенка"
"роль семьи в воспитании детей дошкольного возраста",129,"воспитание ребенка"
"ладушки программа по музыкальному воспитанию детей",129,"воспитание ребенка"
"патриотическое воспитание детей в школе",129,"воспитание ребенка"
"беседа воспитание ребенка в семье",128,"воспитание ребенка"
"5 методов воспитания детей",128,"воспитание ребенка"
"воспитание детей музеем",128,"воспитание ребенка"
"развитие нравственно патриотического воспитания детей",128,"воспитание ребенка"
"эффективные методы воспитания ребенка",128,"воспитание ребенка"
"средства художественного воспитания ребенка",128,"воспитание ребенка"
"е воспитание детей дошкольного возраста",128,"воспитание ребенка"
"адлер воспитание детей",128,"воспитание ребенка"
"сдать ребенка на воспитание",127,"воспитание ребенка"
"виды воспитания ребенка в семье",127,"воспитание ребенка"
"книги о воспитании детей для родителей",127,"воспитание ребенка"
"организация воспитания детей раннего возраста",127,"воспитание ребенка"
"какого роль семьи в воспитании ребенка",127,"воспитание ребенка"
"семейное воспитание детей с нарушением",127,"воспитание ребенка"
"народные традиции воспитания детей",127,"воспитание ребенка"
"содержание патриотического воспитания детей",127,"воспитание ребенка"
"штраф за ненадлежащее воспитание ребенка",126,"воспитание ребенка"
"самый лучшее воспитание ребенка",126,"воспитание ребенка"
"правильно воспитание ребенка педагогика",126,"воспитание ребенка"
"оказание помощи родителям в воспитании детей",126,"воспитание ребенка"
"воспитание чувств у детей дошкольного возраста",126,"воспитание ребенка"
"воспитание детей от рождения до школы",126,"воспитание ребенка"
"примеры методов воспитание детей",126,"воспитание ребенка"
"воспитание ребенка подросткового возраста",126,"воспитание ребенка"
"воспитание детей в учреждении дополнительного образования",126,"воспитание ребенка"
"дошкольное воспитание права ребенка",126,"воспитание ребенка"
"семейное воспитание детей овз",126,"воспитание ребенка"
"воспитание физически здорового ребенка",126,"воспитание ребенка"
"вопросы родителей по дошкольному воспитанию детей",126,"воспитание ребенка"
"воспитание и развитие самостоятельности ребенка",126,"воспитание ребенка"
"организация жизни и воспитания детей",126,"воспитание ребенка"
"содержание семейного воспитания детей",126,"воспитание ребенка"
"почетный знак за достойное воспитание детей",126,"воспитание ребенка"
"воспитание детей сказкой самообразование",126,"воспитание ребенка"
"воспитание ребенка в условиях реализации фгос",126,"воспитание ребенка"
"план духовно нравственному воспитанию детей",125,"воспитание ребенка"
"воспитание и обучение аномальных детей",125,"воспитание ребенка"
"воспитание детей в детском учреждении",125,"воспитание ребенка"
"воспитание детей методы и подход",125,"воспитание ребенка"
"воспитание у детей правильного произношения",125,"воспитание ребенка"
"задачи нравственно патриотического воспитания детей",125,"воспитание ребенка"
"забота о детях их воспитание право",125,"воспитание ребенка"
"рассказали о воспитании детей",125,"воспитание ребенка"
"воспитание детей без матери",125,"воспитание ребенка"
"педагогические условия воспитания детей дошкольного возраста",125,"воспитание ребенка"
"закономерности воспитания детей дошкольного возраста педагогика",125,"воспитание ребенка"
"воспитание культуры здоровья детей",124,"воспитание ребенка"
"исполнение родительских обязанностей по воспитанию детей",124,"воспитание ребенка"
"ступени воспитания детей",124,"воспитание ребенка"
"мудрости воспитания детей",124,"воспитание ребенка"
"воспитания дружбы детей",124,"воспитание ребенка"
"вопросы воспитания детей в доу",124,"воспитание ребенка"
"ребенок из детдома воспитание",124,"воспитание ребенка"
"воспитание детей вк",124,"воспитание ребенка"
"профессии воспитания и обучения детей",124,"воспитание ребенка"
"проблема воспитания детей педагогика",124,"воспитание ребенка"
"доверенность на воспитание ребенка",124,"воспитание ребенка"
"цель воспитания детей раннего возраста",124,"воспитание ребенка"
"ролик воспитание детей",124,"воспитание ребенка"
"неблагоприятные условия воспитания ребенка",124,"воспитание ребенка"
"ситуации воспитания детей в семье",123,"воспитание ребенка"
"современное воспитание детей в школе",123,"воспитание ребенка"
"традиции народов в воспитании детей",123,"воспитание ребенка"
"варианты семейного воспитания детей",123,"воспитание ребенка"
"системы воспитания детей россия",123,"воспитание ребенка"
"уклонение от воспитания ребенка",123,"воспитание ребенка"
"развитие и воспитание детей лучше",123,"воспитание ребенка"
"технологии воспитания детей с овз",123,"воспитание ребенка"
"системы воспитания детей методики",123,"воспитание ребенка"
"стратегия воспитания ребенка до года",123,"воспитание ребенка"
"воспитание нравственных качеств детей посредством сказки",122,"воспитание ребенка"
"исковое воспитание детей",122,"воспитание ребенка"
"обзоры практики воспитание детей",122,"воспитание ребенка"
"воспитание ребенка в системе педагогики",122,"воспитание ребенка"
"центр эстетического воспитания детей и молодежи",122,"воспитание ребенка"
"благодарность родителю за воспитание детей",122,"воспитание ребенка"
"педсовет патриотическое воспитание детей",122,"воспитание ребенка"
"важность воспитания детей",122,"воспитание ребенка"
"трудовое воспитание детей в доу",122,"воспитание ребенка"
"социальное воспитание детей с овз",122,"воспитание ребенка"
"спортивное физическое воспитание ребенка",122,"воспитание ребенка"
"воспитание ребенка без отца",122,"воспитание ребенка"
"патриотическое воспитание детей старшей группы",121,"воспитание ребенка"
"формы воспитания ребенка дошкольника",121,"воспитание ребенка"
"участие в воспитании и содержании ребенка",121,"воспитание ребенка"
"гигиеническое воспитание детей тесты",121,"воспитание ребенка"
"проблемы дошкольного воспитания детей",121,"воспитание ребенка"
"грамотное воспитание ребенка",121,"воспитание ребенка"
"принцип организации воспитания обучения детей",121,"воспитание ребенка"
"воспитания познавательной активности детей",121,"воспитание ребенка"
"воспитание ребенка в различных видах деятельности",121,"воспитание ребенка"
"задачи физического воспитания детей дошкольного возраста",121,"воспитание ребенка"
"какие подходы к воспитанию детей",121,"воспитание ребенка"
"приемов воспитания и обучение детей",121,"воспитание ребенка"
"программа эмоционального воспитания детей",121,"воспитание ребенка"
"патриотическое воспитание детей библиотека",121,"воспитание ребенка"
"значение семьи в воспитании ребенка",120,"воспитание ребенка"
"формы воспитания детей по возрастам",120,"воспитание ребенка"
"патриотическое воспитание детей по самообразованию",120,"воспитание ребенка"
"вопросы правового воспитания детей",120,"воспитание ребенка"
"воспитание детей имеющих отклонения в развитии",120,"воспитание ребенка"
"пословицы воспитание детей",120,"воспитание ребенка"
"психологическая помощь в воспитании ребенка",120,"воспитание ребенка"
"дети влияют на воспитание родителей",120,"воспитание ребенка"
"духовно нравственное воспитание детей в школе",120,"воспитание ребенка"
"воспитание детей болезни",120,"воспитание ребенка"
"просвещение родителя по вопросам воспитания детей",119,"воспитание ребенка"
"важные вопросы в воспитании детей",119,"воспитание ребенка"
"план самообразования нравственное воспитание детей",119,"воспитание ребенка"
"метод воспитания детей с овз",119,"воспитание ребенка"
"воспитание детей в ссср",119,"воспитание ребенка"
"традиционная семья воспитание детей",119,"воспитание ребенка"
"трудовое воспитание детей раннего возраста",119,"воспитание ребенка"
"военно патриотическое воспитание детей и молодежи",119,"воспитание ребенка"
"индивидуальная программа воспитания обучения детей",119,"воспитание ребенка"
"средство эстетического воспитания ребенка",119,"воспитание ребенка"
"игровая форма воспитания детей",119,"воспитание ребенка"
"символ воспитания детей",118,"воспитание ребенка"
"формы воспитания детей в доу",118,"воспитание ребенка"
"содержание физического воспитания детей",118,"воспитание ребенка"
"цели воспитания детей в детском доме",118,"воспитание ребенка"
"методы физического воспитания и развития детей",118,"воспитание ребенка"
"к условиям воспитания обучения оздоровления детей",118,"воспитание ребенка"
"условия необходимые для воспитания детей",118,"воспитание ребенка"
"развивающие и воспитание детей дошкольного возраста",118,"воспитание ребенка"
"семейное воспитание детей с отклонениями",118,"воспитание ребенка"
"воспитание детей 7 8",118,"воспитание ребенка"
"формы методы и средства воспитания детей",118,"воспитание ребенка"
"цель задачи целевые ориентиры воспитания детей",118,"воспитание ребенка"
"изменения ребенка в процессе воспитания",117,"воспитание ребенка"
"экологическое воспитание детей старшего возраста",117,"воспитание ребенка"