phrase,frequency,seed
"клинический психолог",81174,"клинический психолог"
"клинический психолог",81174,"клинический психолог"
"клинический психолог обучение",5690,"клинический психолог"
"клинический психолог вакансии",3348,"клинический психолог"
"медицинский клинический психолог",3147,"клинический психолог"
"клинический психолог где",3025,"клинический психолог"
"клинический психолог вузы",2764,"клинический психолог"
"клинический психолог образование",2641,"клинический психолог"
"клинический психолог москва",2602,"клинический психолог"
"клинический психолог университеты",2181,"клинический психолог"
"нужен клинический психолог",2167,"клинический психолог"
"поступить на клинического психолога",2004,"клинический психолог"
"учиться на клинического психолога",1976,"клинический психолог"
"работа клинического психолога",1717,"клинический психолог"
"аккредитация клинического психолога",1638,"клинический психолог"
"чем отличается психолог от клинического психолога",1624,"клинический психолог"
"переподготовка на клинического психолога",1578,"клинический психолог"
"детский клинический психолог",1474,"клинический психолог"
"может ли клинический психолог",1282,"клинический психолог"
"чем занимается клинический психолог",1232,"клинический психолог"
"магистратура клинический психолог",1133,"клинический психолог"
"клинический психолог высшее",1123,"клинический психолог"
"диплом клинического психолога",1061,"клинический психолог"
"психолог и клинический психолог в чем разница",1058,"клинический психолог"
"клинический психолог баллы",1022,"клинический психолог"
"специальность клинический психолог",994,"клинический психолог"
"клинический психолог спб",947,"клинический психолог"
"курсы клинического психолога",942,"клинический психолог"
"лучший клинический психолог",897,"клинический психолог"
"клинический психолог зарплата",894,"клинический психолог"
"клинический психолог предметы",884,"клинический психолог"
"клинический психолог дистанционно",877,"клинический психолог"
"клинический психолог после 11",860,"клинический психолог"
"клинический психолог отзывы",795,"клинический психолог"
"клинический психолог от обычного",793,"клинический психолог"
"что сдавать на клинического психолога",778,"клинический психолог"
"профессия клинический психолог",753,"клинический психолог"
"клинический психолог высшее образование",736,"клинический психолог"
"клинический психолог онлайн",733,"клинический психолог"
"сколько зарабатывает клинический психолог",722,"клинический психолог"
"чем клинический психолог отличается от обычного",712,"клинический психолог"
"клинический психолог заочно",709,"клинический психолог"
"клинический психолог где учиться",704,"клинический психолог"
"клинический психолог россии",702,"клинический психолог"
"клинический психолог какие предметы",682,"клинический психолог"
"колледж клинический психолог",682,"клинический психолог"
"клинический психолог больнице",642,"клинический психолог"
"клинический психолог государственный",602,"клинический психолог"
"нужны ли клинические психологи",600,"клинический психолог"
"клинический психолог медицинский университет",598,"клинический психолог"
"сколько учиться на клинического психолога",586,"клинический психолог"
"клинический психолог это простыми",575,"клинический психолог"
"клинический психолог казань",569,"клинический психолог"
"поступление на клинического психолога",569,"клинический психолог"
"клинический психолог екатеринбург",552,"клинический психолог"
"клинический психолог новосибирск",548,"клинический психолог"
"клинический психолог стоимость",542,"клинический психолог"
"клинический психолог петербург",540,"клинический психолог"
"клинический психолог это простыми словами",540,"клинический психолог"
"что делает клинический психолог",539,"клинический психолог"
"клинический психолог ростов",534,"клинический психолог"
"клинический психолог после 11 класса",533,"клинический психолог"
"клинический психолог вакансии москва",533,"клинический психолог"
"егэ на клинического психолога",522,"клинический психолог"
"клинический психолог санкт петербург",517,"клинический психолог"
"клинический предмет психолог сдавать",514,"клинический психолог"
"проходной балл на клинического психолога",497,"клинический психолог"
"клинический психолог краснодар",487,"клинический психолог"
"клинический психолог отличие от психолога",453,"клинический психолог"
"чем занимается клинический психолог простыми словами",442,"клинический психолог"
"институт на клинического психолога",441,"клинический психолог"
"клинический психолог после колледжа",435,"клинический психолог"
"квалификация клинического психолога",433,"клинический психолог"
"клинический психолог бюджет",432,"клинический психолог"
"клинический психолог какие вузы",420,"клинический психолог"
"клинический психолог мгу",417,"клинический психолог"
"питер клинический психолог",415,"клинический психолог"
"клинические психологи список",401,"клинический психолог"
"клинический психолог учеба",400,"клинический психолог"
"может ли психолог работать клиническим психологом",397,"клинический психолог"
"клинический психолог нижний",395,"клинический психолог"
"клинический психолог направление",393,"клинический психолог"
"клинический психолог программа",391,"клинический психолог"
"педагог психолог клинический психолог",389,"клинический психолог"
"вопросы клиническому психологу",386,"клинический психолог"
"клинический психолог экзамены",380,"клинический психолог"
"клинический психолог прием",375,"клинический психолог"
"клинический психолог наталья",374,"клинический психолог"
"клинический психолог нижний новгород",368,"клинический психолог"
"клинический психолог обучение онлайн",368,"клинический психолог"
"какие предметы сдавать на клинического психолога",367,"клинический психолог"
"клинический психолог нейропсихолог",366,"клинический психолог"
"консультация клинического психолога",366,"клинический психолог"
"клинический психолог обучение дистанционно",366,"клинический психолог"
"заключение клинического психолога",364,"клинический психолог"
"клинический психолог обучение вузы",361,"клинический психолог"
"где может работать клинический психолог",360,"клинический психолог"
"пройти аккредитацию клинического психолога",358,"клинический психолог"
"клинический психолог платно",356,"клинический психолог"
"практика клинического психолога",354,"клинический психолог"
"клинический психолог воронеж",351,"клинический психолог"
"клинический психолог челябинск",349,"клинический психолог"
"клинический психолог красноярск",341,"клинический психолог"
"клинический психолог обучение университеты",340,"клинический психолог"
"клинический психолог клиники",331,"клинический психолог"
"клинический психолог ольга",326,"клинический психолог"
"клинический психолог какое образование",324,"клинический психолог"
"клинический психолог цена",323,"клинический психолог"
"клинический диагноз психолога",322,"клинический психолог"
"клинический психолог после 9",321,"клинический психолог"
"деятельность клинического психолога",321,"клинический психолог"
"клинический психолог ростов на дону",319,"клинический психолог"
"куда поступить на клинического психолога",318,"клинический психолог"
"как стать клиническим психологом",317,"клинический психолог"
"клинический психолог бакалавриат",315,"клинический психолог"
"сколько стоит обучение на клинического психолога",312,"клинический психолог"
"клинический психолог заочное обучение",310,"клинический психолог"
"клинический психолог тюмень",305,"клинический психолог"
"клинический психолог пирогова",302,"клинический психолог"
"клинический психолог самара",300,"клинический психолог"
"клинический психолог уфа",299,"клинический психолог"
"пирогово клинический психолог",298,"клинический психолог"
"пройти переподготовку на клинического психолога",295,"клинический психолог"
"что нужно сдавать на клинического психолога",292,"клинический психолог"
"клинический социальный психолог",292,"клинический психолог"
"клинический психолог на базе психолога",284,"клинический психолог"
"клинический психолог переподготовка дистанционно",283,"клинический психолог"
"клинический психолог московский",283,"клинический психолог"
"клинический психолог анна",279,"клинический психолог"
"клинический психолог волгоград",276,"клинический психолог"
"клинический психолог ставрополь",275,"клинический психолог"
"клинический психолог факультет",275,"клинический психолог"
"медицинский клинический психолог обучение",275,"клинический психолог"
"клинический психолог спбгу",272,"клинический психолог"
"диагностика клинического психолога",268,"клинический психолог"
"клинический психолог специалист",268,"клинический психолог"
"первичная аккредитация клинический психолог",268,"клинический психолог"
"профпереподготовка клинический психолог",267,"клинический психолог"
"клинический психолог мип",263,"клинический психолог"
"клинический медицинский психолог переподготовка",262,"клинический психолог"
"клинический психолог обучение диплом",262,"клинический психолог"
"клинический психолог обучение москва",258,"клинический психолог"
"разница между психологом и клиническим психологом",253,"клинический психолог"
"стоимость обучения на клинического психолога",253,"клинический психолог"
"какие егэ клинический психолог",246,"клинический психолог"
"клинический психолог светлана",242,"клинический психолог"
"клинический психолог кфу",241,"клинический психолог"
"клинический психолог целевое",240,"клинический психолог"
"клинический психолог юлия",239,"клинический психолог"
"клинический психолог какие экзамены",239,"клинический психолог"
"психотерапевт и клинический психолог в чем разница",239,"клинический психолог"
"клинический психолог москва вузы",237,"клинический психолог"
"психотерапия клинический психолог",235,"клинический психолог"
"диплом клинического психолога онлайн",235,"клинический психолог"
"клинический психолог помощь",232,"клинический психолог"
"клинический психолог это врач или нет",231,"клинический психолог"
"кпт клинический психолог",230,"клинический психолог"
"клинический психолог бесплатно",227,"клинический психолог"
"клинический психолог поликлиника",227,"клинический психолог"
"клинический психолог пермь",227,"клинический психолог"
"бехтерева клинический психолог",226,"клинический психолог"
"клинический психолог после 9 класса",226,"клинический психолог"
"клиническая психология переподготовка психологов",223,"клинический психолог"
"семейный клинический психолог",217,"клинический психолог"
"клинический психолог обучение онлайн с дипломом",217,"клинический психолог"
"клинический психолог специалитет",216,"клинический психолог"
"клинический психолог елена",211,"клинический психолог"
"сколько получает клинический психолог",210,"клинический психолог"
"клинический психолог рязань",210,"клинический психолог"
"клинический психолог саратов",208,"клинический психолог"
"ирина клинический психолог",206,"клинический психолог"
"клинический психолог требования",206,"клинический психолог"
"как получить клинического психолога",206,"клинический психолог"
"клинический психолог зп",205,"клинический психолог"
"почему психолог клинический",204,"клинический психолог"
"клинический психолог сеченова",201,"клинический психолог"
"какие предметы нужны на клинического психолога",201,"клинический психолог"
"мгппу клинический психолог",200,"клинический психолог"
"как пройти клинического психолога",200,"клинический психолог"
"клинический психолог частное",198,"клинический психолог"
"задачи клинического психолога",196,"клинический психолог"
"клинический психолог записаться",195,"клинический психолог"
"клиническая психология для психолога",193,"клинический психолог"
"клинический психолог поступить вузы",193,"клинический психолог"
"что значит клинический психолог",193,"клинический психолог"
"клинический психолог екатерина",191,"клинический психолог"
"диплом клинического психолога переподготовка",190,"клинический психолог"
"клинический психолог поступить после 11",189,"клинический психолог"
"права клинического психолога",188,"клинический психолог"
"клинический психолог консультант",188,"клинический психолог"
"клинический психолог на базе высшего",185,"клинический психолог"
"анастасия клинический психолог",185,"клинический психолог"
"основы клинического психолога",182,"клинический психолог"
"клинический психолог омск",182,"клинический психолог"
"клинический психолог обучение высшее",182,"клинический психолог"
"сайт клинического психологов",182,"клинический психолог"
"клинический психолог пенза",181,"клинический психолог"
"клинический психолог найти",179,"клинический психолог"
"клинический психолог какие егэ сдавать",179,"клинический психолог"
"обучение клинический психолог переподготовка",178,"клинический психолог"
"клинический психолог барнаул",178,"клинический психолог"
"клинический психолог приказ",177,"клинический психолог"
"клинический психолог видео",177,"клинический психолог"
"клинический психолог урфу",177,"клинический психолог"
"клинический психолог обучение институт",176,"клинический психолог"
"клинический психолог пациенты",174,"клинический психолог"
"поступить на клинического психолога после колледжа",173,"клинический психолог"
"клинический психолог книги",170,"клинический психолог"
"клинический психолог владивосток",168,"клинический психолог"
"какие предметы нужно сдавать на клинического психолога",165,"клинический психолог"
"клинический психолог высшее дистанционно",165,"клинический психолог"
"мария клинический психолог",164,"клинический психолог"
"клинический психолог ярославль",164,"клинический психолог"
"какого работать клиническим психологом",164,"клинический психолог"
"методы клинического психолога",164,"клинический психолог"
"переквалификация на клинического психолога",162,"клинический психолог"
"клинический психолог для подростка",161,"клинический психолог"
"клинический и медицинский психолог разница",160,"клинический психолог"
"проф психолог клинический",158,"клинический психолог"
"клинический психолог в медицинском вузе",158,"клинический психолог"
"мед вуз клинический психолог",157,"клинический психолог"
"кем может работать клинический психолог",157,"клинический психолог"
"психолог клинический психолог психотерапевт психиатр",156,"клинический психолог"
"клинический психолог иркутск",156,"клинический психолог"
"работа клинический психолог вакансии",155,"клинический психолог"
"клинический психолог томск",155,"клинический психолог"
"образование клинический психолог дистанционно",152,"клинический психолог"
"клинический психолог государственный вуз",152,"клинический психолог"
"клинический психолог марина",152,"клинический психолог"
"чем отличается клинический психолог от психотерапевта",152,"клинический психолог"
"профстандарт клинический психолог",152,"клинический психолог"
"ргсу клинический психолог",152,"клинический психолог"
"татьяна клинический психолог",151,"клинический психолог"
"клинический психолог герцена",151,"клинический психолог"
"клинический психолог киров",150,"клинический психолог"
"наталья миронова клинический психолог",149,"клинический психолог"
"клинический психолог на базе высшего образования",149,"клинический психолог"
"что сдавать на клинического психолога после 11",147,"клинический психолог"
"клинический психолог курск",146,"клинический психолог"
"клинический психолог тверь",145,"клинический психолог"
"клинический психолог взрослый",143,"клинический психолог"
"профессиональная переподготовка на клинического психолога",143,"клинический психолог"
"официально клинические психологи",141,"клинический психолог"
"клинический психолог второе высшее",141,"клинический психолог"
"клинический психолог ординатура",141,"клинический психолог"
"клинический психолог поступи москва",140,"клинический психолог"
"где учат на клинического психолога",140,"клинический психолог"
"клинический психолог дарья",140,"клинический психолог"
"клинический психолог код",140,"клинический психолог"
"клинические рекомендации психолога",139,"клинический психолог"
"клинический психолог пиму",138,"клинический психолог"
"клинический психолог какая специальность",138,"клинический психолог"
"медицинская аккредитация клинических психологов",138,"клинический психолог"
"военный клинический психолог",138,"клинический психолог"
"клинический психолог переподготовка вузы",136,"клинический психолог"
"клинический психолог для детей",136,"клинический психолог"
"клинический психолог предметы егэ",135,"клинический психолог"
"где можно работать клиническим психологом",135,"клинический психолог"
"клинический психолог лобачевского",135,"клинический психолог"
"мпгу клинический психолог",134,"клинический психолог"
"клинический психолог может выписывать лекарства",134,"клинический психолог"
"клинический психолог вакансии спб",134,"клинический психолог"
"рггу клинический психолог",134,"клинический психолог"
"клинический психолог бакалавр",133,"клинический психолог"
"клинический психолог работает в больнице",132,"клинический психолог"
"клинический психолог после какого класса",131,"клинический психолог"
"кем можно работать клиническому психологу",131,"клинический психолог"
"какие экзамены сдавать на клинического психолога",130,"клинический психолог"
"бгму клинический психолог",130,"клинический психолог"
"клинический психолог калининград",129,"клинический психолог"
"клинический психолог вузы россии",129,"клинический психолог"
"клинический психолог врач ли",128,"клинический психолог"
"переподготовка на клинического психолога высшее образование",128,"клинический психолог"
"где отучиться на клинического психолога",128,"клинический психолог"
"клинический психолог хабаровск",127,"клинический психолог"
"клинический психолог универ",127,"клинический психолог"
"клинические психологи сургута",125,"клинический психолог"
"клинический психолог без опыта",125,"клинический психолог"
"клинический психолог иваново",125,"клинический психолог"
"александра клинический психолог",123,"клинический психолог"
"обучиться на клинического психолога",122,"клинический психолог"
"устроиться клиническим психологом",121,"клинический психолог"
"клинический психолог очно заочно",120,"клинический психолог"
"специальность клинический психолог вузы",120,"клинический психолог"
"документы клинического психолога",120,"клинический психолог"
"клинический психолог и психиатр в чем разница",120,"клинический психолог"
"средняя зарплата клинического психолога",119,"клинический психолог"
"клинический психолог учиться вузы",119,"клинический психолог"
"клинический психолог павлова",119,"клинический психолог"
"клинический психолог брянск",119,"клинический психолог"
"клинический психолог сеанс",119,"клинический психолог"
"институт психоанализа клинический психолог",119,"клинический психолог"
"клинический психолог университеты москвы",118,"клинический психолог"
"клинический психолог функции",118,"клинический психолог"
"дистанционное высшее образование клинический психолог",118,"клинический психолог"
"день клинического психолога",118,"клинический психолог"
"клинический психолог дгту",117,"клинический психолог"
"специальный клинический психолог",117,"клинический психолог"
"клинический психолог обучение высшее образование",117,"клинический психолог"
"клинический психолог рудн",117,"клинический психолог"
"проф переподготовка клинический психолог",117,"клинический психолог"
"клинический психолог боткина",117,"клинический психолог"
"клинический психолог кемерово",116,"клинический психолог"
"клинический психолог аккредитация нужна",116,"клинический психолог"
"клинический психолог имеет право",116,"клинический психолог"
"клинический психолог белгород",116,"клинический психолог"
"клинический психолог тула",116,"клинический психолог"
"клинический психолог олег",115,"клинический психолог"
"должность клинического психолога",115,"клинический психолог"
"клинический психолог в школе",114,"клинический психолог"
"сколько клинических психологов в россии",114,"клинический психолог"
"клинический психолог лучшие вузы",114,"клинический психолог"
"клинический психолог форум",114,"клинический психолог"
"можно ли стать клиническим психологом",113,"клинический психолог"
"клинический психолог когнитивно",113,"клинический психолог"
"клинический психолог что сдавать на егэ",113,"клинический психолог"
"клинический психолог кгму",112,"клинический психолог"
"клинический психолог логопед",112,"клинический психолог"
"клинический психолог сексолог",111,"клинический психолог"
"тюмгу клинический психолог",110,"клинический психолог"
"клинический психолог после магистратуры",110,"клинический психолог"
"проходной балл на клинического психолога бюджет",110,"клинический психолог"
"специализация клинического психолога",110,"клинический психолог"
"денисов клинический психолог",109,"клинический психолог"
"клинический психолог без медицинского образования",109,"клинический психолог"
"клиенты клинических психологов",109,"клинический психолог"
"клинический психолог баллы егэ",108,"клинический психолог"
"клинический психолог оренбург",108,"клинический психолог"
"клинический психолог переподготовка университет",108,"клинический психолог"
"клинический психолог после переподготовки",106,"клинический психолог"
"сколько учиться на клинического психолога после 11",106,"клинический психолог"
"лекции клинических психологов",106,"клинический психолог"
"вакансии медицинский клинический психолог",105,"клинический психолог"
"клинический психолог хорс",105,"клинический психолог"
"чем отличается клинический психолог от психиатра",103,"клинический психолог"
"клинический психолог смоленск",103,"клинический психолог"
"клинический психолог вузы спб",103,"клинический психолог"
"клинический психолог тамбов",102,"клинический психолог"
"поступить на клинического психолога после 9",102,"клинический психолог"
"сколько лет учиться на клинического психолога",101,"клинический психолог"
"михаил хорс клинический психолог",101,"клинический психолог"
"личность клинического психолога",101,"клинический психолог"
"клинический медицинский психолог институт",101,"клинический психолог"
"виды психологов клинический",101,"клинический психолог"
"официальный сайт клинического психолога",101,"клинический психолог"
"клинический психолог подготовка",101,"клинический психолог"
"курсы переподготовки на клинического психолога",101,"клинический психолог"
"проблемы клинического психолога",100,"клинический психолог"
"угма клинический психолог",100,"клинический психолог"
"клинический психолог в психиатрическую больницу",99,"клинический психолог"
"бурденко клинический психолог",99,"клинический психолог"
"клинические психологи отрабатывают",98,"клинический психолог"
"депрессия клинический психолог",98,"клинический психолог"
"клинический психолог чебоксары",97,"клинический психолог"
"что надо сдавать на клинического психолога",97,"клинический психолог"
"клинический психолог калуга",96,"клинический психолог"
"баллы для поступления на клинического психолога",95,"клинический психолог"
"клинический психолог вуз дистанционно",95,"клинический психолог"
"клинический психолог цена обучения",95,"клинический психолог"
"знания клинического психолога",95,"клинический психолог"
"евгений денисов клинический психолог",95,"клинический психолог"
"методики клинического психолога",94,"клинический психолог"
"клинический психолог сколько учиться после 11 класса",94,"клинический психолог"
"поступить на клинического психолога магистратура",93,"клинический психолог"
"клинический психолог военнообязанный или нет",93,"клинический психолог"
"клинический психолог ижевск",93,"клинический психолог"
"поступить на клинического психолога в москве",93,"клинический психолог"
"работа клинический медицинский психолог",93,"клинический психолог"
"профессиональная деятельность клинического психолога",92,"клинический психолог"
"клинические психологи примеры",91,"клинический психолог"
"пройти обучение клинический психолог",90,"клинический психолог"
"самгму клинический психолог",90,"клинический психолог"
"набор клинического психолога",90,"клинический психолог"
"детский клинический психолог москва",90,"клинический психолог"
"проходят ли клинические психологи аккредитацию",89,"клинический психолог"
"клинический психолог зарплата в россии",89,"клинический психолог"
"клинический психолог кафедра",89,"клинический психолог"
"клинический психолог это какой",88,"клинический психолог"
"клинический психолог дефектолог",88,"клинический психолог"
"клинический психолог сергей",88,"клинический психолог"
"клинический психолог гипнолог",88,"клинический психолог"
"клинический психолог сочи",87,"клинический психолог"
"клинический психолог дпо",87,"клинический психолог"
"клинический психолог стандарт",87,"клинический психолог"
"переподготовка на базе высшего клинического психолога",87,"клинический психолог"
"клинический психолог закон",86,"клинический психолог"
"где получить образование клинического психолога",86,"клинический психолог"
"моисеев клинический психолог",86,"клинический психолог"
"учиться на клинического психолога заочно",86,"клинический психолог"
"где можно отучиться на клинического психолога",86,"клинический психолог"
"клинический психолог тгу",86,"клинический психолог"
"клинический психолог ннгу",86,"клинический психолог"
"синергия клинический психолог",86,"клинический психолог"
"какие экзамены нужны на клинического психолога",86,"клинический психолог"
"что изучает клинический психолог",86,"клинический психолог"
"аккредитация клинического психолога 2026",85,"клинический психолог"
"клинический психолог сеченовский",85,"клинический психолог"
"опыт работы клиническим психологом",85,"клинический психолог"
"куда можно поступить на клинического психолога",84,"клинический психолог"
"вакансия клинический психолог екатеринбург",84,"клинический психолог"
"сколько зарабатывает клинический психолог в россии",84,"клинический психолог"
"кабинет клинического психолога",84,"клинический психолог"
"клинической психолог институт психологии",83,"клинический психолог"
"как проходит аккредитация клинического психолога",83,"клинический психолог"
"зарплата клинического психолога в москве",83,"клинический психолог"
"клинический психолог рниму",83,"клинический психолог"
"клинический психолог ксения",83,"клинический психолог"
"обязанности клинического психолога",82,"клинический психолог"
"получить высшее образование клинический психолог",82,"клинический психолог"
"вакансии клинического психолога без опыта",81,"клинический психолог"
"клинический психолог вузы питера",81,"клинический психолог"
"клинический психолог зачем",80,"клинический психолог"
"клинический психолог спо",80,"клинический психолог"
"чем отличается медицинский психолог от клинического психолога",80,"клинический психолог"
"клинический психолог махачкала",80,"клинический психолог"
"клинический психолог запись",80,"клинический психолог"
"может ли клинический психолог выписывать лекарства",80,"клинический психолог"
"рейтинг клинических психологов",79,"клинический психолог"
"клинический психолог может ставить диагноз",79,"клинический психолог"
"олег моисеев клинический психолог",79,"клинический психолог"
"клинический психолог симферополь",79,"клинический психолог"
"где можно учиться на клинического психолога",79,"клинический психолог"
"клинический психолог дисциплины",79,"клинический психолог"
"обследования клинического психолога",78,"клинический психолог"
"клинический психолог дистанционное обучение высшее",78,"клинический психолог"
"клинический психолог в здравоохранении",78,"клинический психолог"
"плюсы клинического психолога",78,"клинический психолог"
"клинический психолог какие предметы сдавать егэ",78,"клинический психолог"
"справка клинического психолога",78,"клинический психолог"
"сгму клинический психолог",78,"клинический психолог"
"клинический психолог работа в москве",77,"клинический психолог"
"клинический психолог минздрав",77,"клинический психолог"
"клинический психолог второе образование",77,"клинический психолог"
"где лучше учиться на клинического психолога",77,"клинический психолог"
"клинический психолог какое направление",76,"клинический психолог"
"клинический психолог номер",76,"клинический психолог"
"переквалифицироваться клинический психолог",76,"клинический психолог"
"клинический психолог куда поступать после 11",76,"клинический психолог"
"5 5 лет клинический психолог",76,"клинический психолог"
"клинический психолог программа обучения",76,"клинический психолог"
"клинический психолог сеченовский университет",75,"клинический психолог"
"требуется клинический психолог",75,"клинический психолог"
"какие егэ нужно сдавать на клинического психолога",75,"клинический психолог"
"удгу клинический психолог",75,"клинический психолог"
"клинический психолог фото",75,"клинический психолог"
"сколько зарабатывает клинический психолог в москве",75,"клинический психолог"
"клинический и кризисный психолог",75,"клинический психолог"
"клинический психолог колледж после 9",75,"клинический психолог"
"клинический эксперт психолог",75,"клинический психолог"
"московский институт психоанализа клинический психолог",75,"клинический психолог"
"клинический психолог частная клиника",75,"клинический психолог"
"клинический психолог во владимире",74,"клинический психолог"
"клинический психолог химия и биология",74,"клинический психолог"
"клинический психолог казань обучение",74,"клинический психолог"
"клинический психолог государственный вуз дистанционно",74,"клинический психолог"
"клинический психолог беларусь",74,"клинический психолог"
"клинический психолог сибгму",74,"клинический психолог"
"клинический психологи стоит учиться",74,"клинический психолог"
"клинический психолог занятия",74,"клинический психолог"
"ростгму клинический психолог",74,"клинический психолог"
"клинический психолог заочно вузы",73,"клинический психолог"
"клинический психолог вакансии воронеж",73,"клинический психолог"
"военнообязанные ли клинические психологи",73,"клинический психолог"
"можно ли переучиться на клинического психолога",73,"клинический психолог"
"клиническая больница психолог вакансия",72,"клинический психолог"
"клинический психолог липецк",72,"клинический психолог"
"вступительные экзамены на клинического психолога",72,"клинический психолог"
"клинический психолог астрахань",72,"клинический психолог"
"юфу клинический психолог",72,"клинический психолог"
"врач клинический психолог психиатр",72,"клинический психолог"
"клинический психолог востребованность",71,"клинический психолог"
"клинический психолог лицензия",71,"клинический психолог"
"идти ли на клинического психолога",71,"клинический психолог"
"где выучиться на клинического психолога",71,"клинический психолог"
"переподготовка клинический психолог на базе высшего образования",70,"клинический психолог"
"ситуации клинических психологов",70,"клинический психолог"
"нгму клинический психолог",70,"клинический психолог"
"может ли психолог стать клиническим психологом",70,"клинический психолог"
"получить специальность клинического психолога",70,"клинический психолог"
"клинический психолог пушкина",69,"клинический психолог"
"целевое обучение на клинического психолога",69,"клинический психолог"
"медицинская академия клинический психолог",69,"клинический психолог"
"клинический психолог новокузнецк",69,"клинический психолог"
"клинический психолог тольятти",68,"клинический психолог"
"клинический психолог какие профессии",68,"клинический психолог"
"клинический психолог орел",68,"клинический психолог"
"клинический психолог магистратура дистанционно",68,"клинический психолог"
"какие экзамены нужно сдавать на клинического психолога",68,"клинический психолог"
"клинический психолог обучение где",67,"клинический психолог"
"тесты у клинического психолога",67,"клинический психолог"
"какие предметы надо сдавать на клинического психолога",67,"клинический психолог"
"клинический психолог услуги",67,"клинический психолог"
"высшее психологическое образование клинический психолог",67,"клинический психолог"
"клинический психолог в психиатрии",66,"клинический психолог"
"суть работы клинического психолога",66,"клинический психолог"
"клинический психолог вакансии новосибирск",66,"клинический психолог"
"диплом клинического психолога образец",66,"клинический психолог"
"клинический психолог ульяновск",66,"клинический психолог"
"клинический психолог очно заочное обучение",65,"клинический психолог"
"дополнительное образование клинический психолог",65,"клинический психолог"
"где обучают на клинического психолога",65,"клинический психолог"
"клинический психолог востребованная профессия",65,"клинический психолог"
"план клинического психолога",64,"клинический психолог"
"клинический психолог егэ для поступления",64,"клинический психолог"
"клинический психолог обучение сколько лет",64,"клинический психолог"
"как отучиться на клинического психолога",64,"клинический психолог"
"клинический психолог предметы для поступления",63,"клинический психолог"
"клинический психолог после бакалавриата",63,"клинический психолог"
"клинический психолог киу",63,"клинический психолог"
"клинический психолог обучение тюмень",63,"клинический психолог"
"клинический психолог высшее медицинское образование",62,"клинический психолог"
"вакансии клинический психолог санкт петербург",62,"клинический психолог"
"пнд клинический психолог",62,"клинический психолог"
"валентина быкова клинический психолог",62,"клинический психолог"
"клинический психолог кратко",62,"клинический психолог"
"клинический психолог санкт петербург вузы",62,"клинический психолог"
"нужна ли аккредитация клиническому психологу",62,"клинический психолог"
"где принимает клинический психолог",62,"клинический психолог"
"клинический психолог что лечит",62,"клинический психолог"
"клинический психолог переподготовка государственный вуз",61,"клинический психолог"
"клинический психолог кемгу",61,"клинический психолог"
"клинический психолог вузы магистратура",61,"клинический психолог"
"профессиональный стандарт клинический психолог",61,"клинический психолог"
"клинический психолог записаться на прием",61,"клинический психолог"
"где пройти переподготовку на клинического психолога",61,"клинический психолог"
"отрабатывают ли клинические психологи",61,"клинический психолог"
"как получить аккредитацию клинического психолога",61,"клинический психолог"
"челгу клинический психолог",61,"клинический психолог"
"переподготовка на клинического психолога магистратура",61,"клинический психолог"
"институт бехтерева клинический психолог",61,"клинический психолог"
"где пройти аккредитацию клиническому психологу",61,"клинический психолог"
"где проходят аккредитацию клинические психологи",61,"клинический психолог"
"клинический психолог сургут вакансии",61,"клинический психолог"
"судебный клинический психолог",61,"клинический психолог"
"развитие клинического психолога",61,"клинический психолог"
"клинический психолог тревога",60,"клинический психолог"
"клинический психолог нарколог",60,"клинический психолог"
"клинический психолог красноярск обучение",60,"клинический психолог"
"общество клинических психологов",60,"клинический психолог"
"клинический психолог после мед колледжа",60,"клинический психолог"
"истории клинических психологов",60,"клинический психолог"
"санкт петербург клинический психолог университет",59,"клинический психолог"
"клинический психолог рпп",59,"клинический психолог"
"может ли клинический психолог ставить диагноз",59,"клинический психолог"
"клинический психолог мурманск",59,"клинический психолог"
"клинический психолог рассказал",59,"клинический психолог"
"кем работать после клинического психолога",59,"клинический психолог"
"клинический психолог нужно медицинское образование",59,"клинический психолог"
"как понять клинический психолог",59,"клинический психолог"
"клинический психолог обучение отзывы",59,"клинический психолог"
"клинический психолог птср",59,"клинический психолог"
"клинический психолог институты в москве",59,"клинический психолог"
"курс клинический медицинский психолог",59,"клинический психолог"
"клинический психолог вологда",59,"клинический психолог"
"клинический психолог обучение мгу",59,"клинический психолог"
"клинический психолог мединститут",59,"клинический психолог"
"сколько переподготовка на клинического психолога",58,"клинический психолог"
"клинический психолог юургу",58,"клинический психолог"
"клинический психолог образование москва",58,"клинический психолог"
"клинический психолог чгу",58,"клинический психолог"
"клинический психолог в реабилитации",58,"клинический психолог"
"психолог клинический психолог преподаватель психологии",58,"клинический психолог"
"как получить образование клинического психолога",58,"клинический психолог"
"очное обучение на клинического психолога",57,"клинический психолог"
"детский клинический психолог спб",57,"клинический психолог"
"клинический психолог улан удэ",57,"клинический психолог"
"клинический психолог виктория",57,"клинический психолог"
"клинический психолог екб",57,"клинический психолог"
"подростковые клинические психологи",57,"клинический психолог"
"какое образование нужно клиническому психологу",57,"клинический психолог"
"мед институт клинический психолог",56,"клинический психолог"
"клинический психолог после лечебного дела",56,"клинический психолог"
"государственная переподготовка на клинического психолога",56,"клинический психолог"
"клинический психолог в мвд",56,"клинический психолог"
"клинический психолог новосибирск обучение",56,"клинический психолог"
"востребованы ли клинические психологи",56,"клинический психолог"
"клинический психолог поступление вузы",56,"клинический психолог"
"клинический психолог вшэ",55,"клинический психолог"
"клинический психолог кубгу",55,"клинический психолог"
"клинический психолог агму",55,"клинический психолог"
"клинический психолог и обычный психолог разница",55,"клинический психолог"
"клинический психолог областная больница",55,"клинический психолог"
"клинический психолог университеты россии",55,"клинический психолог"
"клинический психолог обучение поступить",55,"клинический психолог"
"возможности клинического психолога",55,"клинический психолог"
"клинический психолог севастополь",55,"клинический психолог"
"где поступить на клинического психолога",55,"клинический психолог"
"повышение квалификации на клинического психолога",54,"клинический психолог"
"клинический психолог перинатальный психолог",54,"клинический психолог"
"клинический психолог краснодар обучение",54,"клинический психолог"
"клинический психолог обучение в екатеринбурге",54,"клинический психолог"
"клинический случай психолога",54,"клинический психолог"
"получить профессию клинический психолог",54,"клинический психолог"
"клинический психолог где обучается",54,"клинический психолог"
"бехтерев переподготовка клинический психолог",54,"клинический психолог"
"клинический психолог код специальности",53,"клинический психолог"
"программа переподготовки на клинического психолога",53,"клинический психолог"
"клинический психолог чита",53,"клинический психолог"
"клинический психолог заочное обучение вузы",53,"клинический психолог"
"какая зарплата у клинического психолога",53,"клинический психолог"
"клинический психолог нужно ли медицинское образование",53,"клинический психолог"
"клинический психолог екатеринбург университет",53,"клинический психолог"
"клинический психолог продокторов",53,"клинический психолог"
"клинический психолог иван",52,"клинический психолог"
"клинический психолог казань вузы",52,"клинический психолог"
"клинический психолог йошкар ола",52,"клинический психолог"
"мип клинический психолог переподготовка",52,"клинический психолог"
"клинический психолог пятигорск",52,"клинический психолог"
"клинический психолог переподготовка дистанционно государственный",52,"клинический психолог"
"кгу клинический психолог",52,"клинический психолог"
"ассоциация клинических психологов",52,"клинический психолог"
"клинический психолог кандидат наук",52,"клинический психолог"
"цель клинического психолога",52,"клинический психолог"
"клинический психолог обучение курс",52,"клинический психолог"
"клинический психолог это психиатр",52,"клинический психолог"
"статьи клинических психологов",51,"клинический психолог"
"кем работать с образованием клинического психолога",51,"клинический психолог"
"второе высшее образование клинический психолог",51,"клинический психолог"
"можно ли учиться на клинического психолога заочно",51,"клинический психолог"
"клинический психолог после 9 класса колледжи",51,"клинический психолог"
"минусы клинического психолога",51,"клинический психолог"
"клинический психолог это медицинское образование или нет",51,"клинический психолог"
"клинический психолог алмазова",51,"клинический психолог"
"надпо клинический психолог",51,"клинический психолог"
"на клинического психолога учатся в меде",50,"клинический психолог"
"лучшие клинические психологи москвы",50,"клинический психолог"
"гипнолог и клинический психолог файнштейн б в",50,"клинический психолог"
"гипнолог клинический психолог файнштейн",50,"клинический психолог"
"клинический психолог шизофрения",50,"клинический психолог"
"доп клинический психолог",50,"клинический психолог"
"переобучение на клинического психолога",50,"клинический психолог"
"клинический психолог без егэ",50,"клинический психолог"
"медицинский психолог клиническая больница",49,"клинический психолог"
"клинический психолог псков",49,"клинический психолог"
"клинический психолог можно ли после 9",49,"клинический психолог"
"клинический психолог карвасарского",49,"клинический психолог"
"клинический психолог дубна",49,"клинический психолог"
"клинический психолог это психотерапевт",49,"клинический психолог"
"клинический психолог требования к образованию",49,"клинический психолог"
"клинический психолог благовещенск",49,"клинический психолог"
"клинический психолог задать вопрос",49,"клинический психолог"
"юлия кочетова клинический психолог",49,"клинический психолог"
"клинический психолог королев",49,"клинический психолог"
"что нужно знать клиническому психологу",49,"клинический психолог"
"клинический психолог т",49,"клинический психолог"
"переподготовка по специальности клинический психолог",48,"клинический психолог"
"клинический психолог за границей",48,"клинический психолог"
"клинический психолог аспирантура",48,"клинический психолог"
"клинический психолог переподготовка дистанционно государственный вуз",48,"клинический психолог"
"работа клинического психолога без опыта работы",48,"клинический психолог"
"ростов клинический психолог вузы",47,"клинический психолог"
"клинический психолог лгу",47,"клинический психолог"
"клинический психолог может работать в школе",47,"клинический психолог"
"переподготовка клинический психолог сколько часов",47,"клинический психолог"
"виды деятельности клинического психолога",47,"клинический психолог"
"клинический психолог после спо",47,"клинический психолог"
"определение клинический психолог",47,"клинический психолог"
"клинический психолог повышение для психологов",47,"клинический психолог"
"лучшие клинические психологи россии",47,"клинический психолог"
"отличия клинического психолога от обычного",47,"клинический психолог"
"клинический психолог обучение государственном вузе",47,"клинический психолог"
"отличие клинического психолога от психотерапевта",47,"клинический психолог"
"курсы квалификация клинический психолог",47,"клинический психолог"
"белгу клинический психолог",47,"клинический психолог"
"клинический психолог сдвг",46,"клинический психолог"
"клинический психолог обучение пирогова",46,"клинический психолог"
"клинический психолог волггму",46,"клинический психолог"
"клинический психолог майкоп",46,"клинический психолог"
"клинический психолог учебник",46,"клинический психолог"
"различие психолога и клинического психолога",46,"клинический психолог"
"клинический психолог архангельск",46,"клинический психолог"
"клинический психолог вышка",46,"клинический психолог"
"клинический психолог инструкция",46,"клинический психолог"
"клинический психолог после медицинского колледжа",46,"клинический психолог"
"клинический психолог сколько платят",46,"клинический психолог"
"светлана назоева клинический психолог",46,"клинический психолог"
"клинический психолог по омс",46,"клинический психолог"
"ди клинический психолог",45,"клинический психолог"
"клинический психолог работа с детьми",45,"клинический психолог"
"клинические разборы психологами",45,"клинический психолог"
"современные клинические психологи",45,"клинический психолог"
"клинический психолог обучение нижний новгород",45,"клинический психолог"
"клинический психолог сергиев посад",45,"клинический психолог"
"беседа клинического психолога",45,"клинический психолог"
"клинический психолог приказ минздрава",45,"клинический психолог"
"клинический психолог кострома",45,"клинический психолог"
"клинический психолог на английском",45,"клинический психолог"
"клинический психолог воронеж обучение",45,"клинический психолог"
"клинический психолог бехтерева обучение",45,"клинический психолог"
"поступить на клинического психолога в питере",45,"клинический психолог"
"роль клинического психолога",45,"клинический психолог"
"клинический психолог ростов вакансии",44,"клинический психолог"
"поступить на клинического психолога заочно",44,"клинический психолог"
"клинический психолог качества",44,"клинический психолог"
"клинический психолог имеет медицинское образование",44,"клинический психолог"
"клинический психолог скфу",44,"клинический психолог"
"клинический психолог в реабилитационном центре",44,"клинический психолог"
"клинический психолог плюсы и минусы",44,"клинический психолог"
"клинический психолог обучение россия",44,"клинический психолог"
"клинический психолог роман",43,"клинический психолог"
"клинический психолог казахстан",43,"клинический психолог"
"клинический психолог обучение в санкт петербурге",43,"клинический психолог"
"клинический психолог нальчик",43,"клинический психолог"
"клинический психолог справочник",43,"клинический психолог"
"найти работу клиническим психологом",43,"клинический психолог"
"клинический психолог крым",43,"клинический психолог"
"клинический психолог где учиться после 11",43,"клинический психолог"
"клинический психолог новороссийск",43,"клинический психолог"
"переподготовка на клинического психолога бехтерева",43,"клинический психолог"
"клиническая психология в деятельности психолога",43,"клинический психолог"
"клинический психолог где можно выучиться",43,"клинический психолог"
"магистратура клинический психолог москва",43,"клинический психолог"
"эпи клинический психолог",43,"клинический психолог"
"мгу переподготовка клинический психолог",42,"клинический психолог"
"психоаналитик клинический психолог",42,"клинический психолог"
"клинический психолог онлайн консультация",42,"клинический психолог"
"клинический психолог надежда",42,"клинический психолог"
"клинический психолог заочно москва",42,"клинический психолог"
"обучение на клинического психолога магистратура",42,"клинический психолог"
"переподготовка на клинического психолога в москве",42,"клинический психолог"
"детский клинический психолог краснодар",42,"клинический психолог"
"клинический психолог агу",42,"клинический психолог"
"принципы клинического психолога",42,"клинический психолог"
"клинический психолог обнинск",42,"клинический психолог"
"в чем заключается работа клинического психолога",42,"клинический психолог"
"кем можно работать с образованием клинического психолога",42,"клинический психолог"
"клинический психолог магистратура заочно",42,"клинический психолог"
"клинический психолог суть профессии",42,"клинический психолог"
"курсы повышения клинический психолог",42,"клинический психолог"
"клинические психологи череповец",42,"клинический психолог"
"методы работы клинического психолога",42,"клинический психолог"
"клинический психодиагностики психолог",42,"клинический психолог"
"клинический психолог новосибирск вузы",41,"клинический психолог"
"клинический психолог на сво",41,"клинический психолог"
"клинический психолог зависимости",41,"клинический психолог"
"клинический психолог является врачом",41,"клинический психолог"
"клинический психолог обучение ростов",41,"клинический психолог"
"где работать после клинического психолога",41,"клинический психолог"
"клинический навык психолог",41,"клинический психолог"
"клинический психолог уунит",41,"клинический психолог"
"клинический психолог b17",41,"клинический психолог"
"клинический психолог рецепт",40,"клинический психолог"
"профессиональные задачи клинического психолога",40,"клинический психолог"
"клинический психолог вгма",40,"клинический психолог"
"известные клинические психологи",40,"клинический психолог"
"клинический психолог авито",40,"клинический психолог"
"первичная специализированная аккредитация клинических психологов",40,"клинический психолог"
"клинический психолог в медицинском учреждении",40,"клинический психолог"
"клинический психолог выписывает антидепрессанты",40,"клинический психолог"
"клинический психолог мужчина",40,"клинический психолог"
"тгму клинический психолог",40,"клинический психолог"
"сертификат клинического психолога",40,"клинический психолог"
"клинический психолог патопсихолог",39,"клинический психолог"
"клинический психолог медицинский работник",39,"клинический психолог"
"курсы клинического психолога дистанционно",39,"клинический психолог"
"клинический психолог в мчс",39,"клинический психолог"
"психологическая помощь клинического психолога",39,"клинический психолог"
"клинический психолог учиться в москве",39,"клинический психолог"
"клинический психолог сербского",39,"клинический психолог"
"клинический психолог является военнообязанным",39,"клинический психолог"
"клинический психолог или психолог что выбрать",39,"клинический психолог"
"трудовые функции клинического психолога",39,"клинический психолог"
"этика клинического психолога",39,"клинический психолог"
"клинический психолог пгниу",39,"клинический психолог"
"чем отличается клинический психолог от просто психолога",39,"клинический психолог"
"стоит ли учиться на клинического психолога",39,"клинический психолог"
"присвоение квалификации клинический психолог",39,"клинический психолог"
"клинический психолог алена",39,"клинический психолог"
"клинический психолог минск",38,"клинический психолог"
"куда пойти работать клиническому психологу",38,"клинический психолог"
"частная практика клинического психолога",38,"клинический психолог"
"клинический психолог перевод",38,"клинический психолог"
"экспертная деятельность клинического психолога",38,"клинический психолог"
"марина логинова клинический психолог",38,"клинический психолог"
"клинический психолог уфа обучение",38,"клинический психолог"
"клинический психолог центр москвы",38,"клинический психолог"
"устроиться на работу клиническим психологом",38,"клинический психолог"
"вакансия клинический психолог казань",38,"клинический психолог"
"клинический психолог фильм",38,"клинический психолог"
"клинический психолог красгму",37,"клинический психолог"
"как переучиться на клинического психолога",37,"клинический психолог"
"может ли клинический психолог работать в школе",37,"клинический психолог"
"клинический психолог хх ру",37,"клинический психолог"
"клинический психолог саранск",37,"клинический психолог"
"где можно получить образование клинического психолога",37,"клинический психолог"
"клинический психолог москва отзывы",37,"клинический психолог"
"практикующий клинический психолог",37,"клинический психолог"
"клинический психолог гештальт терапевт",37,"клинический психолог"
"боткина клинический психолог обучение",37,"клинический психолог"
"базовое образование клинический психолог",37,"клинический психолог"
"клинический психолог это мед",37,"клинический психолог"
"вакансия клинического психолога нижний",37,"клинический психолог"
"клиническое описание психолога",37,"клинический психолог"
"клинический психолог литература",36,"клинический психолог"
"медакадемия клинический психолог",36,"клинический психолог"
"анна анатольевна клинический психолог",36,"клинический психолог"
"клинический психолог 37.05 01",36,"клинический психолог"
"клинический психолог обучение москва вузы",36,"клинический психолог"
"где работать с образованием клинического психолога",36,"клинический психолог"
"проходной балл егэ на клинического психолога",36,"клинический психолог"
"клинический психолог экзамены для поступления",36,"клинический психолог"
"супервизия клинического психолога",36,"клинический психолог"
"клинический психолог обучение после 11 класса",36,"клинический психолог"
"клинический психолог окр",36,"клинический психолог"
"востребована ли профессия клинического психолога",36,"клинический психолог"
"нгу клинический психолог",36,"клинический психолог"
"клинический психолог евдокимова",36,"клинический психолог"
"цели и задачи клинического психолога",36,"клинический психолог"
"клинический психолог вакансии красноярск",36,"клинический психолог"
"клинический психолог заочка",36,"клинический психолог"
"сколько зарабатывает клинический психолог в месяц",35,"клинический психолог"
"клинический психолог челны",35,"клинический психолог"
"аттестация клинического психолога",35,"клинический психолог"
"клинический психолог кфу казань",35,"клинический психолог"
"клинический психолог рязгму",35,"клинический психолог"
"куда лучше поступать на клинического психолога",35,"клинический психолог"
"разница между клиническим психологом и психотерапевтом",35,"клинический психолог"
"профессиональная этика клинического психолога",35,"клинический психолог"
"карта клинического психолога",35,"клинический психолог"
"магистратура клинический психолог диплом",35,"клинический психолог"
"резюме клинического психолога",35,"клинический психолог"
"клинический психолог московская область",35,"клинический психолог"
"клинический психолог может работать обычным психологом",35,"клинический психолог"
"клинический психолог обучение дистанционное обучение вузы",35,"клинический психолог"
"какие предметы изучает клинический психолог",35,"клинический психолог"
"является ли клинический психолог военнообязанным",34,"клинический психолог"
"экспертные задачи клинического психолога",34,"клинический психолог"
"галина каплунова клинический психолог",34,"клинический психолог"
"может ли клинический психолог работать в больнице",34,"клинический психолог"
"практический психолог или клинический",34,"клинический психолог"
"психолог клинический психолог психиатр психотерапевт отличия",34,"клинический психолог"
"клинический психолог мытищи",34,"клинический психолог"
"клинический психолог обучение очно вузы",34,"клинический психолог"
"бгу клинический психолог",34,"клинический психолог"
"великие клинические психологи",34,"клинический психолог"
"клинический психолог владивосток обучение",34,"клинический психолог"
"клинический психолог балашиха",34,"клинический психолог"
"клинический психолог вузы екатеринбурга",34,"клинический психолог"
"клинический психолог отпуск",34,"клинический психолог"
"клинический психолог наркологический",33,"клинический психолог"
"клинический психолог казань университет",33,"клинический психолог"
"куда поступить в москве на клинического психолога",33,"клинический психолог"
"клинический психолог статус",33,"клинический психолог"
"клинический психолог категории",33,"клинический психолог"
"клинический психолог абакан",33,"клинический психолог"
"клинический психолог бфу",33,"клинический психолог"
"есть ли специальность клинический психолог",33,"клинический психолог"
"где можно поступить на клинического психолога",33,"клинический психолог"
"должностные инструкции клинического психолога",33,"клинический психолог"
"клинический психолог что заканчивает",33,"клинический психолог"
"ранхигс клинический психолог",33,"клинический психолог"
"медведева клинический психолог",33,"клинический психолог"
"клинический психолог экзамены егэ",33,"клинический психолог"
"клинический психолог сколько учиться после колледжа",33,"клинический психолог"
"лучше переподготовки клиническому психологу",32,"клинический психолог"
"клинический психолог аутизм",32,"клинический психолог"
"клинический психолог ярославль обучение",32,"клинический психолог"
"зачем нужен клинический психолог",32,"клинический психолог"
"клинический психолог выписывает рецепты",32,"клинический психолог"
"протоколы клинического психолога",32,"клинический психолог"
"клинический психолог владикавказ",32,"клинический психолог"
"что нужно чтобы стать клиническим психологом",32,"клинический психолог"
"клинический психолог востребованность в россии",32,"клинический психолог"
"клинический психолог спб университет",32,"клинический психолог"
"куда устроиться клиническому психологу",32,"клинический психолог"
"профессиональная этика в работе клинического психолога",32,"клинический психолог"
"недорогой клинический психолог",32,"клинический психолог"
"как выучиться на клинического психолога",32,"клинический психолог"
"вакансии клинический психолог ростов на дону",32,"клинический психолог"
"доп образование клинический психолог",32,"клинический психолог"
"переподготовка клинический психолог сеченова",32,"клинический психолог"
"сколько в среднем зарабатывают клинические психологи",32,"клинический психолог"
"разница между клиническим психологом и психиатром",32,"клинический психолог"
"клинический психолог в полиции",31,"клинический психолог"
"клинический психолог обучение колледж",31,"клинический психолог"
"клинический психолог анапа",31,"клинический психолог"
"поступить на клинического психолога высшее образование",31,"клинический психолог"
"обучение на клинического психолога дистанционно высшее образование",31,"клинический психолог"
"виды профессиональной деятельности клинического психолога",31,"клинический психолог"
"аккредитация клинического психолога требования",31,"клинический психолог"
"заключение клинического психолога на ребенка",31,"клинический психолог"
"институт психотерапии и клинической психологи",31,"клинический психолог"
"что означает клинический психолог",31,"клинический психолог"
"клинический психолог это медик",31,"клинический психолог"
"лекции по клинической психологии для студентов психологов",31,"клинический психолог"
"клинический психолог вакансии москва без опыта",30,"клинический психолог"
"клинический психолог где учиться в москве",30,"клинический психолог"
"является ли клинический психолог врачом",30,"клинический психолог"
"hh клинический психолог",30,"клинический психолог"
"тренинги клинического психолога",30,"клинический психолог"
"стажировка для клинических психологов",30,"клинический психолог"
"детский клинический психолог обучение",30,"клинический психолог"
"клинический психолог детский ростов",30,"клинический психолог"
"клинический психолог в неврологии",30,"клинический психолог"
"клинический психолог нижневартовск",30,"клинический психолог"
"клинический психолог якутск",30,"клинический психолог"
"клинический психолог тест векслера",30,"клинический психолог"
"клинический психолог работа в больнице",30,"клинический психолог"
"практическая работа клинического психолога",30,"клинический психолог"
"особенности работы клинического психолога",30,"клинический психолог"
"клинический психолог пенза обучение",30,"клинический психолог"
"клинический психолог в сша",30,"клинический психолог"
"сколько нужно учиться на клинического психолога",30,"клинический психолог"
"клинический психолог предметы в вузе",30,"клинический психолог"
"клинический психолог учебный план",30,"клинический психолог"
"образование клинического психолога заочно",30,"клинический психолог"
"клинический психолог ростов на дону обучение",30,"клинический психолог"
"переподготовка на клинического психолога медицинский университет",30,"клинический психолог"
"практическая деятельность клинических психологов",30,"клинический психолог"
"клинический психолог обучение в спб",30,"клинический психолог"
"клинический психолог прл",29,"клинический психолог"
"онлайн курсы на клинического психолога",29,"клинический психолог"
"клинический психолог переподготовка санкт петербург",29,"клинический психолог"
"бгму уфа клинический психолог",29,"клинический психолог"
"клинический психолог ростов на дону вузы",29,"клинический психолог"
"челябинск клинический психолог вуз",29,"клинический психолог"
"клинический психолог перспективы",29,"клинический психолог"
"вакансия клинический психолог ставрополь",29,"клинический психолог"
"работа клиническим психологом в москве вакансии",29,"клинический психолог"
"клинический психолог курган",29,"клинический психолог"
"примеры заключений клинического психолога",29,"клинический психолог"
"клинический и семейный психолог вишнякова с",29,"клинический психолог"
"клинический психолог ростов на дону детский",29,"клинический психолог"
"где пройти практику клиническому психологу",29,"клинический психолог"
"где проходить практику клиническому психологу",29,"клинический психолог"
"что делает клинический психолог в больнице",29,"клинический психолог"
"стоит ли поступать на клинического психолога",29,"клинический психолог"
"дарья серебрякова клинический психолог",29,"клинический психолог"
"клинический психолог обучение бакалавриат",29,"клинический психолог"
"детский клинический психолог казань",29,"клинический психолог"
"куликова ксения самары клинический психолог",29,"клинический психолог"
"клинический психолог вакансии уфа",28,"клинический психолог"
"нужно ли отрабатывать клиническим психологам",28,"клинический психолог"
"ставка клинического психолога",28,"клинический психолог"
"советы клинического психолога",28,"клинический психолог"
"работа клинического психолога с пациентом",28,"клинический психолог"
"клинический психолог куда можно пойти работать",28,"клинический психолог"
"клинический психолог отучиться заочно",28,"клинический психолог"
"вероника клинический психолог",28,"клинический психолог"
"евгения смоленская клинический психолог",28,"клинический психолог"
"клинический психолог где найти",28,"клинический психолог"
"клинический психолог краснодар поступить",28,"клинический психолог"
"клинический психолог волгоград обучение",28,"клинический психолог"
"клинический психолог екатеринбург обучение университет",28,"клинический психолог"
"обучение на клинического психолога дистанционно переподготовка",28,"клинический психолог"
"клинический психолог зеленоград",28,"клинический психолог"
"как получить диплом клинического психолога",28,"клинический психолог"
"клинический психолог саратов обучение",28,"клинический психолог"
"направление деятельности клинического психолога",28,"клинический психолог"
"клинический психолог армавир",27,"клинический психолог"
"клинический психолог целевое направление",27,"клинический психолог"
"клинический психолог переподготовка москва обучение",27,"клинический психолог"
"клинический психолог может назначать препараты",27,"клинический психолог"
"мосин алексей викторович клинический психолог",27,"клинический психолог"
"клинический психолог игорь",27,"клинический психолог"
"лучшие курсы на клинического психолога",27,"клинический психолог"
"ргпу им герцена клинический психолог",27,"клинический психолог"
"клинический психолог вузы россии после 11",27,"клинический психолог"
"клинический психолог вузы россии после 11 класса",27,"клинический психолог"
"курсы переквалификации клинический психолог",27,"клинический психолог"
"клинический психолог удаленно",27,"клинический психолог"
"поступить на клинического психолога спб",27,"клинический психолог"
"клинический психолог химки",27,"клинический психолог"
"клинический психолог про докторов",27,"клинический психолог"
"клинический психолог рейтинг вузов",27,"клинический психолог"
"клинический психолог жуковский",27,"клинический психолог"
"профстандарт клинический психолог в здравоохранении",26,"клинический психолог"
"помогает ли клинический психолог",26,"клинический психолог"
"софия клинический психолог",26,"клинический психолог"
"может ли клинический психолог выписывать антидепрессанты",26,"клинический психолог"
"клинический психолог пермь обучение",26,"клинический психолог"
"клинический психолог судебная экспертиза",26,"клинический психолог"
"поступить в мгу на клинического психолога",26,"клинический психолог"
"на клинического психолога сложно учиться",26,"клинический психолог"
"клинический психолог великий новгород",26,"клинический психолог"
"психоневрологический диспансер клинический психолог",26,"клинический психолог"
"клинический психолог обучение на базе высшего",26,"клинический психолог"
"в каких вузах учат на клинического психолога",26,"клинический психолог"
"можно ли переквалифицироваться на клинического психолога",26,"клинический психолог"
"как стать клиническим медицинским психологом",26,"клинический психолог"
"клинический психолог срок обучения",26,"клинический психолог"
"термины клинического психолога",26,"клинический психолог"
"клинический психолог обучение второе высшее",26,"клинический психолог"
"клинический психолог вакансии саратов",26,"клинический психолог"
"тесты для аккредитации клинического психолога",26,"клинический психолог"
"клинический психолог обучение в питере",26,"клинический психолог"
"оплата клинического психолога",26,"клинический психолог"
"вакансии клинического психолога краснодар",26,"клинический психолог"
"клинический психолог сериал",26,"клинический психолог"
"вакансии медицинского клинического психолога в москве",26,"клинический психолог"
"ирина ушкова клинический психолог",26,"клинический психолог"
"пироговка клинический психолог",26,"клинический психолог"
"трудовые функции клинического психолога определяются приказом",26,"клинический психолог"
"клинический психолог сколько учиться после 9",26,"клинический психолог"
"где учат на клинического психолога в россии",26,"клинический психолог"
"клинический психолог картинки",26,"клинический психолог"
"vk клинический психолог увлечения виолончель",26,"клинический психолог"
"клинические психологи должны отрабатывать",26,"клинический психолог"
"клинический психолог обучение ставрополь",26,"клинический психолог"
"периодическая аккредитация клинических психологов",26,"клинический психолог"
"особенности деятельности клинического психолога",26,"клинический психолог"
"особенности профессиональной деятельности клинического психолога",26,"клинический психолог"
"институт бехтерева обучение на клинического психолога",26,"клинический психолог"
"клинический психолог когнитивно поведенческая терапия",25,"клинический психолог"
"клинический психолог колледж после 11",25,"клинический психолог"
"клинический психолог психотерапевт психиатр разница",25,"клинический психолог"
"основные задачи клинического психолога",25,"клинический психолог"
"клинический психолог работа спб",25,"клинический психолог"
"клинический медицинский детский психолог",25,"клинический психолог"
"клинический психолог направления работы",25,"клинический психолог"
"заключение клинического психолога образец",25,"клинический психолог"
"клинический психолог квалификационные требования",25,"клинический психолог"
"детский клинический психолог тверь",25,"клинический психолог"
"клинический психолог диплом государственного образца",25,"клинический психолог"
"александр романов клинический психолог",25,"клинический психолог"
"клинический психолог отличие от психолога и психиатра",25,"клинический психолог"
"илья гавин клинический психолог",25,"клинический психолог"
"евгений денисов клинический психолог биография",25,"клинический психолог"
"работа клинического психолога в учреждениях",24,"клинический психолог"
"клинический психолог кбгу",24,"клинический психолог"
"поступить на клинического психолога без егэ",24,"клинический психолог"
"чем отличается клинический психолог от практического психолога",24,"клинический психолог"
"сколько зарабатывают клинические психологи в питере",24,"клинический психолог"
"клинический психолог магнитогорск",24,"клинический психолог"
"клинический психолог обучение в медицинском вузе",24,"клинический психолог"
"клинический психолог кубгму",24,"клинический психолог"
"справочник клинического психолога матвеев",24,"клинический психолог"
"клинический психолог что сдавать после 9",24,"клинический психолог"
"может ли клинический психолог работать обычным психологом",24,"клинический психолог"
"клинический психолог сфера деятельности",24,"клинический психолог"
"клинический психолог таганрог",24,"клинический психолог"
"клинический психолог рядом",24,"клинический психолог"
"клинический психолог нижний новгород вуз",24,"клинический психолог"
"клинические рекомендации для медицинских психологов",24,"клинический психолог"
"клинический психолог должен иметь медицинское образование",24,"клинический психолог"
"характеристика клинического психолога",24,"клинический психолог"
"нейропсихолог и клинический психолог чем отличаются",24,"клинический психолог"
"клинический психолог иваново обучение",24,"клинический психолог"
"клинические психологи вакансии тюмень",23,"клинический психолог"
"клинический психолог москва очно",23,"клинический психолог"
"клинический психолог уфа поступить",23,"клинический психолог"
"пирогова университет клинический психолог",23,"клинический психолог"
"клинический психолог выпуски",23,"клинический психолог"
"клинический психолог сыктывкар",23,"клинический психолог"
"университет лобачевского клинический психолог",23,"клинический психолог"
"ясно клинические психологи",23,"клинический психолог"
"твгу клинический психолог",23,"клинический психолог"
"учиться на клинического психолога в россии",23,"клинический психолог"
"клинический психолог будет отработка",23,"клинический психолог"
"клинический психолог уфа вузы",23,"клинический психолог"
"клинический психолог какое образование имеет",23,"клинический психолог"
"клинический психолог это медицинская специальность",23,"клинический психолог"
"клинический психолог вакансии волгоград",23,"клинический психолог"
"стоит ли идти на клинического психолога",23,"клинический психолог"
"клинический психолог секс",23,"клинический психолог"
"клинический психолог вакансии пермь",23,"клинический психолог"
"отличие клинического психолога от медицинского психолога",23,"клинический психолог"
"ольга коротина клинический психолог",22,"клинический психолог"
"клинический психолог в социальной сфере",22,"клинический психолог"
"клинический психолог поступить новосибирск",22,"клинический психолог"
"клинический психолог вакансии рязань",22,"клинический психолог"
"клинический психолог волгоград вуз",22,"клинический психолог"
"чем отличается клинический психолог психотерапевт психиатр",22,"клинический психолог"
"клинический психолог коломна",22,"клинический психолог"
"клинический психолог воронеж бурденко",22,"клинический психолог"
"филатова клинический психолог",22,"клинический психолог"
"проходной балл на клинического психолога мгу",22,"клинический психолог"
"клинический психолог психосоматика",22,"клинический психолог"
"угмк клинический психолог",22,"клинический психолог"
"клинический психолог пушкино",22,"клинический психолог"
"клинический психолог поступить ростов",22,"клинический психолог"
"клинический психолог обучение томск",22,"клинический психолог"
"консультация клинического психолога бесплатно",22,"клинический психолог"
"сложно ли учиться на клинического психолога",22,"клинический психолог"
"клинический психолог обучение дистанционно в государственном",22,"клинический психолог"
"степанова клинический психолог",22,"клинический психолог"
"интервью с клиническим психологом",22,"клинический психолог"
"заработок клинического психолога",22,"клинический психолог"
"на клинического психолога нужна профильная математика",22,"клинический психолог"
"сколько получает клинический психолог в москве",22,"клинический психолог"
"сколько надо учиться на клинического психолога",22,"клинический психолог"
"клинический психолог в питере университет",22,"клинический психолог"
"клинический психолог вакансии челябинск",21,"клинический психолог"
"работа клиническому психологу москва без опыта",21,"клинический психолог"
"чем может помочь клинический психолог",21,"клинический психолог"
"клинический психолог пермь вуз",21,"клинический психолог"
"клинический психолог что делает и где работает",21,"клинический психолог"
"клинический психолог вакансия в пензе",21,"клинический психолог"
"профессия клинический психолог востребованность",21,"клинический психолог"
"клинический психолог подробно",21,"клинический психолог"
"клинический психолог ставрополь вузы",21,"клинический психолог"
"клинический медицинский психолог обучение дистанционно",21,"клинический психолог"
"диплом клинического психолога дистанционно",21,"клинический психолог"
"клинический психолог считается врачом",21,"клинический психолог"
"клинический психолог криминалист",21,"клинический психолог"
"клинический психолог раменское",21,"клинический психолог"
"клинический психолог новоуральск",21,"клинический психолог"
"сколько получает клинический психолог в россии",21,"клинический психолог"
"клинический психолог кандидат психологических наук",21,"клинический психолог"
"клинический психолог 2 высшее",21,"клинический психолог"
"клинический психолог обучение вузы россии",20,"клинический психолог"
"клинический психолог прием в москве",20,"клинический психолог"
"куда пойти учиться на клинического психолога",20,"клинический психолог"
"клинический психолог ханты мансийск",20,"клинический психолог"
"клинический психолог где готовят",20,"клинический психолог"
"клинический психолог может ли назначать антидепрессанты",20,"клинический психолог"
"подбуцкий игорь николаевич клинический психолог",20,"клинический психолог"
"больницы москвы клинический психолог",20,"клинический психолог"
"вакансии детский клинический психолог",20,"клинический психолог"
"николай бабкин священник клинический психолог",20,"клинический психолог"
"девушка клинический психолог",20,"клинический психолог"
"клинический психолог стерлитамак",20,"клинический психолог"
"можно ли клиническому психологу стать психиатром",20,"клинический психолог"
"мма клинический психолог",20,"клинический психолог"
"переподготовка на клинического психолога спб",20,"клинический психолог"
"клинический психолог медси",20,"клинический психолог"
"принципы работы клинических психологов",20,"клинический психолог"
"курск клинический психолог детский",20,"клинический психолог"
"сериал про клинического психолога",20,"клинический психолог"
"в чем особенность клинического психолога",20,"клинический психолог"
"михаил хорс клинический психолог лекции слушать",20,"клинический психолог"
"клинический психолог обучение в самаре",20,"клинический психолог"
"этические принципы клинического психолога",20,"клинический психолог"
"наталья миронова клинический психолог психология отношений",20,"клинический психолог"
"тестирование у клинического психолога",20,"клинический психолог"
"вакансии клинический психолог курск",20,"клинический психолог"
"руководство для врачей и клинических психологов",19,"клинический психолог"
"вузы где учат на клинического психолога",19,"клинический психолог"
"зарплата клинического психолога в питере",19,"клинический психолог"
"клинический психолог что нужно для поступления",19,"клинический психолог"
"может ли клинический психолог работать педагогом психологом",19,"клинический психолог"
"клинический психолог в подольске",19,"клинический психолог"
"клинический психолог иркутск обучение",19,"клинический психолог"
"клинический психолог бехтерева спб",19,"клинический психолог"
"клинический психолог для подростка в москве",19,"клинический психолог"
"форум выпускников клинических психологов",19,"клинический психолог"
"печать клинического психолога",19,"клинический психолог"
"клинический психолог и нейропсихолог в чем разница",19,"клинический психолог"
"клинический психолог поступить воронеж",19,"клинический психолог"
"клинический психолог орск",19,"клинический психолог"
"клинический психолог нужна ли ординатура",19,"клинический психолог"
"профессия клинический психолог востребованность плюсы",19,"клинический психолог"
"где можно получить специальность клинического психолога",19,"клинический психолог"
"клинический психолог может стать психиатром",19,"клинический психолог"
"смарт клинический психолог",19,"клинический психолог"
"клинический психолог курсы переподготовки дистанционно",19,"клинический психолог"
"можно ли отучиться на клинического психолога заочно",19,"клинический психолог"
"клинический психолог вакансии омск",19,"клинический психолог"
"каким должен быть клинический психолог",19,"клинический психолог"
"где получить профессию клинический психолог",18,"клинический психолог"
"клинический психолог патопсихологическое обследование",18,"клинический психолог"
"работа клинического психолога в терапии",18,"клинический психолог"
"октябрьский клинический психолог",18,"клинический психолог"
"вакансии иркутск клинический психолог",18,"клинический психолог"
"профпереподготовка на клинического психолога в мед вузе",18,"клинический психолог"
"заочное обучение клинический психолог москва",18,"клинический психолог"
"клинический психолог набережные челны",18,"клинический психолог"
"клинический психолог вузопедия",18,"клинический психолог"
"места работы клинического психолога",18,"клинический психолог"
"какие вопросы задает клинический психолог",18,"клинический психолог"
"клинический психолог проводит тесты",18,"клинический психолог"
"что значит клинический психолог и просто психолог",18,"клинический психолог"
"клинический психолог на дом",18,"клинический психолог"
"клинический психолог донецк",18,"клинический психолог"
"есть ли ординатура у клинического психолога",18,"клинический психолог"
"ирина яковлевна медведева детский клинический психолог",18,"клинический психолог"
"клинический психолог рабочий день",18,"клинический психолог"
"лучший клинический психолог спб",18,"клинический психолог"
"клинический психолог вакансии москва без опыта работы",18,"клинический психолог"
"клинический психолог специалитет обучение",18,"клинический психолог"
"курсы повышения квалификации для клинических психологов",18,"клинический психолог"
"средняя зп клинического психолога",18,"клинический психолог"
"профессия клинический психолог плюсы и минусы",18,"клинический психолог"
"практические функции клинических психологов",18,"клинический психолог"
"к чему относится клинический психолог",18,"клинический психолог"
"трудовые функции клинического медицинского психолога определяются",18,"клинический психолог"
"клинический психолог ростов работа",18,"клинический психолог"
"переподготовка на клинического психолога очно",18,"клинический психолог"
"дгпу клинический психолог",18,"клинический психолог"
"подготовка к аккредитации клинического психолога",18,"клинический психолог"
"кристина ойшер клинический психолог",17,"клинический психолог"
"мти клинический психолог",17,"клинический психолог"
"клинический психолог хабаровск обучение",17,"клинический психолог"
"второе высшее дистанционное психолог клинический",17,"клинический психолог"
"может ли клинический психолог назначать препараты",17,"клинический психолог"
"клинический психолог в женской консультации",17,"клинический психолог"
"зп клинического психолога в москве",17,"клинический психолог"
"где работает клинический психолог с медицинским образованием",17,"клинический психолог"
"как стать клиническим психологом без медицинского образования",17,"клинический психолог"
"имеет ли право клинический психолог выписывать лекарства",17,"клинический психолог"
"гольман клинический психолог",17,"клинический психолог"
"иосиф гольман клинический психолог",17,"клинический психолог"
"детский клинический психолог александр",17,"клинический психолог"
"клинический психолог гипноз",17,"клинический психолог"
"детский клинический психолог красноярск",17,"клинический психолог"
"клинический психолог тюмень вузы",17,"клинический психолог"
"вакансии клинический психолог барнаул",17,"клинический психолог"
"поиск клинического психолога",17,"клинический психолог"
"клинический психолог переподготовка онлайн",17,"клинический психолог"
"работа клинического психолога в туле",17,"клинический психолог"
"мир клинический психолог",17,"клинический психолог"
"поступить на клинического психолога в екатеринбурге",17,"клинический психолог"
"детский клинический психолог новосибирск",17,"клинический психолог"
"обучение на клинического психолога дистанционно переподготовка недорого",17,"клинический психолог"
"где можно пройти аккредитацию клиническому психологу",17,"клинический психолог"
"детские клинические психологи тула",17,"клинический психолог"
"антон антонов клинический психолог",17,"клинический психолог"
"клинический психолог антон",17,"клинический психолог"
"клинический психолог университеты новосибирск",17,"клинический психолог"
"высшая школа экономики клинический психолог",17,"клинический психолог"
"сферы работы клинического психолога",17,"клинический психолог"
"алина герасимова клинический психолог",17,"клинический психолог"
"клинический психолог челябинск дешево",17,"клинический психолог"
"клинический психолог обучение бесплатно",16,"клинический психолог"
"клинический психолог обучение спб вузы",16,"клинический психолог"
"клинический психолог онлайн бесплатно",16,"клинический психолог"
"чем отличается психолог консультант от клинического психолога",16,"клинический психолог"
"клинический психолог санкт петербург институты",16,"клинический психолог"
"клинический психолог ижевск обучение",16,"клинический психолог"
"как стать клиническим психологом после 9 класса",16,"клинический психолог"
"клинический психолог фсб",16,"клинический психолог"
"обучение клинический психолог дистанционно без медицинского",16,"клинический психолог"
"клинический психолог для подростка в воронеже",16,"клинический психолог"
"клинический психолог петрозаводске",16,"клинический психолог"
"где можно работать с образованием клинического психолога",16,"клинический психолог"
"компетенции клинического психолога",16,"клинический психолог"
"клинический психолог обучение после колледжа",16,"клинический психолог"
"работа клинический психолог вакансии хх ру",16,"клинический психолог"
"клинический психолог может стать психотерапевтом",16,"клинический психолог"
"мип обучение на клинического психолога",16,"клинический психолог"
"клинический психолог альметьевск",16,"клинический психолог"
"томск вакансия клинический психолог",16,"клинический психолог"
"клинический психолог москва онлайн",16,"клинический психолог"
"клинический психолог при написании заключения",16,"клинический психолог"
"клинический психолог вакансия сочи",16,"клинический психолог"
"клинический психолог вуз краснодар",16,"клинический психолог"
"нижний новгород учиться на клинического психолога",16,"клинический психолог"
"клинический психолог обучение дистанционно в государственном вузе",16,"клинический психолог"
"фильмы про клинических психологов",16,"клинический психолог"
"хгу клинический психолог",16,"клинический психолог"
"клинический психолог оренбург обучение",16,"клинический психолог"
"клинический психолог чебоксары обучение",16,"клинический психолог"
"визитка клинического психолога",16,"клинический психолог"
"клинический психолог обучение кемерово",15,"клинический психолог"
"клинический психолог вакансии киров",15,"клинический психолог"
"клинический психолог б17",15,"клинический психолог"
"клинический психолог рязань обучение",15,"клинический психолог"
"православный клинический психолог",15,"клинический психолог"
"ниидпо клинический психолог",15,"клинический психолог"
"разница между клиническим и медицинским психологом",15,"клинический психолог"
"клинический психолог вакансии самара",15,"клинический психолог"
"клинический психолог психотерапевт в воронеже",15,"клинический психолог"
"клинический психолог обучение беларусь",15,"клинический психолог"
"клинический психолог домодедово",15,"клинический психолог"
"чем занимается клинический психолог в больнице",15,"клинический психолог"
"олег моисеев клинический психолог биография",15,"клинический психолог"
"клинический психолог обучение в челябинске",15,"клинический психолог"
"набор психологических методик для клинического психолога",15,"клинический психолог"
"этические принципы работы клинического психолога",15,"клинический психолог"
"клинический психолог рыбинск",15,"клинический психолог"
"алексей крылов клинический психолог",15,"клинический психолог"
"клинический психолог тюмень обучение университеты",15,"клинический психолог"
"считается ли клинический психолог врачом",15,"клинический психолог"
"вакансии клинический психолог удаленно",15,"клинический психолог"
"клинический психолог чем занимается и как помогает",15,"клинический психолог"
"клинический психолог найти специалиста",15,"клинический психолог"
"клинический психолог москва найти",15,"клинический психолог"
"клинический психолог работает в психиатрической больнице",14,"клинический психолог"
"клинический психолог элиста",14,"клинический психолог"
"мгпу клинический психолог",14,"клинический психолог"
"педиатрический санкт петербургский университет клиническая психологи",14,"клинический психолог"
"как пройти аккредитацию клиническому психологу первичную",14,"клинический психолог"
"нуст клинический психолог",14,"клинический психолог"
"клинический психолог где учиться в питере",14,"клинический психолог"
"профессия клинический психолог востребованность плюсы и минусы",14,"клинический психолог"
"есть ли отработка у клинического психолога",14,"клинический психолог"
"клинический психолог тверь обучение",14,"клинический психолог"
"обучение клинический психолог дистанционно без медицинского образования",14,"клинический психолог"
"ростов дгту клинический психолог",14,"клинический психолог"
"михаил хорс клинический психолог лекции слушать бесплатно",14,"клинический психолог"
"клинический психолог какое должен иметь образование",14,"клинический психолог"
"имеет ли клинический психолог медицинское образование",14,"клинический психолог"
"средняя зарплата клинического психолога в москве",14,"клинический психолог"
"поступить на клинического психолога в казани",14,"клинический психолог"
"обучение на клинического психолога стоимость в год",14,"клинический психолог"
"клинический психолог функции и задачи",14,"клинический психолог"
"институт гематологии горбачевой клинический психолог андрей",14,"клинический психолог"
"кризисный клинический психолог обучение",14,"клинический психолог"
"молодой клинический психолог",14,"клинический психолог"
"клинический психолог оргму",14,"клинический психолог"
"стоит ли идти учиться на клинического психолога",14,"клинический психолог"
"где можно получить профессию клинического психолога",14,"клинический психолог"
"угму сколько стоит на клинический психолог",14,"клинический психолог"
"калининград вакансия клинический психолог",14,"клинический психолог"
"магистратура клинический психолог спб",14,"клинический психолог"
"клинический психолог красноярск поступить",14,"клинический психолог"
"клинический психолог номер специальности",14,"клинический психолог"
"ищу работу клинического психолога",14,"клинический психолог"
"наталья булаева клинический психолог",14,"клинический психолог"
"лазарев максим клинический психолог сертифицированный схема терапевт",14,"клинический психолог"
"клинический психолог нутрициолог",14,"клинический психолог"
"клинический психолог самара университет",14,"клинический психолог"
"клинический психолог отзывы о работе",14,"клинический психолог"
"клинический психолог станислав самбурский",14,"клинический психолог"
"зарплата клинического психолога в ростове",14,"клинический психолог"
"клинический психолог барнаул поступить",13,"клинический психолог"
"клинический психолог лабинск",13,"клинический психолог"
"эпи заключение клинического психолога",13,"клинический психолог"
"клинический психолог фмба",13,"клинический психолог"
"образование клинического психолога высшее заочно",13,"клинический психолог"
"с какими проблемами работает клинический психолог",13,"клинический психолог"
"консультация клинического психолога москва",13,"клинический психолог"
"учеба на клинического психолога отзывы",13,"клинический психолог"
"профессия клинический психолог где учиться",13,"клинический психолог"
"клинический психолог люберцы",13,"клинический психолог"
"анатомия цнс для клинических психологов",13,"клинический психолог"
"клинический психолог самара вуз",13,"клинический психолог"
"клинический психолог обучение заочно спб",13,"клинический психолог"
"где учиться на клинического психолога в казани",13,"клинический психолог"
"клинический психолог анна солонович яндекс",13,"клинический психолог"
"максим потапов клинический психолог",13,"клинический психолог"
"аккредитация клинических психологов крыма",13,"клинический психолог"
"вакансии клинического психолога онлайн",13,"клинический психолог"
"переподготовка клинический психолог новосибирск",13,"клинический психолог"
"алтайский государственный медицинский университет клинический психолог",13,"клинический психолог"
"клинический психолог тулгу",13,"клинический психолог"
"клинический психолог может работать в мвд",13,"клинический психолог"
"клинический психолог обучение барнаул",13,"клинический психолог"
"клинический психолог новочеркасск",13,"клинический психолог"
"где работают клинические психологи и сколько получают",13,"клинический психолог"
"вакансия клинический психолог в нижнем новгороде",13,"клинический психолог"
"клинический психолог уссурийск",13,"клинический психолог"
"переподготовка клинический психолога мгппу",13,"клинический психолог"
"клинический психолог вуз красноярск",13,"клинический психолог"
"олег матвеев справочник клинического психолога",13,"клинический психолог"
"клинический психолог белгород обучение",13,"клинический психолог"
"какое образование должно быть у клинического психолога",13,"клинический психолог"
"где можно обучиться на клинического психолога",13,"клинический психолог"
"клинический психолог может работать с детьми",13,"клинический психолог"
"клинический психолог в наркологии",12,"клинический психолог"
"клинический психолог это медицина",12,"клинический психолог"
"профессиональные стандарты клинического психолога реферат",12,"клинический психолог"
"клинический психолог киров обучение",12,"клинический психолог"
"клинический психолог для суда",12,"клинический психолог"
"игу клинический психолог",12,"клинический психолог"
"клинический семейный психолог любовь леонтьева москва боллбастинг",12,"клинический психолог"
"клинический психолог в детской поликлинике",12,"клинический психолог"
"светлана филатова клинический психолог",12,"клинический психолог"
"сергей насибян клинический психолог",12,"клинический психолог"
"клинический психолог курск обучение",12,"клинический психолог"
"может ли клинический психолог переучиться на психиатра",12,"клинический психолог"
"клинический психолог вакансии владивосток",12,"клинический психолог"
"магистратура онлайн клинический психолог",12,"клинический психолог"
"вера тюхова клинический психолог",12,"клинический психолог"
"вакансии клинического психолога россия",12,"клинический психолог"
"клинический психолог вакансии ярославль",12,"клинический психолог"
"клинический психолог все о обучении и работе",12,"клинический психолог"
"клинический психолог уфа университет",12,"клинический психолог"
"клинический психолог томск вузы",12,"клинический психолог"
"клинический психолог вакансии белгород",12,"клинический психолог"
"переподготовка на клинического психолога в мед вузе",12,"клинический психолог"
"средняя зарплата клинического психолога в россии",12,"клинический психолог"
"клинический психолог цены москва",12,"клинический психолог"
"гипнолог клинический психолог сергей ляпченков",12,"клинический психолог"
"учиться на клинического психолога дистанционно",12,"клинический психолог"
"клинический психолог ижевск вакансии",12,"клинический психолог"
"клинический психолог сеченовка",12,"клинический психолог"
"клинический психолог что сдавать после 11 егэ",12,"клинический психолог"
"клинический психолог волгодонск",12,"клинический психолог"
"клинический психолог заработная плата",12,"клинический психолог"
"поступить на клинического психолога в тюмени",12,"клинический психолог"
"клинический психолог саратов университет",12,"клинический психолог"
"где учиться на клинического психолога в россии",12,"клинический психолог"
"клинический психолог энгельс",12,"клинический психолог"
"клинический психолог обучение тольятти",12,"клинический психолог"
"является ли клинический психолог медиком",11,"клинический психолог"
"зарплата клинического психолога в челябинске",11,"клинический психолог"
"может ли клинический психолог работать психотерапевтом",11,"клинический психолог"
"клинический психолог в королеве",11,"клинический психолог"
"клинический психолог образование спб",11,"клинический психолог"
"клинический психолог относится к медицинским работникам",11,"клинический психолог"
"вадим шевченко клинический психолог",11,"клинический психолог"
"клинический психолог клин",11,"клинический психолог"
"vk клинический психолог увлечения виолончель дмитрий",11,"клинический психолог"
"какие курсы можно пройти клиническому психологу",11,"клинический психолог"
"клинический психолог дербент",11,"клинический психолог"
"стажировка клиническим психологом москва",11,"клинический психолог"
"клинический психолог в шахтах",11,"клинический психолог"
"уунит уфа клинический психолог",11,"клинический психолог"
"найти хорошего клинического психолога",11,"клинический психолог"
"клинический психолог бакалавриат дистанционно",11,"клинический психолог"
"может ли клинический психолог выписывать рецепты",11,"клинический психолог"
"можно ли выучиться на клинического психолога заочно",11,"клинический психолог"
"нужна ли лицензия клиническому психологу",11,"клинический психолог"
"чтобы стать клиническим психологом какое образование нужно",11,"клинический психолог"
"клинический психолог колледж москва",11,"клинический психолог"
"клинический психолог обучение тамбов",11,"клинический психолог"
"детский клинический психолог чебоксары",11,"клинический психолог"
"клинический психолог щелково",11,"клинический психолог"
"елена статная клинический психолог",11,"клинический психолог"
"клинический психолог краснодар консультация",11,"клинический психолог"
"клинический психолог камышин",11,"клинический психолог"
"клинический психолог в поликлинике чем занимается",11,"клинический психолог"
"где учат на клинического психолога в москве",11,"клинический психолог"
"клинический психолог в смоленском медицинском университете",11,"клинический психолог"
"роман цветков клинический психолог",11,"клинический психолог"
"клинический психолог южно сахалинск",11,"клинический психолог"
"клинический психолог горно алтайск",11,"клинический психолог"
"вакансия клинический психолог йошкар ола",11,"клинический психолог"
"карьера клинического психолога",11,"клинический психолог"
"клинический психолог и практический психолог разница",11,"клинический психолог"
"клинический психолог в грозном",11,"клинический психолог"
"клинический психолог курсы бесплатно",10,"клинический психолог"
"практические задачи клинического психолога",10,"клинический психолог"
"клинический психолог белебей",10,"клинический психолог"
"вгу клинический психолог",10,"клинический психолог"
"аккредитация клинического психолога спб",10,"клинический психолог"
"вузы со специальностью клинический психолог",10,"клинический психолог"
"учиться на клинического психолога в ростове",10,"клинический психолог"
"клинический психолог барнаул вузы",10,"клинический психолог"
"магистратура клинический психолог казань",10,"клинический психолог"
"клинический психолог может поставить диагноз",10,"клинический психолог"
"опишите особенности профессиональной деятельности клинического психолога",10,"клинический психолог"
"клинический психолог относится к медикам",10,"клинический психолог"
"клинический психолог серпухов",10,"клинический психолог"
"лучшие онлайн курсы на клинического психолога",10,"клинический психолог"
"клинический психолог выписывает таблетки или нет",10,"клинический психолог"
"клинический психолог воткинск",10,"клинический психолог"
"детский клинический психолог заключение сергиев посад",10,"клинический психолог"
"отзывы клинический психолог мебельная 25 дмитрий николаевич",10,"клинический психолог"
"клинический психолог ленинск кузнецкий",10,"клинический психолог"
"альметьевск клинический психолог марина",10,"клинический психолог"
"клинический психолог сыктывкар вакансии",10,"клинический психолог"
"частный клинический психолог омск",10,"клинический психолог"
"клинический психолог в системе здравоохранения",10,"клинический психолог"
"что нужно чтобы работать клиническим психологом",10,"клинический психолог"
"клинический психолог ступино",10,"клинический психолог"
"вакансия клинический психолог марий эл",10,"клинический психолог"
"московский институт психологии клинический психолог",10,"клинический психолог"
"как стать психотерапевтом после клинического психолога",10,"клинический психолог"
"клинический психолог может выписывать препараты",10,"клинический психолог"
"может ли клинический психолог выписывать препараты",10,"клинический психолог"
"клинический психолог при эпилепсии красноярск",10,"клинический психолог"
"клинический психолог смоленск вуз",10,"клинический психолог"
"профессиональный стандарт клинический психолог 2026",10,"клинический психолог"
"детский клинический психолог екатеринбург",10,"клинический психолог"
"клинический психолог батайск",10,"клинический психолог"
"клинический психолог дмитров",10,"клинический психолог"
"переквалификация на клинического психолога дистанционно",10,"клинический психолог"
"диплом о профессиональной переподготовке клинический психолог",10,"клинический психолог"
"поступление в кбгу на клинического психолога коммерция",10,"клинический психолог"
"какими состояниями занимается клинический психолог",9,"клинический психолог"
"клинический психолог минск обучение",9,"клинический психолог"
"клинический психолог учеба нижний новгород заочно",9,"клинический психолог"
"нуст профессиональная переподготовка клинический психолог",9,"клинический психолог"
"клинический психолог екатеринбург консультация",9,"клинический психолог"
"может ли педагог психолог стать клиническим психологом",9,"клинический психолог"
"сколько зарабатывает клинический психолог в красноярске",9,"клинический психолог"
"елагина клинический психолог",9,"клинический психолог"
"психодемия клинический психолог",9,"клинический психолог"
"клинический психолог детский что делает",9,"клинический психолог"
"самгму клинический психолог стоимость обучения",9,"клинический психолог"
"получение аккредитации клинического психолога",9,"клинический психолог"
"история профессии клинический психолог",9,"клинический психолог"
"клинический психолог это мед образование",9,"клинический психолог"
"клинический психолог свфу",9,"клинический психолог"
"должностные обязанности клинического психолога",9,"клинический психолог"
"клинические психологи бийск",9,"клинический психолог"
"клинический психолог востребованность в россии и зарплата",9,"клинический психолог"
"позитум людмила шубина клинический психолог",9,"клинический психолог"
"клинические психологи дают клятву гиппократа",9,"клинический психолог"
"контракт на сво клинический психолог",9,"клинический психолог"
"клинический психолог марианна абравитова",9,"клинический психолог"
"имеет ли право клинический психолог ставить диагноз",9,"клинический психолог"
"детский клинический психолог ставрополь",9,"клинический психолог"
"с какими запросами работает клинический психолог",9,"клинический психолог"
"гусейнова амина клинический психолог",9,"клинический психолог"
"клинический психолог махачкала вакансии",9,"клинический психолог"
"работа клиническим психологом екатеринбург",9,"клинический психолог"
"клинический психолог гатчина",9,"клинический психолог"
"может ли клинический психолог стать психиатром",9,"клинический психолог"
"реабилитационный центр иннополис казань клинический психолог",9,"клинический психолог"
"заключение клинического психолога детского москва",9,"клинический психолог"
"клинический психолог г пугачев улица вокзальная",9,"клинический психолог"
"анна герц клинический психолог",9,"клинический психолог"
"клинический психолог работа методом дпдг",9,"клинический психолог"
"клинический психолог бажир",9,"клинический психолог"
"клинический психолог гурьево",9,"клинический психолог"
"клинический психолог динская",9,"клинический психолог"
"может ли клинический психолог работать в полиции",9,"клинический психолог"
"клинический психолог верба т в",9,"клинический психолог"
"клинический психолог старый оскол",9,"клинический психолог"
"может ли клинический психолог заплести косички",9,"клинический психолог"
"соломкина марина александровна клинический психолог",8,"клинический психолог"
"вузы клинического психолога баллы егэ",8,"клинический психолог"
"зарплата клинического психолога в казани",8,"клинический психолог"
"клинический психолог вакансии липецк",8,"клинический психолог"
"институт бехтерева переподготовка на клинического психолога",8,"клинический психолог"
"обучение на клинического психолога дистанционно второе высшее",8,"клинический психолог"
"обучение клинический психолог зачем нужно",8,"клинический психолог"
"клинический психолог обучение онлайн с дипломом тюмень",8,"клинический психолог"
"дмитрий шапкин клинический психолог",8,"клинический психолог"
"выборг клинический психолог",8,"клинический психолог"
"клинический психолог симферополь обучение",8,"клинический психолог"
"клинический психолог продокторов новосибирск",8,"клинический психолог"
"нужно ли клиническому психологу проходить аккредитацию",8,"клинический психолог"
"клинический психолог челябинск обучение вузы",8,"клинический психолог"
"кодекс клинического психолога",8,"клинический психолог"
"должен ли клинический психолог иметь медицинское образование",8,"клинический психолог"
"основные сферы деятельности клинического психолога",8,"клинический психолог"
"клинический психолог дзержинск",8,"клинический психолог"
"мип магистратура клинический психолог",8,"клинический психолог"
"кгму переподготовка на клинического психолога",8,"клинический психолог"
"может ли клинический психолог работать без аккредитации",8,"клинический психолог"
"кризисная помощь в практике клинического психолога",8,"клинический психолог"
"как выглядит диплом клинического психолога",8,"клинический психолог"
"в каких странах востребованы клинические психологи",8,"клинический психолог"
"клинический психолог является медицинским работником",8,"клинический психолог"
"что сдавать на клинического психолога в спбгу",8,"клинический психолог"
"клинический психолог служба сво контракт",8,"клинический психолог"
"спб высшее образование клинический психолог",8,"клинический психолог"
"медицинские клинические психологи пенза",8,"клинический психолог"
"прием клинического психолога цена шахты",8,"клинический психолог"
"клинический психолог обучение калининград",7,"клинический психолог"
"детский клинический психолог тамбов",7,"клинический психолог"
"екатеринбург институт клинический психолог",7,"клинический психолог"
"анна клинический психолог 1983 мгу",7,"клинический психолог"
"должен ли нейропсихолог быть клиническим психологом",7,"клинический психолог"
"как ведется прием клинического психолога",7,"клинический психолог"
"орск обучение на клинического психолога",7,"клинический психолог"
"клинический психолог одинцово",7,"клинический психолог"
"краткий курс нейропсихология для клинического психолога",7,"клинический психолог"
"клинический психолог воронеж вузы",7,"клинический психолог"
"государственный вуз клинический психолог обучение переподготовка дистанционно",7,"клинический психолог"
"клинический психолог бокситогорск",7,"клинический психолог"
"клинический психолог павел генералов",7,"клинический психолог"
"стоимость обучения в смоленске на клинического психолога",7,"клинический психолог"
"асбест вакансия клинический психолог",7,"клинический психолог"
"клинический психолог для подростка спб",7,"клинический психолог"
"вакансии клинического психолога смоленск",7,"клинический психолог"
"может ли практический психолог работать клиническим психологом",7,"клинический психолог"
"клинический психолог арзамас",7,"клинический психолог"
"клинический психолог луганск",7,"клинический психолог"
"клинический психолог в петропавловске камчатском",7,"клинический психолог"
"вакансии клинический психолог кемерово",7,"клинический психолог"
"валентина ивановна быкова клинический психолог",7,"клинический психолог"
"клинический психолог новосибирск консультация",7,"клинический психолог"
"клинический психолог обучение новосибирск после 11",7,"клинический психолог"
"какие тесты проводит клинический психолог",7,"клинический психолог"
"галина каплунова клинический психолог биография",7,"клинический психолог"
"шамиль габзалилов клинический психолог",7,"клинический психолог"
"конференции для клинических психологов 2026",7,"клинический психолог"
"журнал консультаций клинического психолога эксель скачать",7,"клинический психолог"
"сколько зарабатывают клинические психологи в китае",7,"клинический психолог"
"вакансии клинический медицинский психолог екатеринбург",7,"клинический психолог"
"как провести первую консультацию начинающему клиническому психологу",7,"клинический психолог"
"михаил хорс клинический психолог телеканал доктор",7,"клинический психолог"
"клинический психолог михайловск",7,"клинический психолог"
"дарья вексель клинический психолог",7,"клинический психолог"
"сколько зарабатывает клинический психолог в спб",7,"клинический психолог"
"московские вузы на клинического психолога",7,"клинический психолог"
"детский клинический психолог владикавказ",7,"клинический психолог"
"мгу клинический психолог магистратура",7,"клинический психолог"
"клинический психолог кагальник",7,"клинический психолог"
"профессиональная этика в работе клинического психолога лекция",7,"клинический психолог"
"какие вопросы решает клинический психолог",7,"клинический психолог"
"татьяна захарова клинический психолог по рпп",7,"клинический психолог"
"профпереподготовка на клинического психолога через труд всем",7,"клинический психолог"
"клинический психолог второе высшее заочно",7,"клинический психолог"
"детский клинический психолог гатчина",7,"клинический психолог"
"аккредитация на клинического психолога краснодар",7,"клинический психолог"
"детский клинический психолог челябинск",7,"клинический психолог"
"заключение клинического психолога ростов",7,"клинический психолог"
"ключевые направления работы клинического психолога",7,"клинический психолог"
"обучение клинический психолог москва дистанционно",7,"клинический психолог"
"выучиться на клинического психолога в пятигорске",7,"клинический психолог"
"с какими людьми работает клинический психолог",7,"клинический психолог"
"во владимире вуз клинический психолог",7,"клинический психолог"
"клинический медицинский психолог город майкоп детский",7,"клинический психолог"
"клинический психолог миту",6,"клинический психолог"
"клинический психолог реутов",6,"клинический психолог"
"клинический психолог код окз",6,"клинический психолог"
"клинический психолог обучение омск",6,"клинический психолог"
"клинический психолог волжский",6,"клинический психолог"
"людмила аксенова клинический психолог",6,"клинический психолог"
"клинический психолог псковский университет",6,"клинический психолог"
"медик тест аккредитация для клинических психологов",6,"клинический психолог"
"медико социальная экспертиза клинический психолог",6,"клинический психолог"
"доп образование клинический психолог евдокимова",6,"клинический психолог"
"алексей крылов клинический психолог отзывы",6,"клинический психолог"
"заключение клинического психолога образец на взрослого",6,"клинический психолог"
"является ли клинический психолог востребованной профессией",6,"клинический психолог"
"может ли клинический психолог стать психотерапевтом",6,"клинический психолог"
"сапраньков андрей клинический психолог таганрог",6,"клинический психолог"
"разбор клинических случаев с психологом примеры",6,"клинический психолог"
"клинический психолог князева е",6,"клинический психолог"
"полевской клинический психолог",6,"клинический психолог"
"учиться на клинического психолога орехово",6,"клинический психолог"
"клинический психолог севастополь прием",6,"клинический психолог"
"вакансии в ясенево клинический психолог",6,"клинический психолог"
"закон от 1 сентября 2026 клинический психолог",6,"клинический психолог"
"клинический психолог терапия зависимости онлайн",6,"клинический психолог"
"отзывы о прохождении аккредитации клинического психолога онлайн",6,"клинический психолог"
"см чем работает клинический психолог",6,"клинический психолог"
"поступить на клинического психолога в краснодаре егэ",6,"клинический психолог"
"дгту ростов на дону клинический психолог",6,"клинический психолог"
"словарь клинического психолога",6,"клинический психолог"
"отличие клинического психолога от практического",6,"клинический психолог"
"отучение на клинического психолога",6,"клинический психолог"
"сколько зарабатывает клинический психолог в тюмени",6,"клинический психолог"
"клинический психолог лубня",6,"клинический психолог"
"черников олег владимирович клинический психолог день рождения",6,"клинический психолог"
"где искать вакансии клиническому психологу",6,"клинический психолог"
"нагрузка на клинического психолога в поликлинике",6,"клинический психолог"
"что делает клинический психолог в психиатрической больнице",6,"клинический психолог"
"купить диплом клинического психолога",6,"клинический психолог"
"тетерина марина николаевна клинический психолог",6,"клинический психолог"
"клинический психолог верхняя пышма",6,"клинический психолог"
"стоит ли клинический психолог на воинском учете",6,"клинический психолог"
"клинический психолог обучение заочно государственный вуз",6,"клинический психолог"
"вакансия клинического психолога в хабаровске",6,"клинический психолог"
"средняя зарплата клинического психолога в спб",6,"клинический психолог"
"клинический психолог большаково",6,"клинический психолог"
"клинический психолог ногир",6,"клинический психолог"
"клинический психолог стрежевой",6,"клинический психолог"
"угму списки поступающих клиническая психологи 2026",6,"клинический психолог"
"клинический психолог записаться на прием в москве",6,"клинический психолог"
"клинический психолог обучение пп в госвузах",6,"клинический психолог"
"клинический психолог для подростка чкаловский район",6,"клинический психолог"
"клинический психолог ипатова кира александровна санкт петербург",6,"клинический психолог"
"клинический психолог михаил рычагов",6,"клинический психолог"
"кризисный клинический психолог в пскове",6,"клинический психолог"
"тест на мышление от клинического психолога",6,"клинический психолог"
"ушакова ирина николаевна клинический психолог семья дети",6,"клинический психолог"
"лорп и акт терапевт клинический психолог",5,"клинический психолог"
"детский клинический психолог архангельская отзывы",5,"клинический психолог"
"детский клинический психолог ярославль",5,"клинический психолог"
"сборник диагностик для клинического психолога и патопсихолога",5,"клинический психолог"
"майкл джексон глазами клинического психолога психиатра",5,"клинический психолог"
"репетиционный экзамен аккредитация клинического психолога",5,"клинический психолог"
"гос переподготовка клинический психолог дистанционно",5,"клинический психолог"
"клинические психологи бакалавриат может сразу работать",5,"клинический психолог"
"андрей калмыков клинический психолог",5,"клинический психолог"
"астафьева юлия клинический психолог",5,"клинический психолог"
"илья плужников клинический психолог",5,"клинический психолог"
"клинический психолог отзывы о профессии",5,"клинический психолог"
"клинический психолог вакансии тамбов",5,"клинический психолог"
"виды экспертных задач решаемых клиническими психологами",5,"клинический психолог"
"гусейнова амина клинический психолог 20 августа",5,"клинический психолог"
"клинический психолог малова вероника",5,"клинический психолог"
"клинический психолог волгоград врач",5,"клинический психолог"
"профессиональный стандарт клинический психолог 2024",5,"клинический психолог"
"юрий ковалюк клинический психолог",5,"клинический психолог"
"клинический психолог это медработник",5,"клинический психолог"
"алексей красиков про клинических психологов",5,"клинический психолог"
"клинический психолог рязань вуз",5,"клинический психолог"
"клинический психолог калуга университет",5,"клинический психолог"
"клинический психолог усинск",5,"клинический психолог"
"аккредитация клинический психолог нижний новгород",5,"клинический психолог"
"зарплата клинического психолога в тюмени",5,"клинический психолог"
"самарский медицинский университет клинический психолог",5,"клинический психолог"
"где работают выпускники пирогова клинические психологи",5,"клинический психолог"
"лучшие книги по клинической психологии для психологов",5,"клинический психолог"
"пособия детские для клинических психологов",5,"клинический психолог"
"турчанинова анастасия клинический психолог москва",5,"клинический психолог"
"vk клинический психолог увлечения виолончель дмитрий данилов",5,"клинический психолог"
"татьяна кузнецова коуч клинический психолог",5,"клинический психолог"
"детский клинический психолог в глазове",5,"клинический психолог"
"есть ли в медицине должность клинический психолог",5,"клинический психолог"
"климова ксения клинический психолог",5,"клинический психолог"
"пройти аккредитацию клинического немедицинского психолога",5,"клинический психолог"
"клинический психолог об оксане самойловой с детьми",5,"клинический психолог"
"книги для клинического психолога список лучших",5,"клинический психолог"
"лучшие приборы для клинического психолога",5,"клинический психолог"
"где дальше учиться если клинический психолог",5,"клинический психолог"
"клинический психолог и доказательный разница",5,"клинический психолог"
"смотреть дораму клинический психолог",5,"клинический психолог"
"мединститут рязани сколько мест на клинического психолога",5,"клинический психолог"
"онлайн клинический психолог бесплатно анонимно",5,"клинический психолог"
"клинический психолог елена мостовая",5,"клинический психолог"
"жаворонкова виктория игоревна клинический психолог супервизор",5,"клинический психолог"
"львова наталья викторовна детский клинический психолог",5,"клинический психолог"
"клинический психолог бехтерева писать вкр",5,"клинический психолог"
"б 17 клинический перинатальный психолог",5,"клинический психолог"
"г элиста клинический психолог",5,"клинический психолог"
"детский клинический психолог при аутизме",5,"клинический психолог"
"клинический психолог белиджи",5,"клинический психолог"
"клинический психолог лебяжье",5,"клинический психолог"
"клинический психолог погорелка",5,"клинический психолог"
"клинический психолог сосновоборск",5,"клинический психолог"
"мечникова клинический психолог курсы",5,"клинический психолог"
"рейтинг клинических психологов в новосибирске",5,"клинический психолог"
"какие функции выполняет клинический психолог",5,"клинический психолог"
"нгму переподготовка клинический психолог",5,"клинический психолог"
"клинический психолог обучение очно заочно москва",5,"клинический психолог"
"валентина быкова клинический психолог отзывы",5,"клинический психолог"
"лаптева екатерина васильевна клинический психолог",5,"клинический психолог"
"университеты в краснодаре на клинического психолога",5,"клинический психолог"
"детский клинический психолог серпухов",5,"клинический психолог"
"клинический психолог вуз во владивостоке проходной балл",5,"клинический психолог"
"клинический психолог для подростков в махачкале",5,"клинический психолог"
"слапчук иван клинический психолог академика королева 50",5,"клинический психолог"
"центральная клиническая больница омск золина психолог",5,"клинический психолог"
"клинический психолог обучение в казахстане",4,"клинический психолог"
"психологический тест клинических психологов",4,"клинический психолог"
"клинический психолог астана",3,"клинический психолог"
"ольга соболевская клинический психолог",3,"клинический психолог"
"клинический психолог алматы",3,"клинический психолог"
"клинический психолог бишкек",3,"клинический психолог"
"может ли клинический психолог переучиться на психотерапевта",2,"клинический психолог"
"клинический психолог екатеринбург чкаловский район",2,"клинический психолог"
"клинический психолог макеевка",1,"клинический психолог"
"клинический психолог макеевка вакансии",1,"клинический психолог"
"материалы для работы клинического психолога",1,"клинический психолог"