phrase,frequency,seed
"отношения с мужчиной",121617,"отношения с мужчиной"
"отношения с мужчиной",121617,"отношения с мужчиной"
"серьезные отношения с мужчиной",27351,"отношения с мужчиной"
"мужчина в отношениях с женщиной",22625,"отношения с мужчиной"
"знакомства мужчины с мужчиной для отношений",16635,"отношения с мужчиной"
"знакомства с мужчинами для серьезных отношений",16566,"отношения с мужчиной"
"отношения с бывшим мужчиной",12484,"отношения с мужчиной"
"год отношений с мужчиной",12453,"отношения с мужчиной"
"бесплатное знакомства отношение с мужчиной",11998,"отношения с мужчиной"
"знакомства серьезные отношения бесплатно с мужчиной",11996,"отношения с мужчиной"
"бесплатная регистрация серьезные отношения с мужчинами",11606,"отношения с мужчиной"
"отношения с мужчиной с сайта знакомств",11019,"отношения с мужчиной"
"сайт для серьезные отношения с мужчиной",10947,"отношения с мужчиной"
"сайт знакомств для серьезных отношений с мужчинами",10836,"отношения с мужчиной"
"таро на отношения с мужчиной",9206,"отношения с мужчиной"
"мужчины познакомятся с мужчинами для отношений",8917,"отношения с мужчиной"
"познакомиться с мужчиной для серьезных отношений",8671,"отношения с мужчиной"
"расклад на отношения с мужчиной",6406,"отношения с мужчиной"
"отношения с мужчиной 50",5682,"отношения с мужчиной"
"какие отношения с мужчиной",5343,"отношения с мужчиной"
"расклад таро на отношения с мужчиной",5035,"отношения с мужчиной"
"близкие отношения с мужчиной",4522,"отношения с мужчиной"
"хочу отношений с мужчиной",4426,"отношения с мужчиной"
"отношения с мужчиной другом",4258,"отношения с мужчиной"
"отношения с мужчиной фото",4203,"отношения с мужчиной"
"мужчину для серьезных отношений с фото",3979,"отношения с мужчиной"
"отношения с 60 мужчиной",3925,"отношения с мужчиной"
"начало отношений с мужчиной",3361,"отношения с мужчиной"
"год без отношений с мужчиной",3161,"отношения с мужчиной"
"отношения с женатым мужчиной",3032,"отношения с мужчиной"
"будут ли отношения с мужчиной",2934,"отношения с мужчиной"
"будущее отношения с мужчиной",2838,"отношения с мужчиной"
"онлайн отношения с мужчиной",2817,"отношения с мужчиной"
"любовь и отношения с мужчиной",2804,"отношения с мужчиной"
"отношения с ведомым мужчиной",2786,"отношения с мужчиной"
"строю отношения с мужчиной",2574,"отношения с мужчиной"
"отношения с мужчиной после 50",2540,"отношения с мужчиной"
"карты на отношения с мужчиной",2524,"отношения с мужчиной"
"девушка в отношениях с мужчиной",2515,"отношения с мужчиной"
"гадание на отношения с мужчиной",2453,"отношения с мужчиной"
"характеристика мужчины в отношениях с женщиной",2448,"отношения с мужчиной"
"психология отношений с мужчиной",2423,"отношения с мужчиной"
"отношения с мужчиной 60 лет",2384,"отношения с мужчиной"
"отношение с любимым мужчиной",2341,"отношения с мужчиной"
"мужчина с детьми отношения",2334,"отношения с мужчиной"
"знакомства с мужчинами 60 серьезные отношения",2259,"отношения с мужчиной"
"отношения с мужчиной абьюзером",2252,"отношения с мужчиной"
"лучшие отношения с мужчиной",2172,"отношения с мужчиной"
"какие мужчины в отношениях с женщиной",1996,"отношения с мужчиной"
"отношения с мужчиной 50 лет",1982,"отношения с мужчиной"
"как вести себя с мужчиной в отношениях",1944,"отношения с мужчиной"
"отношения с мужчиной скорпионом",1927,"отношения с мужчиной"
"про отношения с мужчиной",1881,"отношения с мужчиной"
"отношение с мужчиной 40",1876,"отношения с мужчиной"
"таро отношения с мужчиной в ближайшем",1790,"отношения с мужчиной"
"месяц отношениям с мужчиной",1786,"отношения с мужчиной"
"суть мужчины в отношениях с женщиной",1741,"отношения с мужчиной"
"карта таро на отношения с мужчиной",1720,"отношения с мужчиной"
"отношения с новым мужчиной",1658,"отношения с мужчиной"
"где познакомиться с мужчиной для отношений",1644,"отношения с мужчиной"
"где познакомиться с мужчиной для серьезных отношений",1620,"отношения с мужчиной"
"таро онлайн отношения с мужчиной",1617,"отношения с мужчиной"
"ближайшее будущее отношения с мужчиной",1609,"отношения с мужчиной"
"правильные отношения с мужчиной",1573,"отношения с мужчиной"
"будущее отношений с мужчиной таро",1557,"отношения с мужчиной"
"абьюзер мужчина в отношениях с женщиной",1546,"отношения с мужчиной"
"отношения с мужчиной секс",1532,"отношения с мужчиной"
"таро на отношения с мужчиной бесплатно",1512,"отношения с мужчиной"
"отношения с мужчиной весы",1487,"отношения с мужчиной"
"отношения с мужчиной козерогом",1486,"отношения с мужчиной"
"расклад на отношения с мужчиной в ближайшем",1471,"отношения с мужчиной"
"отношения с тремя мужчинами",1355,"отношения с мужчиной"
"отношения с 2 мужчинами",1340,"отношения с мужчиной"
"дева в отношениях с мужчинами",1329,"отношения с мужчиной"
"отношения с близнецами мужчинами",1327,"отношения с мужчиной"
"как строить отношения с мужчиной",1305,"отношения с мужчиной"
"как выйти из отношений с мужчиной",1220,"отношения с мужчиной"
"отношения с тельцами мужчинами",1182,"отношения с мужчиной"
"теплые отношения с мужчиной",1170,"отношения с мужчиной"
"отношения с загаданным мужчиной",1169,"отношения с мужчиной"
"бесплатный расклад на отношения с мужчиной",1142,"отношения с мужчиной"
"отношения с мужчиной львом",1142,"отношения с мужчиной"
"мужчина и женщина отношения любовь с",1137,"отношения с мужчиной"
"как понять отношения с мужчиной",1125,"отношения с мужчиной"
"психология мужчины в отношениях с женщиной",1111,"отношения с мужчиной"
"таро онлайн бесплатно на отношения с мужчиной",1101,"отношения с мужчиной"
"мужчина дева в отношениях с женщиной",1093,"отношения с мужчиной"
"отношения с мужчиной раком",1087,"отношения с мужчиной"
"мужчина весы в отношениях с женщиной",1076,"отношения с мужчиной"
"расклад на отношения с мужчиной онлайн",1066,"отношения с мужчиной"
"отношения мужчин с любовницей",1062,"отношения с мужчиной"
"жена в отношениях с мужчиной",1051,"отношения с мужчиной"
"отношения между мужчиной с",1050,"отношения с мужчиной"
"скорпионы мужчины в отношениях с женщиной",1047,"отношения с мужчиной"
"нарцисс мужчина в отношениях с женщиной",1042,"отношения с мужчиной"
"отношения с 45 мужчиной",1019,"отношения с мужчиной"
"расклад таро бесплатно на отношения с мужчиной",1013,"отношения с мужчиной"
"отношения таро гадание с мужчиной",1002,"отношения с мужчиной"
"отношение с мужчиной овном",994,"отношения с мужчиной"
"отношения с мужчиной младше",984,"отношения с мужчиной"
"таро отношения с мужчиной в ближайшем будущем",971,"отношения с мужчиной"
"отношения мужчины с бывшей женой",970,"отношения с мужчиной"
"отношение с холодной мужчиной",967,"отношения с мужчиной"
"отношения с мужчиной моложе",965,"отношения с мужчиной"
"женщины близнецы в отношениях с мужчинами",948,"отношения с мужчиной"
"таро расклад на отношения с мужчиной онлайн",945,"отношения с мужчиной"
"мужчина уходит отношения с",931,"отношения с мужчиной"
"отношения с водолеем мужчиной",922,"отношения с мужчиной"
"расклад на будущее отношений с мужчиной",919,"отношения с мужчиной"
"телец в отношениях с мужчиной",904,"отношения с мужчиной"
"рыбы в отношениях с мужчиной",902,"отношения с мужчиной"
"знакомства москва для отношений с мужчиной",896,"отношения с мужчиной"
"москва знакомства с мужчинами для серьезных отношений",893,"отношения с мужчиной"
"отношения мужчин друг с другом",885,"отношения с мужчиной"
"мужчина в отношениях с другой женщиной",882,"отношения с мужчиной"
"отношения с мужчиной старше",876,"отношения с мужчиной"
"мужчина козерог в отношениях с женщиной",859,"отношения с мужчиной"
"отношения с 4 мужчинами",847,"отношения с мужчиной"
"знакомство с мужчиной для серьезных отношений санкт",840,"отношения с мужчиной"
"отношения с старым мужчиной",838,"отношения с мужчиной"
"одиноко в отношениях с мужчиной",825,"отношения с мужчиной"
"первые отношения с мужчиной",824,"отношения с мужчиной"
"что делать с мужчиной в отношениях",823,"отношения с мужчиной"
"интимные отношения мужчин с мужчиной",817,"отношения с мужчиной"
"отношения с двумя мужчинами",807,"отношения с мужчиной"
"онлайн расклад на отношения с мужчиной бесплатно",804,"отношения с мужчиной"
"отношения с русским мужчиной",797,"отношения с мужчиной"
"онлайн на будущее отношений с мужчиной",790,"отношения с мужчиной"
"гадание онлайн на отношения с мужчиной",774,"отношения с мужчиной"
"вступить в отношения с мужчиной",771,"отношения с мужчиной"
"женщина с ребенком мужчина отношения",764,"отношения с мужчиной"
"мужчины не хотят отношений с женщинами",763,"отношения с мужчиной"
"мужчина лев в отношениях с женщиной",757,"отношения с мужчиной"
"отношения с мужчиной 40 лет",752,"отношения с мужчиной"
"отношения с мужчиной после 40",744,"отношения с мужчиной"
"отношения с мамой мужчины",739,"отношения с мужчиной"
"расклад на будущее отношений с мужчиной таро",731,"отношения с мужчиной"
"сексуальные отношения мужчин с мужчинами",726,"отношения с мужчиной"
"как начать отношения с мужчиной",722,"отношения с мужчиной"
"мужчина телец в отношениях с женщиной",720,"отношения с мужчиной"
"мужчины рыбы в отношениях с женщиной",718,"отношения с мужчиной"
"отношения с мужчиной книга",707,"отношения с мужчиной"
"общение с мужчинами отношения",704,"отношения с мужчиной"
"женские отношения с мужчиной",698,"отношения с мужчиной"
"знакомство с мужчиной для серьезных отношений 40",696,"отношения с мужчиной"
"форум отношения с мужчиной",678,"отношения с мужчиной"
"избегаю отношений с мужчинами",673,"отношения с мужчиной"
"как построить отношения с мужчиной",645,"отношения с мужчиной"
"гадание на отношения с мужчиной бесплатно",644,"отношения с мужчиной"
"гадание на картах отношения с мужчиной",644,"отношения с мужчиной"
"отношения с мужчиной после 60 лет",641,"отношения с мужчиной"
"отношения после расставания с мужчиной",639,"отношения с мужчиной"
"отношение с взрослым мужчиной",638,"отношения с мужчиной"
"отношения с эмоциональным мужчиной",637,"отношения с мужчиной"
"стрелец в отношениях с мужчиной",637,"отношения с мужчиной"
"ведомый мужчина в отношениях с женщиной",615,"отношения с мужчиной"
"отношения с мужчиной 65 лет",614,"отношения с мужчиной"
"снятся отношения с мужчиной",611,"отношения с мужчиной"
"счастливые отношения с мужчиной",606,"отношения с мужчиной"
"мужчина ищет отношения с мужчиной",601,"отношения с мужчиной"
"таро онлайн на будущее отношений с мужчиной",599,"отношения с мужчиной"
"перспективы отношений с мужчиной",599,"отношения с мужчиной"
"свободные отношения с мужчиной",596,"отношения с мужчиной"
"вопрос про отношения с мужчиной",596,"отношения с мужчиной"
"отношения с мужчиной в москве",593,"отношения с мужчиной"
"значение таро на отношения с мужчиной",591,"отношения с мужчиной"
"мужчины овны в отношениях с женщиной",589,"отношения с мужчиной"
"боюсь отношений с мужчинами",583,"отношения с мужчиной"
"отношения с нарциссом мужчиной признаки",580,"отношения с мужчиной"
"мужчины раки в отношениях с женщинами",575,"отношения с мужчиной"
"отношения с мужчиной видео",564,"отношения с мужчиной"
"советы психолога отношения с мужчинами",562,"отношения с мужчиной"
"отношения с мужчиной 55 лет",562,"отношения с мужчиной"
"гадание на ближайшие отношения с мужчиной",560,"отношения с мужчиной"
"расклад карт на отношения с мужчиной",559,"отношения с мужчиной"
"начинающиеся отношения с мужчиной",556,"отношения с мужчиной"
"продолжать ли отношения с мужчиной",554,"отношения с мужчиной"
"нарцисс мужчина в отношениях с женщиной признаки",547,"отношения с мужчиной"
"хочу серьезных отношений с мужчиной",545,"отношения с мужчиной"
"знакомства познакомиться с мужчиной серьезные отношения",544,"отношения с мужчиной"
"отношения с сильным мужчиной",541,"отношения с мужчиной"
"будут ли отношения с загаданным мужчиной",538,"отношения с мужчиной"
"как выстраивать отношения с мужчиной",537,"отношения с мужчиной"
"отношения с мужчиной 70 лет",532,"отношения с мужчиной"
"разрыв отношений с мужчиной",531,"отношения с мужчиной"
"сон отношения с мужчиной",530,"отношения с мужчиной"
"гадание на будущее отношений с мужчиной",523,"отношения с мужчиной"
"новые отношения с бывшим мужчиной",521,"отношения с мужчиной"
"что означает отношении с мужчиной",520,"отношения с мужчиной"
"что ждет в отношениях с мужчиной",516,"отношения с мужчиной"
"отношения с мужчиной гороскоп",514,"отношения с мужчиной"
"поздравление с отношение с мужчиной",498,"отношения с мужчиной"
"таро про отношения с мужчиной",495,"отношения с мужчиной"
"женщина стрелец в отношениях с мужчиной",490,"отношения с мужчиной"
"женщина водолей в отношениях с мужчиной",489,"отношения с мужчиной"
"женщина про отношения с мужчиной",488,"отношения с мужчиной"
"гадания на отношения с мужчиной онлайн бесплатно",484,"отношения с мужчиной"
"отношения с абьюзером мужчиной признаки",479,"отношения с мужчиной"
"женщина строит отношения с мужчиной",478,"отношения с мужчиной"
"отношение с мужчиной 45 лет",478,"отношения с мужчиной"
"отношение с мужчиной в возрасте",477,"отношения с мужчиной"
"вопросы таро про отношения с мужчиной",477,"отношения с мужчиной"
"отношения с созависимым мужчиной",475,"отношения с мужчиной"
"отношения с мужчиной избегающего типа",474,"отношения с мужчиной"
"отношения с папой отношения с мужчиной",470,"отношения с мужчиной"
"не нужны отношения с мужчиной",469,"отношения с мужчиной"
"отношения мужчины с матерью",465,"отношения с мужчиной"
"мужчина абьюзер в отношениях с женщиной признаки",465,"отношения с мужчиной"
"знакомства краснодар серьезные отношения с мужчиной",463,"отношения с мужчиной"
"любовные отношения с мужчиной",460,"отношения с мужчиной"
"секс мужчины с мужчиной отношение женщин",453,"отношения с мужчиной"
"отношение женщины с женатым мужчиной",452,"отношения с мужчиной"
"отношения мужчины с отцом",449,"отношения с мужчиной"
"найти отношения с мужчиной",447,"отношения с мужчиной"
"долгие отношения с мужчиной",442,"отношения с мужчиной"
"больные отношения с мужчиной",437,"отношения с мужчиной"
"отношения с мужчиной на работе",432,"отношения с мужчиной"
"серьезные отношения с мужчиной саратов",432,"отношения с мужчиной"
"тема отношений с мужчиной",432,"отношения с мужчиной"
"знакомство с мужчиной серьезные отношения саратов",430,"отношения с мужчиной"
"стоит ли продолжать отношения с мужчиной",421,"отношения с мужчиной"
"туз жезлов отношения с мужчиной",417,"отношения с мужчиной"
"как закончить отношения с мужчиной",415,"отношения с мужчиной"
"отношения с новым мужчиной таро",411,"отношения с мужчиной"
"аффирмация на отношения с мужчиной",407,"отношения с мужчиной"
"отношения с несколькими мужчинами",404,"отношения с мужчиной"
"серьезные ли отношения с мужчиной",402,"отношения с мужчиной"
"как общаться с мужчиной в отношениях",400,"отношения с мужчиной"
"карты таро гадание на отношения с мужчиной",400,"отношения с мужчиной"
"расклад на отношения с мужчиной схема",392,"отношения с мужчиной"
"отношения мужчины с замужней",391,"отношения с мужчиной"
"гадание ближайшее будущее отношений с мужчиной",391,"отношения с мужчиной"
"отношения с избегающим типом привязанности мужчиной",389,"отношения с мужчиной"
"советы в отношениях с мужчиной",383,"отношения с мужчиной"
"нужны ли отношения с мужчиной",383,"отношения с мужчиной"
"изменить отношения с мужчинами",381,"отношения с мужчиной"
"отношения с токсичным мужчиной",380,"отношения с мужчиной"
"отношения с манипулятором мужчиной",378,"отношения с мужчиной"
"развитие отношений с мужчиной",376,"отношения с мужчиной"
"отношения с мужчиной в разводе",374,"отношения с мужчиной"
"не складываются отношения с мужчинами",372,"отношения с мужчиной"
"отношения с военным мужчиной",370,"отношения с мужчиной"
"отношения с мужчиной близость",370,"отношения с мужчиной"
"отношения с мужчинами после развода",364,"отношения с мужчиной"
"таро отношения с мужчиной значение карт",364,"отношения с мужчиной"
"отношения с красивым мужчиной",364,"отношения с мужчиной"
"расклад карт таро на отношения с мужчиной",360,"отношения с мужчиной"
"аффирмация на любовь и отношения с мужчиной",358,"отношения с мужчиной"
"медитация на отношения с мужчиной",357,"отношения с мужчиной"
"туз кубков отношения с мужчиной",356,"отношения с мужчиной"
"отношения с нижним мужчиной",353,"отношения с мужчиной"
"начинать ли отношения с мужчиной",348,"отношения с мужчиной"
"схема таро на отношения с мужчиной",348,"отношения с мужчиной"
"отношения с мужчиной на расстоянии",345,"отношения с мужчиной"
"став на отношения с мужчиной",345,"отношения с мужчиной"
"знакомиться с мужчиной для отношение",344,"отношения с мужчиной"
"романтические отношения с мужчиной",344,"отношения с мужчиной"
"чувства в отношении с мужчиной",344,"отношения с мужчиной"
"отношения год с женатым мужчиной",343,"отношения с мужчиной"
"мужчины близнецы характеристика в отношениях с женщиной",341,"отношения с мужчиной"
"отношения с мужчиной подруги",338,"отношения с мужчиной"
"отношения с разводящимся мужчиной",336,"отношения с мужчиной"
"схема расклада таро на отношения с мужчиной",326,"отношения с мужчиной"
"медитация на отношения с мужчиной и любовь",325,"отношения с мужчиной"
"год отношений с любимым мужчиной",325,"отношения с мужчиной"
"отношения женщины с молодым мужчиной",325,"отношения с мужчиной"
"тельцы мужчины характеристика в отношениях с женщиной",324,"отношения с мужчиной"
"отношения качели с мужчиной",322,"отношения с мужчиной"
"абьюзивные отношения с мужчиной",321,"отношения с мужчиной"
"сохранить отношения с мужчиной",321,"отношения с мужчиной"
"отношения с мужчиной 30",321,"отношения с мужчиной"
"главные отношения с мужчиной",318,"отношения с мужчиной"
"как вести правильные отношения с мужчиной",317,"отношения с мужчиной"
"закончились отношения с мужчиной",316,"отношения с мужчиной"
"что любят мужчины в отношениях с женщиной",314,"отношения с мужчиной"
"отношения с брошенным мужчиной",312,"отношения с мужчиной"
"будут ли отношения с мужчиной таро",312,"отношения с мужчиной"
"как разорвать отношения с мужчиной",312,"отношения с мужчиной"
"отношения с высоким мужчиной",310,"отношения с мужчиной"
"проблемы в отношениях с мужчины",309,"отношения с мужчиной"
"отношения мужчины с бывшей семьей",306,"отношения с мужчиной"
"медитация счастливые отношения с мужчиной",303,"отношения с мужчиной"
"мужчина рыба характеристика в отношениях с женщиной",303,"отношения с мужчиной"
"пауза в отношениях с мужчиной",299,"отношения с мужчиной"
"сложные отношения с мужчиной",299,"отношения с мужчиной"
"бесплатное гадание таро на отношения с мужчиной",298,"отношения с мужчиной"
"психолог в отношении с мужчиной",296,"отношения с мужчиной"
"как выйти из созависимых отношений с мужчиной",294,"отношения с мужчиной"
"отношения с мужчиной живущего с детьми",293,"отношения с мужчиной"
"карты отношения с мужчиной онлайн",291,"отношения с мужчиной"
"как развиваются отношения с мужчиной",290,"отношения с мужчиной"
"отношения с жадным мужчиной",287,"отношения с мужчиной"
"таро на отношения с мужчиной 3",286,"отношения с мужчиной"
"мужчина дева характеристика в отношениях с женщиной",285,"отношения с мужчиной"
"королева в отношении с мужчинами",285,"отношения с мужчиной"
"мужские отношении с мужчиной",284,"отношения с мужчиной"
"отношения мужчины с родителями",282,"отношения с мужчиной"
"кармические отношения с мужчинами",281,"отношения с мужчиной"
"будут ли с мужчиной отношения гадания",280,"отношения с мужчиной"
"девушки не хотят отношений с мужчиной",279,"отношения с мужчиной"
"что происходит в отношения с мужчиной",278,"отношения с мужчиной"
"будущее отношений с мужчиной гадание онлайн",277,"отношения с мужчиной"
"женщина без отношений с мужчиной",276,"отношения с мужчиной"
"стоит ли строить отношения с мужчиной",276,"отношения с мужчиной"
"мужчина познакомится с женщиной для отношений",273,"отношения с мужчиной"
"отношения с коллегой мужчиной",273,"отношения с мужчиной"
"итог отношений с мужчиной",273,"отношения с мужчиной"
"мужчина с венерой в отношениях",270,"отношения с мужчиной"
"таро на отношения с мужчиной дзен",269,"отношения с мужчиной"
"что дают отношения с мужчиной",268,"отношения с мужчиной"
"отношение с мужчиной после 50 лет",268,"отношения с мужчиной"
"мужчины весы характеристика в отношениях с женщиной",268,"отношения с мужчиной"
"женщина в отношениях общается с мужчиной",266,"отношения с мужчиной"
"отношения жены с другим мужчиной",265,"отношения с мужчиной"
"отношения с разведенным мужчиной",265,"отношения с мужчиной"
"3 карты отношения с мужчиной",265,"отношения с мужчиной"
"создание отношений с мужчиной",264,"отношения с мужчиной"
"мужчины стрельцы характеристика в отношениях с женщиной",264,"отношения с мужчиной"
"отношения женатого мужчины с любовницей",262,"отношения с мужчиной"
"дзен таро расклад на отношения с мужчиной",262,"отношения с мужчиной"
"расклад на отношения с мужчиной дзен",262,"отношения с мужчиной"
"манипуляции в отношениях с мужчиной",262,"отношения с мужчиной"
"скорпион мужчина характеристика в отношениях с женщиной",261,"отношения с мужчиной"
"таро любви на отношения с мужчиной",261,"отношения с мужчиной"
"отношения с мужчиной 35",261,"отношения с мужчиной"
"солнце в отношениях с мужчиной",261,"отношения с мужчиной"
"женщина разрывает отношения с мужчиной",257,"отношения с мужчиной"
"отношения с богатым мужчиной",257,"отношения с мужчиной"
"2 месяца отношениям с мужчиной",256,"отношения с мужчиной"
"советы отношений женщин с мужчинами",256,"отношения с мужчиной"
"таро онлайн гадание на отношения с мужчиной",255,"отношения с мужчиной"
"знакомства с мужчинами спб серьезные отношения",253,"отношения с мужчиной"
"хочу познакомиться с мужчиной для отношений",253,"отношения с мужчиной"
"отношения с мужчиной магом",253,"отношения с мужчиной"
"как наладить отношения с мужчиной",251,"отношения с мужчиной"
"где знакомиться с мужчинами для серьезных отношений",251,"отношения с мужчиной"
"погадать на отношения с мужчиной",250,"отношения с мужчиной"
"жадный мужчина в отношениях с женщиной",250,"отношения с мужчиной"
"гороскоп мужчин в отношениях с женщинами",249,"отношения с мужчиной"
"прогноз отношений с мужчиной",248,"отношения с мужчиной"
"вопросы картам таро про отношения с мужчиной",248,"отношения с мужчиной"
"у мужа отношения с мужчиной",247,"отношения с мужчиной"
"отношения с женатым мужчиной советы",247,"отношения с мужчиной"
"с мужчиной 2 года в отношениях",246,"отношения с мужчиной"
"женщина в начале отношений с мужчиной",246,"отношения с мужчиной"
"женская психология в отношениях с мужчиной",246,"отношения с мужчиной"
"понимающая женщина в отношениях с мужчиной",245,"отношения с мужчиной"
"отношения мужчины с двумя женщинами",244,"отношения с мужчиной"
"психопаты отношения с мужчинами",241,"отношения с мужчиной"
"почему мужчины не хотят отношений с женщинами",240,"отношения с мужчиной"
"руна на отношения с мужчиной",240,"отношения с мужчиной"
"руны на отношения с мужчиной",240,"отношения с мужчиной"
"восстановить отношения с мужчиной",239,"отношения с мужчиной"
"как прекратить отношения с мужчиной",235,"отношения с мужчиной"
"эмоциональные качели в отношениях с мужчиной",235,"отношения с мужчиной"
"мужчина манипулятор в отношениях с женщиной",234,"отношения с мужчиной"
"фильм про отношения с мужчинами",232,"отношения с мужчиной"
"сексуальные отношения мужчин с женщиной",230,"отношения с мужчиной"
"томск познакомиться с мужчиной для серьезных отношений",229,"отношения с мужчиной"
"приснились отношения с мужчиной",228,"отношения с мужчиной"
"отношения мужчин 8 с женщинами",228,"отношения с мужчиной"
"отношения с зрелой мужчиной",228,"отношения с мужчиной"
"здоровые отношения с мужчиной",227,"отношения с мужчиной"
"типы мужчин в отношениях с женщинами",226,"отношения с мужчиной"
"гадать на отношения с мужчиной",226,"отношения с мужчиной"
"качеств мужчин в отношениях с",225,"отношения с мужчиной"
"половые отношения с мужчиной",225,"отношения с мужчиной"
"психолог отношения с женатым мужчиной",225,"отношения с мужчиной"
"отношения с женщиной старше мужчины",224,"отношения с мужчиной"
"ленорман на отношения с мужчиной",223,"отношения с мужчиной"
"против отношений с мужчинами",223,"отношения с мужчиной"
"будущие отношения с мужчиной гадание бесплатно",222,"отношения с мужчиной"
"страх отношений с мужчинами",221,"отношения с мужчиной"
"не хочется отношений с мужчинами",221,"отношения с мужчиной"
"дружеские отношения с мужчиной",220,"отношения с мужчиной"
"мужчины 50 лет отношение с женщиной",220,"отношения с мужчиной"
"правила отношений с мужчиной",220,"отношения с мужчиной"
"секрет отношений с мужчинами",219,"отношения с мужчиной"
"мужчина с женщиной интимные отношения",219,"отношения с мужчиной"
"близкие отношения женщине с мужчиной",219,"отношения с мужчиной"
"отношения с мужчиной гадание на любовь",218,"отношения с мужчиной"
"серьезный мужчина в отношении с женщинами",216,"отношения с мужчиной"
"отношения с мужчиной моложе на год",215,"отношения с мужчиной"
"зачем мужчине отношения с женщиной",215,"отношения с мужчиной"
"парень в отношениях с мужчиной",213,"отношения с мужчиной"
"с годовщиной отношений мужчине",213,"отношения с мужчиной"
"таро прогноз на отношения с мужчиной",213,"отношения с мужчиной"
"спокойные отношения с мужчиной",213,"отношения с мужчиной"
"как выйти из абьюзивных отношений с мужчиной",212,"отношения с мужчиной"
"таро отношения с загаданным мужчиной",212,"отношения с мужчиной"
"отношения с точки зрения мужчины",212,"отношения с мужчиной"
"после разрыва отношений с мужчиной",212,"отношения с мужчиной"
"начало новых отношений с мужчиной",211,"отношения с мужчиной"
"мужчина скрывает отношения с женщиной",211,"отношения с мужчиной"
"избавиться от отношений с мужчиной",211,"отношения с мужчиной"
"мужчины козероги характеристика в отношениях с женщиной",210,"отношения с мужчиной"
"отношения с мужчиной картинки",209,"отношения с мужчиной"
"длительные отношения с мужчиной",209,"отношения с мужчиной"
"отношения с мужчиной через месяц",209,"отношения с мужчиной"
"отношения с мужчиной с маленьким",209,"отношения с мужчиной"
"таро на отношения с мужчиной 3 карты",208,"отношения с мужчиной"
"отношения с женатым мужчиной после",205,"отношения с мужчиной"
"год отношений с мужчиной психология",205,"отношения с мужчиной"
"смысл отношений с мужчиной",204,"отношения с мужчиной"
"отношения с пьющим мужчиной",203,"отношения с мужчиной"
"созависимость в отношениях с мужчиной",202,"отношения с мужчиной"
"что важно в отношениях с мужчиной",202,"отношения с мужчиной"
"что должна женщина в отношениях с мужчиной",201,"отношения с мужчиной"
"потребности в отношениях с мужчиной",201,"отношения с мужчиной"
"инициатива в отношениях с мужчиной",199,"отношения с мужчиной"
"отношения сильного мужчины с женщиной",198,"отношения с мужчиной"
"возобновить отношения с мужчиной",196,"отношения с мужчиной"
"отказалась от отношений с мужчинами",196,"отношения с мужчиной"
"туз пентаклей на отношения с мужчиной",195,"отношения с мужчиной"
"познакомиться с мужчиной москва серьезные отношения",195,"отношения с мужчиной"
"строить отношения с мужчиной с ребенком",195,"отношения с мужчиной"
"строю отношения с мужчиной с детьми",195,"отношения с мужчиной"
"таро прогноз на отношения с новым мужчиной",195,"отношения с мужчиной"
"молитва отношения с мужчиной",194,"отношения с мужчиной"
"скорпион мужчина отношения с козерогом",194,"отношения с мужчиной"
"отношения с турецким мужчиной",194,"отношения с мужчиной"
"отношения с мужчиной алкоголиком",193,"отношения с мужчиной"
"значение карт на отношения с мужчиной",193,"отношения с мужчиной"
"почему не получается с мужчинами отношения",191,"отношения с мужчиной"
"отношения после секса с мужчиной",190,"отношения с мужчиной"
"отношения с мужчиной это не просто",190,"отношения с мужчиной"
"плохо в отношениях с мужчиной",190,"отношения с мужчиной"
"отношения с женатым мужчиной советы психолога",189,"отношения с мужчиной"
"как работают отношения с мужчиной",189,"отношения с мужчиной"
"качество мужчины в отношениях с женщиной",188,"отношения с мужчиной"
"таро на отношения с бывшим мужчиной",188,"отношения с мужчиной"
"я мужчина нравится отношения с мужчиной",188,"отношения с мужчиной"
"как выйти из токсичных отношений с мужчиной",187,"отношения с мужчиной"
"отношения с мужчиной 30 лет",187,"отношения с мужчиной"
"как строить отношения с бывшим мужчиной",186,"отношения с мужчиной"
"ошибки в отношениях с мужчиной",186,"отношения с мужчиной"
"правдивые гадания на отношение с мужчиной",186,"отношения с мужчиной"
"что значит быть в отношениях с мужчиной",185,"отношения с мужчиной"
"отпустить отношения с мужчиной",185,"отношения с мужчиной"
"не устраивают отношения с мужчиной",185,"отношения с мужчиной"
"мужчина тянет с отношениями",185,"отношения с мужчиной"
"этапы отношений с мужчиной",184,"отношения с мужчиной"
"хочу познакомиться для серьезных отношений с мужчиной",183,"отношения с мужчиной"
"потребности мужчины в отношениях с женщиной",183,"отношения с мужчиной"
"отношения мужчины с самим собой",183,"отношения с мужчиной"
"зависимые отношения с мужчиной",183,"отношения с мужчиной"
"отношения с мужчиной 3 месяца",183,"отношения с мужчиной"
"психопаты мужчины отношения с женщинами",182,"отношения с мужчиной"
"отношения с мужчиной по телефону",182,"отношения с мужчиной"
"стоит ли начинать отношения с мужчиной",182,"отношения с мужчиной"
"деньги и отношения с мужчиной",182,"отношения с мужчиной"
"как вернуть отношения с мужчиной",179,"отношения с мужчиной"
"гадание будут ли отношения с загаданным мужчиной",177,"отношения с мужчиной"
"полгода отношения с мужчиной",177,"отношения с мужчиной"
"знакомство с мужчиной для серьезных отношений флирт",177,"отношения с мужчиной"
"эмоциональная женщина в отношениях с мужчиной",177,"отношения с мужчиной"
"отношения с настоящим мужчиной",177,"отношения с мужчиной"
"таро расклад отношениях с мужчиной 2026",177,"отношения с мужчиной"
"погадать на отношения с мужчиной на ближайшее",177,"отношения с мужчиной"
"отношения с мужчинами в россии",176,"отношения с мужчиной"
"дальнейшие отношения с мужчиной",176,"отношения с мужчиной"
"почему отношения с женатыми мужчинами",176,"отношения с мужчиной"
"отношения с мужчинами императорами",175,"отношения с мужчиной"
"отношение мужчины скорпиона с женщиной козерогом",175,"отношения с мужчиной"
"никогда не было отношений с мужчинами",174,"отношения с мужчиной"
"развивать отношения с мужчиной",172,"отношения с мужчиной"
"расшифровка таро на отношения с мужчиной",171,"отношения с мужчиной"
"отношения с мужчиной никакие",170,"отношения с мужчиной"
"девушка с ребенком отношения с мужчиной",170,"отношения с мужчиной"
"флаги в отношениях с мужчиной",170,"отношения с мужчиной"
"отношения с тревожным мужчиной",170,"отношения с мужчиной"
"отношения с закрытым мужчиной",169,"отношения с мужчиной"
"отношения замужней женщины с мужчиной",169,"отношения с мужчиной"
"избегающая привязанность в отношениях с мужчиной",167,"отношения с мужчиной"
"какие отношения с мужчиной раком",163,"отношения с мужчиной"
"будущее отношение с мужчиной гадание таро",163,"отношения с мужчиной"
"границы в отношениях с мужчиной",163,"отношения с мужчиной"
"отношения мужчины с несколькими женщинами",162,"отношения с мужчиной"
"какие скорпионы в отношениях с мужчиной",161,"отношения с мужчиной"
"стоит ли заводить отношения с мужчиной",161,"отношения с мужчиной"
"забыть отношения с мужчиной",161,"отношения с мужчиной"
"серьезные отношения с богатыми мужчинами",161,"отношения с мужчиной"
"не хочу отношений с мужчинами после",160,"отношения с мужчиной"
"отношения с мужчиной поцелуй",159,"отношения с мужчиной"
"паж жезлов на отношения с мужчиной",158,"отношения с мужчиной"
"абьюз в отношениях с мужчиной",158,"отношения с мужчиной"
"отношения с мужчиной после 40 лет",158,"отношения с мужчиной"
"почему не складываются отношения с мужчинами",157,"отношения с мужчиной"
"отношения с сидевшим мужчиной",157,"отношения с мужчиной"
"отношения с мужчиной старше на 20",157,"отношения с мужчиной"
"отношения с мужчиной старше на 20 лет",157,"отношения с мужчиной"
"гармоничные отношения с мужчиной",156,"отношения с мужчиной"
"мужчины львы характеристика в отношениях с женщиной",155,"отношения с мужчиной"
"таро отношения с мужчиной таро сегодня",155,"отношения с мужчиной"
"отношения с женатым мужчиной психология",154,"отношения с мужчиной"
"расставание с мужчиной после долгих отношений",153,"отношения с мужчиной"
"юмор отношение женщины с мужчиной",153,"отношения с мужчиной"
"цель отношения с мужчиной",153,"отношения с мужчиной"
"схемы в отношениях с мужчиной",153,"отношения с мужчиной"
"продолжение отношений с мужчинами",153,"отношения с мужчиной"
"привязка на отношения с мужчиной",153,"отношения с мужчиной"
"поведение женщины в отношениях с мужчиной",152,"отношения с мужчиной"
"женщина избегает отношений с мужчиной",152,"отношения с мужчиной"
"отношения с мужчиной от первого брака",151,"отношения с мужчиной"
"отношения с мужчиной с 2 детьми",151,"отношения с мужчиной"
"тяжелые отношения с мужчиной",150,"отношения с мужчиной"
"отношения с мужчиной с сво",150,"отношения с мужчиной"
"отношения с чужим мужчиной",150,"отношения с мужчиной"
"отношения с манипулятором мужчиной признаки",149,"отношения с мужчиной"
"как завести отношения с мужчиной",149,"отношения с мужчиной"
"как начать отношения с бывшим мужчиной",149,"отношения с мужчиной"
"отношения с мужчиной вдовцом",148,"отношения с мужчиной"
"построение отношений с мужчиной",148,"отношения с мужчиной"
"король кубков на отношения с мужчиной",148,"отношения с мужчиной"
"женщина манипулятор в отношениях с мужчиной признаки",147,"отношения с мужчиной"
"отношения с внутренним мужчиной",147,"отношения с мужчиной"
"как научиться отношениям с мужчиной",146,"отношения с мужчиной"
"мужчина психолог в отношениях с женщиной",145,"отношения с мужчиной"
"секреты женщины в отношениях с мужчинами",145,"отношения с мужчиной"
"новые отношения с новым мужчиной расклад",145,"отношения с мужчиной"
"отношения с инфантильным мужчиной",144,"отношения с мужчиной"
"отношения с мужчиной с двумя детьми",144,"отношения с мужчиной"
"отношения с загаданным мужчиной гадание онлайн",144,"отношения с мужчиной"
"книги психология отношений с мужчиной",143,"отношения с мужчиной"
"обсудить отношения с мужчиной",142,"отношения с мужчиной"
"отношения с мужчиной любовником",142,"отношения с мужчиной"
"как продолжать отношения с мужчиной",141,"отношения с мужчиной"
"проявлять инициативу в отношениях с мужчиной",140,"отношения с мужчиной"
"мужчина с опытом отношений",140,"отношения с мужчиной"
"очень хочу отношений с мужчиной",140,"отношения с мужчиной"
"зачем мужчине отношения с бывшей",140,"отношения с мужчиной"
"сатья отношения с мужчиной",140,"отношения с мужчиной"
"отношения с женатым мужчиной с ребенком",139,"отношения с мужчиной"
"отношения с мужчиной таро расклад сегодня",139,"отношения с мужчиной"
"как поговорить с мужчиной об отношениях",139,"отношения с мужчиной"
"отношения мальчика с мужчиной",138,"отношения с мужчиной"
"отношения с мужчиной который любит бывшую",138,"отношения с мужчиной"
"как строить отношения с избегающим мужчиной",138,"отношения с мужчиной"
"отношения по переписке с мужчиной",138,"отношения с мужчиной"
"4 месяца отношений с мужчиной",137,"отношения с мужчиной"
"привязка человека на отношения с мужчиной",137,"отношения с мужчиной"
"свободные отношения с женатым мужчиной",136,"отношения с мужчиной"
"хочу хороших отношений с мужчиной",135,"отношения с мужчиной"
"мужчины водолеи характеристика в отношениях с женщиной",135,"отношения с мужчиной"
"мужчина холодный в отношениях с женщиной",134,"отношения с мужчиной"
"отношения с обеспеченным мужчиной",134,"отношения с мужчиной"
"плюсы отношений с мужчиной",134,"отношения с мужчиной"
"финансовые отношения с мужчиной",134,"отношения с мужчиной"
"не хочу больше отношений с мужчинами",134,"отношения с мужчиной"
"королева пентаклей на отношения с мужчиной",133,"отношения с мужчиной"
"отношения с мужчиной 35 лет",132,"отношения с мужчиной"
"вернуть бывшие отношения с мужчиной",132,"отношения с мужчиной"
"перспектива отношений с мужчиной таро",131,"отношения с мужчиной"
"какие мужчины раки в отношениях с женщиной",131,"отношения с мужчиной"
"сексуальные отношения девушек с мужчинами",130,"отношения с мужчиной"
"форум отношениях мужчина с женщиной",130,"отношения с мужчиной"
"король мечей на отношения с мужчиной",130,"отношения с мужчиной"
"мужчине 60 отношения с женщиной",130,"отношения с мужчиной"
"паж пентаклей на отношения с мужчиной",129,"отношения с мужчиной"
"овны мужчины характеристика в отношениях с женщиной",129,"отношения с мужчиной"
"правильные отношения мужчины с женщиной",128,"отношения с мужчиной"
"зачем мне отношения с мужчиной",128,"отношения с мужчиной"
"женщина общается с другими мужчинами в отношениях",128,"отношения с мужчиной"
"женщина 40 лет отношения с мужчинами",128,"отношения с мужчиной"
"поздравление мужчине с годовщиной отношений",128,"отношения с мужчиной"
"хочу отношений с женатым мужчиной",128,"отношения с мужчиной"
"ищу серьезные отношения с мужчиной",128,"отношения с мужчиной"
"крепкие отношения с мужчиной",127,"отношения с мужчиной"
"какой мужчина лев в отношениях с женщиной",127,"отношения с мужчиной"
"любовные отношения мужчины с женщиной",127,"отношения с мужчиной"
"взрослая женщина в отношениях с мужчиной",127,"отношения с мужчиной"
"тайные отношения с мужчиной",126,"отношения с мужчиной"
"ищу женщину для отношений с мужчиной",126,"отношения с мужчиной"
"не получается построить отношения с мужчинами",126,"отношения с мужчиной"
"башня на отношения с мужчиной",125,"отношения с мужчиной"
"как мужчины начинают отношения с женщиной",125,"отношения с мужчиной"
"таро расклады на отношения с мужчиной новые",125,"отношения с мужчиной"
"не хочу строить отношения с мужчинами",125,"отношения с мужчиной"
"отношения с мужчиной стадии",125,"отношения с мужчиной"
"дьявол на отношения с мужчиной",125,"отношения с мужчиной"
"красные флаги в отношениях с мужчиной",125,"отношения с мужчиной"
"5 месяцев отношений с мужчиной",124,"отношения с мужчиной"
"секс отношение девушки с мужчиной",124,"отношения с мужчиной"
"королева жезлов на отношения с мужчиной",123,"отношения с мужчиной"
"расклад на отношения с мужчиной вопросы",123,"отношения с мужчиной"
"техники отношений с мужчиной",123,"отношения с мужчиной"
"не хочу продолжать отношения с мужчиной",123,"отношения с мужчиной"
"отношения с психопатом мужчиной признаки",122,"отношения с мужчиной"
"мужчина в отношениях с машиной",122,"отношения с мужчиной"
"разрушающие отношения с мужчиной",122,"отношения с мужчиной"
"какие тельцы в отношениях с мужчиной",122,"отношения с мужчиной"
"мужчины отказываются от отношений с женщинами",121,"отношения с мужчиной"
"день мужчины в отношениях с женщиной",121,"отношения с мужчиной"
"возраст мужчины и отношения с женщинами",121,"отношения с мужчиной"
"императрица на отношения с мужчиной",121,"отношения с мужчиной"
"королева кубков на отношения с мужчиной",120,"отношения с мужчиной"
"книга про отношения с мужчинами",120,"отношения с мужчиной"
"отношения мужчины скорпиона с львом",119,"отношения с мужчиной"
"женские манипуляции в отношениях с мужчиной",119,"отношения с мужчиной"
"какая дева в отношениях с мужчиной",119,"отношения с мужчиной"
"какие овны в отношениях с мужчиной",118,"отношения с мужчиной"
"будут ли новые отношения с мужчиной",118,"отношения с мужчиной"
"характер и отношения с мужчинами",118,"отношения с мужчиной"
"мужчины раки характеристика в отношениях с женщиной",118,"отношения с мужчиной"
"отношения женщины с мужчиной картинки",117,"отношения с мужчиной"
"став начало отношений с мужчиной",117,"отношения с мужчиной"
"отношение мужчины с женщиной на работе",117,"отношения с мужчиной"
"гадание на отношениях с мужчиной точное",117,"отношения с мужчиной"
"отношения с мужчиной армянином",117,"отношения с мужчиной"
"отношения с мужчиной азербайджанцем",116,"отношения с мужчиной"
"как относиться к отношениям с мужчиной",116,"отношения с мужчиной"
"найти серьезные отношения с мужчиной",116,"отношения с мужчиной"
"как правильно выстраивать отношения с мужчиной",116,"отношения с мужчиной"
"завязываются отношения с мужчиной",116,"отношения с мужчиной"
"отношения свободной женщины с женатым мужчиной",116,"отношения с мужчиной"
"отношения с мужчиной без обязательств",115,"отношения с мужчиной"
"отношения с пожилым мужчиной",115,"отношения с мужчиной"
"познакомиться с православным мужчиной для серьезных отношений",115,"отношения с мужчиной"
"козерог мужчина с бывшей отношения",115,"отношения с мужчиной"
"муж хочет отношений с мужчиной",114,"отношения с мужчиной"
"будут ли отношения с загаданным мужчиной таро",114,"отношения с мужчиной"
"мужчина алкоголик в отношениях с женщиной",113,"отношения с мужчиной"
"деловые отношения с мужчиной",113,"отношения с мужчиной"
"иерофант в отношениях с мужчиной",112,"отношения с мужчиной"
"глубокие отношения с мужчиной",112,"отношения с мужчиной"
"мудрые женщины в отношениях с мужчиной",112,"отношения с мужчиной"
"каких отношений хочет мужчина с женщиной",111,"отношения с мужчиной"
"нужны ли мужчине отношения с женщиной",111,"отношения с мужчиной"
"погадать на будущие отношения с мужчиной",111,"отношения с мужчиной"
"мужчина с ребенком стоит ли отношения",110,"отношения с мужчиной"
"что важно женщине в отношениях с мужчиной",110,"отношения с мужчиной"
"дьявол таро в отношениях с мужчиной",110,"отношения с мужчиной"
"инициатива женщины в отношениях с мужчиной",109,"отношения с мужчиной"
"сонник отношения с мужчиной",109,"отношения с мужчиной"
"заговор на отношения с мужчиной",109,"отношения с мужчиной"
"отношения с идеальным мужчиной",108,"отношения с мужчиной"
"расклад ленорман отношения с мужчиной",108,"отношения с мужчиной"
"базовые потребности женщины в отношениях с мужчиной",107,"отношения с мужчиной"
"любимому мужчине с годовщиной отношений",107,"отношения с мужчиной"
"поздравление с отношениями своими словами мужчине",107,"отношения с мужчиной"
"мужчина 50 и отношения с женщинами",107,"отношения с мужчиной"
"начало отношений с мужчиной скорпионом",107,"отношения с мужчиной"
"какой мужчина телец в отношениях с женщиной",107,"отношения с мужчиной"
"фильмы про отношения мужчины с женщиной",106,"отношения с мужчиной"
"отношения взрослого мужчины с девушкой",106,"отношения с мужчиной"
"отношения с полными мужчинами",106,"отношения с мужчиной"
"пасьянс на отношения с мужчиной",106,"отношения с мужчиной"
"серьезные отношения с турецким мужчиной",105,"отношения с мужчиной"
"самооценка в отношениях с мужчиной",104,"отношения с мужчиной"
"плачу в отношениях с мужчиной",103,"отношения с мужчиной"
"отношения с мужчиной без секса",103,"отношения с мужчиной"
"знакомства с богатыми мужчинами серьезных отношений",103,"отношения с мужчиной"
"ошибки мужчин в отношениях с женщинами",102,"отношения с мужчиной"
"завязываю отношения с мужчинами",102,"отношения с мужчиной"
"отношение ребенка с новым мужчиной",101,"отношения с мужчиной"
"перспективы отношений с загаданным мужчиной",101,"отношения с мужчиной"
"отношения мужчины с соперницей",101,"отношения с мужчиной"
"знакомство с турецкими мужчинами для серьезных отношений",100,"отношения с мужчиной"
"отношения с богатыми мужчинами сайты знакомств",100,"отношения с мужчиной"
"какими должны быть отношения с мужчиной",100,"отношения с мужчиной"
"первые отношения с другим мужчиной",99,"отношения с мужчиной"
"как закрыть отношения с мужчиной",99,"отношения с мужчиной"
"два месяца отношений с мужчиной",99,"отношения с мужчиной"
"что нужно женщине в отношениях с мужчиной",98,"отношения с мужчиной"
"поставить точку в отношениях с мужчиной",98,"отношения с мужчиной"
"мужчина азербайджанец отношения с женщиной",98,"отношения с мужчиной"
"отношения с мужчиной статьи",98,"отношения с мужчиной"
"отношения с мужчиной пережившем разрыв",97,"отношения с мужчиной"
"будут ли отношения с мужчиной расклад",97,"отношения с мужчиной"
"как поддержать отношения с мужчиной",96,"отношения с мужчиной"
"омск знакомство с мужчиной серьезные отношения",96,"отношения с мужчиной"
"отношение с мужчиной с маленькими детьми",96,"отношения с мужчиной"
"нарциссизм в отношениях с мужчиной",96,"отношения с мужчиной"
"прелюдия в отношениях с мужчиной",96,"отношения с мужчиной"
"какие мужчины девы в отношениях с женщиной",96,"отношения с мужчиной"
"мужчина отец в отношениях с женщиной",94,"отношения с мужчиной"
"отношения с мужчиной эгоистом",94,"отношения с мужчиной"
"игра в отношениях с мужчиной",94,"отношения с мужчиной"
"колесо фортуны на отношения с мужчиной",94,"отношения с мужчиной"
"как создавать отношения с мужчиной",94,"отношения с мужчиной"
"нежные отношения с мужчиной",94,"отношения с мужчиной"
"дистанция в отношениях с мужчиной",94,"отношения с мужчиной"
"разговор с мужчиной об отношениях",94,"отношения с мужчиной"
"отношения с бывшими мужчинами психология",93,"отношения с мужчиной"
"поздравления с месяцем отношений мужчине",93,"отношения с мужчиной"
"если скрыть отношения с мужчиной",93,"отношения с мужчиной"
"будет ли продолжение отношений с мужчиной",93,"отношения с мужчиной"
"фильмы отношения с мужчиной старше",93,"отношения с мужчиной"
"отношения с 42 мужчиной",93,"отношения с мужчиной"
"отношения с мужчиной дагестанцем",92,"отношения с мужчиной"
"отношения с разведенным мужчиной с детьми",92,"отношения с мужчиной"
"гадать на отношения с мужчиной таро",92,"отношения с мужчиной"
"отношения с незрелым мужчиной",92,"отношения с мужчиной"
"как вести отношения с женатым мужчиной",92,"отношения с мужчиной"
"как понять серьезные отношения с мужчиной",92,"отношения с мужчиной"
"значимость в отношениях с мужчиной",92,"отношения с мужчиной"
"армяне мужчины в отношениях с женщиной",91,"отношения с мужчиной"
"мужчина дева отношения с бывшими",91,"отношения с мужчиной"
"играть с мужчиной в отношениях",91,"отношения с мужчиной"
"мужчина 60 лет отношения с женщиной",90,"отношения с мужчиной"
"каких отношений с мужчиной я хочу",90,"отношения с мужчиной"
"три месяца отношений с мужчиной",90,"отношения с мужчиной"
"жертва в отношениях с мужчинами",90,"отношения с мужчиной"
"мужчина поддерживает отношения с бывшими",89,"отношения с мужчиной"
"отношения с мужчиной с тремя детьми",89,"отношения с мужчиной"
"чего боятся мужчины в отношениях с женщиной",88,"отношения с мужчиной"
"знакомства с мужчинами тюмень серьезные отношения",88,"отношения с мужчиной"
"сплю с мужчиной но отношений",88,"отношения с мужчиной"
"чего нельзя в отношениях с мужчиной",88,"отношения с мужчиной"
"поздравление любимому мужчине с годовщиной отношений",88,"отношения с мужчиной"
"какие отношения с козерогом мужчиной",88,"отношения с мужчиной"
"как манипулировать в отношениях с мужчиной",88,"отношения с мужчиной"
"зависимость от отношений с мужчиной",87,"отношения с мужчиной"
"восстановление отношений с мужчиной",87,"отношения с мужчиной"
"знакомство женщины с мужчиной для отношений",87,"отношения с мужчиной"
"отношения с мужчиной без детей",86,"отношения с мужчиной"
"10 пентаклей на отношения с мужчиной",86,"отношения с мужчиной"
"как начать отношения с новым мужчиной",86,"отношения с мужчиной"
"отношения с мужчиной интровертом",85,"отношения с мужчиной"
"таро отношения с мужчиной видео",85,"отношения с мужчиной"
"как выйти из отношений с женатым мужчиной",85,"отношения с мужчиной"
"мир женщины отношения с мужчиной",84,"отношения с мужчиной"
"половые отношения мужчин с женщиной",84,"отношения с мужчиной"
"геи отношение мужчина с мужчиной",84,"отношения с мужчиной"
"женщина мать в отношениях с мужчиной",84,"отношения с мужчиной"
"6 месяцев отношений с мужчиной",84,"отношения с мужчиной"
"инфантильный мужчина в отношениях с женщиной",83,"отношения с мужчиной"
"отношения с мужчиной моделью",83,"отношения с мужчиной"
"разобраться в отношениях с мужчиной",83,"отношения с мужчиной"
"отношения с мужчиной начальником",83,"отношения с мужчиной"
"отношения с опасными мужчинами",83,"отношения с мужчиной"
"шагов отношений с мужчинами",83,"отношения с мужчиной"
"поздравление с отношениями год мужчину",82,"отношения с мужчиной"
"как завершить отношения с мужчиной",81,"отношения с мужчиной"
"гадание на отношения с бывшим мужчиной",81,"отношения с мужчиной"
"гадание на суть отношений с мужчиной",81,"отношения с мужчиной"
"что нравится мужчинам в отношениях с женщиной",81,"отношения с мужчиной"
"мужчина армянин какой в отношениях с женщиной",81,"отношения с мужчиной"
"порно отношения мужчины с мужчиной",80,"отношения с мужчиной"
"устала от отношений с мужчиной",80,"отношения с мужчиной"
"устаю от отношений с мужчинами",80,"отношения с мужчиной"
"отношения с мужчиной после 45",80,"отношения с мужчиной"
"мужчины дагестанцы в отношениях с русскими",80,"отношения с мужчиной"
"мужчины дагестанцы в отношениях с русскими женщинами",80,"отношения с мужчиной"
"как правильно строить отношения с мужчиной",80,"отношения с мужчиной"
"начало отношений с козерог мужчина",80,"отношения с мужчиной"
"отношения с мужчиной крысой",79,"отношения с мужчиной"
"завожу отношения с женатым мужчиной",79,"отношения с мужчиной"
"луна таро в отношениях с мужчиной",79,"отношения с мужчиной"
"нарцисс мужчина и отношения с ним",79,"отношения с мужчиной"
"как выяснить отношения с мужчиной",79,"отношения с мужчиной"
"взять паузу в отношениях с мужчиной",79,"отношения с мужчиной"
"отношения с татарином мужчиной",78,"отношения с мужчиной"
"проблемы женщин в отношениях с мужчинами",77,"отношения с мужчиной"
"женщина мама в отношениях с мужчиной",77,"отношения с мужчиной"
"расклад таро на отношения с мужчиной вопросы",77,"отношения с мужчиной"
"страдаю в отношениях с мужчиной",76,"отношения с мужчиной"
"боли в отношениях с мужчиной",76,"отношения с мужчиной"
"мужчина лев отношения с бывшими",76,"отношения с мужчиной"
"почему не получается построить отношения с мужчинами",76,"отношения с мужчиной"
"отношения с мужчиной я в браке",76,"отношения с мужчиной"
"хочу новых отношений с мужчиной",76,"отношения с мужчиной"
"мудрость в отношении с мужчиной",75,"отношения с мужчиной"
"императрица таро на отношения с мужчиной",75,"отношения с мужчиной"
"женщина закончила отношения с мужчиной",75,"отношения с мужчиной"
"хочу вернуть отношения с мужчиной",75,"отношения с мужчиной"
"начало отношений с женатым мужчиной",75,"отношения с мужчиной"
"женщине 45 лет отношения с мужчиной",75,"отношения с мужчиной"
"какие отношения будут с мужчиной таро",75,"отношения с мужчиной"
"признаки психопата мужчины в отношениях с женщиной",75,"отношения с мужчиной"
"жрица на отношения с мужчиной",75,"отношения с мужчиной"
"марк бартон отношения с мужчиной",75,"отношения с мужчиной"
"отношения с успешными мужчинами",75,"отношения с мужчиной"
"слабый мужчина в отношениях с женщиной",75,"отношения с мужчиной"
"отношения с мужчиной турком",74,"отношения с мужчиной"
"вопросы тарологу про отношения с мужчиной",74,"отношения с мужчиной"
"психотипы мужчин в отношениях с женщинами",74,"отношения с мужчиной"
"гадание на отношения с загаданным мужчиной",74,"отношения с мужчиной"
"гештальт отношения с мужчиной",74,"отношения с мужчиной"
"отсутствие отношений с мужчинами",74,"отношения с мужчиной"
"1 месяц отношений с мужчиной",74,"отношения с мужчиной"
"отношения мужчины и женщины начинаются с",73,"отношения с мужчиной"
"отношение с мужчиной дочь отец",73,"отношения с мужчиной"
"какие отношения с женатым мужчиной",73,"отношения с мужчиной"
"тиран отношения с мужчиной",73,"отношения с мужчиной"
"психология отношений с мужчиной 50",72,"отношения с мужчиной"
"таро отношения с женатым мужчиной",72,"отношения с мужчиной"
"энергия отношений с мужчиной",72,"отношения с мужчиной"
"иметь отношения с женатым мужчиной",72,"отношения с мужчиной"
"непонятные отношения с мужчиной",72,"отношения с мужчиной"
"сценарий отношений с мужчинами",72,"отношения с мужчиной"
"отношения замужней с женатым мужчиной",72,"отношения с мужчиной"
"мужчина после 40 психология отношений с женщиной",71,"отношения с мужчиной"
"новые отношения с мужчиной после развода",71,"отношения с мужчиной"
"переросла отношения с мужчиной",71,"отношения с мужчиной"
"неопределенность в отношениях с мужчиной",71,"отношения с мужчиной"
"отношения с мужчиной старше девушки",71,"отношения с мужчиной"
"отношения с занятым мужчиной",71,"отношения с мужчиной"
"мужчина скрывает отношения с другой",70,"отношения с мужчиной"
"отношения и брак с мужчиной знакомства",70,"отношения с мужчиной"
"самооценка женщины в отношениях с мужчиной",70,"отношения с мужчиной"
"три карты на отношения с мужчиной",70,"отношения с мужчиной"
"новые отношения с мужчиной гадание",70,"отношения с мужчиной"
"одиночество в отношениях с мужчиной",70,"отношения с мужчиной"
"отношения с 40 летним мужчиной",70,"отношения с мужчиной"
"как женщине построить отношения с мужчиной",70,"отношения с мужчиной"
"с годовщиной отношений своими словами мужчине",70,"отношения с мужчиной"
"манипуляции в отношениях с мужчиной психология",69,"отношения с мужчиной"
"почему не хочется отношений с мужчинами",69,"отношения с мужчиной"
"мужская психология в отношении с мужчиной",69,"отношения с мужчиной"
"отношения с коллегой по работе мужчиной",69,"отношения с мужчиной"
"кризис в отношениях с мужчиной",69,"отношения с мужчиной"
"читать отношение мужчины с женщиной",68,"отношения с мужчиной"
"травма в отношениях с мужчинами",68,"отношения с мужчиной"
"картинки про отношения с мужчиной",68,"отношения с мужчиной"
"отношения с тревожно избегающим мужчиной",68,"отношения с мужчиной"
"счастливая женщина в отношениях с мужчиной",68,"отношения с мужчиной"
"как закончить отношения с женатым мужчиной",67,"отношения с мужчиной"
"полюбить отношения с мужчиной",67,"отношения с мужчиной"
"звезда таро на отношения с мужчиной",67,"отношения с мужчиной"
"мужчина скорпион в отношении с девой",67,"отношения с мужчиной"
"женские секреты в отношениях с мужчиной",67,"отношения с мужчиной"
"построить серьезные отношения с мужчиной",66,"отношения с мужчиной"
"мужчина эгоист в отношениях с женщиной",66,"отношения с мужчиной"
"личные границы в отношениях с мужчиной",66,"отношения с мужчиной"
"женщина с мужчиной выясняют отношения",66,"отношения с мужчиной"
"отношения с женатым мужчиной что делать",66,"отношения с мужчиной"
"продолжать ли отношения с мужчиной гадание",66,"отношения с мужчиной"
"женщина змея отношения с мужчиной",65,"отношения с мужчиной"
"спасатель в отношениях с мужчиной",65,"отношения с мужчиной"
"виды мужчин в отношениях с женщиной",65,"отношения с мужчиной"
"мужчина торопиться с отношениями",65,"отношения с мужчиной"
"роль женщины в отношениях с мужчиной",65,"отношения с мужчиной"
"не хочу никаких отношений с мужчинами",64,"отношения с мужчиной"
"не интересны отношения с мужчинами",64,"отношения с мужчиной"
"испортила отношения с мужчиной",64,"отношения с мужчиной"
"как общаться с мужчиной в начале отношений",64,"отношения с мужчиной"
"вопросы таро про отношения с мужчиной примеры",64,"отношения с мужчиной"
"расклад перспектива отношений с мужчиной",64,"отношения с мужчиной"
"как разорвать кармические отношения с мужчиной",64,"отношения с мужчиной"
"зачем мужчине отношения с девушкой",64,"отношения с мужчиной"
"выяснение отношений с мужчиной",64,"отношения с мужчиной"
"мужчина дева в отношениях с весами",63,"отношения с мужчиной"
"эмоции в отношениях с мужчиной",63,"отношения с мужчиной"
"секреты психологии отношений с мужчиной",63,"отношения с мужчиной"
"давно не было отношений с мужчиной",63,"отношения с мужчиной"
"как порвать отношения с мужчиной",63,"отношения с мужчиной"
"как строить отношения девушке с мужчиной",63,"отношения с мужчиной"
"как правильно начать отношения с мужчиной",63,"отношения с мужчиной"
"плюсы и минусы отношений с мужчиной",63,"отношения с мужчиной"
"гештальт как закрыть отношения с мужчиной",63,"отношения с мужчиной"
"гадание стоит ли продолжать отношения с мужчиной",63,"отношения с мужчиной"
"отношения с мужчиной убивают",62,"отношения с мужчиной"
"лабковский отношения с мужчинами",62,"отношения с мужчиной"
"ценности в отношениях с мужчиной",62,"отношения с мужчиной"
"не хочу иметь отношений с мужчинами",62,"отношения с мужчиной"
"отношения с джуди за мужчину",62,"отношения с мужчиной"
"таро уэйта на отношения с мужчиной",62,"отношения с мужчиной"
"как построить здоровые отношения с мужчиной",62,"отношения с мужчиной"
"вопросы к таро на отношения с мужчиной",61,"отношения с мужчиной"
"начало отношений с мужчиной тельцом",61,"отношения с мужчиной"
"таро развитие отношений с мужчиной",61,"отношения с мужчиной"
"женщин являются отношения с мужчинами",61,"отношения с мужчиной"
"женские манипуляции в отношениях с мужчиной психология",61,"отношения с мужчиной"
"мужчина 55 лет отношения с женщинами",61,"отношения с мужчиной"
"сложатся ли отношения с мужчиной",61,"отношения с мужчиной"
"отношения с прежним мужчиной",61,"отношения с мужчиной"
"негативные отношения с мужчиной",61,"отношения с мужчиной"
"прервать отношения с мужчиной",61,"отношения с мужчиной"
"сатья дас отношения с мужчиной",61,"отношения с мужчиной"
"мужчина ищет серьезные отношения с женщиной",61,"отношения с мужчиной"
"сложности в отношениях с мужчиной",60,"отношения с мужчиной"
"тройка жезлов на отношения с мужчиной",60,"отношения с мужчиной"
"фильмы про отношения с мужчиной постарше",60,"отношения с мужчиной"
"знакомства пенза серьезных отношений с мужчинами",60,"отношения с мужчиной"
"как любить себя в отношениях с мужчиной",60,"отношения с мужчиной"
"месяц отношений с мужчиной своими словами",59,"отношения с мужчиной"
"порча на отношения с мужчинами",59,"отношения с мужчиной"
"напрягают отношения с мужчиной",59,"отношения с мужчиной"
"напряженные отношения с мужчиной",59,"отношения с мужчиной"
"скорпион мужчина в отношениях с весами",59,"отношения с мужчиной"
"гадание руны отношения с мужчиной",59,"отношения с мужчиной"
"отношения замужней женщины с женатым мужчиной",59,"отношения с мужчиной"
"женщина партнер в отношениях с мужчиной",59,"отношения с мужчиной"
"отношения с мужчиной по дате рождения",58,"отношения с мужчиной"
"девушка лев в отношениях с мужчиной",58,"отношения с мужчиной"
"расклад на отношения с мужчиной значение",58,"отношения с мужчиной"
"расклад на отношения с мужчиной рунах",58,"отношения с мужчиной"
"руны расклад на отношения с мужчиной",58,"отношения с мужчиной"
"как перестать манипулировать в отношениях с мужчиной",58,"отношения с мужчиной"
"уровни в отношениях с мужчиной",58,"отношения с мужчиной"
"эзотерика отношения с мужчиной",58,"отношения с мужчиной"
"хорошие качества мужчины в отношениях с женщиной",58,"отношения с мужчиной"
"руна гадание на отношения с мужчиной",58,"отношения с мужчиной"
"отношения с загаданным мужчиной расклад таро",57,"отношения с мужчиной"
"настоящий мужчина в отношениях с женщиной",57,"отношения с мужчиной"
"доверительные отношения с мужчиной",57,"отношения с мужчиной"
"что ожидает в отношениях с мужчиной",57,"отношения с мужчиной"
"манара на отношения с мужчиной",57,"отношения с мужчиной"
"отношения с нарциссическим мужчиной",57,"отношения с мужчиной"
"отношения с мужчиной мусульманином",57,"отношения с мужчиной"
"одинокие женщины в отношениях с мужчинами",57,"отношения с мужчиной"
"отношения с 50 летним мужчиной",56,"отношения с мужчиной"
"отношения с мужчиной после близости",56,"отношения с мужчиной"
"мир таро в отношениях с мужчиной",56,"отношения с мужчиной"
"мужчина скрывает отношения с другой женщиной",56,"отношения с мужчиной"
"мужчина лев в отношениях с женщиной близнецом",56,"отношения с мужчиной"
"начальный этап отношений с мужчиной",56,"отношения с мужчиной"
"психология алкоголика мужчины в отношениях с женщиной",56,"отношения с мужчиной"
"отношения с мужчиной 47 лет",55,"отношения с мужчиной"
"что ценишь в отношениях с мужчиной",55,"отношения с мужчиной"
"как разорвать отношения с любимым мужчиной",55,"отношения с мужчиной"
"мужчина с которым можно построить отношения",55,"отношения с мужчиной"
"какие отношения с мужчиной стрелец",55,"отношения с мужчиной"
"принципы мужчины в отношениях с женщиной",55,"отношения с мужчиной"
"разочарование в отношениях с мужчиной",55,"отношения с мужчиной"
"как поговорить с мужчиной об отношениях серьезно",55,"отношения с мужчиной"
"женщина тиран в отношениях с мужчиной",55,"отношения с мужчиной"
"якоря в отношениях с мужчиной",55,"отношения с мужчиной"
"отношения с черными мужчинами",55,"отношения с мужчиной"
"трудные отношения с мужчиной",54,"отношения с мужчиной"
"как стать мудрее в отношениях с мужчиной",54,"отношения с мужчиной"
"выяснять ли отношения с мужчиной",54,"отношения с мужчиной"
"описываем отношения с мужчиной",54,"отношения с мужчиной"
"отношения с взрослыми мужчины фильм",54,"отношения с мужчиной"
"первые отношения секса с мужчиной",54,"отношения с мужчиной"
"к чему снится отношения с другим мужчиной",54,"отношения с мужчиной"
"мужчина рак в отношениях с девой",53,"отношения с мужчиной"
"молчание в отношениях с мужчиной",53,"отношения с мужчиной"
"гадание на отношения с мужчиной расклад",53,"отношения с мужчиной"
"отношения с мужчиной 36 лет",53,"отношения с мужчиной"
"погадать на отношения с мужчиной бесплатно",53,"отношения с мужчиной"
"незрелая женщина в отношениях с мужчиной",53,"отношения с мужчиной"
"женщина львица в отношениях с мужчинами",53,"отношения с мужчиной"
"про отношения с женатым мужчиной",53,"отношения с мужчиной"
"как выбрать себя в отношениях с мужчиной",53,"отношения с мужчиной"
"девушка козерог в отношениях с мужчиной",53,"отношения с мужчиной"
"странные отношения с мужчиной",52,"отношения с мужчиной"
"начало отношений с мужчиной девой",52,"отношения с мужчиной"
"отношения с умным мужчиной",52,"отношения с мужчиной"
"права мужчины в отношениях с женщиной",52,"отношения с мужчиной"
"как разложить таро на отношения с мужчиной",52,"отношения с мужчиной"
"что значит доминировать в отношениях с мужчиной",52,"отношения с мужчиной"
"отношения с несвободным мужчиной",52,"отношения с мужчиной"
"отношения с детьми после развода мужчины",52,"отношения с мужчиной"
"новые отношения после расставания с мужчиной",52,"отношения с мужчиной"
"скорпион мужчина в отношениях с раком",52,"отношения с мужчиной"
"отношения с абьюзером мужчиной психология",51,"отношения с мужчиной"
"как быть легкой в отношениях с мужчиной",51,"отношения с мужчиной"
"мужчина дева в отношениях с козерогом",51,"отношения с мужчиной"
"как выйти из зависимых отношений с мужчиной",51,"отношения с мужчиной"
"к чему снятся отношения с незнакомым мужчиной",51,"отношения с мужчиной"
"погадать на отношения с мужчиной онлайн",51,"отношения с мужчиной"
"мужчина дева отношения с близнецами женщинами",51,"отношения с мужчиной"
"не хочу заводить отношения с мужчиной",51,"отношения с мужчиной"
"толкование таро на отношения с мужчиной",51,"отношения с мужчиной"
"признаки незрелого мужчины в отношениях с женщиной",51,"отношения с мужчиной"
"как бороться с абьюзером мужчиной в отношениях",51,"отношения с мужчиной"
"мужчина вдовец как строить с ним отношения",51,"отношения с мужчиной"
"как начинать серьезные отношения с мужчиной",51,"отношения с мужчиной"
"сон отношения с незнакомым мужчиной",51,"отношения с мужчиной"
"общение с другими мужчинами в отношениях",50,"отношения с мужчиной"
"какой мужчина козерог в отношениях с женщиной",50,"отношения с мужчиной"
"как построить хорошие отношения с мужчиной",50,"отношения с мужчиной"
"отношения с эмоционально холодным мужчиной",50,"отношения с мужчиной"
"отношения с состоятельным мужчиной",50,"отношения с мужчиной"
"отношения с мужчиной младше на 10",50,"отношения с мужчиной"
"отношения с мужчиной моложе на 10",50,"отношения с мужчиной"
"ощущения в отношениях с мужчиной",50,"отношения с мужчиной"
"лазарев отношения с мужчиной",50,"отношения с мужчиной"
"отношения с контрзависимым мужчиной",50,"отношения с мужчиной"
"мужчина интроверт в отношениях с женщиной",50,"отношения с мужчиной"
"судьба в отношениях с мужчиной",50,"отношения с мужчиной"
"перспектива отношений с мужчиной гадание",49,"отношения с мужчиной"
"отношения после развода с другим мужчиной",49,"отношения с мужчиной"
"как получить отношения с мужчиной",49,"отношения с мужчиной"
"познакомиться с богатым мужчиной для отношений",49,"отношения с мужчиной"
"женщина разрушает отношения с мужчиной",49,"отношения с мужчиной"
"переписка с мужчиной в начале отношений",49,"отношения с мужчиной"
"таро на отношение с мужчиной правдивое",49,"отношения с мужчиной"
"солнце таро в отношениях с мужчиной",49,"отношения с мужчиной"
"познакомиться с военным мужчиной для серьезных отношений",49,"отношения с мужчиной"
"какие отношения с мужчиной бывают",49,"отношения с мужчиной"
"придуманные отношения с мужчинами",49,"отношения с мужчиной"
"как закончить отношения с мужчиной правильно",49,"отношения с мужчиной"
"как быть мудрой в отношениях с мужчиной",48,"отношения с мужчиной"
"уроки в отношениях с мужчинами",48,"отношения с мужчиной"
"как общаться с манипулятором мужчиной в отношениях",48,"отношения с мужчиной"
"башня на отношения таро с мужчиной",48,"отношения с мужчиной"
"мужчина спасатель в отношениях с женщиной",48,"отношения с мужчиной"
"какие отношения с мужчиной водолеем",48,"отношения с мужчиной"
"шестерка кубков на отношения с мужчиной",48,"отношения с мужчиной"
"отношения с мужчиной цитаты",48,"отношения с мужчиной"
"мужчина родитель в отношениях с женщиной",47,"отношения с мужчиной"
"поздравить мужчину с годовщиной отношений",47,"отношения с мужчиной"
"как знакомиться с мужчинами для серьезных отношений",47,"отношения с мужчиной"
"отношения с мужчиной старше на 10",47,"отношения с мужчиной"
"улучшить отношения с мужчиной",47,"отношения с мужчиной"
"как выстроить отношения мужчине с ребенком",47,"отношения с мужчиной"
"как разорвать отношения с женатым мужчиной",47,"отношения с мужчиной"
"какие близнецы в отношениях с мужчиной",47,"отношения с мужчиной"
"вступаю в отношения с женатыми мужчинами",47,"отношения с мужчиной"
"сила таро в отношениях с мужчиной",47,"отношения с мужчиной"
"мужчина пятерка в отношениях с женщиной",47,"отношения с мужчиной"
"раки мужчины в отношениях с рыбами",46,"отношения с мужчиной"
"иерофант таро в отношениях с мужчиной",46,"отношения с мужчиной"
"отношения с мужчиной 68 лет",46,"отношения с мужчиной"
"отношения с мужчиной старше на 10 лет",46,"отношения с мужчиной"
"проработка отношений с мужчинами",46,"отношения с мужчиной"
"три карты таро на отношения с мужчиной",46,"отношения с мужчиной"
"как сложатся отношения с мужчиной таро",46,"отношения с мужчиной"
"картинки с надписями про отношения мужчине",46,"отношения с мужчиной"
"как общаться с абьюзером мужчиной в отношениях",46,"отношения с мужчиной"
"уйти или остаться в отношениях с мужчиной",46,"отношения с мужчиной"
"продолжать отношения с мужчиной гадание онлайн",46,"отношения с мужчиной"
"отношения с состоявшимся мужчиной",46,"отношения с мужчиной"
"отношения с мужчиной евреем",46,"отношения с мужчиной"
"нейрографика на отношения с мужчиной",45,"отношения с мужчиной"
"признаки не отношений с мужчиной",45,"отношения с мужчиной"
"стрельцы мужчины в отношениях с девой",45,"отношения с мужчиной"
"мудрость женщины в отношениях с мужчиной",45,"отношения с мужчиной"
"скорпион мужчина отношения с женщиной тельцом",45,"отношения с мужчиной"
"гадание на отношения с женатым мужчиной",45,"отношения с мужчиной"
"признаки жадного мужчины в отношениях с женщиной",45,"отношения с мужчиной"
"как говорить с мужчиной об отношениях",45,"отношения с мужчиной"
"почему я не хочу отношений с мужчинами",45,"отношения с мужчиной"
"книги для мужчин об отношениях с женщиной",45,"отношения с мужчиной"
"весы мужчина отношения с овном женщины",45,"отношения с мужчиной"
"как самой начать отношения с мужчиной",45,"отношения с мужчиной"
"сила женщины в отношении с мужчиной",45,"отношения с мужчиной"
"страхи женщин в отношениях с мужчинами",44,"отношения с мужчиной"
"поздравить мужчину с месяцем отношений",44,"отношения с мужчиной"
"поздравление мужчине с годовщиной отношений своими словами",44,"отношения с мужчиной"
"расклад на отношения с мужчиной видео",44,"отношения с мужчиной"
"отношения с обеспеченным мужчиной для серьезных",44,"отношения с мужчиной"
"знакомства чусовой с мужчинами для серьезных отношений",44,"отношения с мужчиной"
"отношения с мужчиной врачом",44,"отношения с мужчиной"
"интим отношения мужчин с женщинами",43,"отношения с мужчиной"
"выйти из отношений с мужчиной безболезненно",43,"отношения с мужчиной"
"таро дальнейшие отношения с мужчиной",43,"отношения с мужчиной"
"мужчина 50 лет психология отношений с женщиной",43,"отношения с мужчиной"
"тишина в отношениях с мужчиной",43,"отношения с мужчиной"
"страх близости в отношениях с мужчиной",43,"отношения с мужчиной"
"отношения с мужчиной после 45 лет",43,"отношения с мужчиной"
"гадать карта таро отношения с мужчиной",43,"отношения с мужчиной"
"как выйти из отношений с абьюзером мужчиной",43,"отношения с мужчиной"
"статус для серьезных отношений с мужчиной",43,"отношения с мужчиной"
"девушка скорпион в отношениях с мужчиной",43,"отношения с мужчиной"
"женщина против отношений с мужчиной",43,"отношения с мужчиной"
"как стать мужчиной в отношениях с девушкой",43,"отношения с мужчиной"
"отношения с военным мужчиной психология",42,"отношения с мужчиной"
"отношения с мягким мужчиной",42,"отношения с мужчиной"
"запрос на отношения с мужчиной",42,"отношения с мужчиной"
"с днем отношений любимому мужчине",42,"отношения с мужчиной"
"мужчина крыса в отношениях с женщиной",42,"отношения с мужчиной"
"отношения с грубым мужчиной",42,"отношения с мужчиной"
"мужчина еврей в отношениях с женщиной",42,"отношения с мужчиной"
"как не растворяться в отношениях с мужчиной",42,"отношения с мужчиной"
"характер козерога мужчины в отношениях с женщиной",42,"отношения с мужчиной"
"как прекратить отношения с женатым мужчиной",42,"отношения с мужчиной"
"мужчина с низкой самооценкой отношения",42,"отношения с мужчиной"
"отношения с выпивающим мужчиной",42,"отношения с мужчиной"
"отношения с мужчинами по знаку зодиаку",42,"отношения с мужчиной"
"гадание пауза или конец отношений с мужчиной",41,"отношения с мужчиной"
"инфантильный мужчина в отношениях с женщиной признаки",41,"отношения с мужчиной"
"девушки девы в отношениях с мужчиной",41,"отношения с мужчиной"
"отношения с мужчиной иностранцем",41,"отношения с мужчиной"
"карма отношений с мужчиной",41,"отношения с мужчиной"
"сплю с мужчиной без отношений",41,"отношения с мужчиной"
"видеть во сне отношения с мужчиной",41,"отношения с мужчиной"
"приоритет в отношениях с мужчиной",41,"отношения с мужчиной"
"отношения после 55 с мужчиной",41,"отношения с мужчиной"
"отношения с мужчиной с расстройством личности",41,"отношения с мужчиной"
"16 лет отношений с мужчиной",41,"отношения с мужчиной"
"свобода в отношении с мужчиной",40,"отношения с мужчиной"
"отношения с мужчиной с депрессией",40,"отношения с мужчиной"
"ценности мужчины в отношениях с женщиной",40,"отношения с мужчиной"
"тревожность в отношениях с мужчиной",40,"отношения с мужчиной"
"флирт в отношениях с мужчиной",40,"отношения с мужчиной"
"отношение с китайским мужчиной",40,"отношения с мужчиной"
"начало отношений с мужчиной львом",40,"отношения с мужчиной"
"близнецы в отношениях с мужчиной козерогом",40,"отношения с мужчиной"
"мужчина козерог в отношениях с женщиной близнецом",40,"отношения с мужчиной"
"жрица таро в отношениях с мужчиной",40,"отношения с мужчиной"
"какой мужчина близнец в отношениях с женщиной",40,"отношения с мужчиной"
"двойка кубков на отношения с мужчиной",40,"отношения с мужчиной"
"как закрыть прошлые отношения с мужчиной",40,"отношения с мужчиной"
"дочь не хочет отношений с мужчинами",40,"отношения с мужчиной"
"гадание на развитие отношений с мужчиной",40,"отношения с мужчиной"
"зачем нужны отношения с мужчинами",40,"отношения с мужчиной"
"отношения глазами мужчины с женщиной",40,"отношения с мужчиной"
"начало отношений с мужчиной водолеем",40,"отношения с мужчиной"
"уважать себя в отношениях с мужчиной",39,"отношения с мужчиной"
"отношения с неуверенным мужчиной",39,"отношения с мужчиной"
"состояния женщины в отношениях с мужчиной",39,"отношения с мужчиной"
"будет ли продолжение отношений с мужчиной гадание",39,"отношения с мужчиной"
"будет продолжение отношений с мужчина гадание",39,"отношения с мужчиной"
"как построить отношения с избегающим мужчиной",39,"отношения с мужчиной"
"нлп в отношениях с мужчиной",39,"отношения с мужчиной"
"поздравление с годом отношений любимому мужчине",39,"отношения с мужчиной"
"совместимость с близнецами мужчинами в отношениях",39,"отношения с мужчиной"
"ответственность женщины в отношениях с мужчиной",39,"отношения с мужчиной"
"отношения с властным мужчиной",39,"отношения с мужчиной"
"отвержение в отношениях с мужчиной",39,"отношения с мужчиной"
"редкие встречи с мужчиной в отношениях",39,"отношения с мужчиной"
"отношения с кавказским мужчиной",39,"отношения с мужчиной"
"познакомлюсь с мужчиной для серьезных отношений красноярск",39,"отношения с мужчиной"
"не понимаю какие отношения с мужчиной",39,"отношения с мужчиной"
"надоели отношения с мужчиной",39,"отношения с мужчиной"
"первые месяцы отношений с мужчиной",39,"отношения с мужчиной"
"первый месяц отношений с мужчиной",39,"отношения с мужчиной"
"толстой отношения с мужчинами",39,"отношения с мужчиной"
"расклад таро уэйта на отношения с мужчиной",38,"отношения с мужчиной"
"накручиваю себя в отношениях с мужчиной",38,"отношения с мужчиной"
"скучно в отношениях с мужчиной",38,"отношения с мужчиной"
"гармонизация отношений с мужчиной",38,"отношения с мужчиной"
"хочу свободные отношения с мужчиной",38,"отношения с мужчиной"
"какие отношения будут с загаданным мужчиной",38,"отношения с мужчиной"
"как настроить отношение с мужчиной",38,"отношения с мужчиной"
"в 12 лет отношения с мужчиной",38,"отношения с мужчиной"
"как поговорить с мужчиной об отношениях правильно",38,"отношения с мужчиной"
"как понять что отношения кармические с мужчиной",38,"отношения с мужчиной"
"мужчина бык в отношениях с женщиной",38,"отношения с мужчиной"
"будущее отношений с мужчиной руны",38,"отношения с мужчиной"
"гадание как сложатся отношения с мужчиной",37,"отношения с мужчиной"
"натальная карта отношений с мужчиной",37,"отношения с мужчиной"
"девушка весы в отношениях с мужчиной",37,"отношения с мужчиной"
"как захотеть отношений с мужчиной",37,"отношения с мужчиной"
"отношения с возрастным мужчиной",37,"отношения с мужчиной"
"карты таро отношения с женатым мужчиной",37,"отношения с мужчиной"
"не везет в отношениях с мужчинами",37,"отношения с мужчиной"
"девы мужчины в отношениях с близнецами",37,"отношения с мужчиной"
"отпустить ситуацию в отношениях с мужчиной",37,"отношения с мужчиной"
"не хочу отношений с мужчинами форум",37,"отношения с мужчиной"
"девы мужчины в отношениях с львами",37,"отношения с мужчиной"
"уверенность в отношениях с мужчиной",37,"отношения с мужчиной"
"тупик в отношениях с мужчиной",37,"отношения с мужчиной"
"отношения женщины овна с мужчиной скорпионом",37,"отношения с мужчиной"
"женщина близнец с мужчиной овном отношения",37,"отношения с мужчиной"
"почему мужчина тянет с отношениями",36,"отношения с мужчиной"
"почему мужчины тянут с отношениями",36,"отношения с мужчиной"
"отношения с любимым козерогом мужчиной",36,"отношения с мужчиной"
"слабый мужчина признаки в отношениях с женщиной",36,"отношения с мужчиной"
"отношения с мужчиной вдовцом с детьми",36,"отношения с мужчиной"
"проработать отношения с мужчинами",36,"отношения с мужчиной"
"эмоционально холодный мужчина в отношениях с женщиной",36,"отношения с мужчиной"
"как научиться доверять в отношениях с мужчиной",36,"отношения с мужчиной"
"мужчина с травмой отвержения в отношениях",36,"отношения с мужчиной"
"психология мужчин в отношениях с девушкой",36,"отношения с мужчиной"
"таро продолжать ли отношения с мужчиной",36,"отношения с мужчиной"
"отношения с жестоким мужчиной",36,"отношения с мужчиной"
"аскеза на отношения с мужчиной пример",36,"отношения с мужчиной"
"хочу разорвать отношения с мужчиной",35,"отношения с мужчиной"
"разложить карты на отношения с мужчиной",35,"отношения с мужчиной"
"мужчина лев в отношениях с рыбой",35,"отношения с мужчиной"
"отношения родитель ребенок с мужчиной",35,"отношения с мужчиной"
"хочу нормальных отношений с мужчиной",35,"отношения с мужчиной"
"отношения с обеспеченным мужчиной сайт",35,"отношения с мужчиной"
"женщина доминирующая в отношениях с мужчиной",35,"отношения с мужчиной"
"мужчина доминирует в отношениях с женщиной",35,"отношения с мужчиной"
"познакомиться с мужчиной для интимных отношений",35,"отношения с мужчиной"
"созависимость в отношениях с мужчиной как избавиться",35,"отношения с мужчиной"
"мужчина мусульманин в отношениях с женщиной",35,"отношения с мужчиной"
"будет ли продолжение отношений с загаданным мужчиной",34,"отношения с мужчиной"
"почему у меня нет отношений с мужчинами",34,"отношения с мужчиной"
"тревога в отношениях с мужчиной",34,"отношения с мужчиной"
"как выйти из отношений с нарциссом мужчиной",34,"отношения с мужчиной"
"отношения с доминантным мужчиной",34,"отношения с мужчиной"
"отношения с эмоционально незрелым мужчиной",34,"отношения с мужчиной"
"как построить отношения с мужчиной книги",34,"отношения с мужчиной"
"как привлечь отношения с мужчиной",34,"отношения с мужчиной"
"отношения с мужчиной стихи",34,"отношения с мужчиной"
"хочу закончить отношения с мужчиной",34,"отношения с мужчиной"
"открытки с отношение с мужчиной",34,"отношения с мужчиной"
"расклад манара на отношения с мужчиной",34,"отношения с мужчиной"
"таро отношения с мужчиной расклад гадание",34,"отношения с мужчиной"
"как разговаривать с мужчиной об отношениях",34,"отношения с мужчиной"
"знакомства самара серьезных отношений с мужчиной",34,"отношения с мужчиной"
"пасьянс на отношения с мужчиной разложить",34,"отношения с мужчиной"
"какие отношения будут с мужчиной гадание",34,"отношения с мужчиной"
"узнать будут ли отношения с мужчиной",34,"отношения с мужчиной"
"качества мужчины положительные в отношениях с женщиной",34,"отношения с мужчиной"
"позиция женщины в отношениях с мужчиной",33,"отношения с мужчиной"
"достоинство в отношениях с мужчиной",33,"отношения с мужчиной"
"как выйти из больных отношений с мужчиной",33,"отношения с мужчиной"
"отношения с корейским мужчиной",33,"отношения с мужчиной"
"фотострана серьезные отношения с мужчинами",33,"отношения с мужчиной"
"мужчина с вич отношения",33,"отношения с мужчиной"
"иллюзия отношений с мужчиной",33,"отношения с мужчиной"
"расклад на отношения с женатым мужчиной",33,"отношения с мужчиной"
"нет отношений с мужчинами много лет",33,"отношения с мужчиной"
"стоит ли выяснять отношения с мужчиной",33,"отношения с мужчиной"
"почему мужчины бояться отношений с женщиной",33,"отношения с мужчиной"
"отношения мужчины телец с женщиной весы",33,"отношения с мужчиной"
"турецкие женщины в отношениях с мужчиной",32,"отношения с мужчиной"
"мужчина военный психология отношений с женщиной",32,"отношения с мужчиной"
"правильные этапы отношений с мужчинами",32,"отношения с мужчиной"
"к чему снится любовные отношения с мужчиной",32,"отношения с мужчиной"
"отношения с мужчиной грузином",32,"отношения с мужчиной"
"обязанности женщины в отношениях с мужчиной",32,"отношения с мужчиной"
"девушка овен отношения с мужчиной",32,"отношения с мужчиной"
"неуверенный мужчина в отношениях с женщиной",32,"отношения с мужчиной"
"ред флаги в отношениях с мужчиной",32,"отношения с мужчиной"
"как будут развиваться отношения с мужчиной гадать",32,"отношения с мужчиной"
"руны на любовь и отношения с мужчиной",32,"отношения с мужчиной"
"девушки ищущие отношений с мужчинами",32,"отношения с мужчиной"
"серьезные отношения с состоятельными мужчинами",32,"отношения с мужчиной"
"как восстановить отношения с мужчиной после расставания",32,"отношения с мужчиной"
"отношения с мужчиной инвалидом",32,"отношения с мужчиной"
"что нельзя прощать в отношениях с мужчиной",32,"отношения с мужчиной"
"отношения с мужчиной старше на 15",32,"отношения с мужчиной"
"отношения с мужчиной старше на 15 лет",32,"отношения с мужчиной"
"отношения с отцом в жизни мужчины",32,"отношения с мужчиной"
"мужчина с алиментами отношения",32,"отношения с мужчиной"
"отношения с мужчиной из другого города",32,"отношения с мужчиной"
"социальные отношения с мужчинами",32,"отношения с мужчиной"
"привязка человека на отношения с мужчиной безопасная",32,"отношения с мужчиной"
"отношения с женатым мужчиной форум",32,"отношения с мужчиной"
"стрельцы мужчины в отношениях с козерогом",31,"отношения с мужчиной"
"мужчина водолей в отношениях с весами",31,"отношения с мужчиной"
"бартон отношения с женатым мужчиной",31,"отношения с мужчиной"
"жадный мужчина в отношениях с женщиной психология",31,"отношения с мужчиной"
"мужчина лев в отношениях с женщиной козерогом",31,"отношения с мужчиной"
"как строить отношения с мужчиной книги",31,"отношения с мужчиной"
"мудрые советы в отношениях с мужчиной",31,"отношения с мужчиной"
"мужчины скорпионы в отношениях с рыбой",31,"отношения с мужчиной"
"отношения с дагестанскими мужчинами",31,"отношения с мужчиной"
"будущее отношений на рунах с мужчиной",31,"отношения с мужчиной"
"отношения с мужчиной младше на 15",31,"отношения с мужчиной"
"отношения с мужчиной младше на 15 лет",31,"отношения с мужчиной"
"женская психология в отношениях с мужчиной советы",31,"отношения с мужчиной"
"отношения с мужчиной 56",31,"отношения с мужчиной"
"девушка рак в отношениях с мужчиной",31,"отношения с мужчиной"
"отношения женщины рыбы с мужчиной близнецы",31,"отношения с мужчиной"
"начало отношений с мужчиной овном",31,"отношения с мужчиной"
"девы мужчины в отношениях с рыбами",31,"отношения с мужчиной"
"серьезные отношения с мужчиной иностранцем",31,"отношения с мужчиной"
"отношение с шизоидным мужчиной",31,"отношения с мужчиной"
"тревожная женщина в отношениях с мужчиной",31,"отношения с мужчиной"
"отказ от отношений с мужчинами",31,"отношения с мужчиной"
"женщина врет в отношениях с мужчиной",30,"отношения с мужчиной"
"рак мужчина в отношениях с любимым",30,"отношения с мужчиной"
"зависимость от человека в отношениях с мужчиной",30,"отношения с мужчиной"
"правила мужчины в отношениях с женщиной",30,"отношения с мужчиной"
"начало отношений с мужчиной рак",30,"отношения с мужчиной"
"мужчина хочет отношений с замужней",30,"отношения с мужчиной"
"мужчина лев в отношениях с женщиной девой",30,"отношения с мужчиной"
"как разговаривать с мужчиной об отношениях правильно",30,"отношения с мужчиной"
"тиран мужчина признаки в отношениях с женщиной",30,"отношения с мужчиной"
"девушка водолей в отношениях с мужчиной",30,"отношения с мужчиной"
"как построить отношения с мужчиной раком",30,"отношения с мужчиной"
"мужчина дева в отношениях с женщиной скорпионом",29,"отношения с мужчиной"
"4 месяца отношений с мужчиной поздравления",29,"отношения с мужчиной"
"как построить гармоничные отношения с мужчиной",29,"отношения с мужчиной"
"как строить отношения с тревожным мужчиной",29,"отношения с мужчиной"
"как выйти из кармических отношений с мужчиной",29,"отношения с мужчиной"
"пасьянс на отношения с мужчиной таро",29,"отношения с мужчиной"
"почему мужчина скрывает отношения с женщиной",29,"отношения с мужчиной"
"отношения с мужчиной 48 лет",29,"отношения с мужчиной"
"мужчины осетины какие в отношениях с женщиной",29,"отношения с мужчиной"
"безопасность женщины в отношениях с мужчиной",29,"отношения с мужчиной"
"разведенная женщина с ребенком отношение мужчин",29,"отношения с мужчиной"
"как повысить значимость в отношениях с мужчиной",29,"отношения с мужчиной"
"девушка постоянно недовольна в отношениях с мужчиной",29,"отношения с мужчиной"
"как правильно общаться с мужчиной в отношениях",29,"отношения с мужчиной"
"отношения с 30 летним мужчиной",28,"отношения с мужчиной"
"как мужчины переживают разрыв отношений с любовницей",28,"отношения с мужчиной"
"как мужчине наладить отношения с женщиной",28,"отношения с мужчиной"
"сонник отношения с незнакомым мужчиной",28,"отношения с мужчиной"
"строить отношения с мужчиной старше",28,"отношения с мужчиной"
"якорение в отношениях с мужчиной",28,"отношения с мужчиной"
"девушки тельцы в отношениях с мужчиной",28,"отношения с мужчиной"
"манипуляции мужчины в отношениях с женщиной",28,"отношения с мужчиной"
"боюсь начать отношения с мужчиной",28,"отношения с мужчиной"
"тест какая я в отношениях с мужчиной",28,"отношения с мужчиной"
"на отношения с мужчиной 1 карта",28,"отношения с мужчиной"
"любовные отношения с женатым мужчиной",28,"отношения с мужчиной"
"таро на отношения с мужчиной манара",28,"отношения с мужчиной"
"отношения с хитрым мужчиной",28,"отношения с мужчиной"
"женская мудрость в отношениях с мужчиной",28,"отношения с мужчиной"
"не умею строить отношения с мужчинами",28,"отношения с мужчиной"
"боюсь новых отношений с мужчиной",28,"отношения с мужчиной"
"отношения с мужчиной ради секса",28,"отношения с мужчиной"
"как закончить отношения с любимым мужчиной",28,"отношения с мужчиной"
"отношения с ревнивым мужчиной",28,"отношения с мужчиной"
"таро на отношения с мужчиной на месяц",28,"отношения с мужчиной"
"расклад на перспективу отношений с мужчиной таро",28,"отношения с мужчиной"
"эмоциональное выгорание в отношениях с мужчиной",28,"отношения с мужчиной"
"как построить хорошие отношения с мужчиной психология",27,"отношения с мужчиной"
"мужчина рак отношение с женщиной близнецы",27,"отношения с мужчиной"
"девушка близнецы в отношениях с мужчиной",27,"отношения с мужчиной"
"как наладить отношения с мужчиной после ссоры",27,"отношения с мужчиной"
"отношения с мужчиной после 30",27,"отношения с мужчиной"
"первый секс с мужчиной в отношениях",27,"отношения с мужчиной"
"начало отношений с мужчиной весы",27,"отношения с мужчиной"
"психология отношений с мужчиной с детьми",27,"отношения с мужчиной"
"приснились отношения с другим мужчиной",27,"отношения с мужчиной"
"боюсь серьезных отношений с мужчинами",27,"отношения с мужчиной"
"как сложатся отношения с мужчиной гадание онлайн",27,"отношения с мужчиной"
"гадание ленорман на отношения с мужчиной",27,"отношения с мужчиной"
"испортились отношения с мужчиной",27,"отношения с мужчиной"
"отношения близнеца мужчины с женщиной весы",27,"отношения с мужчиной"
"близнецы мужчины в отношениях с рыбами",27,"отношения с мужчиной"
"нарциссический мужчина в отношениях с женщиной",27,"отношения с мужчиной"
"игнор в отношениях с мужчиной",27,"отношения с мужчиной"
"отношения с чеченским мужчиной",27,"отношения с мужчиной"
"отношения с женатыми мужчинами марк бартон",27,"отношения с мужчиной"
"держать дистанцию в отношениях с мужчиной",27,"отношения с мужчиной"
"не получается строить отношения с мужчинами",27,"отношения с мужчиной"
"отношения на расстоянии мужчины с женщиной",27,"отношения с мужчиной"
"расклад на игральных картах отношения с мужчиной",27,"отношения с мужчиной"
"сексуальные отношения медсестер с мужчинами и женщинами",27,"отношения с мужчиной"
"закон отношений с мужчинами",26,"отношения с мужчиной"
"мужчина сухарь в отношениях с женщиной",26,"отношения с мужчиной"
"книга про отношения с мужчинами психология",26,"отношения с мужчиной"
"мужчина ребенок в отношениях с женщиной признаки",26,"отношения с мужчиной"
"отношения с джуди киберпанк за мужчину",26,"отношения с мужчиной"
"как наладить отношения с детьми мужчины",26,"отношения с мужчиной"
"отношения с заключенным мужчиной",26,"отношения с мужчиной"
"женщина лев отношения с мужчиной тельцом",26,"отношения с мужчиной"
"как строить отношения с мужчиной козерогом",26,"отношения с мужчиной"
"отношения с отцом влияет на мужчин",26,"отношения с мужчиной"
"могут ли быть отношения с женатым мужчиной",26,"отношения с мужчиной"
"отношения с мужчиной тельцом женщина рак",26,"отношения с мужчиной"
"с каким мужчиной не надо строить отношения",26,"отношения с мужчиной"
"лабковский отношения с женатым мужчиной",26,"отношения с мужчиной"
"отношения с мужчиной намного старше",26,"отношения с мужчиной"
"познакомиться с мужчиной для серьезных отношений самара",26,"отношения с мужчиной"
"после развода не хочу отношений с мужчинами",26,"отношения с мужчиной"
"сомневаюсь в отношениях с мужчиной",26,"отношения с мужчиной"
"токсичная женщина в отношениях с мужчиной",26,"отношения с мужчиной"
"весы мужчины в отношениях с рыбами",26,"отношения с мужчиной"
"психология женщины в отношениях с мужчиной книга",25,"отношения с мужчиной"
"сложно строить отношения с мужчиной",25,"отношения с мужчиной"
"как поздравить мужчину с годом отношений",25,"отношения с мужчиной"
"не с одним мужчиной не получаются отношения",25,"отношения с мужчиной"
"я потеряла себя в отношениях с мужчиной",25,"отношения с мужчиной"
"мужчина дева в отношениях с женщиной водолеем",25,"отношения с мужчиной"
"девушка нарцисс в отношениях с мужчиной",25,"отношения с мужчиной"
"отношения с мужчиной в гражданском браке",25,"отношения с мужчиной"
"отношения с американским мужчиной",25,"отношения с мужчиной"
"отношения женщины льва с мужчиной водолеем",25,"отношения с мужчиной"
"первое место в отношениях с мужчиной",25,"отношения с мужчиной"
"мужчина весы в отношениях с женщиной скорпионом",25,"отношения с мужчиной"
"мужчина дева в отношениях с женщиной весы",24,"отношения с мужчиной"
"кармический урок в отношениях с мужчиной",24,"отношения с мужчиной"
"охлаждение в отношениях с мужчиной",24,"отношения с мужчиной"
"какой мужчина водолей в отношениях с женщиной",24,"отношения с мужчиной"
"как исправить отношения с мужчиной",24,"отношения с мужчиной"
"что такое собственница в отношениях с мужчиной",24,"отношения с мужчиной"
"долгие отношения с женатым мужчиной",24,"отношения с мужчиной"
"мужчина дева в отношениях с женщиной рак",24,"отношения с мужчиной"
"отношения с мужчиной зашли в тупик",24,"отношения с мужчиной"
"женщина жертва в отношениях с мужчиной",24,"отношения с мужчиной"
"если мужчина торопится в отношениях с женщиной",24,"отношения с мужчиной"
"мужчина мальчик в отношениях с женщиной",24,"отношения с мужчиной"
"церебральный нарцисс мужчина в отношениях с женщиной",24,"отношения с мужчиной"
"расклад на отношения с загаданным мужчиной",24,"отношения с мужчиной"
"строить отношения с мужчиной раком",24,"отношения с мужчиной"
"болею в отношениях с мужчиной",24,"отношения с мужчиной"
"техники манипуляции в отношениях с мужчиной",24,"отношения с мужчиной"
"отношения с мужчиной чеченцем",24,"отношения с мужчиной"
"книга для мужчин про отношения с женщиной",24,"отношения с мужчиной"
"мужчина дракон в отношениях с женщинами",24,"отношения с мужчиной"
"доминантный мужчина в отношениях с женщиной",24,"отношения с мужчиной"
"отношения с мужчиной скорпионом форум",23,"отношения с мужчиной"
"девушка интроверт в отношениях с мужчиной",23,"отношения с мужчиной"
"китайские мужчины в отношениях с женщиной",23,"отношения с мужчиной"
"молитва о сохранении отношений с мужчиной",23,"отношения с мужчиной"
"мужчина спасатель в отношениях с женщиной психология",23,"отношения с мужчиной"
"отношения с пограничным мужчиной",23,"отношения с мужчиной"
"вспыльчивый мужчина в отношениях с женщиной",23,"отношения с мужчиной"
"отношения с мужчиной учителем",23,"отношения с мужчиной"
"отношения с армянским мужчиной",23,"отношения с мужчиной"
"мужчина лев в отношениях с женщиной рыба",23,"отношения с мужчиной"
"мужчина охотник в отношениях с женщиной",23,"отношения с мужчиной"
"как строить отношения с мужчиной овном",23,"отношения с мужчиной"
"анализ отношений с мужчиной",23,"отношения с мужчиной"
"вернуть отношения после расставания с мужчиной",23,"отношения с мужчиной"
"мужчина в отношениях с женщиной удобной",23,"отношения с мужчиной"
"молчание мужчины в отношениях с женщиной",23,"отношения с мужчиной"
"главная ошибка женщины в отношениях с мужчинами",23,"отношения с мужчиной"
"заводить ли отношения с женатым мужчиной",23,"отношения с мужчиной"
"что значит предохраняться в отношениях с мужчиной",23,"отношения с мужчиной"
"отношение лев мужчина с овном женщина",23,"отношения с мужчиной"
"мужчина близнецы отношение с женщиной водолеем",23,"отношения с мужчиной"
"мужчина весы в отношениях с женщиной форум",23,"отношения с мужчиной"
"гадание мужчине на отношения с женщиной",23,"отношения с мужчиной"
"абьюз мужчина в отношениях с женщиной",23,"отношения с мужчиной"
"как убрать созависимость в отношениях с мужчиной",23,"отношения с мужчиной"
"как построить отношения с мужчиной скорпионом",23,"отношения с мужчиной"
"мужчина стрелец отношения с женщиной овном",23,"отношения с мужчиной"
"как закончить отношения с мужчиной которого любишь",23,"отношения с мужчиной"
"как поддержать отношения на расстоянии с мужчиной",23,"отношения с мужчиной"
"девы мужчины в отношениях с овнами",23,"отношения с мужчиной"
"отношения мужчины рыбы с женщиной тельцом",23,"отношения с мужчиной"
"сон с другим мужчиной в отношениях",22,"отношения с мужчиной"
"будет ли развитие отношений с загаданным мужчиной",22,"отношения с мужчиной"
"точка невозврата в отношениях с мужчиной",22,"отношения с мужчиной"
"знакомство с состоятельными мужчинами серьезные отношения",22,"отношения с мужчиной"
"отношения с мужчиной младше на 20 лет",22,"отношения с мужчиной"
"таро на отношения с мужчиной 1",22,"отношения с мужчиной"
"мужчина с ребенком как построить отношения",22,"отношения с мужчиной"
"отношения с порядочным мужчиной",22,"отношения с мужчиной"
"отношения с самодостаточным мужчиной",22,"отношения с мужчиной"
"мужчина рак в отношениях с женщиной овном",22,"отношения с мужчиной"
"мужчины рыбы в отношениях с женщиной весы",22,"отношения с мужчиной"
"мужчина эгоист в отношениях с женщиной признаки",22,"отношения с мужчиной"
"мужчина тигр в отношениях с женщиной",22,"отношения с мужчиной"
"отношения с нарциссом мужчиной сценарии",22,"отношения с мужчиной"
"как правильно завершить отношения с мужчиной",22,"отношения с мужчиной"
"какой нужно быть в отношениях с мужчиной",22,"отношения с мужчиной"
"телец мужчина в отношениях с весами",22,"отношения с мужчиной"
"я боюсь отношений с мужчинами что делать",22,"отношения с мужчиной"
"как побороть созависимость в отношениях с мужчиной",22,"отношения с мужчиной"
"как строить отношения с мужчиной скорпионом",22,"отношения с мужчиной"
"травма отвержения в отношениях с мужчиной признаки",21,"отношения с мужчиной"
"аскеза от отношений с мужчиной",21,"отношения с мужчиной"
"зачем строить отношения с мужчиной",21,"отношения с мужчиной"
"что такое доминировать в отношениях с мужчиной",21,"отношения с мужчиной"
"боюсь строить отношения с мужчиной",21,"отношения с мужчиной"
"император таро в отношениях с мужчиной",21,"отношения с мужчиной"
"начало отношений с мужчиной стрельцом",21,"отношения с мужчиной"
"мужчина после 60 лет отношения с женщиной",21,"отношения с мужчиной"
"расклад на развитие отношений с мужчиной",21,"отношения с мужчиной"
"мужчина с прл в отношениях",21,"отношения с мужчиной"
"не хочу отношений с мужчинами причины",21,"отношения с мужчиной"
"мужчина дева в отношениях с женщиной козерогом",21,"отношения с мужчиной"
"с какими мужчинами нельзя строить отношения",21,"отношения с мужчиной"
"что такое пассия в отношениях с мужчиной",21,"отношения с мужчиной"
"как быть независимой в отношениях с мужчиной",21,"отношения с мужчиной"
"простой расклад таро на отношения с мужчиной",21,"отношения с мужчиной"
"характер мужчины овна в отношениях с женщиной",21,"отношения с мужчиной"
"как строить отношения с мужчиной девой",21,"отношения с мужчиной"
"мужчина мусульманин в отношениях с женщиной русской",20,"отношения с мужчиной"
"построить правильные отношения с мужчиной",20,"отношения с мужчиной"
"отношения с мужчиной в возрасте 40",20,"отношения с мужчиной"
"сомнения в отношениях с мужчиной",20,"отношения с мужчиной"
"отношения с бедным мужчиной",20,"отношения с мужчиной"
"отношения с азербайджанским мужчиной",20,"отношения с мужчиной"
"не вижу смысла отношений с мужчинами",20,"отношения с мужчиной"
"женские форумы об отношениях с мужчинами",20,"отношения с мужчиной"
"возможны ли отношения на расстоянии с мужчиной",20,"отношения с мужчиной"
"психология отношений с мужчиной 45 лет",20,"отношения с мужчиной"
"гадание на мужчину отношения с женой онлайн",20,"отношения с мужчиной"
"дагестанские мужчины в отношениях с женщиной",20,"отношения с мужчиной"
"как укрепить отношения с мужчиной",20,"отношения с мужчиной"
"повторяющиеся отношения с мужчиной",20,"отношения с мужчиной"
"боюсь близких отношений с мужчиной",20,"отношения с мужчиной"
"отношения ближе дальше с мужчиной",20,"отношения с мужчиной"
"мужчины собственники в отношениях с женщиной",20,"отношения с мужчиной"
"выстроить здоровые отношения с мужчиной",20,"отношения с мужчиной"
"типы мужчин в отношениях с женщинами психология",20,"отношения с мужчиной"
"отношения мужчины овен с женщиной рыба",20,"отношения с мужчиной"
"таро перспектива отношений с загаданным мужчиной",20,"отношения с мужчиной"
"условия мужчины в отношениях с женщиной",20,"отношения с мужчиной"
"мужчина дева в отношениях с женщиной рыбой",20,"отношения с мужчиной"
"отношения водолея с овном мужчиной",20,"отношения с мужчиной"
"как строить отношения с нарциссом мужчиной",20,"отношения с мужчиной"
"как строить отношения с мужчиной психология",19,"отношения с мужчиной"
"отношения с женатым мужчиной книга",19,"отношения с мужчиной"
"почему не везет в отношениях с мужчинами",19,"отношения с мужчиной"
"как построить счастливые отношения с мужчиной",19,"отношения с мужчиной"
"строить отношения с мужчиной рыбы",19,"отношения с мужчиной"
"с какими мужчинами не стоит строить отношения",19,"отношения с мужчиной"
"мужчина грузин в отношениях с женщиной",19,"отношения с мужчиной"
"страх отношений с мужчинами что делать",19,"отношения с мужчиной"
"как построить крепкие отношения с мужчиной",19,"отношения с мужчиной"
"как пережить отношения с женатым мужчиной",19,"отношения с мужчиной"
"отношения с проблемным мужчиной",19,"отношения с мужчиной"
"психология отношений с мужчиной 55 лет",19,"отношения с мужчиной"
"выстраивание отношений с мужчиной",19,"отношения с мужчиной"
"чайковский отношения с мужчиной",19,"отношения с мужчиной"
"отношения с нерусским мужчиной",19,"отношения с мужчиной"
"уверенная женщина в отношениях с мужчиной",19,"отношения с мужчиной"
"мужчина козерог в отношениях с женщинами особенности",19,"отношения с мужчиной"
"отношения с мужчиной девой форум",19,"отношения с мужчиной"
"отношения с женатым мужчиной грех",18,"отношения с мужчиной"
"отношения с пограничной личностью мужчиной",18,"отношения с мужчиной"
"сергей лазарев отношения с мужчинами",18,"отношения с мужчиной"
"военный мужчина в отношениях с женщиной",18,"отношения с мужчиной"
"легкость в отношениях с мужчиной",18,"отношения с мужчиной"
"отношения с мужчиной 46 лет",18,"отношения с мужчиной"
"как понять что отношения закончились с мужчиной",18,"отношения с мужчиной"
"властный мужчина в отношениях с женщиной",18,"отношения с мужчиной"
"гадания на отношения с любимым мужчиной",18,"отношения с мужчиной"
"как правильно выйти из отношений с мужчиной",18,"отношения с мужчиной"
"мужчина чеченец в отношениях с женщиной",18,"отношения с мужчиной"
"как прекратить отношения с мужчиной не обидев",18,"отношения с мужчиной"
"как изменить токсичные отношения с мужчиной",18,"отношения с мужчиной"
"несерьезные отношения с мужчиной",18,"отношения с мужчиной"
"техника нлп в отношениях с мужчиной",18,"отношения с мужчиной"
"весы с львом мужчина в отношениях",18,"отношения с мужчиной"
"пограничное расстройство личности в отношениях с мужчиной",17,"отношения с мужчиной"
"виртуальные отношения с мужчиной",17,"отношения с мужчиной"
"отношения с абьюзером мужчиной форум",17,"отношения с мужчиной"
"как вернуть значимость в отношениях с мужчиной",17,"отношения с мужчиной"
"безответственный мужчина в отношениях с женщиной",17,"отношения с мужчиной"
"сатья отношения с женатым мужчиной",17,"отношения с мужчиной"
"женские ошибки в отношениях с мужчинами",17,"отношения с мужчиной"
"отношения с арабским мужчиной",17,"отношения с мужчиной"
"девушка рыба в отношениях с мужчиной",17,"отношения с мужчиной"
"самоценность женщины в отношениях с мужчиной",17,"отношения с мужчиной"
"ритуал на отношения с мужчиной",17,"отношения с мужчиной"
"характер тельца мужчины в отношениях с женщиной",17,"отношения с мужчиной"
"овен в отношениях с мужчиной львом",17,"отношения с мужчиной"
"близнецы таро август 2026 отношения с мужчиной",17,"отношения с мужчиной"
"ведьма и отношения с мужчиной",17,"отношения с мужчиной"
"как выдержать паузу в отношениях с мужчиной",17,"отношения с мужчиной"
"запасной вариант в отношениях с мужчиной",17,"отношения с мужчиной"
"ненадежный мужчина в отношениях с женщиной",17,"отношения с мужчиной"
"манипуляции мужчины в отношениях с женщиной признаки",17,"отношения с мужчиной"
"что такое фроттаж в отношениях с мужчиной",17,"отношения с мужчиной"
"отношения с мужчиной оперуполномоченным",17,"отношения с мужчиной"
"напряжение в отношениях с мужчиной",17,"отношения с мужчиной"
"дистанция в отношениях с мужчиной правила",16,"отношения с мужчиной"
"горячо холодно в отношениях с мужчиной",16,"отношения с мужчиной"
"топ рекомендаций мужчинам по отношению с женщинами",16,"отношения с мужчиной"
"иранские мужчины в отношениях с женщиной",16,"отношения с мужчиной"
"ненужные отношения с мужчиной",16,"отношения с мужчиной"
"заговор на гармонизацию отношений с мужчиной",16,"отношения с мужчиной"
"как сохранить отношения на расстоянии с мужчиной",16,"отношения с мужчиной"
"активная женщина в отношениях с мужчиной",16,"отношения с мужчиной"
"не уверена в отношениях с мужчиной",16,"отношения с мужчиной"
"таро расклад на отношения с мужчиной младше",16,"отношения с мужчиной"
"тревога в отношениях с мужчиной как избавиться",16,"отношения с мужчиной"
"отношения с грузинским мужчиной",16,"отношения с мужчиной"
"цыганские карты на отношения с мужчиной",16,"отношения с мужчиной"
"если с мужчиной некомфортно в отношениях",16,"отношения с мужчиной"
"мужчины овны в отношениях с рыбой",16,"отношения с мужчиной"
"красные флаги в отношениях с мужчиной список",16,"отношения с мужчиной"
"почему не складываются отношения с мужчинами таро",16,"отношения с мужчиной"
"к чему приводят отношения с женатым мужчиной",16,"отношения с мужчиной"
"как строить отношения с мужчиной тельцом",16,"отношения с мужчиной"
"почему проходят чувства в отношениях с мужчиной",16,"отношения с мужчиной"
"таро манара расклад на отношения с мужчиной",16,"отношения с мужчиной"
"манипуляции в отношениях с мужчиной примеры",16,"отношения с мужчиной"
"как уйти от токсичных отношений с мужчиной",16,"отношения с мужчиной"
"не складываются отношения с мужчинами психология",16,"отношения с мужчиной"
"отношения с мужчиной курс",16,"отношения с мужчиной"
"заговор на улучшение отношений с мужчиной",16,"отношения с мужчиной"
"к чему приведут наши отношения с мужчиной",16,"отношения с мужчиной"
"техника якорь в отношениях с мужчиной",16,"отношения с мужчиной"
"игнорирование в отношениях с мужчиной",15,"отношения с мужчиной"
"боязнь отношений с мужчинами",15,"отношения с мужчиной"
"как строить отношения с мужчиной водолеем",15,"отношения с мужчиной"
"как строить отношения с мужчиной весы",15,"отношения с мужчиной"
"отношения с наркозависимым мужчиной",15,"отношения с мужчиной"
"как пройти кармические отношения с мужчиной",15,"отношения с мужчиной"
"отношения с мужчиной с инвалидностью",15,"отношения с мужчиной"
"молодые мужчины отношения с пожилыми женщинами",15,"отношения с мужчиной"
"стоит заводить отношения с женатым мужчиной",15,"отношения с мужчиной"
"отношения с невротиком мужчиной",15,"отношения с мужчиной"
"знакомства с мужчинами для серьезных отношений астрахань",15,"отношения с мужчиной"
"мужчина 60 лет психология отношений с женщиной",15,"отношения с мужчиной"
"как отпустить контроль в отношениях с мужчиной",15,"отношения с мужчиной"
"отношения лесбиянок с мужчинами",15,"отношения с мужчиной"
"кому молиться об отношениях с мужчиной",15,"отношения с мужчиной"
"мужчина охотник в отношениях с женщиной психология",15,"отношения с мужчиной"
"гадание онлайн возобновление отношений с мужчиной",15,"отношения с мужчиной"
"созависимость в отношениях с мужчиной алкоголиком",15,"отношения с мужчиной"
"нейрографика на любовь и отношения с мужчиной",15,"отношения с мужчиной"
"как строить отношения с женатым мужчиной",15,"отношения с мужчиной"
"отношения с мужчиной эмпатом",15,"отношения с мужчиной"
"отношения с травмированным мужчиной",15,"отношения с мужчиной"
"эмоциональное выгорание в отношениях с мужчиной симптомы",14,"отношения с мужчиной"
"ревность и контроль в отношениях с мужчиной",14,"отношения с мужчиной"
"гадать онлайн на отношения с мужчиной",14,"отношения с мужчиной"
"история отношений с мужчин с проститутками",14,"отношения с мужчиной"
"нерешительный мужчина в отношениях с женщиной",14,"отношения с мужчиной"
"стоит ли заводить отношения с женатым мужчиной",14,"отношения с мужчиной"
"бенчинг в отношениях с мужчиной",14,"отношения с мужчиной"
"тест на токсичные отношения с мужчиной",14,"отношения с мужчиной"
"как восстановиться после отношений с нарциссом мужчиной",14,"отношения с мужчиной"
"мужчина рыба в отношениях с тельцом",14,"отношения с мужчиной"
"расклад таро на развитие отношений с мужчиной",14,"отношения с мужчиной"
"зависимость от отношений с мужчиной как избавиться",14,"отношения с мужчиной"
"мужчины блоггеры про отношения с женщинами",14,"отношения с мужчиной"
"почему не получаются отношения с мужчинами психология",14,"отношения с мужчиной"
"девушка козерог характеристика в отношениях с мужчиной",14,"отношения с мужчиной"
"мужчина замолчал в отношениях с женщиной",14,"отношения с мужчиной"
"как избавиться от кармических отношений с мужчиной",14,"отношения с мужчиной"
"отношения с обычным простым мужчиной",14,"отношения с мужчиной"
"звезда на развитие отношений с мужчиной",14,"отношения с мужчиной"
"как научиться строить отношения с мужчиной",14,"отношения с мужчиной"
"как сохранить хорошие отношения с женатым мужчиной",14,"отношения с мужчиной"
"как выйти из болезненных отношений с мужчиной",13,"отношения с мужчиной"
"мужчина с сдвг в отношениях",13,"отношения с мужчиной"
"6 этапов построения отношений с мужчиной",13,"отношения с мужчиной"
"статья 6 этапов построения отношений с мужчиной",13,"отношения с мужчиной"
"как порвать отношения с женатым мужчиной",13,"отношения с мужчиной"
"дети против отношений с мужчиной",13,"отношения с мужчиной"
"не могу завязать отношения с мужчиной",13,"отношения с мужчиной"
"что значит уни в отношениях с мужчиной",13,"отношения с мужчиной"
"почему не складываются отношения с мужчинами психология",13,"отношения с мужчиной"
"почему не складываются отношения с мужчинами тест",13,"отношения с мужчиной"
"как закончить кармические отношения с мужчиной навсегда",13,"отношения с мужчиной"
"почему угасают чувства в отношениях с мужчиной",13,"отношения с мужчиной"
"гордость в отношениях с мужчиной",13,"отношения с мужчиной"
"мужчина педант в отношениях с женщиной",13,"отношения с мужчиной"
"девушка нарцисс признаки в отношениях с мужчиной",13,"отношения с мужчиной"
"заставка на телефон отношения с мужчиной",13,"отношения с мужчиной"
"отношения с нарциссом мужчиной форум",13,"отношения с мужчиной"
"как прояснить отношения с мужчиной",13,"отношения с мужчиной"
"серьезный разговор с мужчиной об отношениях",13,"отношения с мужчиной"
"отношения с мужчиной выросшим без отца",13,"отношения с мужчиной"
"дистанцирование в отношениях с мужчиной",13,"отношения с мужчиной"
"гадать будущее отношений с мужчиной",13,"отношения с мужчиной"
"как построить нормальные отношения с мужчиной",13,"отношения с мужчиной"
"приснился любимый мужчина с которым нет отношений",13,"отношения с мужчиной"
"как общаться с нарциссом мужчиной в отношениях",13,"отношения с мужчиной"
"торсунов как строить отношения с мужчиной",13,"отношения с мужчиной"
"как отработать карму в отношениях с мужчиной",12,"отношения с мужчиной"
"поведение с мужчиной психология отношений",12,"отношения с мужчиной"
"отношения с итальянскими мужчинами",12,"отношения с мужчиной"
"женский нарциссизм в отношениях с мужчиной",12,"отношения с мужчиной"
"значение рун на отношения с мужчиной",12,"отношения с мужчиной"
"с чего строятся отношения с мужчиной",12,"отношения с мужчиной"
"как мужчину стрельца с отношением к девушке",12,"отношения с мужчиной"
"женская психология в отношениях с мужчиной книги",12,"отношения с мужчиной"
"поздравление мужчине с 1 месяцем отношений",12,"отношения с мужчиной"
"мужчина близнец в отношениях с женщиной поведение",12,"отношения с мужчиной"
"как развивать отношения с мужчиной после знакомства",12,"отношения с мужчиной"
"7 стадий любви в отношениях с мужчиной",12,"отношения с мужчиной"
"виды абьюза в отношениях с мужчиной",12,"отношения с мужчиной"
"я перегорела в отношениях с мужчиной",12,"отношения с мужчиной"
"признаки абьюзивных отношений с мужчиной",12,"отношения с мужчиной"
"мужчина инфантил в отношениях с женщиной",12,"отношения с мужчиной"
"школа для женщин по отношению с мужчинами",12,"отношения с мужчиной"
"тест стоит ли продолжать отношения с мужчиной",12,"отношения с мужчиной"
"нарцисс абьюзер мужчина в отношениях с женщиной",12,"отношения с мужчиной"
"наталья калиева об отношениях с несвободным мужчиной",12,"отношения с мужчиной"
"отношения между с мужчиной девой",12,"отношения с мужчиной"
"как расставить границы в отношениях с мужчиной",12,"отношения с мужчиной"
"как построить отношения с нарциссом мужчиной",12,"отношения с мужчиной"
"нет сил на отношения с мужчиной",12,"отношения с мужчиной"
"как прекратить отношения с абьюзером мужчиной",12,"отношения с мужчиной"
"мужчина весы в отношениях с женщиной козерогом",12,"отношения с мужчиной"
"серьезные отношения с женатым мужчиной",12,"отношения с мужчиной"
"женщина ребенок в отношениях с мужчиной психология",12,"отношения с мужчиной"
"как построить отношения с женатым мужчиной",12,"отношения с мужчиной"
"как построить отношения с мужчиной советы",12,"отношения с мужчиной"
"игнор в отношениях с мужчиной помогает",11,"отношения с мужчиной"
"отношения мужчины невротика с женщиной",11,"отношения с мужчиной"
"как избавиться от зависимых отношений с мужчиной",11,"отношения с мужчиной"
"что такое газлайтинг в отношениях с мужчиной",11,"отношения с мужчиной"
"как строить отношения на расстоянии с мужчиной",11,"отношения с мужчиной"
"армянские мужчины в отношениях с русскими",11,"отношения с мужчиной"
"тактика тишины в отношениях с мужчиной",11,"отношения с мужчиной"
"грузинские мужчины в отношениях с женщиной",11,"отношения с мужчиной"
"таро ангелов будут ли отношения с мужчиной",11,"отношения с мужчиной"
"длительные отношения с женатым мужчиной",11,"отношения с мужчиной"
"знакомства с мужчиной энгельс серьезные отношения флирт",11,"отношения с мужчиной"
"как закончить отношения с нарциссом мужчиной",11,"отношения с мужчиной"
"стоит ли продолжать отношения с загаданным мужчиной",11,"отношения с мужчиной"
"мужчина лидер в отношениях с женщиной",11,"отношения с мужчиной"
"гадать на отношения с мужчиной бывшего",11,"отношения с мужчиной"
"шизоидные женщины в отношениях с мужчиной",11,"отношения с мужчиной"
"как избавиться от созависимых отношений с мужчиной",11,"отношения с мужчиной"
"скупой мужчина в отношениях с женщиной",11,"отношения с мужчиной"
"девушка стрелец характеристика в отношениях с мужчиной",11,"отношения с мужчиной"
"перестать бояться отношений с мужчинами",11,"отношения с мужчиной"
"девушка постоянно врет в отношениях с мужчиной",11,"отношения с мужчиной"
"зеленые флаги в отношениях с мужчиной",11,"отношения с мужчиной"
"запуталась в отношениях с мужчиной",11,"отношения с мужчиной"
"нет эмоциональной близости в отношениях с мужчиной",11,"отношения с мужчиной"
"скорпион характер мужчины в отношениях с женщиной",11,"отношения с мужчиной"
"страх перед отношениями с мужчиной",11,"отношения с мужчиной"
"приметы на отношения и любовь с мужчиной",11,"отношения с мужчиной"
"доминирование в отношениях с мужчиной",11,"отношения с мужчиной"
"правило трех дней в отношениях с мужчиной",11,"отношения с мужчиной"
"что нельзя терпеть в отношениях с мужчиной",11,"отношения с мужчиной"
"как разговаривать с абьюзером мужчиной в отношениях",11,"отношения с мужчиной"
"как избавиться от токсичных отношений с мужчиной",10,"отношения с мужчиной"
"мужчина рак кролик в отношениях с женщиной",10,"отношения с мужчиной"
"сатья как строить отношения с мужчиной",10,"отношения с мужчиной"
"эмоциональные качели в отношениях с мужчиной признаки",10,"отношения с мужчиной"
"выход из токсичных отношений с мужчиной",10,"отношения с мужчиной"
"как убрать рассорку в отношениях с мужчиной",10,"отношения с мужчиной"
"как построить отношения с мужчиной советы психолога",10,"отношения с мужчиной"
"аффирмации на счастливые отношения с мужчиной",10,"отношения с мужчиной"
"одиночество в отношениях с мужчиной что делать",10,"отношения с мужчиной"
"медовый спас на улучшение отношений с мужчиной",10,"отношения с мужчиной"
"текст аскезы на отношения с мужчиной",10,"отношения с мужчиной"
"психологический тест на отношения с мужчиной",10,"отношения с мужчиной"
"почему женщина молчит в отношениях с мужчиной",10,"отношения с мужчиной"
"как обращаться с мужчиной в отношениях",10,"отношения с мужчиной"
"токсичный мужчина в отношениях с женщиной признаки",10,"отношения с мужчиной"
"другой подход в отношениях с мужчиной",10,"отношения с мужчиной"
"мужчина 57 лет психология отношений с женщиной",10,"отношения с мужчиной"
"женщина эмпат в отношениях с мужчиной",10,"отношения с мужчиной"
"как говорить с мужчиной об отношениях правильно",10,"отношения с мужчиной"
"отношения с молодым мужчиной психология",10,"отношения с мужчиной"
"женская психология в отношениях с мужчиной фрейд",10,"отношения с мужчиной"
"1 карта таро на отношения с мужчиной",10,"отношения с мужчиной"
"дофаминовая петля в отношениях с мужчиной",10,"отношения с мужчиной"
"фильм про отношения мужчины с студенткой",10,"отношения с мужчиной"
"мужчина социопат в отношениях с женщиной",10,"отношения с мужчиной"
"как отпустить прошлые отношения с мужчиной",10,"отношения с мужчиной"
"как построить отношения с мужчиной стрельцом",10,"отношения с мужчиной"
"мужчины арабы в отношениях с женщиной",10,"отношения с мужчиной"
"обидчивый мужчина психология в отношениях с женщиной",10,"отношения с мужчиной"
"мужчина с нарциссическими чертами в отношениях",10,"отношения с мужчиной"
"как уйти из созависимых отношений с мужчиной",10,"отношения с мужчиной"
"познакомиться с обеспеченным мужчиной для свободных отношений",10,"отношения с мужчиной"
"мужчина иранец в отношениях с женщиной",10,"отношения с мужчиной"
"проблемные женщины в отношениях с мужчиной",10,"отношения с мужчиной"
"гадание на мужчину с работы отношения",10,"отношения с мужчиной"
"мужчина параноик в отношениях с женщиной",10,"отношения с мужчиной"
"как начать отношения с мужчиной который нравится",10,"отношения с мужчиной"
"отношение 25 мужчина с 35 летним дамой",10,"отношения с мужчиной"
"неопределенность в отношениях с мужчиной что делать",10,"отношения с мужчиной"
"отливка воском на отношения с мужчиной",10,"отношения с мужчиной"
"как перестать тревожиться в отношениях с мужчиной",9,"отношения с мужчиной"
"неуверенность в отношениях с мужчиной",9,"отношения с мужчиной"
"поведение нарцисса в отношениях с мужчиной",9,"отношения с мужчиной"
"холодный мужчина психология в отношениях с женщиной",9,"отношения с мужчиной"
"зачем отношения с женатым мужчиной",9,"отношения с мужчиной"
"корейские мужчины в отношениях с русской женщиной",9,"отношения с мужчиной"
"мужчина лев с луной в рыбах отношения",9,"отношения с мужчиной"
"мужчина скорпион дракон в отношениях с женщиной",9,"отношения с мужчиной"
"почему я избегаю отношений с мужчинами",9,"отношения с мужчиной"
"отношения с мужчиной греком",9,"отношения с мужчиной"
"что делать с кармическими отношениями с мужчиной",9,"отношения с мужчиной"
"пасьянс на отношения с мужчиной разложить таро",9,"отношения с мужчиной"
"режим тишины в отношениях с мужчиной",9,"отношения с мужчиной"
"что значит масик в отношениях с мужчиной",9,"отношения с мужчиной"
"как выйти из абьюзерских отношений с мужчиной",9,"отношения с мужчиной"
"почему нет отношений с мужчинами психология",9,"отношения с мужчиной"
"чем закончатся отношения с мужчиной таро",9,"отношения с мужчиной"
"как правильно строить отношения с мужчиной психология",9,"отношения с мужчиной"
"боюсь вступать в отношения с мужчиной",9,"отношения с мужчиной"
"как пережить паузу в отношениях с мужчиной",9,"отношения с мужчиной"
"нужно ли выяснять отношения с мужчиной",9,"отношения с мужчиной"
"как прекратить токсичные отношения с мужчиной",9,"отношения с мужчиной"
"устала от отношений с мужчиной что делать",9,"отношения с мужчиной"
"страх вступать в отношения с мужчиной",9,"отношения с мужчиной"
"51 год и отношения с мужчиной",9,"отношения с мужчиной"
"иранские мужчины в отношениях с женщиной русской",9,"отношения с мужчиной"
"мужчина стрелец тигр в отношениях с женщиной",9,"отношения с мужчиной"
"гфйд вопросов в отношениях с мужчиной",9,"отношения с мужчиной"
"характеристика абьюзера мужчины в отношениях с женщиной",9,"отношения с мужчиной"
"наши с тобой отношения написать мужчине",9,"отношения с мужчиной"
"хочу зрелых отношений с мужчиной",9,"отношения с мужчиной"
"мужчина рак в отношениях с женщиной стрельцом",9,"отношения с мужчиной"
"отношения с рсп реальные истории мужчин",9,"отношения с мужчиной"
"признаки зрелого мужчины в отношениях с женщиной",9,"отношения с мужчиной"
"как закончить токсичные отношения с мужчиной",9,"отношения с мужчиной"
"сонник романтические отношения с мужчиной",9,"отношения с мужчиной"
"усталость от отношений с мужчиной",9,"отношения с мужчиной"
"отношения с женатым мужчиной мелодрама интим",9,"отношения с мужчиной"
"незакрытый гештальт в отношениях с мужчиной",9,"отношения с мужчиной"
"цитаты про отношения с мужчиной",9,"отношения с мужчиной"
"трансгендерные отношения с мужчинами",9,"отношения с мужчиной"
"поздравить любимого мужчину с годовщиной отношений",9,"отношения с мужчиной"
"стоит ли строить отношения с мужчиной водолеем",9,"отношения с мужчиной"
"песня об отношениях с женатым мужчиной чужим",9,"отношения с мужчиной"
"красиво выйти из отношений с мужчиной",9,"отношения с мужчиной"
"гордый мужчина в отношениях с женщиной",9,"отношения с мужчиной"
"познакомить с мужчиной для серьезных отношений",9,"отношения с мужчиной"
"отношения с эмоционально недоступным мужчиной",9,"отношения с мужчиной"
"мужчина скорпион форум в отношениях с женщиной",9,"отношения с мужчиной"
"отношения с мужчиной у которого четверо детей",9,"отношения с мужчиной"
"мужчина мошенник в отношениях с женщиной",8,"отношения с мужчиной"
"как красиво закончить отношения с мужчиной",8,"отношения с мужчиной"
"стерва в отношениях с мужчиной",8,"отношения с мужчиной"
"уязвимость в отношениях с мужчиной",8,"отношения с мужчиной"
"поздравление мужчине с которым начало отношений",8,"отношения с мужчиной"
"тетрадочка для проработки отношений с мужчинами",8,"отношения с мужчиной"
"мужчина 47 лет психология отношений с женщиной",8,"отношения с мужчиной"
"транс секс с пожилым мужчиной гомосексуальные отношения",8,"отношения с мужчиной"
"молитва о сохранении отношений с любимым мужчиной",8,"отношения с мужчиной"
"мужчина халявщик в отношениях с женщиной",8,"отношения с мужчиной"
"как выставить границы в отношениях с мужчиной",8,"отношения с мужчиной"
"причины негативного опыта в отношениях с мужчинами",8,"отношения с мужчиной"
"перспективы отношений с загаданным мужчиной онлайн",8,"отношения с мужчиной"
"лунный календарь для восстановления отношений с мужчиной",8,"отношения с мужчиной"
"аффирмации на отношения с конкретным мужчиной",8,"отношения с мужчиной"
"как быть ненавязчивой в отношениях с мужчиной",8,"отношения с мужчиной"
"когнитивный рефрейминг в отношениях с мужчиной",8,"отношения с мужчиной"
"как начинать разные отношения с мужчиной",8,"отношения с мужчиной"
"обиженный мужчина психология в отношениях с женщиной",8,"отношения с мужчиной"
"страсть вагинально отношения с мужчиной",8,"отношения с мужчиной"
"отношения не развиваются с мужчиной что делать",8,"отношения с мужчиной"
"мужчина дева в отношениях с женщиной старше",8,"отношения с мужчиной"
"почему я боюсь отношений с мужчинами",8,"отношения с мужчиной"
"зависимые отношения с мужчиной признаки",8,"отношения с мужчиной"
"психологические качели в отношениях с мужчиной",8,"отношения с мужчиной"
"женщина паразит в отношениях с мужчиной",8,"отношения с мужчиной"
"мужчина трудоголик в отношениях с женщиной",8,"отношения с мужчиной"
"общение на расстоянии с мужчиной психология отношений",8,"отношения с мужчиной"
"как выйти из нездоровых отношений с мужчиной",8,"отношения с мужчиной"
"женская гордыня в отношениях с мужчиной",8,"отношения с мужчиной"
"мужчина в отношении с женщиной хочет свободы",8,"отношения с мужчиной"
"чувство одиночества в отношениях с мужчиной",8,"отношения с мужчиной"
"как закончить отношения с мужчиной скорпионом",8,"отношения с мужчиной"
"джерард батлер имел ли отношения с мужчинами",8,"отношения с мужчиной"
"отношения с женщиной делает мужчину бедным",8,"отношения с мужчиной"
"какие сейчас отношения моего мужчины с соперницей",8,"отношения с мужчиной"
"как начать отношения с мужчиной тельцом",8,"отношения с мужчиной"
"поздравление мужчине с 1 годом отношений",8,"отношения с мужчиной"
"характер мужчины рыбы в отношениях с женщиной",8,"отношения с мужчиной"
"поведение манипулятора мужчины в отношениях с женщиной",8,"отношения с мужчиной"
"неглектор мужчина в отношениях с женщиной",8,"отношения с мужчиной"
"важные вопросы в отношениях с мужчиной",8,"отношения с мужчиной"
"как убрать тревожность в отношениях с мужчиной",7,"отношения с мужчиной"
"если у мужчины плохие отношения с матерью",7,"отношения с мужчиной"
"мудрая женщина в отношениях с мужчиной психология",7,"отношения с мужчиной"
"тест кто я в отношениях с мужчиной",7,"отношения с мужчиной"
"почему надо прекращать отношения с женатым мужчиной",7,"отношения с мужчиной"
"правильный подход в отношениях с мужчиной",7,"отношения с мужчиной"
"зачем мужчина с отношениях ласкает меня",7,"отношения с мужчиной"
"сохранила отношения с двумя мужчинами порно",7,"отношения с мужчиной"
"как правильно выстроить отношения с водолеем мужчина",7,"отношения с мужчиной"
"почему отношения с женатым мужчиной это плохо",7,"отношения с мужчиной"
"отношения с мужчиной бурятом",7,"отношения с мужчиной"
"перестала видеть перспективы отношений с мужчиной",7,"отношения с мужчиной"
"гадание итог отношений с мужчиной",7,"отношения с мужчиной"
"как жить в отношениях с мужчиной весами",7,"отношения с мужчиной"
"как мужчина стрелец рвет отношения с женщиной",7,"отношения с мужчиной"
"гадание таро на отношения с мужчиной монаро",7,"отношения с мужчиной"
"отношения с мужчины с активным трансом",7,"отношения с мужчиной"
"отношения с кавказским мужчиной и русской женщиной",7,"отношения с мужчиной"
"близнецы мужчина в отношениях с женщиной форум",7,"отношения с мужчиной"
"как закончить отношения с мужчиной алкоголиком",7,"отношения с мужчиной"
"как пробовать строить отношения с мужчиной",7,"отношения с мужчиной"
"как исправить ошибки в отношениях с мужчиной",7,"отношения с мужчиной"
"безответственный мужчина в отношениях с женщиной признаки",7,"отношения с мужчиной"
"как реанимировать отношения с мужчиной",7,"отношения с мужчиной"
"как перейти на уровень отношений с мужчиной",7,"отношения с мужчиной"
"зачем мужчина налаживает отношения с родителями женщины",7,"отношения с мужчиной"
"стадии отношений с нарциссом мужчиной",7,"отношения с мужчиной"
"непонятные отношения с мужчиной что делать",7,"отношения с мужчиной"
"нарцисс как распознать в отношениях с мужчиной",7,"отношения с мужчиной"
"тест почему нет отношений с мужчиной",7,"отношения с мужчиной"
"4 месяца отношений с мужчиной психология",7,"отношения с мужчиной"
"роналду отношения с мужчинами",7,"отношения с мужчиной"
"армянские женщины отношения с молодыми мужчинами",7,"отношения с мужчиной"
"личные границы в отношениях с мужчиной примеры",7,"отношения с мужчиной"
"жадный мужчина в отношениях с женщиной форум",7,"отношения с мужчиной"
"маятник в отношениях с мужчинами весами",7,"отношения с мужчиной"
"что такое сталкерство в отношениях с мужчиной",7,"отношения с мужчиной"
"женщина эгоистка в отношениях с мужчиной",7,"отношения с мужчиной"
"мужчина телец любит начинать отношения с дружбы",7,"отношения с мужчиной"
"жизнь мужчин без отношений с противоположным полом",7,"отношения с мужчиной"
"не выясняйте отношения с мужчиной раком",7,"отношения с мужчиной"
"когда нужно уходить из отношений с мужчиной",7,"отношения с мужчиной"
"книги для манипуляции в отношениях с мужчиной",7,"отношения с мужчиной"
"отношения с наркозависимым мужчиной психология",7,"отношения с мужчиной"
"как строить отношения с мужчиной 60 лет",7,"отношения с мужчиной"
"детская позиция в отношениях с мужчиной",7,"отношения с мужчиной"
"отрицательные качества мужчины в отношениях с женщиной",7,"отношения с мужчиной"
"дистанцирование в отношениях с мужчиной правила",7,"отношения с мужчиной"
"нлп психология в отношениях с мужчиной",7,"отношения с мужчиной"
"психологические манипуляции в отношениях с мужчиной",7,"отношения с мужчиной"
"отношения с двумя мужчинами форум",7,"отношения с мужчиной"
"мужчина активно обсуждает с чужими семейные отношения",7,"отношения с мужчиной"
"торт на месяц отношений мужчине с приколом",7,"отношения с мужчиной"
"мужчины нарциссы характеристика в отношениях с женщиной",6,"отношения с мужчиной"
"руна на отношения с мужчиной онлайн",6,"отношения с мужчиной"
"руны на отношения с мужчиной онлайн",6,"отношения с мужчиной"
"лишить полностью отношений с мужчинами порча",6,"отношения с мужчиной"
"психологические книги про отношения с женатыми мужчинами",6,"отношения с мужчиной"
"мужчина игрок в отношениях с женщиной",6,"отношения с мужчиной"
"мужчина инфантил признаки в отношениях с женщиной",6,"отношения с мужчиной"
"признаки удобной женщины в отношениях с мужчиной",6,"отношения с мужчиной"
"как выбраться из созависимых отношений с мужчиной",6,"отношения с мужчиной"
"как избавиться от абьюзивных отношений с мужчиной",6,"отношения с мужчиной"
"можно ли монашкам иметь отношения с мужчиной",6,"отношения с мужчиной"
"поведение мужчины абьюзера в отношениях с женщиной",6,"отношения с мужчиной"
"поведение настоящего мужчины в отношениях с женщиной",6,"отношения с мужчиной"
"мужчина без эмоций в отношениях с женщиной",6,"отношения с мужчиной"
"александр шепс отношения с мужчиной",6,"отношения с мужчиной"
"техника якорения в отношениях с мужчиной",6,"отношения с мужчиной"
"отношения с мужчиной в 56 лет",6,"отношения с мужчиной"
"эмоционально закрытый мужчина в отношениях с женщиной",6,"отношения с мужчиной"
"страх близких отношений с мужчинами",6,"отношения с мужчиной"
"психотипы мужчин в отношениях с женщинами психология",6,"отношения с мужчиной"
"проблемная женщина в отношениях с мужчиной признаки",6,"отношения с мужчиной"
"минусы отношений с мужчиной с детьми",6,"отношения с мужчиной"
"отношения с алжирским мужчиной в россии",6,"отношения с мужчиной"
"перспектива развития отношений с загаданным мужчиной",6,"отношения с мужчиной"
"кто строил отношения с близнецами мужчинами",6,"отношения с мужчиной"
"кто строил отношения с турецкими мужчинами",6,"отношения с мужчиной"
"расскажите о своих отношениях с мужчиной кавказа",6,"отношения с мужчиной"
"как вернуть отношения с мужчиной шепоток",6,"отношения с мужчиной"
"с мужчиной спим статус отношений не ясен",6,"отношения с мужчиной"
"отношения с мужчинами низкого качества",6,"отношения с мужчиной"
"как вернуть отношения с мужчиной козерогом",6,"отношения с мужчиной"
"шесть месяцев отношений с мужчиной",6,"отношения с мужчиной"
"были отношения сестер эйгона с другими мужчинами",6,"отношения с мужчиной"
"психологические приемы в отношениях с мужчиной",6,"отношения с мужчиной"
"признаки конца отношений с мужчиной",6,"отношения с мужчиной"
"зависимые отношения с женатым мужчиной",6,"отношения с мужчиной"
"медитация на улучшение отношений с мужчиной",6,"отношения с мужчиной"
"характер водолея мужчины в отношениях с женщиной",6,"отношения с мужчиной"
"криштиану роналду отношения с мужчиной",6,"отношения с мужчиной"
"отказ от близости в отношениях с мужчинами",6,"отношения с мужчиной"
"психология мужчины овна в отношениях с женщиной",6,"отношения с мужчиной"
"выход из абьюзивных отношений с мужчиной",6,"отношения с мужчиной"
"девушки румынии их отношения с мужчинами",6,"отношения с мужчиной"
"как начать отношения с мужчиной который старше",6,"отношения с мужчиной"
"как поговорить с мужчиной о разрыве отношений",6,"отношения с мужчиной"
"застенчивый мужчина в отношениях с женщиной",6,"отношения с мужчиной"
"самовлюбленный мужчина в отношениях с женщиной",6,"отношения с мужчиной"
"мужчина 58 лет психология отношений с женщиной",5,"отношения с мужчиной"
"бомжи гомосексуальные отношения с мужчинами",5,"отношения с мужчиной"
"выход из созависимых отношений с мужчиной",5,"отношения с мужчиной"
"чистка на отношения с мужчиной",5,"отношения с мужчиной"
"отдаление в отношениях с мужчиной",5,"отношения с мужчиной"
"как выйти из сложных отношений с мужчиной",5,"отношения с мужчиной"
"мелочный мужчина в отношениях с женщиной",5,"отношения с мужчиной"
"ленорман онлайн отношения с мужчиной",5,"отношения с мужчиной"
"отношения с военным мужчиной на расстоянии",5,"отношения с мужчиной"
"молитва для восстановления отношений с любимым мужчиной",5,"отношения с мужчиной"
"как прервать отношения с женатым мужчиной",5,"отношения с мужчиной"
"отношения с женатым мужчиной психология лабковский",5,"отношения с мужчиной"
"типажи мужчин в отношениях с женщинами",5,"отношения с мужчиной"
"самодостаточная женщина в отношениях с мужчиной",5,"отношения с мужчиной"
"трудности в отношениях с застенчивым мужчиной",5,"отношения с мужчиной"
"мои родственники против отношения с мужчиной",5,"отношения с мужчиной"
"ревнивый мужчина психология в отношениях с женщиной",5,"отношения с мужчиной"
"женщина овен уходит из отношений с мужчиной",5,"отношения с мужчиной"
"признаки газлайтинг в отношениях с мужчиной",5,"отношения с мужчиной"
"карл юнг психология отношений с мужчиной",5,"отношения с мужчиной"
"достоинство женщины в отношениях с мужчиной",5,"отношения с мужчиной"
"признаки любящего мужчины в отношениях с женщиной",5,"отношения с мужчиной"
"можно ли построить отношения с нарциссом мужчиной",5,"отношения с мужчиной"
"статья про отношения с женатым мужчиной",5,"отношения с мужчиной"
"женские принципы в отношениях с мужчиной",5,"отношения с мужчиной"
"женская гордость в отношениях с мужчиной",5,"отношения с мужчиной"
"закомплексованный мужчина в отношениях с женщиной",5,"отношения с мужчиной"
"как разнообразить отношения с мужчиной",5,"отношения с мужчиной"
"3 месяца отношений с мужчиной психология",5,"отношения с мужчиной"
"ассасин одиссей геи отношения с мужчинами",5,"отношения с мужчиной"
"отношения с женатым мужчиной в 65",5,"отношения с мужчиной"
"отношения на расстоянии с мужчиной расклад сегодня",5,"отношения с мужчиной"
"как прекратить кармические отношения с мужчиной",5,"отношения с мужчиной"
"как выстроить отношения девушке с мужчиной мезонином",5,"отношения с мужчиной"
"мужчина трудоголик как с ним строить отношения",5,"отношения с мужчиной"
"у кого были отношения с мужчиной аутистом",5,"отношения с мужчиной"
"противно ли строить отношения с полным мужчиной",5,"отношения с мужчиной"
"как построить отношения с настоящим мужчиной",5,"отношения с мужчиной"
"как преодолеть стереотипы в отношениях с мужчиной",5,"отношения с мужчиной"
"психология мужчины в отношениях с женщиной 25",5,"отношения с мужчиной"
"почему мужчина боится отношений с понравившейся женщиной",5,"отношения с мужчиной"
"появилась дистанция в отношениях с мужчиной",5,"отношения с мужчиной"
"гиперконтроль в отношениях с мужчиной",5,"отношения с мужчиной"
"визуализация идеальных отношений с мужчиной розовый шар",5,"отношения с мужчиной"
"для чего мужчины находят отношения с девушкой",5,"отношения с мужчиной"
"как завязать новые отношения с мужчиной",5,"отношения с мужчиной"
"какие ждут отношения с мужчиной руна эваз",5,"отношения с мужчиной"
"подкасты с меньшовой отношения с мужчинами",5,"отношения с мужчиной"
"что происходит с мужчиной в созависимых отношениях",5,"отношения с мужчиной"
"я завершаю отношения с мужчиной весы",5,"отношения с мужчиной"
"типы мужчин с которыми нельзя строить отношения",5,"отношения с мужчиной"
"что означает собственница в отношениях с мужчиной",5,"отношения с мужчиной"
"как развивать отношения с мужчиной психология правильно",5,"отношения с мужчиной"
"абьюзер женщина в отношениях с мужчиной выход",5,"отношения с мужчиной"
"молитва для улучшения отношений с любимым мужчиной",5,"отношения с мужчиной"
"требовательный мужчина в отношениях с женщиной",5,"отношения с мужчиной"
"поздравить мужчину с первым месяцем отношений",5,"отношения с мужчиной"
"бессонница последствия разрыва отношений с мужчиной",5,"отношения с мужчиной"
"боюсь знакомиться с мужчинами но хочу отношений",5,"отношения с мужчиной"
"как возрастной мужчина выстраивает отношения с женщиной",5,"отношения с мужчиной"
"молебен на восстановление отношений с мужчиной",5,"отношения с мужчиной"
"наказание молчанием в отношениях с мужчиной",5,"отношения с мужчиной"
"отношения с любимым мужчиной в сентябре таро",5,"отношения с мужчиной"
"расклад манара на отношения с мужчиной схема",5,"отношения с мужчиной"
"мужчина эпилептоид в отношениях с женщиной",4,"отношения с мужчиной"
"отношения с нарциссом мужчиной реальные истории",4,"отношения с мужчиной"
"как строить здоровые отношения с мужчиной",4,"отношения с мужчиной"
"робкий мужчина в отношениях с женщиной",4,"отношения с мужчиной"
"приснились новые отношения с мужчиной",4,"отношения с мужчиной"
"поздравить любимого мужчину с полгода отношений",4,"отношения с мужчиной"
"рсп в отношениях с новым мужчиной",3,"отношения с мужчиной"
"трансгендерные люди и отношения с мужчинами",3,"отношения с мужчиной"
"инфантильная женщина в отношениях с новым мужчиной",2,"отношения с мужчиной"
"знакомства с мужчинами для серьезных отношений пятигорске",2,"отношения с мужчиной"
"как пройти кризис в отношениях с мужчиной",2,"отношения с мужчиной"
"снять напряжение в отношениях с мужчиной",2,"отношения с мужчиной"
"отношения с украинкой мнение мужчин",2,"отношения с мужчиной"
"плохие качества мужчины в отношениях с женщиной",1,"отношения с мужчиной"