phrase,frequency,seed
"переходный возраст",98000,"переходный возраст"
"переходный возраст",98000,"переходный возраст"
"переходный возраст сериал",27002,"переходный возраст"
"орлов переходный возраст",22489,"переходный возраст"
"орел переходной возраст",20952,"переходный возраст"
"переходный возраст сергей",17302,"переходный возраст"
"сергей орлов переходный возраст",17232,"переходный возраст"
"переходный возраст 2025",13814,"переходный возраст"
"переходный возраст сериал 2025",12899,"переходный возраст"
"смотреть переходный возраст",11046,"переходный возраст"
"переходный возраст лет",7894,"переходный возраст"
"орлов переходный возраст смотреть",6744,"переходный возраст"
"фильм переходный возраст",5356,"переходный возраст"
"сергей орлов переходный возраст смотреть",5347,"переходный возраст"
"переходной возраст онлайн",5307,"переходный возраст"
"переходный возраст смотреть онлайн",5261,"переходный возраст"
"переходный возраст у девочек",5055,"переходный возраст"
"переходный возраст у мальчиков",4959,"переходный возраст"
"переходной возраст скольких возраст",4035,"переходный возраст"
"концерт переходный возраст",3810,"переходный возраст"
"концерт орлова переходный возраст",3702,"переходный возраст"
"переходный возраст бесплатно",3477,"переходный возраст"
"переходный возраст отзывы",3270,"переходный возраст"
"смотреть бесплатно переходный возраст",3197,"переходный возраст"
"смотреть сериал переходный возраст",3131,"переходный возраст"
"переходный возраст онлайн бесплатно",2933,"переходный возраст"
"смотреть онлайн бесплатно переходный возраст",2918,"переходный возраст"
"орлов переходный возраст онлайн",2771,"переходный возраст"
"орлов переходный возраст смотреть онлайн",2756,"переходный возраст"
"концерт сергея орлова переходный возраст",2606,"переходный возраст"
"переходный возраст сериал отзывы",2552,"переходный возраст"
"переходный возраст суть",2545,"переходный возраст"
"переходный возраст стендап",2535,"переходный возраст"
"во сколько переходный возраст",2508,"переходный возраст"
"орлов стендап переходный возраст",2411,"переходный возраст"
"переходный возраст 2025 отзывы",2318,"переходный возраст"
"переходный возраст сериал 2025 отзывы",2307,"переходный возраст"
"со скольки переходный возраст",2239,"переходный возраст"
"сергей орлов переходный возраст онлайн",2179,"переходный возраст"
"сергей орлов переходный возраст смотреть онлайн",2167,"переходный возраст"
"переходный возраст сериал онлайн",2124,"переходный возраст"
"сериал переходный возраст смотреть онлайн",2120,"переходный возраст"
"переходный возраст 2026",1898,"переходный возраст"
"переходный возраст сериал бесплатно",1869,"переходный возраст"
"переходный возраст сериал смотреть бесплатно",1847,"переходный возраст"
"лет начинается переходный возраст",1831,"переходный возраст"
"переходный возраст смотреть онлайн в хорошем",1815,"переходный возраст"
"переходный возраст сериал смотреть онлайн бесплатно",1801,"переходный возраст"
"сериал переходный возраст онлайн бесплатно",1801,"переходный возраст"
"переходный возраст в хорошем качестве",1770,"переходный возраст"
"переходный возраст бесплатно в хорошем качестве",1754,"переходный возраст"
"переходный возраст смотреть в хорошем качестве",1745,"переходный возраст"
"орлов переходный возраст 2026",1745,"переходный возраст"
"сергей орлов переходный возраст 2026",1693,"переходный возраст"
"переходный возраст у лет девочек",1667,"переходный возраст"
"переходный возраст 2025 смотреть",1629,"переходный возраст"
"переходный возраст актеры",1611,"переходный возраст"
"переходный возраст во сколько лет",1600,"переходный возраст"
"переходный возраст стендап сергей",1583,"переходный возраст"
"сергей орлов стендап переходный возраст",1566,"переходный возраст"
"сериал переходный возраст серии",1554,"переходный возраст"
"когда начинается переходный возраст",1552,"переходный возраст"
"переходный возраст сериал в хорошем качестве",1510,"переходный возраст"
"во сколько начинается переходный возраст",1502,"переходный возраст"
"переходный возраст сериал 2025 смотреть",1493,"переходный возраст"
"переходный возраст 2025 онлайн",1410,"переходный возраст"
"переходный возраст 2025 смотреть онлайн",1409,"переходный возраст"
"переходный возраст 2025 смотреть бесплатно",1358,"переходный возраст"
"смотреть переходный возраст 2025 онлайн бесплатно",1354,"переходный возраст"
"со скольки лет переходный возраст",1337,"переходный возраст"
"сериал переходный возраст 2025 онлайн",1330,"переходный возраст"
"переходный возраст сериал 2025 смотреть онлайн",1329,"переходный возраст"
"переходный возраст сериал 2025 бесплатно",1297,"переходный возраст"
"смотреть сериал переходный возраст 2025 бесплатно",1290,"переходный возраст"
"переходный возраст сериал 2025 смотреть онлайн бесплатно",1288,"переходный возраст"
"концерт переходный возраст смотреть",1266,"переходный возраст"
"орлов переходный возраст концерт смотреть",1252,"переходный возраст"
"переходный возраст скачать",1245,"переходный возраст"
"переходный возраст сериал 2025 хорошем качестве",1230,"переходный возраст"
"переходный возраст фильм 2026",1222,"переходный возраст"
"переходный возраст фильм сергей орлов",1218,"переходный возраст"
"сергей орлов переходный возраст фильм 2026",1194,"переходный возраст"
"переходный возраст у детей",1153,"переходный возраст"
"переходный возраст орлов смотреть бесплатно",1149,"переходный возраст"
"прыщи в переходном возрасте",1140,"переходный возраст"
"есть ли переходный возраст",1068,"переходный возраст"
"почему переходный возраст",1058,"переходный возраст"
"переходный возраст до скольки лет",1041,"переходный возраст"
"сергей орлов переходный возраст смотреть концерт",1027,"переходный возраст"
"переходный возраст сериал сезоны",1005,"переходный возраст"
"переходный возраст сериал актеры",1002,"переходный возраст"
"переходный возраст у подростков",995,"переходный возраст"
"сергей орлов переходный возраст бесплатно",993,"переходный возраст"
"переходный возраст 1968",968,"переходный возраст"
"сергей орлов переходный возраст смотреть бесплатно",958,"переходный возраст"
"переходный возраст сериал 2025 серии",956,"переходный возраст"
"периоды переходного возраста",941,"переходный возраст"
"орлов переходный возраст смотреть онлайн бесплатно",940,"переходный возраст"
"лицо переходного возраста",930,"переходный возраст"
"переходный возраст фильм 1968",922,"переходный возраст"
"во сколько лет начинается переходный возраст",910,"переходный возраст"
"переходный возраст 2025 актеры",862,"переходный возраст"
"актеры сериала переходный возраст 2025",846,"переходный возраст"
"переходный возраст длится",846,"переходный возраст"
"время переходного возраста",828,"переходный возраст"
"переходный возраст у девочек со",822,"переходный возраст"
"переходный возраст у девочек со скольки",820,"переходный возраст"
"сергей орлов переходный возраст смотреть онлайн бесплатно",815,"переходный возраст"
"мужской переходный возраст",783,"переходный возраст"
"переходный возраст сериал 2025 сезоны и серии",780,"переходный возраст"
"переходный возраст у мальчиков со скольки",771,"переходный возраст"
"женский переходный возраст",766,"переходный возраст"
"как называется переходный возраст",764,"переходный возраст"
"признаки переходного возраста",743,"переходный возраст"
"во сколько переходный возраст у девочек",737,"переходный возраст"
"мужское женское переходный возраст",733,"переходный возраст"
"когда заканчивается переходный возраст",714,"переходный возраст"
"про переходный возраст",667,"переходный возраст"
"переходный возраст прыщи на лице",658,"переходный возраст"
"переходный возраст 12",646,"переходный возраст"
"со скольки начинается переходный возраст",634,"переходный возраст"
"концерт орлова переходный возраст смотреть онлайн",617,"переходный возраст"
"сколько длится переходный возраст",605,"переходный возраст"
"после переходного возраста",588,"переходный возраст"
"видео переходный возраст",587,"переходный возраст"
"концерт сергея орлова переходный возраст смотреть онлайн",585,"переходный возраст"
"во сколько переходный возраст у мальчиков",585,"переходный возраст"
"переходный возраст 13 лет",584,"переходный возраст"
"переходный возраст 14",582,"переходный возраст"
"песня переходный возраст",576,"переходный возраст"
"стендап переходный возраст смотреть",560,"переходный возраст"
"до скольки переходный возраст у мальчиков",543,"переходный возраст"
"орлов стендап переходный возраст смотреть",543,"переходный возраст"
"во сколько лет у девочек переходный возраст",541,"переходный возраст"
"переходный возраст фильм 2025",538,"переходный возраст"
"до скольки переходный возраст у девочек",536,"переходный возраст"
"скольки лет начинается переходный возраст",532,"переходный возраст"
"со скольки лет начинается переходный возраст",518,"переходный возраст"
"во сколько начинается переходный возраст у девочек",482,"переходный возраст"
"переходный возраст 1981",480,"переходный возраст"
"переходный возраст у мужчин",475,"переходный возраст"
"переходный возраст спектакль",473,"переходный возраст"
"со скольки лет переходный возраст у девочек",473,"переходный возраст"
"актеры фильма переходный возраст",452,"переходный возраст"
"переходный возраст фильм отзывы",446,"переходный возраст"
"когда начинается переходный возраст у девочек",446,"переходный возраст"
"3 переходный возраст",445,"переходный возраст"
"переходный возраст 2",443,"переходный возраст"
"переходный возраст начало",437,"переходный возраст"
"со скольки лет переходный возраст у мальчиков",432,"переходный возраст"
"сергей орлов стендап переходный возраст смотреть",427,"переходный возраст"
"переходный возраст гспд",422,"переходный возраст"
"переходный возраст фильм 1981",421,"переходный возраст"
"орлов переходный возраст скачать",410,"переходный возраст"
"переходный возраст 1",409,"переходный возраст"
"когда начинается переходный возраст у мальчиков",409,"переходный возраст"
"переходный возраст сколько серий",405,"переходный возраст"
"переходный возраст орлов цензура",390,"переходный возраст"
"во сколько лет у мальчиков переходный возраст",389,"переходный возраст"
"переходный возраст у парней",383,"переходный возраст"
"во сколько заканчивается переходный возраст",379,"переходный возраст"
"переходный возраст без цензуры",377,"переходный возраст"
"во сколько у мальчиков начинается переходный возраст",376,"переходный возраст"
"признаки переходного возраста у девочек",375,"переходный возраст"
"переходный возраст торрент",372,"переходный возраст"
"переходный возраст у девушек",370,"переходный возраст"
"орлов переходный возраст без цензуры",368,"переходный возраст"
"порно переходный возраст",360,"переходный возраст"
"смотреть фильм переходный возраст",357,"переходный возраст"
"переходный возраст в 13",353,"переходный возраст"
"переходный возраст 4",352,"переходный возраст"
"переходный возраст у собак",352,"переходный возраст"
"gspd переходный возраст",352,"переходный возраст"
"переходный возраст книга",350,"переходный возраст"
"до скольки лет переходный возраст у мальчиков",348,"переходный возраст"
"симптомы переходного возраста",347,"переходный возраст"
"сергей орлов переходный возраст скачать",347,"переходный возраст"
"переходный возраст сериал сколько",343,"переходный возраст"
"боли в переходный возраст",336,"переходный возраст"
"что происходит в переходном возрасте",332,"переходный возраст"
"переходные возраста человека",325,"переходный возраст"
"до скольки лет переходный возраст у девочек",325,"переходный возраст"
"переходный возраст скачать торрент",313,"переходный возраст"
"переходный возраст трейлер",306,"переходный возраст"
"переходный возраст какие годы",301,"переходный возраст"
"какой переходный возраст у девочек",299,"переходный возраст"
"переходный возраст сериал сколько серий",296,"переходный возраст"
"переходный возраст актеры 1968",294,"переходный возраст"
"переходный возраст фильм 1968 актеры",294,"переходный возраст"
"подростковый возраст переходным",291,"переходный возраст"
"орлов переходный возраст отзывы",289,"переходный возраст"
"сергей орлов переходный возраст отзывы",288,"переходный возраст"
"переходной возраст 18",282,"переходный возраст"
"переходный возраст в 11",281,"переходный возраст"
"сергей орлов переходный возраст фильм 2026 отзывы",280,"переходный возраст"
"став переходный возраст",274,"переходный возраст"
"переходный возраст 5",270,"переходный возраст"
"стендап концерт переходный возраст",269,"переходный возраст"
"переходный возраст нетфликс",267,"переходный возраст"
"переходный возраст 2008",262,"переходный возраст"
"как проявляется переходный возраст",261,"переходный возраст"
"скачать сериал переходный возраст",256,"переходный возраст"
"15 лет переходный возраст",256,"переходный возраст"
"стендап концерт орлов переходный возраст",252,"переходный возраст"
"переходный возраст голос",251,"переходный возраст"
"скачать песню переходный возраст",250,"переходный возраст"
"переходный возраст фильм 2008",246,"переходный возраст"
"во сколько лет заканчивается переходный возраст",245,"переходный возраст"
"переходный возраст снят",244,"переходный возраст"
"сергей орлов переходный возраст без цензуры",238,"переходный возраст"
"переходный возраст грудь",238,"переходный возраст"
"сергей орлов переходный возраст видео",236,"переходный возраст"
"переходный возраст в 14 лет",234,"переходный возраст"
"переходный возраст 2004",234,"переходный возраст"
"переходный возраст на русском",233,"переходный возраст"
"переходный возраст текст",227,"переходный возраст"
"переходный возраст секс",225,"переходный возраст"
"переходный возраст рост",224,"переходный возраст"
"стендап концерт сергея орлова переходный возраст",224,"переходный возраст"
"переходный возраст сына",223,"переходный возраст"
"как понять что начался переходный возраст",223,"переходный возраст"
"переходный возраст скачать бесплатно",221,"переходный возраст"
"переходный возраст вк",219,"переходный возраст"
"как понять что у тебя переходный возраст",218,"переходный возраст"
"переходный возраст adolescence",218,"переходный возраст"
"переходный возраст сериал 2004",217,"переходный возраст"
"сергей орлов концерт переходный возраст смотреть бесплатно",216,"переходный возраст"
"переходный возраст реальная",215,"переходный возраст"
"средство от переходного возраста",214,"переходный возраст"
"переходный возраст 1 серия",212,"переходный возраст"
"когда заканчивается переходный возраст у девочек",212,"переходный возраст"
"переходный возраст появились прыщи",205,"переходный возраст"
"переходный возраст девочек прыщи",205,"переходный возраст"
"17 лет переходный возраст",201,"переходный возраст"
"когда пройдет переходный возраст",198,"переходный возраст"
"когда проходит переходный возраст",198,"переходный возраст"
"переходной возраст 16 лет",197,"переходный возраст"
"со скольки начинается переходный возраст у девочек",197,"переходный возраст"
"с какого возраста начинается переходный возраст",194,"переходный возраст"
"как пережить переходный возраст",193,"переходный возраст"
"до какого возраста переходный возраст",185,"переходный возраст"
"переходный возраст у 40",185,"переходный возраст"
"переходный возраст у мальчиков симптомы",183,"переходный возраст"
"переходный возраст сериал русский",182,"переходный возраст"
"переходный возраст лордфильм",181,"переходный возраст"
"переходный возраст кинопоиск",181,"переходный возраст"
"переходный возраст сериал нетфликс",180,"переходный возраст"
"январь переходный возраст",179,"переходный возраст"
"переходный возраст сериал трейлер",178,"переходный возраст"
"переходный возраст на серпуховке",177,"переходный возраст"
"форум переходный возраст",176,"переходный возраст"
"бывает ли переходный возраст",174,"переходный возраст"
"переходный возраст в 9",169,"переходный возраст"
"как называется переходный возраст у подростков",169,"переходный возраст"
"как понять что у девочки переходный возраст",167,"переходный возраст"
"переходный возраст психология",167,"переходный возраст"
"сергей орлов переходный возраст фильм 2026 видео",166,"переходный возраст"
"как вести себя в переходном возрасте",164,"переходный возраст"
"признаки переходного возраста у мальчиков",164,"переходный возраст"
"переходный возраст член",163,"переходный возраст"
"переходный возраст момент",163,"переходный возраст"
"до скольки длится переходный возраст",162,"переходный возраст"
"переходной возраст 3 январь",160,"переходный возраст"
"переходный возраст сериал торрент",160,"переходный возраст"
"переходный возраст убивает",159,"переходный возраст"
"фильм онлайн переходный возраст",158,"переходный возраст"
"фильм переходный возраст смотреть онлайн",158,"переходный возраст"
"переходный пенсионный возраст",156,"переходный возраст"
"сколько длится переходный возраст у девочек",155,"переходный возраст"
"сергей орлов стендап переходный возраст смотреть онлайн",155,"переходный возраст"
"переходный возраст сериал 1",154,"переходный возраст"
"переходный возраст орлов вк",154,"переходный возраст"
"переходный возраст реальных событиях",154,"переходный возраст"
"фильм переходный возраст бесплатно",152,"переходный возраст"
"девочки подростки подростки переходного возраста",152,"переходный возраст"
"первый переходный возраст",151,"переходный возраст"
"переходный возраст 2005",150,"переходный возраст"
"переходный возраст сериал скачать торрент",149,"переходный возраст"
"переходный возраст после 40",149,"переходный возраст"
"дочь переходный возраст",148,"переходный возраст"
"переходный возраст сериал 2005",148,"переходный возраст"
"как проявляется переходный возраст у мальчиков",147,"переходный возраст"
"переходный возраст читать",147,"переходный возраст"
"переходный возраст у мужчин 40",147,"переходный возраст"
"переходной возраст 2004 2005",147,"переходный возраст"
"переходный возраст сериал 2004 2005",147,"переходный возраст"
"переходный возраст чем мазать лицо",146,"переходный возраст"
"сколько длится переходный возраст у мальчиков",146,"переходный возраст"
"переходный возраст прыщи чем мазать",145,"переходный возраст"
"14 лет мальчик переходный возраст",144,"переходный возраст"
"переходный половой возраст",144,"переходный возраст"
"переходный возраст песня 3",144,"переходный возраст"
"переходный возраст сериал 1 серия",144,"переходный возраст"
"скачать 3 январь переходный возраст",142,"переходный возраст"
"переходный возраст песня 3 январь",142,"переходный возраст"
"девочка 11 лет переходный возраст",142,"переходный возраст"
"весы переходный возраст",140,"переходный возраст"
"переходный возраст у мальчиков прыщи",140,"переходный возраст"
"переходный возраст соски",140,"переходный возраст"
"до скольки идет переходный возраст",139,"переходный возраст"
"как справиться с переходным возрастом",138,"переходный возраст"
"сколько идет переходный возраст",138,"переходный возраст"
"сколько лет длится переходный возраст",138,"переходный возраст"
"переходный возраст это нормально",138,"переходный возраст"
"переходный возраст 2 сезон",138,"переходный возраст"
"когда заканчивается переходный возраст у мальчиков",137,"переходный возраст"
"переходный возраст вес",137,"переходный возраст"
"скачать песню переходный возраст 3",137,"переходный возраст"
"переходный возраст купить",137,"переходный возраст"
"орлов переходный возраст торрент",137,"переходный возраст"
"переходный возраст все серии",137,"переходный возраст"
"переходный возраст сериал 2",136,"переходный возраст"
"скачать песню переходный возраст 3 январь",136,"переходный возраст"
"переходный возраст проблемы",135,"переходный возраст"
"этапы переходного возраста",134,"переходный возраст"
"переходный возраст кто убийца",134,"переходный возраст"
"переходный возраст в 15",133,"переходный возраст"
"переходный возраст 4 серия",133,"переходный возраст"
"скачать бесплатно песню переходный возраст",132,"переходный возраст"
"hydy переходный возраст",132,"переходный возраст"
"переходный возраст 3 январь hydy",132,"переходный возраст"
"переходный возраст mp3",132,"переходный возраст"
"просто переходный возраст",131,"переходный возраст"
"переходный возраст у женщин",131,"переходный возраст"
"3 январь переходный возраст скачать бесплатно",130,"переходный возраст"
"смотреть бесплатно фильм переходный возраст",130,"переходный возраст"
"проходит ли переходный возраст",129,"переходный возраст"
"развитие переходного возраста",129,"переходный возраст"
"дрочат переходном возрасте",129,"переходный возраст"
"переходный возраст спектакль на серпуховке",129,"переходный возраст"
"переходный возраст мальчика 13 лет",128,"переходный возраст"
"переходный возраст прыщи делать",128,"переходный возраст"
"переходный возраст актеры и роли",128,"переходный возраст"
"переходной возраст в 17",127,"переходный возраст"
"переходный возраст девочке 12 лет",125,"переходный возраст"
"переходный возраст в 16",125,"переходный возраст"
"во сколько заканчивается переходный возраст у девочек",124,"переходный возраст"
"переходный возраст у девочек может ли",124,"переходный возраст"
"сериал переходный возраст кто убийца",124,"переходный возраст"
"переходный возраст болит голова",124,"переходный возраст"
"орлов переходный возраст кинопоиск",123,"переходный возраст"
"переходный возраст театр",123,"переходный возраст"
"переходный период пенсионного возраста",123,"переходный возраст"
"переходный возраст мини сериал",123,"переходный возраст"
"орлов про переходный возраст",123,"переходный возраст"
"когда начинается и заканчивается переходный возраст",122,"переходный возраст"
"что значит переходный возраст",122,"переходный возраст"
"переходный возраст слушать",122,"переходный возраст"
"переходный возраст у мужчин после 40",121,"переходный возраст"
"переходный возраст лорд",120,"переходный возраст"
"переходной возраст фото",120,"переходный возраст"
"переходный возраст 1 сезон",118,"переходный возраст"
"переходный возраст сериал на реальных",118,"переходный возраст"
"младший переходный возраст",118,"переходный возраст"
"переходный возраст сергей орлов торрент",118,"переходный возраст"
"переходный возраст 10 лет девочке",117,"переходный возраст"
"переходный возраст сериал на реальных событиях",117,"переходный возраст"
"переходный возраст сейчас",117,"переходный возраст"
"переходный возраст adolescence 2025",116,"переходный возраст"
"переходный возраст психологи",115,"переходный возраст"
"фильм переходный возраст смотреть онлайн бесплатно",115,"переходный возраст"
"какой период переходного возраста",115,"переходный возраст"
"со скольки начинается переходный возраст у мальчиков",114,"переходный возраст"
"переходной возраст у девочек 13",113,"переходный возраст"
"как избавится от переходного возраста",113,"переходный возраст"
"переходный возраст у мальчиков 14",113,"переходный возраст"
"как выглядит переходной возраст",113,"переходный возраст"
"переходный возраст сюжет",112,"переходный возраст"
"переходный возраст пенсия",110,"переходный возраст"
"переходный возраст посмотреть",109,"переходный возраст"
"переходный возраст смотреть на русском",108,"переходный возраст"
"переходный возраст 3 серия",106,"переходный возраст"
"переходный возраст поведение",105,"переходный возраст"
"кино переходный возраст",105,"переходный возраст"
"переходный возраст трейлер на русском",104,"переходный возраст"
"переходный возраст песня gspd",104,"переходный возраст"
"орлов переходный возраст скачать торрент",104,"переходный возраст"
"переходный возраст у девочек 12",104,"переходный возраст"
"переходный возраст 30",104,"переходный возраст"
"концерт переходный возраст скачать",103,"переходный возраст"
"переходный возраст концерт орлов скачать",103,"переходный возраст"
"переходный возраст дурова",103,"переходный возраст"
"причины переходного возраста",103,"переходный возраст"
"переходный возраст 1 сезон 1 серия",103,"переходный возраст"
"сергей орлов переходный возраст вк",102,"переходный возраст"
"тяжелый переходный возраст",102,"переходный возраст"
"переходный возраст старобинец",101,"переходный возраст"
"переходный возраст 7 лет",101,"переходный возраст"
"воинский учет возраст переходный период",101,"переходный возраст"
"переходный возраст как помочь",100,"переходный возраст"
"ранний переходный возраст",100,"переходный возраст"
"сергей орлов переходный возраст полностью",100,"переходный возраст"
"как называется переходный возраст у мужчин",100,"переходный возраст"
"переходный возраст сердце",99,"переходный возраст"
"переходный возраст гормоны",99,"переходный возраст"
"переходный возраст у девочек 11",98,"переходный возраст"
"переходный возраст театриум",98,"переходный возраст"
"переходный возраст билеты",97,"переходный возраст"
"переходный возраст характер",96,"переходный возраст"
"переходном возрасте дети ведут себя",96,"переходный возраст"
"переходный возраст фильм актеры и роли",96,"переходный возраст"
"прыщи во время переходного возраста",96,"переходный возраст"
"переходный возраст у мальчиков 12",96,"переходный возраст"
"переходный возраст на английском",95,"переходный возраст"
"смотреть фильм переходный возраст 2025",95,"переходный возраст"
"переходный возраст у пацанов",95,"переходный возраст"
"переходный возраст шоу",94,"переходный возраст"
"переходный возраст по другому",94,"переходный возраст"
"сергей орлов переходный возраст 2026 смотреть",94,"переходный возраст"
"переходный возраст у кошек",94,"переходный возраст"
"до скольки лет идет переходный возраст",94,"переходный возраст"
"как понять что у мальчика переходный возраст",94,"переходный возраст"
"сколько переходных возрастов у детей",94,"переходный возраст"
"переходный возраст похожие",94,"переходный возраст"
"переходный возраст у котов",94,"переходный возраст"
"переходный возраст смысл",93,"переходный возраст"
"переходный возраст 20 лет",93,"переходный возраст"
"фильмы про переходный возраст",93,"переходный возраст"
"переходный возраст у подростков мальчиков",93,"переходный возраст"
"переходный возраст 5 серия",93,"переходный возраст"
"сергей орлов переходный возраст концерт где",92,"переходный возраст"
"переходный возраст у мальчиков болит",92,"переходный возраст"
"переходный возраст у девочек 10",92,"переходный возраст"
"при переходном возрасте может болеть",92,"переходный возраст"
"переходной возраст у девочек симптомы",92,"переходный возраст"
"сергей орлов про переходный возраст",91,"переходный возраст"
"переходный возраст сериал 4",91,"переходный возраст"
"переходный возраст гспд скачать",91,"переходный возраст"
"сложный переходный возраст",90,"переходный возраст"
"переходный возраст организма",90,"переходный возраст"
"каком возрасте начинается переходным мальчиков",89,"переходный возраст"
"переходный возраст орлов лордфильм",89,"переходный возраст"
"сериал переходный возраст чем закончился",89,"переходный возраст"
"средство от прыщей в переходном возрасте",89,"переходный возраст"
"истории переходного возраста",89,"переходный возраст"
"переходный возраст девочка 14 лет",89,"переходный возраст"
"переходный возраст в 20",89,"переходный возраст"
"мальчики во время переходного возраста",88,"переходный возраст"
"переходный возраст 2 серия",88,"переходный возраст"
"где снимали переходный возраст",88,"переходный возраст"
"переходный возраст где снят",88,"переходный возраст"
"переходный возраст сериал смотреть на русском",87,"переходный возраст"
"дочка переходный возраст",87,"переходный возраст"
"во сколько заканчивается переходный возраст у мальчиков",87,"переходный возраст"
"переходный возраст 2013",87,"переходный возраст"
"переходный возраст гспд текст",87,"переходный возраст"
"переходный возраст сколько сезонов",86,"переходный возраст"
"сериал фильма переходный возраст",86,"переходный возраст"
"сергей орлов переходный возраст лордфильм",86,"переходный возраст"
"мод переходный возраст",85,"переходный возраст"
"лпшки переходный возраст",85,"переходный возраст"
"переходный возраст сериал смотреть онлайн на русском",85,"переходный возраст"
"переходный возраст у девочки 13 лет",85,"переходный возраст"
"переходный возраст сериал 2 сезон",85,"переходный возраст"
"сергей орлов переходный возраст концерт скачать",85,"переходный возраст"
"переходный возраст анна",85,"переходный возраст"
"переходный возраст терезы",84,"переходный возраст"
"переходный возраст терезы дуровой",84,"переходный возраст"
"до скольки лет длится переходный возраст",84,"переходный возраст"
"стендап орлова переходный возраст скачать",83,"переходный возраст"
"орлов концерт 2026 переходный возраст",83,"переходный возраст"
"переходный возраст температура",82,"переходный возраст"
"переходный возраст сериал 4 серии",82,"переходный возраст"
"орлов стендап переходный возраст смотреть бесплатно",82,"переходный возраст"
"переходный возраст смотреть лордфильм",82,"переходный возраст"
"переходный возраст 2025 скачать",81,"переходный возраст"
"переходный возраст мальчика 11 лет",81,"переходный возраст"
"40 лет переходный возраст",81,"переходный возраст"
"сериал про переходный возраст",81,"переходный возраст"
"переходный возраст разбор",81,"переходный возраст"
"переходный возраст у девушек до скольки",81,"переходный возраст"
"джейми переходный возраст",80,"переходный возраст"
"почему появляется переходный возраст",80,"переходный возраст"
"орлов переходный возраст смотреть без цензуры",80,"переходный возраст"
"30 лет переходный возраст",80,"переходный возраст"
"переходный возраст gspd скачать",79,"переходный возраст"
"переходный возраст сериал суть",79,"переходный возраст"
"как убрать переходный возраст",79,"переходный возраст"
"переходной возраст что меняется",78,"переходный возраст"
"переходный возраст прыщи почему",78,"переходный возраст"
"переходный возраст какое время",78,"переходный возраст"
"второй переходный возраст",78,"переходный возраст"
"сергей орлов переходный возраст смотреть полностью",78,"переходный возраст"
"сергей орлов переходный возраст 2026 смотреть онлайн",78,"переходный возраст"
"особенности переходного переходный возраст",77,"переходный возраст"
"орлов стендап 2026 переходный возраст",77,"переходный возраст"
"переходный возраст в детстве",77,"переходный возраст"
"переходный возраст 2025 трейлер",77,"переходный возраст"
"переходный возраст сериал 2013",77,"переходный возраст"
"переходный возраст у мальчиков и девочек",77,"переходный возраст"
"поздний переходный возраст",76,"переходный возраст"
"сергей орлов стендап переходный возраст смотреть бесплатно",76,"переходный возраст"
"переходный возраст в 18 лет",76,"переходный возраст"
"мама и переходный возраст",76,"переходный возраст"
"средний переходный возраст",76,"переходный возраст"
"переходный возраст прыщики",75,"переходный возраст"
"переходный возраст спектакль отзывы",75,"переходный возраст"
"переходный возраст 8 лет",75,"переходный возраст"
"переходный возраст настроение",75,"переходный возраст"
"переходный возраст таблица",75,"переходный возраст"
"переходный возраст советы",74,"переходный возраст"
"переходный возраст 2 года",73,"переходный возраст"
"что происходит во время переходного возраста",73,"переходный возраст"
"ребенку переходный возраст девочка",73,"переходный возраст"
"переходный возраст дорама",72,"переходный возраст"
"11 лет это переходный возраст",72,"переходный возраст"
"переходный возраст у девочек 14",72,"переходный возраст"
"переходный возраст анны старобинец",72,"переходный возраст"
"переходный возраст россии",72,"переходный возраст"
"переходный возраст сериал 1 сезон",72,"переходный возраст"
"переходный возраст концерт без цензуры",71,"переходный возраст"
"как пережить родителям переходный возраст",71,"переходный возраст"
"тема переходный возраст",71,"переходный возраст"
"месячные в переходном возрасте",70,"переходный возраст"
"переходный возраст 2019",70,"переходный возраст"
"переходный возраст фильм 1968 отзывы",70,"переходный возраст"
"переходный возраст сериал похожие",70,"переходный возраст"
"переходный возраст песня текст",70,"переходный возраст"
"переходный возраст театр дурова",70,"переходный возраст"
"переходной возраст рано",70,"переходный возраст"
"переходный возраст купить билет",70,"переходный возраст"
"пубертат это переходный возраст",70,"переходный возраст"
"рутуб переходный возраст",70,"переходный возраст"
"думали переходный возраст",70,"переходный возраст"
"переходный возраст сериал 2025 скачать",69,"переходный возраст"
"во сколько начинается и заканчивается переходный возраст",69,"переходный возраст"
"переходный возраст сериал трейлер на русском",69,"переходный возраст"
"переходный возраст сериал снят",69,"переходный возраст"
"переходный возраст давление",69,"переходный возраст"
"переходный возраст орлов концерт без цензуры",69,"переходный возраст"
"смысл сериала переходный возраст",69,"переходный возраст"
"переходный возраст на русском языке",69,"переходный возраст"
"кризис переходного возраста",68,"переходный возраст"
"что появляется в переходном возрасте",68,"переходный возраст"
"переходный возраст 2025 сколько серий",68,"переходный возраст"
"смотреть переходный возраст на русском языке",68,"переходный возраст"
"предельный возраст переходный период",67,"переходный возраст"
"сергей орлов стендап концерт переходный возраст смотреть",67,"переходный возраст"
"психологически переходный возраст",67,"переходный возраст"
"переходный возраст кратко",67,"переходный возраст"
"сергей орлов переходный возраст смотреть без цензуры",67,"переходный возраст"
"до скольки переходный возраст у парней",66,"переходный возраст"
"сериал переходный возраст 2025 сколько",66,"переходный возраст"
"где посмотреть переходный возраст",66,"переходный возраст"
"переходный возраст 15 лет мальчик",66,"переходный возраст"
"когда у ребенка начинается переходный возраст",66,"переходный возраст"
"переходный возраст 1981 актеры",65,"переходный возраст"
"переходный возраст фильм 1981 актеры",65,"переходный возраст"
"переходный возраст 2025 кто убийца",65,"переходный возраст"
"переходный возраст сериал 5",65,"переходный возраст"
"пенсионный возраст переходные годы",65,"переходный возраст"
"когда наступает переходный возраст",65,"переходный возраст"
"переходный возраст сериал сколько сезонов",65,"переходный возраст"
"когда начинает переходный возраст",65,"переходный возраст"
"что означает переходный возраст",64,"переходный возраст"
"переходный возраст характеристика",64,"переходный возраст"
"спящая красавица переходный возраст",64,"переходный возраст"
"10 лет мальчику переходный возраст",64,"переходный возраст"
"переходный возраст смотреть вк",64,"переходный возраст"
"переходный возраст фильм 1968 актеры и роли",64,"переходный возраст"
"сериал переходный возраст 2025 кто убийца",63,"переходный возраст"
"переходный возраст сериал 3",63,"переходный возраст"
"стендап сергей орлов переходный возраст скачать",63,"переходный возраст"
"переходный возраст спектакль билеты",63,"переходный возраст"
"переходный возраст содержание",63,"переходный возраст"
"юность переходный возраст",63,"переходный возраст"
"переходный возраст любовь",63,"переходный возраст"
"переходный возраст спектакль купить",63,"переходный возраст"
"переходный возраст субтитры",62,"переходный возраст"
"переходный возраст агрессия",62,"переходный возраст"
"переходный возраст кадры",62,"переходный возраст"
"переходный возраст стадии",62,"переходный возраст"
"переходный возраст у собак во сколько",62,"переходный возраст"
"сергей орлов концерты 2026 переходный возраст",61,"переходный возраст"
"переходный возраст симс 4",61,"переходный возраст"
"переходный возраст 12 13",61,"переходный возраст"
"переходный возраст спектакль купить билеты",61,"переходный возраст"
"переходный возраст вк видео",61,"переходный возраст"
"10 лет это переходный возраст",60,"переходный возраст"
"переходный возраст как общаться",60,"переходный возраст"
"переходный возраст сериал 5 серия",60,"переходный возраст"
"переходный возраст сериал видео",60,"переходный возраст"
"переходный возраст 13 14",60,"переходный возраст"
"орлов переходный возраст полный концерт",60,"переходный возраст"
"фильм переходный возраст 2025 смотреть онлайн",59,"переходный возраст"
"переходной возраст от скольки до скольки",59,"переходный возраст"
"когда пройдут прыщи в переходном возрасте",59,"переходный возраст"
"когда проходят прыщи в переходном возрасте",59,"переходный возраст"
"переходный возраст сериал 2025 сколько серий",59,"переходный возраст"
"переходный возраст депрессия",59,"переходный возраст"
"какие бывают переходные возраста",59,"переходный возраст"
"мод симс переходный возраст",58,"переходный возраст"
"переходный возраст у щенков",58,"переходный возраст"
"переходный возраст мини сериал 2025",58,"переходный возраст"
"как называют переходный возраст",58,"переходный возраст"
"мужское женское смотреть переходный возраст",58,"переходный возраст"
"переходный возраст у мальчиков в 13",58,"переходный возраст"
"переходный возраст сериал на английском",58,"переходный возраст"
"что происходит у девочек в переходном возрасте",58,"переходный возраст"
"пубертат и переходный возраст одно и тоже",58,"переходный возраст"
"переходный возраст у мальчиков что делать",57,"переходный возраст"
"конец переходного возраста",57,"переходный возраст"
"переходный возраст у мальчиков грудь",57,"переходный возраст"
"переходный возраст театр терезы",57,"переходный возраст"
"театр терезы дуровой переходный возраст",57,"переходный возраст"
"переходный возраст концовка",57,"переходный возраст"
"сериал переходный возраст сюжет",57,"переходный возраст"
"переходный возраст 25",56,"переходный возраст"
"переходный возраст сериал 3 серия",56,"переходный возраст"
"есть ли у мальчиков переходный возраст",56,"переходный возраст"
"сергей орлов переходный возраст кинопоиск",56,"переходный возраст"
"переходный возраст кроссворд",56,"переходный возраст"
"задачи переходного возраста",56,"переходный возраст"
"мужское женское выпуск переходный возраст",56,"переходный возраст"
"переходный возраст 2024",55,"переходный возраст"
"юношеский переходный возраст",55,"переходный возраст"
"4 года переходный возраст",55,"переходный возраст"
"что делать если начался переходный возраст",55,"переходный возраст"
"переходный возраст резка",55,"переходный возраст"
"переходный возраст сыпь",55,"переходный возраст"
"сергей орлов стендап 2026 переходный возраст",55,"переходный возраст"
"переходный возраст аниме",55,"переходный возраст"
"процесс переходного возраста",55,"переходный возраст"
"у ребенка переходный возраст что делать",55,"переходный возраст"
"трудный переходный возраст",55,"переходный возраст"
"сергей орлов переходный возраст полный концерт",55,"переходный возраст"
"переходный возраст у детей по годам",55,"переходный возраст"
"переходный возраст сериал лорд",55,"переходный возраст"
"переходный возраст на спине",55,"переходный возраст"
"переходный возраст половой орган",54,"переходный возраст"
"начало переходного возраста у мальчиков",54,"переходный возраст"
"ребенок 12 лет переходный возраст",54,"переходный возраст"
"тест на переходный возраст",54,"переходный возраст"
"где снимали фильм переходный возраст",54,"переходный возраст"
"когда вышел переходный возраст",54,"переходный возраст"
"как проявляется переходный возраст у девочек",54,"переходный возраст"
"как влияет переходный возраст",54,"переходный возраст"
"переходный возраст озвучки",54,"переходный возраст"
"переходный возраст театриум на серпуховке",54,"переходный возраст"
"сколько лет длится переходный возраст у девочек",54,"переходный возраст"
"переходный возраст прыщи на лице что делать",53,"переходный возраст"
"переходный возраст 1 год",53,"переходный возраст"
"переходный возраст 2025 скачать торрент",53,"переходный возраст"
"переходный возраст 2025 торрент",53,"переходный возраст"
"сергей орлов переходный возраст смотреть онлайн полностью",53,"переходный возраст"
"переходный возраст фильм 2025 смотреть бесплатно",53,"переходный возраст"
"сериал переходный возраст 2025 трейлер",53,"переходный возраст"
"перхоть переходный возраст",53,"переходный возраст"
"типы переходного возраста",53,"переходный возраст"
"переходный возраст в 12 лет у мальчика",53,"переходный возраст"
"переходный возраст отец",53,"переходный возраст"
"переходный возраст признаки симптомы",53,"переходный возраст"
"переходный возраст у мальчиков соски",53,"переходный возраст"
"подросток переходный возраст что делать",52,"переходный возраст"
"переходный возраст мем",52,"переходный возраст"
"условный мент переходный возраст",52,"переходный возраст"
"моды симс 4 переходный возраст",52,"переходный возраст"
"изменения в переходном возрасте",52,"переходный возраст"
"переходной возраст нетфликс смотреть",52,"переходный возраст"
"ребенок в переходном возрасте кроссворд",51,"переходный возраст"
"песня гспд переходный возраст",51,"переходный возраст"
"тошнота переходный возраст",51,"переходный возраст"
"фильм переходный возраст 2025 смотреть онлайн бесплатно",51,"переходный возраст"
"переходный возраст 12 13 лет",51,"переходный возраст"
"переходный возраст у девочек симптомы признаки",51,"переходный возраст"
"переходный возраст название",50,"переходный возраст"
"когда у подростка заканчивается переходный возраст",50,"переходный возраст"
"переходный возраст кто убил девочку",50,"переходный возраст"
"переходный возраст для родителей",50,"переходный возраст"
"закатун переходный возраст",50,"переходный возраст"
"не упустите переходный возраст",49,"переходный возраст"
"переходный возраст документальный фильм",49,"переходный возраст"
"как сделать переходный возраст",49,"переходный возраст"
"как по другому называется переходный возраст",49,"переходный возраст"
"переходный возраст комик",49,"переходный возраст"
"дата выхода переходный возраст",49,"переходный возраст"
"переходный возраст сериал 2 серия",49,"переходный возраст"
"майданов переходный возраст",49,"переходный возраст"
"прыщи переходный возраст чем лечить",49,"переходный возраст"
"орлов переходный возраст вк видео",49,"переходный возраст"
"сергей орлов переходный возраст смотреть вк",49,"переходный возраст"
"переходный возраст брэд питт",49,"переходный возраст"
"переходный возраст не упусти момент",48,"переходный возраст"
"стейнберг переходный возраст",48,"переходный возраст"
"советы подростку переходный возраст",48,"переходный возраст"
"переходный возраст у девочек месячные",48,"переходный возраст"
"как проходит переходный возраст у мальчиков",48,"переходный возраст"
"кожа в переходном возрасте",48,"переходный возраст"
"переходный возраст 3 4",48,"переходный возраст"
"переходный возраст сестры",48,"переходный возраст"
"сергей орлов переходный возраст концерт без цензуры",47,"переходный возраст"
"переходный возраст сколько серий и сезонов",47,"переходный возраст"
"переходный возраст выхода на пенсию",47,"переходный возраст"
"переходный возраст сериал 2025 скачать торрент",47,"переходный возраст"
"сериал переходный возраст 2025 торрент",47,"переходный возраст"
"переходный возраст 2025 1 серия",47,"переходный возраст"
"сериал переходный возраст кадры",47,"переходный возраст"
"пик переходного возраста",47,"переходный возраст"
"прыщи на спине переходный возраст",47,"переходный возраст"
"пенис переходный возраст",47,"переходный возраст"
"13 14 лет переходный возраст",46,"переходный возраст"
"пубертат как пережить переходный возраст",46,"переходный возраст"
"переходный возраст девочки 15 лет",46,"переходный возраст"
"орлов переходный возраст смотреть онлайн без цензуры",46,"переходный возраст"
"чем отличается переходный возраст",46,"переходный возраст"
"переходный возраст в семье",45,"переходный возраст"
"переходный возраст текст gspd",45,"переходный возраст"
"препараты переходный возраст",45,"переходный возраст"
"когда идет переходный возраст",45,"переходный возраст"
"переходный возраст в 5 лет",45,"переходный возраст"
"когда у собаки начинается переходный возраст",45,"переходный возраст"
"переходный возраст т",45,"переходный возраст"
"что делать при переходном возрасте",45,"переходный возраст"
"сериал переходный возраст концовка",45,"переходный возраст"
"переходный возраст у мальчиков в 11",45,"переходный возраст"
"родители как пережили переходный возраст детей",45,"переходный возраст"
"до скольки лет переходный возраст у девушек",45,"переходный возраст"
"что входит в переходный возраст",45,"переходный возраст"
"в каком возрасте у детей переходный возраст",45,"переходный возраст"
"во сколько лет у детей переходный возраст",45,"переходный возраст"
"переходный возраст описание",45,"переходный возраст"
"витамины для переходного возраста",45,"переходный возраст"
"переходный возраст анализ",44,"переходный возраст"
"переходный возраст рассказ",44,"переходный возраст"
"сергей орлов переходный возраст смотреть лордфильм",44,"переходный возраст"
"переходный возраст у мальчиков 18",44,"переходный возраст"
"где посмотреть сергей орлов переходный возраст",44,"переходный возраст"
"переходный возраст фильм 1981 отзывы",44,"переходный возраст"
"подростки в переходном возрасте психолог",44,"переходный возраст"
"переходный возраст у мальчиков на лице",44,"переходный возраст"
"сергей орлов переходный возраст слушать",44,"переходный возраст"
"скачать фильм переходный возраст",43,"переходный возраст"
"разбор сериала переходный возраст",43,"переходный возраст"
"время переходного возраста у девочек",43,"переходный возраст"
"максим переходный возраст",43,"переходный возраст"
"переходный возраст смотреть онлайн лордфильм",43,"переходный возраст"
"почему у подростков переходный возраст",43,"переходный возраст"
"пятна переходного возраста",43,"переходный возраст"
"переходный возраст поздно",43,"переходный возраст"
"переходный возраст в 3 года",43,"переходный возраст"
"как общаться с подростком переходный возраст",43,"переходный возраст"
"переходный возраст у девочек лицо",43,"переходный возраст"
"переходный возраст сериал сколько серий и сезонов",42,"переходный возраст"
"переходный возраст в ролях",42,"переходный возраст"
"мастурбация переходный возраст",42,"переходный возраст"
"переходный возраст легче",42,"переходный возраст"
"переходный возраст у мужчин в каком возрасте",42,"переходный возраст"
"переходный возраст смотреть все серии",42,"переходный возраст"
"переходный возраст как вести себя родителям",42,"переходный возраст"
"мунк переходный возраст",42,"переходный возраст"
"сергей орлов переходный возраст налоговая",41,"переходный возраст"
"фильм переходный возраст 2019",41,"переходный возраст"
"подросток переходный возраст сериал",41,"переходный возраст"
"пубертат как пережить переходный возраст ребенку",41,"переходный возраст"
"переходный возраст в отношениях",41,"переходный возраст"
"нету переходного возраста",41,"переходный возраст"
"переходный возраст у мальчиков 10",41,"переходный возраст"
"переходный возраст у котят",41,"переходный возраст"
"оуэн купер переходный возраст",41,"переходный возраст"
"переходный возраст оуэн",41,"переходный возраст"
"переходный возраст у мальчиков периоды",41,"переходный возраст"
"переходный возраст объяснение",41,"переходный возраст"
"голые переходный возраст",41,"переходный возраст"
"переходный возраст пенсионной реформы",41,"переходный возраст"
"где смотреть переходный возраст",41,"переходный возраст"
"начало переходного возраста у девочек",40,"переходный возраст"
"переходный возраст 2025 года",40,"переходный возраст"
"прыщи на лбу переходный возраст",40,"переходный возраст"
"переходный возраст сериал субтитры",40,"переходный возраст"
"переходный возраст 6 7",40,"переходный возраст"
"ребенок 10 лет переходный возраст",40,"переходный возраст"
"переходный возраст орлов лорд",40,"переходный возраст"
"как пережить переходный возраст подростка",40,"переходный возраст"
"смотреть переходный возраст 1968",40,"переходный возраст"
"сериал переходный возраст лордфильм",40,"переходный возраст"
"переходный возраст в 9 лет у девочек",40,"переходный возраст"
"переходный возраст у девочек что делать",40,"переходный возраст"
"переходный возраст как называется на научном",40,"переходный возраст"
"подросток переходный возраст фильм",40,"переходный возраст"
"детский переходный возраст",40,"переходный возраст"
"старший переходный возраст",40,"переходный возраст"
"до какого возраста переходный возраст у мальчиков",39,"переходный возраст"
"переходный возраст спектакль театриум",39,"переходный возраст"
"переходный возраст в школе",39,"переходный возраст"
"во сколько у детей начинается переходный возраст",39,"переходный возраст"
"переходный возраст по научному",39,"переходный возраст"
"переходный возраст сериал 2025 2",39,"переходный возраст"
"как происходит переходный возраст у мальчиков",39,"переходный возраст"
"переходный возраст в 6 лет",39,"переходный возраст"
"лоуренс стейнберг переходный возраст",39,"переходный возраст"
"переходный возраст лоуренс",39,"переходный возраст"
"прыщи после переходного возраста",39,"переходный возраст"
"скачать песню переходный возраст gspd",39,"переходный возраст"
"переходные возраста у детей мальчиков",39,"переходный возраст"
"переходный возраст орлов рутуб",39,"переходный возраст"
"переходный возраст 30 35",38,"переходный возраст"
"переходный возраст 30 35 лет",38,"переходный возраст"
"переходный возраст болит сердце",38,"переходный возраст"
"подросток переходный возраст отзывы",38,"переходный возраст"
"ребенку 11 лет переходный возраст",38,"переходный возраст"
"переходный возраст советы психолога",38,"переходный возраст"
"переходный возраст советы психолога подростку",38,"переходный возраст"
"9 лет это переходный возраст",38,"переходный возраст"
"с каких лет начинается переходный возраст",38,"переходный возраст"
"болезни переходного возраста",38,"переходный возраст"
"переходный возраст с прокловой",38,"переходный возраст"
"когда пройдет переходный возраст у девочек",38,"переходный возраст"
"до скольки лет переходный возраст у парней",38,"переходный возраст"
"переходный возраст у взрослых",38,"переходный возраст"
"переходный возраст сериал смотреть все серии",38,"переходный возраст"
"переходный возраст скачать на телефон",38,"переходный возраст"
"переходный возраст у девочек видео",38,"переходный возраст"
"таблетки от переходного возраста",38,"переходный возраст"
"переходный возраст выступление",38,"переходный возраст"
"внучка переходный возраст какую молитву читать",38,"переходный возраст"
"книга про переходный возраст",37,"переходный возраст"
"почему в переходном возрасте хочется",37,"переходный возраст"
"переходный возраст денис майданов",37,"переходный возраст"
"переходный возраст сериал даты",37,"переходный возраст"
"что связано с переходным возрастом",37,"переходный возраст"
"переходный возраст смотреть лорд",37,"переходный возраст"
"переходный возраст прыщи во сколько лет",37,"переходный возраст"
"переходный возраст 2025 5 серия",37,"переходный возраст"
"писька переходный возраст",37,"переходный возраст"
"переходный возраст в 45",37,"переходный возраст"
"сергей орлов переходный возраст вк видео",36,"переходный возраст"
"поведение подростка в переходном возрасте",36,"переходный возраст"
"переходный возраст сериал кто убил девочку",36,"переходный возраст"
"сериал переходный возраст дата выхода",36,"переходный возраст"
"переходный возраст оригинал",36,"переходный возраст"
"как понять что у ребенка переходный возраст",36,"переходный возраст"
"переходный возраст зона",36,"переходный возраст"
"переходный возраст 14 15 лет",36,"переходный возраст"
"нос в переходном возрасте",36,"переходный возраст"
"советский фильм переходный возраст",36,"переходный возраст"
"переходный возраст угри",36,"переходный возраст"
"смотреть фильм переходный возраст 1968",36,"переходный возраст"
"переходный возраст как бороться",35,"переходный возраст"
"как называется переходный возраст у детей",35,"переходный возраст"
"переходный возраст adolescence сериал",35,"переходный возраст"
"переходный возраст 2 сезон дата",35,"переходный возраст"
"переходный возраст 2 сезон дата выхода",35,"переходный возраст"
"как избавиться от прыщей в переходном возрасте",35,"переходный возраст"
"выступление орлова переходный возраст",35,"переходный возраст"
"мультик переходный возраст",35,"переходный возраст"
"переходный возраст 15 16 лет",35,"переходный возраст"
"лорд фильм переходный возраст",35,"переходный возраст"
"переходный возраст рейтинг",34,"переходный возраст"
"переходный возраст первые признаки",34,"переходный возраст"
"переходный возраст половое созревание",34,"переходный возраст"
"условный мент серия переходный возраст",34,"переходный возраст"
"переходный возраст орлов 18",34,"переходный возраст"
"повышение пенсионного возраста переходный период",34,"переходный возраст"
"переходный возраст здоровье",34,"переходный возраст"
"орлов переходный возраст где проходил",34,"переходный возраст"
"какие признаки переходного возраста у девочек",34,"переходный возраст"
"переходный возраст сериал 2025 русский",34,"переходный возраст"
"лпшки шоу переходный возраст",34,"переходный возраст"
"переходный возраст черные точки",34,"переходный возраст"
"переходный возраст см",34,"переходный возраст"
"переходный возраст советы родителям",34,"переходный возраст"
"как называется переходный возраст у мальчиков",34,"переходный возраст"
"до какого возраста идет переходный возраст",33,"переходный возраст"
"может ли болеть яйцо при переходном возрасте",33,"переходный возраст"
"уральские пельмени переходный возраст",33,"переходный возраст"
"сколько идет переходный возраст у мальчиков",33,"переходный возраст"
"переходный возраст у девочек 15",33,"переходный возраст"
"переходный возраст реальная история",33,"переходный возраст"
"переходный возраст у собак во сколько месяцев",33,"переходный возраст"
"переходный возраст аниме порно",33,"переходный возраст"
"переходный возраст сериал нетфликс смотреть",33,"переходный возраст"
"переходный возраст 2020",33,"переходный возраст"
"переходный возраст между подростковым и юношеским",33,"переходный возраст"
"сколько переходных возрастов у мужчин",33,"переходный возраст"
"комедия переходный возраст",33,"переходный возраст"
"у брата переходный возраст",33,"переходный возраст"
"подросток проблемы переходного возраста",33,"переходный возраст"
"50 лет переходный возраст",33,"переходный возраст"
"возраст выхода на пенсию переходный период",33,"переходный возраст"
"акне в переходном возрасте",33,"переходный возраст"
"в каком возрасте заканчивается переходный возраст",33,"переходный возраст"
"переходный возраст итог",33,"переходный возраст"
"во сколько проходит переходный возраст",32,"переходный возраст"
"чем характеризуется переходный возраст",32,"переходный возраст"
"дыши переходный возраст",32,"переходный возраст"
"переходный возраст перевод",32,"переходный возраст"
"сергей орлов переходный возраст лорд",32,"переходный возраст"
"40 лет мужчине переходный возраст",32,"переходный возраст"
"программа переходный возраст",32,"переходный возраст"
"сериал переходный возраст 2025 1 серия",32,"переходный возраст"
"переходный возраст история сериала",32,"переходный возраст"
"как проходит переходный возраст у девочек",32,"переходный возраст"
"переходный возраст сериал скачать на телефон",31,"переходный возраст"
"переходный возраст вики",31,"переходный возраст"
"переходный возраст ребенка 6 лет",31,"переходный возраст"
"как понять что переходный возраст закончился",31,"переходный возраст"
"переходный возраст сериал кратко",31,"переходный возраст"
"когда пройдет переходный возраст у мальчиков",31,"переходный возраст"
"переходный возраст снимали одним кадром",31,"переходный возраст"
"переходный возраст снят одним кадром",31,"переходный возраст"
"сергей орлов переходный возраст скачать бесплатно",31,"переходный возраст"
"переходный возраст краткое содержание",31,"переходный возраст"
"сергей орлов переходный возраст про налоговую",31,"переходный возраст"
"сольный концерт сергея орлова переходный возраст",31,"переходный возраст"
"переходный возраст ребенка форум",31,"переходный возраст"
"переходный возраст груди у девочек",31,"переходный возраст"
"сколько лет идет переходный возраст",31,"переходный возраст"
"головная боль переходный возраст",30,"переходный возраст"
"фенибут для подростков в переходном возрасте",30,"переходный возраст"
"что если переходный возраст в 12 лет",30,"переходный возраст"
"переходный возраст кишлак",30,"переходный возраст"
"выготский отмечал что в переходном возрасте",30,"переходный возраст"
"ребенок переходного возраста 9",30,"переходный возраст"
"прыщи переходный возраст у ребенка",30,"переходный возраст"
"переходный возраст что делать родителям",30,"переходный возраст"
"переходный возраст статья",30,"переходный возраст"
"девочка переходный возраст секс",30,"переходный возраст"
"переходный возраст сериал 2025 4",30,"переходный возраст"
"сериал переходный возраст содержание",30,"переходный возраст"
"переходный возраст музыка",30,"переходный возраст"
"переходный возраст сериал почему",30,"переходный возраст"
"условный мент переходный возраст смотреть",30,"переходный возраст"
"включи переходный возраст",30,"переходный возраст"
"переходный возраст по повышению пенсионного возраста",30,"переходный возраст"
"переходный возраст герои",29,"переходный возраст"
"переходный возраст фильм с прокловой",29,"переходный возраст"
"переходный возраст у мальчиков порно",29,"переходный возраст"
"сергей орлов переходный возраст полная версия",29,"переходный возраст"
"переходный школьный возраст",29,"переходный возраст"
"нетфликс переходный возраст смотреть онлайн",29,"переходный возраст"
"переходный возраст нетфликс онлайн",29,"переходный возраст"
"посмотреть концерт сергея орлова переходный возраст",29,"переходный возраст"
"переходные возрасты ребенка 5 лет",29,"переходный возраст"
"переходный возраст в 19",29,"переходный возраст"
"переходный возраст орлов с матами",29,"переходный возраст"
"переходный возраст группа",29,"переходный возраст"
"синдромы переходного возраста",29,"переходный возраст"
"во сколько начинается переходный возраст у подростков",29,"переходный возраст"
"как работает переходный возраст",29,"переходный возраст"
"у моей подруги переходный возраст",29,"переходный возраст"
"режиссер переходного возраста",29,"переходный возраст"
"со скольки до скольки идет переходный возраст",29,"переходный возраст"
"где посмотреть концерт орлова переходный возраст",29,"переходный возраст"
"переходный возраст где посмотреть концерт",29,"переходный возраст"
"переходный возраст психика",29,"переходный возраст"
"орлов переходный возраст где смотреть",28,"переходный возраст"
"переходный возраст фильм 1968 где снимали",28,"переходный возраст"
"переходный возраст сериал брэд питт",28,"переходный возраст"
"переходный возраст 1981 смотреть",28,"переходный возраст"
"скачать сергей орлов стендап концерт переходный возраст",28,"переходный возраст"
"последствия переходного возраста",28,"переходный возраст"
"переходный возраст сериал 2025 лорд",28,"переходный возраст"
"переходный возраст 2025 2 серия",28,"переходный возраст"
"что происходит с подростком в переходном возрасте",28,"переходный возраст"
"переходный возраст 11 12 лет",27,"переходный возраст"
"переходный возраст preteen mod",27,"переходный возраст"
"что делать во время переходного возраста",27,"переходный возраст"
"как снимали переходный возраст",27,"переходный возраст"
"орлов комик переходный возраст",27,"переходный возраст"
"книга как пережить переходный возраст",27,"переходный возраст"
"пубертат как пережить переходный возраст книга",27,"переходный возраст"
"переходный возраст фильм 1968 видео",27,"переходный возраст"
"переходный возраст сериал реальная история",27,"переходный возраст"
"мальчик 16 лет переходный возраст",27,"переходный возраст"
"системы переходного возраста",27,"переходный возраст"
"во сколько начинает переходный возраст",27,"переходный возраст"
"переходный возраст сериал 2 сезон дата",27,"переходный возраст"
"переходный возраст сериал 2 сезон дата выхода",27,"переходный возраст"
"где был концерт орлова переходный возраст",27,"переходный возраст"
"как справиться с подростком в переходном возрасте",27,"переходный возраст"
"переходный возраст сериал 2025 видео",27,"переходный возраст"
"объяснения сериала переходный возраст",27,"переходный возраст"
"есть ли у кошек переходный возраст",27,"переходный возраст"
"орлов переходный возраст когда вышел",27,"переходный возраст"
"переходный возраст 6 7 лет",26,"переходный возраст"
"сериал переходный возраст описание",26,"переходный возраст"
"переходный возраст сериал где",26,"переходный возраст"
"переходный возраст стенд ап",26,"переходный возраст"
"вики шоу переходный возраст",26,"переходный возраст"
"сергей орлов переходный возраст 2026 скачать",26,"переходный возраст"
"переходный возраст ххх",26,"переходный возраст"
"спящая красавица переходный возраст театр роста",26,"переходный возраст"
"мультик про переходный возраст",26,"переходный возраст"
"переходный возраст смотреть на английском",26,"переходный возраст"
"переходный возраст основан",26,"переходный возраст"
"во сколько лет проходит переходный возраст",26,"переходный возраст"
"майвл переходный возраст",25,"переходный возраст"
"переходный возраст виды",25,"переходный возраст"
"переходный возраст спектакль на серпуховке отзывы",25,"переходный возраст"
"со скольки до скольки длится переходный возраст",25,"переходный возраст"
"переходный возраст простыми словами",25,"переходный возраст"
"переходный возраст википедия",25,"переходный возраст"
"переходный возраст сериал снятый одним кадром",25,"переходный возраст"
"сериал переходный возраст снят одним кадром",25,"переходный возраст"
"переходный возраст сериал джейми",25,"переходный возраст"
"переходный возраст у мальчиков 18 лет",25,"переходный возраст"
"переходный возраст поплавская",25,"переходный возраст"
"со скольки лет идет переходный возраст",25,"переходный возраст"
"мальчики переходный возраст секс",25,"переходный возраст"
"терезы дуровой переходный возраст спектакль",25,"переходный возраст"
"переходный возраст кровь из носа",25,"переходный возраст"
"переходный возраст сериал 2025 5 серия",25,"переходный возраст"
"переходный возраст 9 лет мальчик",25,"переходный возраст"
"тест на переходный возраст для девочек",25,"переходный возраст"
"до какого возраста длится переходный возраст",25,"переходный возраст"
"переходный возраст орлов сергей где проходил",25,"переходный возраст"
"почему в переходном возрасте появляются прыщи",25,"переходный возраст"
"переходный возраст будет ли 2 сезон",25,"переходный возраст"
"орлов переходный возраст москва",24,"переходный возраст"
"переходный возраст фильм 1981 смотреть",24,"переходный возраст"
"переходный возраст аккорды",24,"переходный возраст"
"уральские пельмени полина и переходный возраст",24,"переходный возраст"
"уральские пельмени про полину и переходный возраст",24,"переходный возраст"
"переходный возраст смотреть субтитры",24,"переходный возраст"
"года переходного возраста у человека",24,"переходный возраст"
"переходный возраст 19 лет",24,"переходный возраст"
"головоломка или привет переходный возраст",24,"переходный возраст"
"какие признаки переходного возраста у мальчиков",24,"переходный возраст"
"орлов новый переходный возраст",24,"переходный возраст"
"переходный возраст 2 серия сериал 2025",24,"переходный возраст"
"как справиться с переходным возрастом у девочек",24,"переходный возраст"
"до скольки идет переходный возраст у мальчиков",24,"переходный возраст"
"во сколько лет начинает переходный возраст",24,"переходный возраст"
"переходный возраст 2025 на реальных событиях",24,"переходный возраст"
"переходный возраст молоточники",24,"переходный возраст"
"орлов переходный возраст концерт вк",24,"переходный возраст"
"серега орлов переходный возраст",24,"переходный возраст"
"переходный возраст как называется на научном языке",24,"переходный возраст"
"переходный возраст пубертатный",24,"переходный возраст"
"переходный возраст 2025 трейлер на русском",24,"переходный возраст"
"как определить переходный возраст",24,"переходный возраст"
"переходный возраст сериал песня",24,"переходный возраст"
"переходный возраст 2025 все серии",24,"переходный возраст"
"текст песни переходный возраст gspd",23,"переходный возраст"
"переходный возраст аудиокнига",23,"переходный возраст"
"признаки переходного возраста у девочек 12",23,"переходный возраст"
"какой возраст считается переходным",23,"переходный возраст"
"где посмотреть концерт сергея орлова переходный возраст",23,"переходный возраст"
"театриум переходный возраст отзывы",23,"переходный возраст"
"переходный возраст трудности",23,"переходный возраст"
"когда у подростка начинается переходный возраст",23,"переходный возраст"
"переходной возраст фильм нетфликс",23,"переходный возраст"
"16 лет девочка переходный возраст",23,"переходный возраст"
"переходный возраст рецензия",23,"переходный возраст"
"когда закончился у ваших детей переходный возраст",23,"переходный возраст"
"как помочь ребенку в переходном возрасте",23,"переходный возраст"
"как выглядит переходный возраст у мальчиков",23,"переходный возраст"
"переходный возраст сериал 2004 смотреть",23,"переходный возраст"
"переходный возраст смотреть 2004",23,"переходный возраст"
"переходный возраст стендап без цензуры",23,"переходный возраст"
"стендап орлова переходный возраст без цензуры",23,"переходный возраст"
"переходный возраст 4 серии 2025",23,"переходный возраст"
"сериал переходный возраст 2025 4 серия",23,"переходный возраст"
"переходный возраст у мальчиков член",23,"переходный возраст"
"переходный возраст возрастные ограничения",23,"переходный возраст"
"сергей орлов переходный возраст концерт полностью",23,"переходный возраст"
"переходный возраст театр на серпуховке",22,"переходный возраст"
"сколько идет переходный возраст у девочек",22,"переходный возраст"
"сергей орлов программа переходный возраст",22,"переходный возраст"
"переходный возраст 5 6 лет",22,"переходный возраст"
"концерт орлова переходный возраст где проходил",22,"переходный возраст"
"сергей орлов переходный возраст москва",22,"переходный возраст"
"переходный возраст саундтреки",22,"переходный возраст"
"стенда орлов переходный возраст",22,"переходный возраст"
"переходный возраст награды",22,"переходный возраст"
"что бывает при переходном возрасте",22,"переходный возраст"
"условный мент серия переходный возраст смотреть",22,"переходный возраст"
"переходный возраст смотреть онлайн все серии",22,"переходный возраст"
"14 лет ребенку переходный возраст",22,"переходный возраст"
"существует переходной возраст",22,"переходный возраст"
"переходный возраст пересказ",22,"переходный возраст"
"переходный возраст ссср",22,"переходный возраст"
"переходный возраст гспд слушать",22,"переходный возраст"
"переходный возраст термин",22,"переходный возраст"
"сергей орлов переходный возраст когда вышел",22,"переходный возраст"
"переходный возраст ударение",22,"переходный возраст"
"мини сериал переходный возраст смотреть",21,"переходный возраст"
"сергей орлов переходный возраст смотреть онлайн лордфильм",21,"переходный возраст"
"период переходного возраста у девочек",21,"переходный возраст"
"книга переходный возраст не упустите момент",21,"переходный возраст"
"переходный возраст тг",21,"переходный возраст"
"переходный возраст в 21",21,"переходный возраст"
"переходный возраст сериал 2025 трейлер на русском",21,"переходный возраст"
"переходный возраст 7 лет у девочек",21,"переходный возраст"
"переходный возраст картинки",21,"переходный возраст"
"трейлер фильма переходный возраст",21,"переходный возраст"
"переходный возраст продолжение",21,"переходный возраст"
"переходный возраст фильм сериал 2025",21,"переходный возраст"
"переходный возраст основан на реальных",21,"переходный возраст"
"спокойный переходный возраст",21,"переходный возраст"
"фильм переходный возраст сюжет",21,"переходный возраст"
"переходный возраст 1 сезон 2025",21,"переходный возраст"
"через сколько пройдет переходный возраст",21,"переходный возраст"
"через сколько проходит переходный возраст",21,"переходный возраст"
"ранний переходный возраст у мальчиков",21,"переходный возраст"
"ребенок подросток переходный возраст",21,"переходный возраст"
"в каком классе переходный возраст",21,"переходный возраст"
"переходный возраст пенсии по старости",20,"переходный возраст"
"переходный возраст 2025 чем закончился",20,"переходный возраст"
"признаки переходного возраста у девочек 12 лет",20,"переходный возраст"
"концерт сергея орлова переходный возраст где найти",20,"переходный возраст"
"сергей орлов переходный возраст с матом",20,"переходный возраст"
"аутизм переходный возраст",20,"переходный возраст"
"ребенок 3 года переходный возраст",20,"переходный возраст"
"прыщи переходный возраст до скольки лет",20,"переходный возраст"
"переходный возраст суть фильма",20,"переходный возраст"
"переходный возраст 25 лет",20,"переходный возраст"
"переходный возраст оценка",20,"переходный возраст"
"переходный возраст приколы",20,"переходный возраст"
"где снимали переходный возраст орлова",20,"переходный возраст"
"переходный возраст сериал смотреть на английском",20,"переходный возраст"
"когда у дочки начался переходный возраст",20,"переходный возраст"
"чем отличается пубертат от переходного возраста",20,"переходный возраст"
"переходный возраст главный герой",20,"переходный возраст"
"когда кончается переходный возраст",20,"переходный возраст"
"плюсы переходного возраста",20,"переходный возраст"
"переходный возраст у овчарки",20,"переходный возраст"
"когда уходит переходный возраст",20,"переходный возраст"
"сергей орлов переходный возраст 18",20,"переходный возраст"
"до скольки длится переходный возраст у парней",20,"переходный возраст"
"запоздалый переходный возраст",20,"переходный возраст"
"сергей орлов новый концерт переходный возраст",20,"переходный возраст"
"переходный возраст сериал оригинал",20,"переходный возраст"
"во сколько у девушек переходный возраст",20,"переходный возраст"
"переходный возраст основан на реальных событиях",20,"переходный возраст"
"переходный возраст сериал основано",20,"переходный возраст"
"переходный возраст скачать сериал бесплатно",20,"переходный возраст"
"переходный возраст орлов полный выпуск",19,"переходный возраст"
"сергей орлов переходный возраст полный выпуск",19,"переходный возраст"
"10 11 лет переходный возраст",19,"переходный возраст"
"скачать переходный возраст через торрент",19,"переходный возраст"
"в каком возрасте происходит переходный возраст",19,"переходный возраст"
"переходный возраст от itskatato",19,"переходный возраст"
"переходный возраст смотреть 4 серию",19,"переходный возраст"
"сколько переходных возрастов бывает",19,"переходный возраст"
"переходный возраст почему убил",19,"переходный возраст"
"переходный возраст сериал 2025 закончился",19,"переходный возраст"
"переходный возраст мальчик убил",19,"переходный возраст"
"переходный возраст у мальчиков в 15",19,"переходный возраст"
"переходный возраст дорама русская",19,"переходный возраст"
"когда наступает переходный возраст у девочек",19,"переходный возраст"
"сериал переходный возраст краткое содержание",19,"переходный возраст"
"сериал переходный возраст 2025 год",19,"переходный возраст"
"переходный возраст 7 8",19,"переходный возраст"
"картина переходный возраст",19,"переходный возраст"
"переходный возраст 2025 сюжет",19,"переходный возраст"
"переходный возраст великобритания",19,"переходный возраст"
"переходные возраста у детей периоды",19,"переходный возраст"
"джейми миллер переходный возраст",19,"переходный возраст"
"как ускорить переходный возраст",18,"переходный возраст"
"переходный возраст подросток смотреть",18,"переходный возраст"
"во сколько лет появляется переходный возраст",18,"переходный возраст"
"во сколько появляется переходный возраст",18,"переходный возраст"
"переходный возраст у мальчиков болят соски",18,"переходный возраст"
"переходный возраст сериал смотреть лордфильм",18,"переходный возраст"
"переходный пенсионный возраст таблица",18,"переходный возраст"
"переходный возраст 2025 2 сезон",18,"переходный возраст"
"со скольки лет длится переходный возраст",18,"переходный возраст"
"когда у парней начинается переходный возраст",18,"переходный возраст"
"существует ли переходный возраст",18,"переходный возраст"
"условный мент 3 переходный возраст",18,"переходный возраст"
"мод переходный возраст или preteen mod",18,"переходный возраст"
"яна поплавская переходный возраст",18,"переходный возраст"
"переходный возраст netflix",18,"переходный возраст"
"зебра переходного возраста",18,"переходный возраст"
"как называется переходный возраст в 40 лет",18,"переходный возраст"
"переходный возраст спектакль на серпуховке купить",18,"переходный возраст"
"переходный возраст спектакль на серпуховке купить билет",18,"переходный возраст"
"переходный возраст сериал конец",18,"переходный возраст"
"сериал переходный возраст почему убил",18,"переходный возраст"
"герои сериала переходный возраст",18,"переходный возраст"
"сергей орлов переходный возраст рутуб",18,"переходный возраст"
"переходный возраст 21 года",18,"переходный возраст"
"переходный возраст сериал нетфликс смотреть онлайн",18,"переходный возраст"
"переходный возраст у девочек порно",18,"переходный возраст"
"фразы джейми из фильма переходный возраст",18,"переходный возраст"
"в каком возрасте появляется переходный возраст",18,"переходный возраст"
"когда у котов начинается переходный возраст",18,"переходный возраст"
"переходный возраст смотреть онлайн бесплатно лордфильм",18,"переходный возраст"
"переходный возраст мини сериал 2025 adolescence",18,"переходный возраст"
"переходный возраст сериал рутуб",18,"переходный возраст"
"переходный возраст второй сезон",18,"переходный возраст"
"переходный возраст 3 серия смотреть",17,"переходный возраст"
"скачать песню гспд переходный возраст",17,"переходный возраст"
"лоуренс стейнберг переходный возраст не упустите момент",17,"переходный возраст"
"фильм переходный возраст на реальных событиях",17,"переходный возраст"
"переходный возраст у мальчиков в 16",17,"переходный возраст"
"зачем переходный возраст",17,"переходный возраст"
"объяснение концовки переходный возраст",17,"переходный возраст"
"сериал переходный возраст продолжение",17,"переходный возраст"
"беседа переходный возраст",17,"переходный возраст"
"песня майвл переходный возраст",17,"переходный возраст"
"переходный возраст смотреть рутуб",17,"переходный возраст"
"когда наступает переходный возраст у мальчиков",17,"переходный возраст"
"сиськи в переходном возрасте",17,"переходный возраст"
"переходный возраст в 23",17,"переходный возраст"
"что означает переходный возраст у девочек",17,"переходный возраст"
"сериал переходный возраст как снять",17,"переходный возраст"
"пройдут ли прыщи после переходного возраста",17,"переходный возраст"
"собака мальчик переходный возраст",17,"переходный возраст"
"переходный возраст меня зовут артем",17,"переходный возраст"
"мама и сын переходный возраст",17,"переходный возраст"
"переходный возраст русская озвучка",17,"переходный возраст"
"переходный возраст мини сериал 2025 смотреть",17,"переходный возраст"
"переходный возраст 2004 сериал смотреть онлайн",17,"переходный возраст"
"переходный возраст смотреть онлайн 2004",17,"переходный возраст"
"сергей орлов переходный возраст где смотреть",17,"переходный возраст"
"переходный возраст у девочек как называется",17,"переходный возраст"
"переходный возраст 3 4 года",17,"переходный возраст"
"анна старобинец переходный возраст читать",17,"переходный возраст"
"может ли переходный возраст начаться в 18",17,"переходный возраст"
"что происходит когда начинается переходный возраст",17,"переходный возраст"
"переходный возраст защищая джейкоба",17,"переходный возраст"
"переходный возраст сериал россия",17,"переходный возраст"
"переходный возраст у девочек форум",16,"переходный возраст"
"что происходит у парней в переходном возрасте",16,"переходный возраст"
"в 20 лет продолжается переходный возраст",16,"переходный возраст"
"переходный переходный возраст д",16,"переходный возраст"
"переходный возраст torrent",16,"переходный возраст"
"сергей орлов stand up переходный возраст",16,"переходный возраст"
"мж переходный возраст",16,"переходный возраст"
"переходный возраст сериал 2025 похожие",16,"переходный возраст"
"у сына переходный возраст порно",16,"переходный возраст"
"переходный возраст сериал вышел",16,"переходный возраст"
"как лечить переходный возраст",16,"переходный возраст"
"переходный возраст синоним",16,"переходный возраст"
"что значит переходный возраст у девочек",16,"переходный возраст"
"переходный возраст кубик в кубе",16,"переходный возраст"
"переходный возраст фильм 2019 отзывы",16,"переходный возраст"
"переходный возраст смотреть в оригинале",16,"переходный возраст"
"как выглядит переходный возраст у девочек",16,"переходный возраст"
"сергей орлов выступление переходный возраст",16,"переходный возраст"
"переходный возраст сериал психолог",16,"переходный возраст"
"британский сериал переходной возраст",16,"переходный возраст"
"видео концерта орлова переходный возраст",16,"переходный возраст"
"переходный возраст сериал озвучка",16,"переходный возраст"
"переходный возраст 2004 актеры",16,"переходный возраст"
"переходный возраст сериал 2004 2005 актеры",16,"переходный возраст"
"переходный период пенсионного возраста таблица",16,"переходный возраст"
"переходный возраст скачать торрент бесплатно",16,"переходный возраст"
"сериал переходный возраст 2025 реальных событиях",16,"переходный возраст"
"переходный возраст у девочек 6 лет",16,"переходный возраст"
"переходный возраст дорама озвучка",16,"переходный возраст"
"есть ли у котов переходный возраст",16,"переходный возраст"
"сколько длится переходный возраст прыщи",16,"переходный возраст"
"переходный возраст факты",16,"переходный возраст"
"сериал переходный возраст 1 сезон 5 серия",16,"переходный возраст"
"как разговаривать с подростками в переходном возрасте",15,"переходный возраст"
"переходный возраст сериал 2025 сколько сезонов",15,"переходный возраст"
"стадии переходного возраста у мальчиков",15,"переходный возраст"
"переходной возраст порно фильм",15,"переходный возраст"
"переходный возраст сериал вк",15,"переходный возраст"
"переходный возраст ее боялся",15,"переходный возраст"
"ненавижу переходный возраст",15,"переходный возраст"
"переходный возраст фильм с варлей",15,"переходный возраст"
"видео переходный возраст мальчики",15,"переходный возраст"
"переходный возраст камеди",15,"переходный возраст"
"миниатюра про ребенка с переходный возрастом",15,"переходный возраст"
"кризисные переходные возрасты",15,"переходный возраст"
"переходный возраст сериал 2026",15,"переходный возраст"
"переходный возраст 2025 лордфильм",15,"переходный возраст"
"что бывает у мальчиков в переходном возрасте",15,"переходный возраст"
"переходный возраст 16 17 лет",15,"переходный возраст"
"какие симптомы переходного возраста у мальчиков",15,"переходный возраст"
"переходный возраст сериал кинопоиск",15,"переходный возраст"
"переходный возраст один из важных",15,"переходный возраст"
"фильм переходный возраст 2025 отзывы",15,"переходный возраст"
"переходный возраст психологический разбор сериала",15,"переходный возраст"
"у моей подруги переходный возраст кишлак",15,"переходный возраст"
"nonse переходный возраст",15,"переходный возраст"
"переходный возраст сериал основан на реальных",15,"переходный возраст"
"переходный возраст одним дублем",15,"переходный возраст"
"смотреть кино переходный возраст",15,"переходный возраст"
"переходный возраст грэм",15,"переходный возраст"
"переходный возраст сериал перевод",15,"переходный возраст"
"почему происходит переходный возраст",15,"переходный возраст"
"переходный возраст сериал 2025 на реальных",15,"переходный возраст"
"переходный возраст короткометражный фильм",14,"переходный возраст"
"переходный возраст лечение",14,"переходный возраст"
"переходный возраст фильм 1968 смотреть онлайн",14,"переходный возраст"
"как помочь подростку пережить переходный возраст",14,"переходный возраст"
"переходный возраст фильм ссср",14,"переходный возраст"
"переходный возраст гспд аккорды",14,"переходный возраст"
"переходный возраст у аутистов",14,"переходный возраст"
"почему в переходном возрасте хочется любви",14,"переходный возраст"
"переходный возраст съемка",14,"переходный возраст"
"переходный возраст читать онлайн",14,"переходный возраст"
"переходный возраст у детей 5",14,"переходный возраст"
"запах от подростка в переходный возраст",14,"переходный возраст"
"когда заканчиваются прыщи в переходном возрасте",14,"переходный возраст"
"переходный возраст сериал 2025 брэд питт",14,"переходный возраст"
"сроки переходного возраста",14,"переходный возраст"
"во сколько наступает переходный возраст",14,"переходный возраст"
"переходный возраст сериал все серии подряд",14,"переходный возраст"
"стендап про переходный возраст",14,"переходный возраст"
"переходный возраст сериал возрастные ограничения",14,"переходный возраст"
"переходный возраст сериал ограничения",14,"переходный возраст"
"бывает ли у кошек переходный возраст",14,"переходный возраст"
"сергей орлов переходный возраст где снимали",14,"переходный возраст"
"переходный возраст смотреть онлайн лорд",14,"переходный возраст"
"переходный возраст кино 2025",14,"переходный возраст"
"как избежать прыщей в переходном возрасте",14,"переходный возраст"
"переходный возраст сериал лорд фильм",14,"переходный возраст"
"переходный возраст red head sound",14,"переходный возраст"
"переходный возраст помощь",14,"переходный возраст"
"как выглядят прыщи в переходном возрасте",14,"переходный возраст"
"переходный возраст оскар",14,"переходный возраст"
"ампелонов переходный возраст",14,"переходный возраст"
"переходный возраст в 22",14,"переходный возраст"
"причины переходного возраста у девочек",14,"переходный возраст"
"условный мент 3 сезон переходный возраст",14,"переходный возраст"
"сериал переходный возраст основан на реальных событиях",14,"переходный возраст"
"переходный возраст сериал будет ли 2 сезон",14,"переходный возраст"
"признаки переходного возраста у мальчиков 13 лет",14,"переходный возраст"
"хентай переходный возраст",13,"переходный возраст"
"со скольких лет переходный возраст",13,"переходный возраст"
"со сколько лет переходный возраст",13,"переходный возраст"
"переходный возраст у мальчика форум",13,"переходный возраст"
"первые признаки переходного возраста у мальчиков",13,"переходный возраст"
"сергей орлов переходный возраст концерт скачать мр3",13,"переходный возраст"
"переходный возраст сняли одним дублем",13,"переходный возраст"
"переходный возраст снят одним дублем",13,"переходный возраст"
"переходный возраст фильм с яной поплавской",13,"переходный возраст"
"порно секс переходный возраст",13,"переходный возраст"
"переходный возраст 3 ий январь",13,"переходный возраст"
"как называется переходный возраст у парней",13,"переходный возраст"
"переходный возраст 1 сезон 2 серия",13,"переходный возраст"
"когда у девушки заканчивается переходный возраст",13,"переходный возраст"
"переходный возраст сериал саундтрек",13,"переходный возраст"
"сергей орлов переходный возраст смотреть лорд",13,"переходный возраст"
"во сколько лет бывает переходный возраст",13,"переходный возраст"
"количество после переходного возраста",13,"переходный возраст"
"переходный возраст пубертатный период",13,"переходный возраст"
"сергей орлов концерт переходный возраст вк",13,"переходный возраст"
"переходный возраст сериал смысл концовки",13,"переходный возраст"
"майкл джексон переходный возраст",13,"переходный возраст"
"комик сергей орлов переходный возраст",13,"переходный возраст"
"мужское женское переходный возраст 16 01 2018",13,"переходный возраст"
"как убрать прыщи в переходном возрасте",13,"переходный возраст"
"аллергия в переходном возрасте",13,"переходный возраст"
"признаки переходного возраста у девочек 11",13,"переходный возраст"
"признаки переходного возраста у девочек 11 лет",13,"переходный возраст"
"когда заканчивается переходный возраст у девочек прыщи",13,"переходный возраст"
"переходный возраст у мальчиков поведение",13,"переходный возраст"
"сергей орлов переходный возраст концерт где проходил",13,"переходный возраст"
"сергей орлов stand up переходный возраст скачать",13,"переходный возраст"
"переходный возраст torrent magnet",13,"переходный возраст"
"переходный возраст жанр",13,"переходный возраст"
"парни геи переходный возраст",13,"переходный возраст"
"описание серий переходный возраст",12,"переходный возраст"
"как долго длится переходный возраст",12,"переходный возраст"
"как работает переходный возраст у девочек",12,"переходный возраст"
"переходный возраст 2025 3 серия",12,"переходный возраст"
"переходный возраст 3 серия сериал 2025",12,"переходный возраст"
"задержка переходного возраста",12,"переходный возраст"
"будет ли продолжение переходного возраста",12,"переходный возраст"
"переходный возраст в 22 года",12,"переходный возраст"
"переходный возраст стивена грэма",12,"переходный возраст"
"переходный возраст сериал субтитры смотреть",12,"переходный возраст"
"во сколько происходит переходный возраст",12,"переходный возраст"
"смотреть переходный возраст 5 серию",12,"переходный возраст"
"переходный возраст сериал 2025 2 сезон",12,"переходный возраст"
"когда случается переходный возраст",12,"переходный возраст"
"сколько времени длится переходный возраст",12,"переходный возраст"
"8 лет переходный возраст мальчики",12,"переходный возраст"
"переходный возраст сериал смотреть 4 серия",12,"переходный возраст"
"переходный возраст дубляж",12,"переходный возраст"
"переходный возраст сериал смотреть лорд",12,"переходный возраст"
"начался переходный возраст и трахнул женщину",12,"переходный возраст"
"переходный возраст в 8 лет у девочки",12,"переходный возраст"
"в каком возрасте проходит переходный возраст",12,"переходный возраст"
"изменения у мальчиков переходный возраст",12,"переходный возраст"
"есть ли у собак переходный возраст",12,"переходный возраст"
"переходный возраст у мальчиков мем",12,"переходный возраст"
"переходный возраст старобинец отзывы",12,"переходный возраст"
"посмотреть фильм переходный возраст",12,"переходный возраст"
"переходный возраст 2004 сериал 4 серия",12,"переходный возраст"
"что меняется у девочек в переходном возрасте",12,"переходный возраст"
"как называют переходный возраст по другому",12,"переходный возраст"
"переходный возраст содержание серий",12,"переходный возраст"
"границы переходного возраста",12,"переходный возраст"
"сериал переходный возраст 1 сезон 3 серия",12,"переходный возраст"
"переходный возраст у женщин после 40",12,"переходный возраст"
"сериал переходный возраст википедия",12,"переходный возраст"
"сергей орлов переходный возраст с цензурой",12,"переходный возраст"
"сериал переходный возраст главные герои",12,"переходный возраст"
"сериал переходный возраст сколько серий смотреть",12,"переходный возраст"
"переходный возраст страна",12,"переходный возраст"
"мази от прыщей в переходном возрасте",12,"переходный возраст"
"концерт орлова в москве переходный возраст",12,"переходный возраст"
"ребенку 7 лет переходный возраст",12,"переходный возраст"
"что бывает во время переходного возраста",12,"переходный возраст"
"текст песни гспд переходный возраст",12,"переходный возраст"
"переходный возраст почему болит голова",12,"переходный возраст"
"мультфильм про переходный возраст",12,"переходный возраст"
"рейтинг сериала переходный возраст",12,"переходный возраст"
"переходный возраст сериал награды",12,"переходный возраст"
"до скольки длится переходный возраст у девушек",12,"переходный возраст"
"переходный возраст сериал 2025 сюжет",11,"переходный возраст"
"переходный возраст спектакль театр дуровой",11,"переходный возраст"
"фильм переходный возраст 1968 скачать",11,"переходный возраст"
"бывает ли у собак переходный возраст",11,"переходный возраст"
"поздний переходный возраст у девушек",11,"переходный возраст"
"фенибут для подростков в переходном возрасте отзывы",11,"переходный возраст"
"переходный возраст сериал объяснение концовки",11,"переходный возраст"
"крем от прыщей в переходном возрасте",11,"переходный возраст"
"переходный возраст сериал кубик в кубе",11,"переходный возраст"
"переходный возраст на английском с субтитрами",11,"переходный возраст"
"почему торговля несовершеннолетними в переходном возрасте преступление",11,"переходный возраст"
"прыщи в переходном возрасте форум",11,"переходный возраст"
"во сколько лет должен закончиться переходный возраст",11,"переходный возраст"
"видео про переходный возраст",11,"переходный возраст"
"бывает ли у котов переходный возраст",11,"переходный возраст"
"переходный возраст 11 13 лет",11,"переходный возраст"
"переходный возраст нетфликс смотреть онлайн бесплатно",11,"переходный возраст"
"переходный возраст 6 лет мальчик",11,"переходный возраст"
"переходный возраст фильм 2025 трейлер",11,"переходный возраст"
"будет ли продолжение сериала переходный возраст",11,"переходный возраст"
"переходный возраст сериал закончен или нет",11,"переходный возраст"
"переходный возраст сериал пересказ",11,"переходный возраст"
"переходный возраст в 20 лет у девушек",11,"переходный возраст"
"где снимался фильм переходный возраст",11,"переходный возраст"
"переходный возраст психология как происходит",11,"переходный возраст"
"в каком классе начинается переходный возраст",11,"переходный возраст"
"переходный возраст сериал спойлер",11,"переходный возраст"
"что появляется у девочек в переходном возрасте",11,"переходный возраст"
"спектакль переходный возраст студия чудомир",11,"переходный возраст"
"поздний переходный возраст у мальчиков",11,"переходный возраст"
"переходной возраст с дианы все в шоке",11,"переходный возраст"
"пик переходного возраста у девочек",11,"переходный возраст"
"как ускорить переходный возраст у мальчиков",11,"переходный возраст"
"сергей орлов большой стендап переходный возраст",11,"переходный возраст"
"смотреть дораму переходный возраст",11,"переходный возраст"
"блюз переходного возраста",11,"переходный возраст"
"почему у ребенка переходный возраст",11,"переходный возраст"
"переходный возраст художественный фильм",11,"переходный возраст"
"сергей орлов стендап переходный возраст торрент скачать",11,"переходный возраст"
"переходный возраст в 7 лет у мальчиков",11,"переходный возраст"
"переходный возраст сериал 2025 отзывы кто убийца",11,"переходный возраст"
"переходный возраст кэти",11,"переходный возраст"
"переходный возраст 1 серия смотреть",11,"переходный возраст"
"переходный возраст 1 сезон смотреть",11,"переходный возраст"
"скачать с торрента сергей орлов переходный возраст",11,"переходный возраст"
"орлов стендап переходный возраст кинопоиск",11,"переходный возраст"
"переходный возраст худ фильм",11,"переходный возраст"
"переходный возраст сериал 2025 лордфильм",11,"переходный возраст"
"форум переходный возраст 15 лет мальчик",11,"переходный возраст"
"переходный возраст у мужиков",10,"переходный возраст"
"переходный возраст сериал он убил или нет",10,"переходный возраст"
"переходный возраст 2 серия смотреть",10,"переходный возраст"
"какие симптомы при переходном возрасте",10,"переходный возраст"
"сергей орлов стендап переходный возраст слушать",10,"переходный возраст"
"особенности переходного возраста подростков",10,"переходный возраст"
"варикоз в переходном возрасте",10,"переходный возраст"
"переходный возраст сериал скачать на телефон бесплатно",10,"переходный возраст"
"что чувствует подросток в переходном возрасте",10,"переходный возраст"
"переходный возраст ордов",10,"переходный возраст"
"переходный возраст в 23 года",10,"переходный возраст"
"переходный возраст сериал 2004 2005 отзывы",10,"переходный возраст"
"сергей орлов переходный возраст концерт часть 2",10,"переходный возраст"
"когда у котят начинается переходный возраст",10,"переходный возраст"
"как правильно называется переходный возраст",10,"переходный возраст"
"спектакль переходный возраст отзывы театриум на серпуховке",10,"переходный возраст"
"книга я взрослею мальчиком о переходном возрасте",10,"переходный возраст"
"почему подростки худеют в переходном возрасте",10,"переходный возраст"
"может ли при переходном возрасте болеть сердце",10,"переходный возраст"
"сергей орлов переходный возраст 2026 торрент",10,"переходный возраст"
"переходный возраст трек",10,"переходный возраст"
"посмотреть сериал переходный возраст",10,"переходный возраст"
"ребенку 9 лет переходный возраст ребенка",10,"переходный возраст"
"переходный возраст сериал актеры и роли",10,"переходный возраст"
"переходный возраст сериал 2004 2005 смотреть онлайн",10,"переходный возраст"
"как ощущается переходный возраст",10,"переходный возраст"
"переходный возраст фильм сколько серий",10,"переходный возраст"
"елена завидова мчс у лилит переходный возраст",10,"переходный возраст"
"переходный возраст фильм 2008 отзывы",10,"переходный возраст"
"соколов переходный возраст",10,"переходный возраст"
"как называется переходный возраст у взрослых",10,"переходный возраст"
"театральная студия сергея барышева чудомир переходный возраст",10,"переходный возраст"
"ребенок в переходном возрасте кроссворд 9",10,"переходный возраст"
"переходные возраста у детей с рождения",10,"переходный возраст"
"переходный возраст сериал смотреть онлайн лордфильм",10,"переходный возраст"
"переходный возраст у девочек 18",9,"переходный возраст"
"подростковый возраст называют переходным",9,"переходный возраст"
"переходный возраст орлов концерт 18",9,"переходный возраст"
"во сколько у мужчин начинается переходный возраст",9,"переходный возраст"
"переходный возраст убил ли",9,"переходный возраст"
"особенности переходного возраста у парней",9,"переходный возраст"
"сергей орлов новый концерт переходный возраст смотреть",9,"переходный возраст"
"пик переходного возраста у мальчиков",9,"переходный возраст"
"переходный возраст сериал 2025 смотреть лордфильм",9,"переходный возраст"
"как справиться с переходным возрастом ребенка",9,"переходный возраст"
"сергей орлов переходный возраст фильм 2026 смотреть",9,"переходный возраст"
"как пережить переходный возраст дочери",9,"переходный возраст"
"спящая красавица переходный возраст отзывы",9,"переходный возраст"
"мультик девочка у которой переходный возраст",9,"переходный возраст"
"спектакль переходный возраст в театриуме на серпуховке",9,"переходный возраст"
"переходный возраст фильм 2025 серия",9,"переходный возраст"
"мемы про переходный возраст",9,"переходный возраст"
"самый ранний переходный возраст",9,"переходный возраст"
"переходный возраст у кобелей",9,"переходный возраст"
"смотреть фильм брет пит переходный возраст",9,"переходный возраст"
"гинекомастия в переходном возрасте",9,"переходный возраст"
"фильм переходный возраст 2025 на реальных событиях",9,"переходный возраст"
"переходный возраст похожие фильмы",9,"переходный возраст"
"ребенок переходного возраста 9 букв",9,"переходный возраст"
"переходный возраст сериал разбор психолога",9,"переходный возраст"
"поведение ребенка в переходном возрасте",9,"переходный возраст"
"переходный возраст фильм торрент",9,"переходный возраст"
"сергей орлов переходный возраст смотреть полный концерт",9,"переходный возраст"
"выход серий сериала переходный возраст",9,"переходный возраст"
"переходный возраст выход серий",9,"переходный возраст"
"переходный возраст даты выхода серий",9,"переходный возраст"
"триллер переходный возраст",9,"переходный возраст"
"проявление переходного возраста",9,"переходный возраст"
"как пережить переходный возраст у ребенка",8,"переходный возраст"
"переходный возраст у девочек как справиться родителям",8,"переходный возраст"
"переходный возраст сериал 2025 краткое содержание",8,"переходный возраст"
"первые признаки переходного возраста у девочек",8,"переходный возраст"
"когда у кошек начинается переходный возраст",8,"переходный возраст"
"сколько переходных возрастов у человека",8,"переходный возраст"
"что значит переходный возраст у мальчиков",8,"переходный возраст"
"что появляется у мальчиков в переходном возрасте",8,"переходный возраст"
"переходный возраст эротика",8,"переходный возраст"
"переходной возраст 10 лет девочка характер",8,"переходный возраст"
"будет ли второй сезон сериала переходный возраст",8,"переходный возраст"
"переходный возраст сериал орлов",8,"переходный возраст"
"до скольки идет переходный возраст у девушек",8,"переходный возраст"
"переходный возраст подросток сериал смотреть",8,"переходный возраст"
"у мужчин после 40 начинается переходный возраст",8,"переходный возраст"
"в какой озвучке смотреть переходный возраст",8,"переходный возраст"
"переходный возраст в какой озвучке",8,"переходный возраст"
"переходный возраст сериал сколько лет",8,"переходный возраст"
"разбор фильма переходный возраст",8,"переходный возраст"
"переходный возраст ударение в слове переходный",8,"переходный возраст"
"переходный возраст англ",8,"переходный возраст"
"мини сериал переходный возраст смотреть онлайн",8,"переходный возраст"
"лпешки переходный возраст",8,"переходный возраст"
"лпешки шоу переходный возраст",8,"переходный возраст"
"переходный возраст xxx",8,"переходный возраст"
"переходный возраст орлов смотреть онлайн с цензурой",8,"переходный возраст"
"сериал переходный возраст рецензия",8,"переходный возраст"
"когда у девушек начинается переходный возраст",8,"переходный возраст"
"12 лет переходный возраст форум",8,"переходный возраст"
"переходный возраст фильм 1981 смотреть онлайн",8,"переходный возраст"
"зебра для переходного возраста к беленкова",8,"переходный возраст"
"переходный возраст и взросление",8,"переходный возраст"
"сколько длится переходный возраст у подростков",8,"переходный возраст"
"слепая переходный возраст",8,"переходный возраст"
"переходный возраст персонажи",8,"переходный возраст"
"переходный возраст в три года",8,"переходный возраст"
"понятие переходный возраст",8,"переходный возраст"
"переходный возраст денис майданов текст",8,"переходный возраст"
"переломным момент похожи с переходным возрастом",7,"переходный возраст"
"переходный возраст у малышей",7,"переходный возраст"
"характеристика подростка переходного возраста",7,"переходный возраст"
"стихи из фильма переходный возраст",7,"переходный возраст"
"похоть в переходном возрасте это плохо",7,"переходный возраст"
"переходный возраст сергей орлов анвап",7,"переходный возраст"
"как пережить переходный возраст родителям ответ",7,"переходный возраст"
"когда у девочки переходный возраст смешное видео",7,"переходный возраст"
"со скольки лет наступает переходный возраст",7,"переходный возраст"
"переходный возраст gspd слушать",7,"переходный возраст"
"как узнать что у тебя переходный возраст",7,"переходный возраст"
"что чувствуют парни при переходном возрасте",7,"переходный возраст"
"сколько длится переходный возраст у собак",7,"переходный возраст"
"как пережить переходный возраст сына форум",7,"переходный возраст"
"переходный возраст сериал описание серий",7,"переходный возраст"
"первый переходный возраст у детей",7,"переходный возраст"
"переходный возраст у спортсменов",7,"переходный возраст"
"ткачев про переходный возраст",7,"переходный возраст"
"переходный возраст у мальчиков витамины",7,"переходный возраст"
"смотреть фильм переходный возраст 25 й год",7,"переходный возраст"
"как жить с подростком в переходном возрасте",7,"переходный возраст"
"книга головоломка или привет переходный возраст",7,"переходный возраст"
"как родителям пережить переходный возраст подростка",7,"переходный возраст"
"переходный возраст фильм с фрейндлих",7,"переходный возраст"
"содержание серий сериала переходный возраст",7,"переходный возраст"
"переходный возраст у детей 8 лет",7,"переходный возраст"
"как поддержать подростка в переходном возрасте",7,"переходный возраст"
"переходный возраст театр терезы дуровой билеты",7,"переходный возраст"
"концерт орлова переходный возраст смотреть на иви",7,"переходный возраст"
"переходный возраст сериал 2008",7,"переходный возраст"
"анна старо иней переходный возраст читать",7,"переходный возраст"
"какие признаки о переходном возрасте",7,"переходный возраст"
"порно супер герл переходный возраст",7,"переходный возраст"
"переходный возраст сериал 3 серия смотреть",6,"переходный возраст"
"переходный возраст сериал смотреть 5 серия",6,"переходный возраст"
"черты переходного возраста",6,"переходный возраст"
"фото прыщей на лице в переходном возрасте",6,"переходный возраст"
"концерт орлова переходный возраст с матом",6,"переходный возраст"
"усачев переходный возраст",6,"переходный возраст"
"скачать торрентом фильм переходный возраст",6,"переходный возраст"
"анимация про переходный возраст",6,"переходный возраст"
"переходный возраст трудный подросток что делать",6,"переходный возраст"
"ты взрослеешь все о переходном возрасте",6,"переходный возраст"
"сергей орлов стендап переходный возраст вк",6,"переходный возраст"
"сергей орлов стендап переходный возраст смотреть вк",6,"переходный возраст"
"сергей орлов переходный возраст подольск",6,"переходный возраст"
"савич и пур переходный возраст",6,"переходный возраст"
"сергей орлов одров переходный возраст",6,"переходный возраст"
"как воспитывать собаку в переходный возраст",6,"переходный возраст"
"переходный возраст у дочери в 17 лет",6,"переходный возраст"
"переходный возраст сериал 2 серия смотреть",6,"переходный возраст"
"переходный возраст сериал смотреть 1 серия",6,"переходный возраст"
"стендап комик переходный возраст",6,"переходный возраст"
"когда кончается переходный возраст у девочек",6,"переходный возраст"
"переходный возраст одним словом",6,"переходный возраст"
"переходный возраст у мальчиков агрессия",6,"переходный возраст"
"мама и переходный возраст видео от лайфхакерша",6,"переходный возраст"
"переходный возраст сериал лостфильм",6,"переходный возраст"
"как снимался сериал переходный возраст",6,"переходный возраст"
"сериал условный мент серия переходный возраст",6,"переходный возраст"
"порнуха возраст переходный",6,"переходный возраст"
"стенд ап женский переходный возраст",6,"переходный возраст"
"переходный возраст психология признаки",6,"переходный возраст"
"переходный возраст дорама с русской озвучкой",6,"переходный возраст"
"прикол про переходный возраст дочери с иришкой",6,"переходный возраст"
"почему в переходном возрасте девочки полнеют",6,"переходный возраст"
"со скольки лет заканчивается переходный возраст",6,"переходный возраст"
"сергей орлов переходный возраст ютуб",6,"переходный возраст"
"эдвард мунк переходный возраст",6,"переходный возраст"
"переходный возраст какие могут быть последствия",6,"переходный возраст"
"переходный возраст сезон смотреть онлайн",6,"переходный возраст"
"переходный возраст сериал смотреть кубик в кубе",6,"переходный возраст"
"переходный возраст перевод на английский",6,"переходный возраст"
"переходный возраст 2 сезон смотреть",6,"переходный возраст"
"грех ли рукоблудие в переходном возрасте",6,"переходный возраст"
"переходный возраст кф",6,"переходный возраст"
"сергей орлов переходный возраст яндекс",5,"переходный возраст"
"видео миниатюра про ребенка с переходный возрастом",5,"переходный возраст"
"британский сериал 4 серии переходный возраст",5,"переходный возраст"
"переходный возраст сериал 2025 возрастное ограничение",5,"переходный возраст"
"фильмы про переходный возраст у подростков",5,"переходный возраст"
"ордов сергей переходный возраст",5,"переходный возраст"
"переходный возраст секс рассказы",5,"переходный возраст"
"переходный возраст фильм 2008 актеры",5,"переходный возраст"
"переходный возраст сериал российский",5,"переходный возраст"
"мерл стрит фильм переходный возраст",5,"переходный возраст"
"переходный возраст драма",5,"переходный возраст"
"запах от подростка в переходный возраст почему",5,"переходный возраст"
"ранний переходный возраст у девочек",5,"переходный возраст"
"может ли болеть кадык в переходном возрасте",5,"переходный возраст"
"когда уходят прыщи в переходном возрасте",5,"переходный возраст"
"пропадут ли прыщи после переходного возраста",5,"переходный возраст"
"почему переходный возраст такой тяжелый",5,"переходный возраст"
"театр терезы дуровой переходный возраст смотреть скачать",5,"переходный возраст"
"я переходный возраст хочу секса с мальчиком",5,"переходный возраст"
"сывороточный протеин в переходном возрасте можно",5,"переходный возраст"
"бриклберри переходный возраст конни",5,"переходный возраст"
"застрял в переходном возрасте",5,"переходный возраст"
"переходный возраст 2025 сколько сери1 и сезонов",5,"переходный возраст"
"стендап комик сергей орлов переходный возраст",5,"переходный возраст"
"переходный возраст не упустите момент книга отзывы",5,"переходный возраст"
"книги которые объясняют поведение переходного возраста",5,"переходный возраст"
"переходный возраст 20 25 смотреть онлайн",5,"переходный возраст"
"книга по воспитанию переходный возраст",5,"переходный возраст"
"переходный возраст ню селфи",5,"переходный возраст"
"переходный возраст сериал 2013 сезоны и серии",5,"переходный возраст"
"переходный возраст у девочек успокоительные препараты",5,"переходный возраст"
"переходный возраст фильм 2019 смотреть онлайн",5,"переходный возраст"
"песня переходный возраст школа школа порно видео",5,"переходный возраст"
"что надо делать когда начался переходный возраст",5,"переходный возраст"
"порно переходный возраст у японок",5,"переходный возраст"
"сергей орлов переходный возраст тг",5,"переходный возраст"
"сергей орлов переходный возраст 2024",5,"переходный возраст"
"наше тело переходный возраст",5,"переходный возраст"
"йога для переходного возраста",5,"переходный возраст"
"зуйков возраст переходной",5,"переходный возраст"
"переходный возраст сериал когда выйдет 5 серия",4,"переходный возраст"
"переходный возраст у юношей",4,"переходный возраст"
"порно клип возраст переходный",4,"переходный возраст"
"этапы переходного возраста у мальчиков",4,"переходный возраст"
"переходный возраст в 18 лет у девочек",4,"переходный возраст"
"ребенок в переходном возрасте кроссворд 9 букв",4,"переходный возраст"
"переходный возраст макsим",4,"переходный возраст"
"подросток переходный возраст сериал смотреть онлайн",3,"переходный возраст"
"газета переходный возраст",3,"переходный возраст"
"мунк переходный возраст картина",3,"переходный возраст"
"как называют переходный возраст у подростков",3,"переходный возраст"
"излишне ласковая мама и мой переходный возраст",2,"переходный возраст"
"переходный возраст секс парень",2,"переходный возраст"
"что происходит с человеком при переходном возрасте",1,"переходный возраст"
"как понять что ц тебя переходный возраст",1,"переходный возраст"
"как сказать родителям о переходном возрасте",1,"переходный возраст"