phrase,frequency,seed
"подростковый возраст",84795,"подростковый возраст"
"подростковый возраст",84795,"подростковый возраст"
"подростковый возраст лет",9506,"подростковый возраст"
"суть подросткового возраста",6544,"подростковый возраст"
"почему подростковый возраст",4538,"подростковый возраст"
"подростковый возраст у девочек",2849,"подростковый возраст"
"грудь в подростковом возрасте",2732,"подростковый возраст"
"подростковый возраст развитие",2529,"подростковый возраст"
"может ли в подростковом возрасте",2517,"подростковый возраст"
"особенности подросткового возраста",2316,"подростковый возраст"
"подростковый возраст является",2179,"подростковый возраст"
"подростковый возраст вопросы",2146,"подростковый возраст"
"лет начинается подростковый возраст",1993,"подростковый возраст"
"человек подросткового возраста",1990,"подростковый возраст"
"нормальный подростковый возраст",1971,"подростковый возраст"
"подростковый возраст что делать",1971,"подростковый возраст"
"подростковый возраст период",1960,"подростковый возраст"
"подростковый возраст до скольки",1932,"подростковый возраст"
"младший подростковый возраст",1921,"подростковый возраст"
"подростковый возраст девушек",1878,"подростковый возраст"
"прыщи в подростковом возрасте",1797,"подростковый возраст"
"в подростковом возрасте появляется",1720,"подростковый возраст"
"подростковый школьный возраст",1650,"подростковый возраст"
"детство подростковый возраст",1563,"подростковый возраст"
"взрослые подросткового возраста",1555,"подростковый возраст"
"подростковый возраст у мальчиков",1530,"подростковый возраст"
"возраст после подросткового",1523,"подростковый возраст"
"отношение подростков в подростковом возрасте",1500,"подростковый возраст"
"отношения в подростковом возрасте",1500,"подростковый возраст"
"начало подросткового возраста",1497,"подростковый возраст"
"деятельность подросткового возраста",1476,"подростковый возраст"
"подростковые возраст скольки начинается",1452,"подростковый возраст"
"можно ли в подростковом возрасте",1440,"подростковый возраст"
"рост в подростковом возрасте",1437,"подростковый возраст"
"большой подростковый возраст",1429,"подростковый возраст"
"детско подростковый возраст",1408,"подростковый возраст"
"со скольки начинается подростковый возраст",1399,"подростковый возраст"
"до скольки лет подростковый возраст",1373,"подростковый возраст"
"младший школьный возраст подростковый возраст",1326,"подростковый возраст"
"подростковом возрасте ведущей является",1231,"подростковый возраст"
"подростковый возраст со скольки до скольки",1226,"подростковый возраст"
"со скольки лет начинается подростковый возраст",1204,"подростковый возраст"
"парни подросткового возраста",1192,"подростковый возраст"
"подростковый возраст родители",1190,"подростковый возраст"
"нормально ли в подростковом возрасте",1159,"подростковый возраст"
"психология подросткового возраста",1139,"подростковый возраст"
"подросток подростковый возраст",1132,"подростковый возраст"
"лица подросткового возраста",1128,"подростковый возраст"
"секс в подростковом возрасте",1128,"подростковый возраст"
"психологический подростковый возраст",1113,"подростковый возраст"
"ранний подростковый возраст",1098,"подростковый возраст"
"проблемы подросткового возраста",1092,"подростковый возраст"
"1 подростковый возраст",1089,"подростковый возраст"
"подростковый возраст конфликты",1071,"подростковый возраст"
"подростковый возраст хорошо",1010,"подростковый возраст"
"книга подросткового возраста",1007,"подростковый возраст"
"старший подростковый возраст",1003,"подростковый возраст"
"боли в подростковом возрасте",1001,"подростковый возраст"
"какой возраст является подростковым",966,"подростковый возраст"
"подростковый возраст у детей",946,"подростковый возраст"
"подростковый возраст со скольки до скольки лет",940,"подростковый возраст"
"подростковый возраст сериал",914,"подростковый возраст"
"время подросткового возраста",913,"подростковый возраст"
"волосы в подростковом возрасте",910,"подростковый возраст"
"особенности подросткового возраста для подростков",898,"подростковый возраст"
"месячные в подростковом возрасте",898,"подростковый возраст"
"подростковый возраст поведение",878,"подростковый возраст"
"норма подросткового возраста",876,"подростковый возраст"
"кризис подросткового возраста",865,"подростковый возраст"
"день в подростковом возрасте",862,"подростковый возраст"
"подростковый возраст возрастная возрастная",854,"подростковый возраст"
"особенность подросткового возраста является",852,"подростковый возраст"
"про подростковый возраст",848,"подростковый возраст"
"какие особенности подросткового возраста",843,"подростковый возраст"
"подростковый возраст 16",841,"подростковый возраст"
"ведущая деятельность в подростковом возрасте",827,"подростковый возраст"
"дошкольный школьный подростковый возраст",819,"подростковый возраст"
"подростковый возраст 14",817,"подростковый возраст"
"формирование подросткового возраста",809,"подростковый возраст"
"особенности подросткового возраста конфликты",804,"подростковый возраст"
"когда начинается подростковый возраст",798,"подростковый возраст"
"первый подростковый возраст",785,"подростковый возраст"
"чувства подросткового возраста",782,"подростковый возраст"
"личность подростковый возраст",779,"подростковый возраст"
"процессы подросткового возраста",766,"подростковый возраст"
"основная подросткового возраста",764,"подростковый возраст"
"подростковый возраст 10",758,"подростковый возраст"
"подростковый и юношеский возраст",743,"подростковый возраст"
"новообразование подросткового возраста",727,"подростковый возраст"
"подростковый возраст общение",720,"подростковый возраст"
"члены подросткового возраста",695,"подростковый возраст"
"причины подросткового возраста",694,"подростковый возраст"
"с какого возраста начинается подростковый возраст",683,"подростковый возраст"
"в подростковом возрасте очень",678,"подростковый возраст"
"подростковому возрасту характерно",677,"подростковый возраст"
"женщина подросткового возраста",677,"подростковый возраст"
"подростковый возраст считается",674,"подростковый возраст"
"какой младший подростковый возраст",673,"подростковый возраст"
"подростковый возраст фильм",667,"подростковый возраст"
"как уменьшить грудь в подростковом возрасте",647,"подростковый возраст"
"до какого возраста подростковый возраст",634,"подростковый возраст"
"последствия подросткового возраста",625,"подростковый возраст"
"подростковый возраст 18",621,"подростковый возраст"
"в подростковом возрасте выше в",619,"подростковый возраст"
"подростковый возраст виды",604,"подростковый возраст"
"больше груди в подростковом возрасте",603,"подростковый возраст"
"подростковый возраст мужчины",585,"подростковый возраст"
"во сколько начинается подростковый возраст",550,"подростковый возраст"
"друзья в подростковом возрасте",545,"подростковый возраст"
"признаки подросткового возраста",537,"подростковый возраст"
"подростковый возраст у девочек со скольки",535,"подростковый возраст"
"мышление подростковый возраст",534,"подростковый возраст"
"подростковый возраст относится",533,"подростковый возраст"
"подростковом возрасте формируется",531,"подростковый возраст"
"весы в подростковом возрасте",509,"подростковый возраст"
"средний подростковый возраст",506,"подростковый возраст"
"этапы подросткового возраста",500,"подростковый возраст"
"подростковый возраст у девочек со скольки лет",499,"подростковый возраст"
"самосознание подросткового возраста",497,"подростковый возраст"
"5 подростковый возраст",494,"подростковый возраст"
"любовь в подростковом возрасте",494,"подростковый возраст"
"вес в подростковом возрасте",492,"подростковый возраст"
"мальчик девочка подросткового возраста",487,"подростковый возраст"
"смотреть подростковый возраст",486,"подростковый возраст"
"зубы в подростковом возрасте",480,"подростковый возраст"
"как сделать грудь больше в подростковом возрасте",480,"подростковый возраст"
"подростковый возраст учебная деятельность",478,"подростковый возраст"
"характер подросткового возраста",478,"подростковый возраст"
"фото подросткового возраста",474,"подростковый возраст"
"период подросткового возраста годы",471,"подростковый возраст"
"история подросткового возраста",471,"подростковый возраст"
"грудь девочек подросткового возраста",468,"подростковый возраст"
"скольких лет начинается подростковый возраст",457,"подростковый возраст"
"подростковый возраст связан",454,"подростковый возраст"
"социальное развитие подросткового возраста",454,"подростковый возраст"
"мастурбация в подростковом возрасте",448,"подростковый возраст"
"расстройства подросткового возраста",440,"подростковый возраст"
"упражнения в подростковом возрасте",440,"подростковый возраст"
"подростковый возраст кожа",436,"подростковый возраст"
"подростковый возраст как называется",432,"подростковый возраст"
"изменение подросткового возраста",424,"подростковый возраст"
"трудности подросткового возраста",420,"подростковый возраст"
"растяжки в подростковом возрасте",420,"подростковый возраст"
"тема подростковый возраст",419,"подростковый возраст"
"подростковый возраст мамы",418,"подростковый возраст"
"подростковый возраст понимают как",417,"подростковый возраст"
"мастурбировать в подростковом возрасте",414,"подростковый возраст"
"во сколько лет начинается подростковый возраст",412,"подростковый возраст"
"подростковый возраст в школе",404,"подростковый возраст"
"дети младшего подросткового возраста",403,"подростковый возраст"
"факторы подросткового возраста",397,"подростковый возраст"
"подростковый возраст длится",394,"подростковый возраст"
"когда заканчивается подростковый возраст",393,"подростковый возраст"
"что значит подростковый возраст",386,"подростковый возраст"
"со скольки начинается подростковый возраст у девочек",378,"подростковый возраст"
"лица в подростковом возрасте в прыщах",378,"подростковый возраст"
"раз в подростковом возрасте",372,"подростковый возраст"
"семья в подростковом возрасте",371,"подростковый возраст"
"гормоны подросткового возраста",371,"подростковый возраст"
"подростковый возраст сейчас",365,"подростковый возраст"
"как избавиться от подросткового возраста",363,"подростковый возраст"
"какой возраст считается подростковым",363,"подростковый возраст"
"подростковый возраст качества",361,"подростковый возраст"
"подростковая группа возраст",361,"подростковый возраст"
"проявления подросткового возраста",356,"подростковый возраст"
"характеристики подросткового возраста",354,"подростковый возраст"
"психика подросткового возраста",353,"подростковый возраст"
"игры подростковый возраст",351,"подростковый возраст"
"ситуации подросткового возраста",350,"подростковый возраст"
"новый подростковый возраст",348,"подростковый возраст"
"подростковый возраст в мире",348,"подростковый возраст"
"размер подросткового возраста",347,"подростковый возраст"
"подростковый возраст в россии",346,"подростковый возраст"
"видео подростковый возраст",343,"подростковый возраст"
"типы подросткового возраста",340,"подростковый возраст"
"подростковый возраст потребности",338,"подростковый возраст"
"что происходит в подростковом возрасте",336,"подростковый возраст"
"как выглядит подростковый возраст",335,"подростковый возраст"
"старший подростковый возраст лет",333,"подростковый возраст"
"симптомы подросткового возраста",331,"подростковый возраст"
"в подростковом возрасте 2 1",330,"подростковый возраст"
"подростковый возраст форумы",329,"подростковый возраст"
"подростковый возраст юность",328,"подростковый возраст"
"работа в подростковом возрасте",327,"подростковый возраст"
"подростковый возраст витамины",327,"подростковый возраст"
"почему в подростковом возрасте появилась",326,"подростковый возраст"
"в подростковом возрасте постоянно",322,"подростковый возраст"
"порно в подростковом возрасте",322,"подростковый возраст"
"подростковый возраст здоровье",321,"подростковый возраст"
"развитие младшего подросткового возраста",321,"подростковый возраст"
"психологические особенности подросткового возраста",318,"подростковый возраст"
"задержка в подростковом возрасте",318,"подростковый возраст"
"отец подросткового возраста",316,"подростковый возраст"
"период школьного подросткового возраста",315,"подростковый возраст"
"повысить подростковый возраст",309,"подростковый возраст"
"психическое развитие подросткового возраста",308,"подростковый возраст"
"начало подросткового возраста лет",303,"подростковый возраст"
"развивается в подростковом возрасте",302,"подростковый возраст"
"бесплодие в подростковом возрасте",302,"подростковый возраст"
"подростковый возраст резка",301,"подростковый возраст"
"давай в подростковом возрасте",300,"подростковый возраст"
"подростковый возраст память",300,"подростковый возраст"
"увеличен подростковый возраст",297,"подростковый возраст"
"подростковый возраст мозга",297,"подростковый возраст"
"возрастной период подросткового возраста",297,"подростковый возраст"
"живот в подростковом возрасте",296,"подростковый возраст"
"сон в подростковом возрасте",295,"подростковый возраст"
"подростковый возраст речь",294,"подростковый возраст"
"курил в подростковом возрасте",293,"подростковый возраст"
"психолог подростковый возраст",291,"подростковый возраст"
"подростковый возраст переходным",291,"подростковый возраст"
"нарушения в подростковом возрасте",289,"подростковый возраст"
"почему в подростковом возрасте хочется",289,"подростковый возраст"
"пост подростковый возраст",285,"подростковый возраст"
"тест подростковый возраст",284,"подростковый возраст"
"подростковый возраст самооценка",283,"подростковый возраст"
"новообразование подросткового возраста является",282,"подростковый возраст"
"важное в подростковом возрасте",282,"подростковый возраст"
"подростковым называют возраст",281,"подростковый возраст"
"подростковый возраст чувство взрослости",280,"подростковый возраст"
"подростковый возраст опасный возраст",278,"подростковый возраст"
"уровни подросткового возраста",278,"подростковый возраст"
"глаза в подростковом возрасте",278,"подростковый возраст"
"подростковый возраст это сколько",277,"подростковый возраст"
"эльконин д б подростковый возраст",277,"подростковый возраст"
"интересы подросткового возраста",276,"подростковый возраст"
"встречаться в подростковом возрасте",273,"подростковый возраст"
"подростковый возраст период развития",271,"подростковый возраст"
"13 это подростковый возраст",271,"подростковый возраст"
"подростковый возраст у мальчиков со скольки",270,"подростковый возраст"
"сосок в подростковом возрасте",270,"подростковый возраст"
"стадии подросткового возраста",268,"подростковый возраст"
"прыщи в подростковом возрасте появляются",268,"подростковый возраст"
"подростковый возраст 11 15",265,"подростковый возраст"
"подростковый возраст формирование личности",264,"подростковый возраст"
"сердце в подростковом возрасте",263,"подростковый возраст"
"общение ведущая деятельность в подростковом возрасте",262,"подростковый возраст"
"зрение в подростковом возрасте",262,"подростковый возраст"
"подростковая беременность возраст",260,"подростковый возраст"
"подростковый м возраст",259,"подростковый возраст"
"описание подросткового возраста",259,"подростковый возраст"
"развитие ребенка в подростковом возрасте",259,"подростковый возраст"
"как отрастить грудь в подростковом возрасте",258,"подростковый возраст"
"нос в подростковом возрасте",258,"подростковый возраст"
"болезни подросткового возраста",255,"подростковый возраст"
"второй подростковый возраст",255,"подростковый возраст"
"подростковый возраст 11 15 лет",255,"подростковый возраст"
"подростковый возраст 12 15 лет",253,"подростковый возраст"
"для подросткового возраста характерно ответ",248,"подростковый возраст"
"в подростковом возрасте меняется",248,"подростковый возраст"
"подростковый возраст общение со сверстниками",248,"подростковый возраст"
"какой подростковый возраст у девочек",248,"подростковый возраст"
"взрослость в подростковом возрасте",248,"подростковый возраст"
"периодизация подросткового возраста",247,"подростковый возраст"
"возраст соответствующий подростковому",247,"подростковый возраст"
"подростковый возраст соответствует",247,"подростковый возраст"
"подростковый возраст черты",247,"подростковый возраст"
"акне в подростковом возрасте",247,"подростковый возраст"
"подростковый возраст воспитание",246,"подростковый возраст"
"подростковый возраст 14 15 лет",246,"подростковый возраст"
"подростковый возраст у мальчиков со скольки лет",246,"подростковый возраст"
"оставшийся в подростковом возрасте",245,"подростковый возраст"
"песни подростковый возраст",245,"подростковый возраст"
"подростковый возраст отзыв",244,"подростковый возраст"
"подростковый возраст учащихся",241,"подростковый возраст"
"с каких лет подростковый возраст",239,"подростковый возраст"
"особенности развития подросткового возраста",239,"подростковый возраст"
"в подростковом возрасте ведущая деятельность учебная",239,"подростковый возраст"
"период жизни подросткового возраста",238,"подростковый возраст"
"полу подростковый возраст",237,"подростковый возраст"
"синдром подросткового возраста",235,"подростковый возраст"
"особенно подросткового возраста",234,"подростковый возраст"
"подростковый возраст симс 4",234,"подростковый возраст"
"курение в подростковом возрасте",233,"подростковый возраст"
"диагностики подросткового возраста",233,"подростковый возраст"
"развитие личности подростковом возрасте",231,"подростковый возраст"
"книги подросткового возраста nte",230,"подростковый возраст"
"майкл в подростковом возрасте",229,"подростковый возраст"
"отсутствие подросткового возраста",229,"подростковый возраст"
"подростковый возраст задачи",228,"подростковый возраст"
"возможности подросткового возраста",227,"подростковый возраст"
"как пережить подростковый возраст",225,"подростковый возраст"
"подростковый возраст характеризуется",225,"подростковый возраст"
"травмы подросткового возраста",224,"подростковый возраст"
"книга пост подросткового возраста",224,"подростковый возраст"
"подростковый возраст сестры",224,"подростковый возраст"
"права подросткового возраста",224,"подростковый возраст"
"как проявляется подростковый возраст",223,"подростковый возраст"
"цель подросткового возраста",222,"подростковый возраст"
"подростковый возраст виды деятельности",221,"подростковый возраст"
"особенности детей подросткового возраста",219,"подростковый возраст"
"алкоголь в подростковом возрасте",219,"подростковый возраст"
"механизмы подросткового возраста",218,"подростковый возраст"
"план подросткового возраста",216,"подростковый возраст"
"главное в подростковом возрасте",215,"подростковый возраст"
"в подростковом возрасте через",215,"подростковый возраст"
"особенности подросткового возраста ответ",212,"подростковый возраст"
"самоопределение в подростковом возрасте",211,"подростковый возраст"
"подростковый возраст возраст перехода",210,"подростковый возраст"
"подростковый возраст 11 12 лет",210,"подростковый возраст"
"подростковый возраст социальная ситуация",210,"подростковый возраст"
"подростковый возраст ответ 1",209,"подростковый возраст"
"подростковый возраст до скольки у девочек",209,"подростковый возраст"
"зона подросткового возраста",208,"подростковый возраст"
"способности подросткового возраста",207,"подростковый возраст"
"подростковый возраст это сколько лет",206,"подростковый возраст"
"подростковый возраст ответ 2",206,"подростковый возраст"
"подростковый возраст в классах",206,"подростковый возраст"
"подростковый возраст в спорте",205,"подростковый возраст"
"сложный подростковый возраст",205,"подростковый возраст"
"развитие деятельности в подростковом возрасте",203,"подростковый возраст"
"ориентация подростковый возраст",201,"подростковый возраст"
"подростковый возраст внимание",201,"подростковый возраст"
"когда начинается подростковый возраст у девочек",200,"подростковый возраст"
"поздний подростковый возраст",200,"подростковый возраст"
"основы подросткового возраста",200,"подростковый возраст"
"профилактика подросткового возраста",200,"подростковый возраст"
"риски подросткового возраста",199,"подростковый возраст"
"стресс в подростковом возрасте",199,"подростковый возраст"
"майкл джексон в подростковом возрасте",198,"подростковый возраст"
"дочь подросткового возраста",197,"подростковый возраст"
"аутизм в подростковом возрасте",196,"подростковый возраст"
"психологическое развитие подросткового возраста",196,"подростковый возраст"
"подростковый велосипед возраст",196,"подростковый возраст"
"в подростковом возрасте происходит развитие",194,"подростковый возраст"
"дошкольный младший школьный подростковый юношеский возраст",194,"подростковый возраст"
"признаки бесплодия в подростковом возрасте",192,"подростковый возраст"
"исследования подросткового возраста",192,"подростковый возраст"
"развитие мышления подростковом возрасте",192,"подростковый возраст"
"перхоть в подростковом возрасте",190,"подростковый возраст"
"конец подросткового возраста",190,"подростковый возраст"
"14 лет какой подростковый возраст",189,"подростковый возраст"
"когда начинает подростковый возраст",189,"подростковый возраст"
"в подростковом возрасте похудел",188,"подростковый возраст"
"обучение в подростковом возрасте",188,"подростковый возраст"
"теории подросткового возраста",187,"подростковый возраст"
"подростковый возраст рассказ",186,"подростковый возраст"
"подростковый возраст читать",184,"подростковый возраст"
"подростковый возраст 12 14 лет",183,"подростковый возраст"
"подростковый возраст онлайн",183,"подростковый возраст"
"зрелый подростковый возраст",182,"подростковый возраст"
"подростковый возраст когнитивная",182,"подростковый возраст"
"старший подростковый возраст 15 лет",182,"подростковый возраст"
"депрессия в подростковом возрасте",182,"подростковый возраст"
"почему в подростковом возрасте девушкам",181,"подростковый возраст"
"смысл подросткового возраста",181,"подростковый возраст"
"подростковый возраст статьи",181,"подростковый возраст"
"3 периода подросткового возраста",181,"подростковый возраст"
"мод подростковый возраст",181,"подростковый возраст"
"актеры подросткового возраста",180,"подростковый возраст"
"дрочили ли в подростковом возрасте",179,"подростковый возраст"
"ведущий вид деятельности в подростковом возрасте",179,"подростковый возраст"
"подростковый возраст 2025",179,"подростковый возраст"
"какое мышление в подростковом возрасте",177,"подростковый возраст"
"что является ведущей деятельностью в подростковом возрасте",176,"подростковый возраст"
"внешность в подростковом возрасте",176,"подростковый возраст"
"подростковый возраст парни и девушки",176,"подростковый возраст"
"в подростковом возрасте думаешь",175,"подростковый возраст"
"школьник подросткового возраста",174,"подростковый возраст"
"возраст перед подростковая",173,"подростковый возраст"
"занятие подростковый возраст",173,"подростковый возраст"
"прыщи подростковом возрасте почему",173,"подростковый возраст"
"шизофрения подросткового возраста",173,"подростковый возраст"
"признаки бесплодия у женщин в подростковом возрасте",172,"подростковый возраст"
"тяжелый подростковый возраст",172,"подростковый возраст"
"сколько длится подростковый возраст",172,"подростковый возраст"
"подростковый возраст факторы развития",170,"подростковый возраст"
"худеть подростковом возрасте",170,"подростковый возраст"
"подростковый возраст текст",170,"подростковый возраст"
"11 лет это подростковый возраст",169,"подростковый возраст"
"давление в подростковом возрасте",169,"подростковый возраст"
"от рождения до подросткового возраста",169,"подростковый возраст"
"примеры подросткового возраста",168,"подростковый возраст"
"подростковый возраст скачать",168,"подростковый возраст"
"подростковый возраст вкр",167,"подростковый возраст"
"современный подростковый возраст",167,"подростковый возраст"
"ведущая деятельность младшего подросткового возраста",167,"подростковый возраст"
"подростковый возраст кратко",167,"подростковый возраст"
"во сколько лет подростковый возраст у девочек",167,"подростковый возраст"
"роль подросткового возраста",165,"подростковый возраст"
"что означает подростковый возраст",164,"подростковый возраст"
"подростковый возраст 11 14 лет",163,"подростковый возраст"
"тестостерон в подростковом возрасте",163,"подростковый возраст"
"таблица подросткового возраста",163,"подростковый возраст"
"ситуация развития в подростковом возрасте",163,"подростковый возраст"
"подростковый возраст заболевания",162,"подростковый возраст"
"критический подростковый возраст",162,"подростковый возраст"
"младший и старший подростковый возраст",161,"подростковый возраст"
"выделение в подростковом возрасте",161,"подростковый возраст"
"подросткового возраста чаще всего",161,"подростковый возраст"
"малый подростковый возраст",161,"подростковый возраст"
"задержка месячных в подростковом возрасте",160,"подростковый возраст"
"цикл в подростковом возрасте",159,"подростковый возраст"
"подростковый возраст советы",158,"подростковый возраст"
"зависимость в подростковом возрасте",158,"подростковый возраст"
"достижения подросткового возраста",158,"подростковый возраст"
"подростковый возраст в жизни человека",158,"подростковый возраст"
"реакции подросткового возраста",157,"подростковый возраст"
"подростковый возраст 15 17 лет",157,"подростковый возраст"
"образование в подростковом возрасте",157,"подростковый возраст"
"20 лет подростковый возраст",157,"подростковый возраст"
"возрастные особенности подросткового возраста",156,"подростковый возраст"
"ценность подросткового возраста",155,"подростковый возраст"
"беременна в подростковом возрасте",155,"подростковый возраст"
"подростковый возраст по эльконину",155,"подростковый возраст"
"подростковый возраст как бороться",154,"подростковый возраст"
"подростковый возраст ведущая деятельность эльконин",153,"подростковый возраст"
"социальная ситуация развития в подростковом возрасте",153,"подростковый возраст"
"как справляться с подростковым возрастом",153,"подростковый возраст"
"тревожность подростковый возраст",153,"подростковый возраст"
"как влияет подростковый возраст",152,"подростковый возраст"
"последний год подросткового возраста",151,"подростковый возраст"
"именно в подростковом возрасте",151,"подростковый возраст"
"подростковый возраст страх",151,"подростковый возраст"
"концепция подросткового возраста",150,"подростковый возраст"
"после подросткового возраста какой возраст",150,"подростковый возраст"
"чем плох подростковый возраст",150,"подростковый возраст"
"подростковый возраст какая деятельность",150,"подростковый возраст"
"подростковый возраст 25 лет",149,"подростковый возраст"
"подростковый и старший школьный возраст",148,"подростковый возраст"
"центральное новообразование подросткового возраста",148,"подростковый возраст"
"как найти себя в подростковом возрасте",148,"подростковый возраст"
"мысли в подростковом возрасте",147,"подростковый возраст"
"как найти себе девушку в подростковом возрасте",147,"подростковый возраст"
"как пройти подростковый возраст",146,"подростковый возраст"
"как проходит подростковый возраст",146,"подростковый возраст"
"подростковый возраст 21",145,"подростковый возраст"
"фильм про подростковый возраст",145,"подростковый возраст"
"подростковый возраст питание",144,"подростковый возраст"
"боли в груди в подростковом возрасте",144,"подростковый возраст"
"во сколько начинается подростковый возраст у девочек",144,"подростковый возраст"
"результаты подросткового возраста",143,"подростковый возраст"
"взаимоотношение подростковом возрасте",142,"подростковый возраст"
"настроение в подростковом возрасте",142,"подростковый возраст"
"эпилепсия в подростковом возрасте",141,"подростковый возраст"
"идентичность в подростковом возрасте",141,"подростковый возраст"
"период старшего подросткового возраста",140,"подростковый возраст"
"подростковый возраст 12 18 лет",140,"подростковый возраст"
"как избавиться от прыщей в подростковом возрасте",140,"подростковый возраст"
"деньги в подростковом возрасте",140,"подростковый возраст"
"9 лет подростковый возраст",139,"подростковый возраст"
"со скольки начинается подростковый возраст у мальчиков",139,"подростковый возраст"
"во сколько заканчивается подростковый возраст",139,"подростковый возраст"
"эмоции подросткового возраста",139,"подростковый возраст"
"подростковый возраст интимно личностное общение",138,"подростковый возраст"
"подростковый возраст пубертат",138,"подростковый возраст"
"границы подросткового возраста",138,"подростковый возраст"
"смерть в подростковом возрасте",138,"подростковый возраст"
"подростковый возраст половое созревание",137,"подростковый возраст"
"болит грудь в подростковом возрасте",137,"подростковый возраст"
"социальные отношения в подростковом возрасте",136,"подростковый возраст"
"воздержание в подростковом возрасте",134,"подростковый возраст"
"подростковый возраст орлов",134,"подростковый возраст"
"развития человека в подростковом возрасте",134,"подростковый возраст"
"особый возраст подростковый",133,"подростковый возраст"
"познавательные процессы подросткового возраста",133,"подростковый возраст"
"детство подростковый возраст юность",133,"подростковый возраст"
"подростковые прыщи в каком возрасте",133,"подростковый возраст"
"до скольки длится подростковый возраст",133,"подростковый возраст"
"описать подростковой подростковой возраста",133,"подростковый возраст"
"периодом подросткового возраста является",131,"подростковый возраст"
"почему у девочек в подростковом возрасте",131,"подростковый возраст"
"подростковый возраст 15 16 лет",130,"подростковый возраст"
"младший подростковый возраст 12 15 лет",130,"подростковый возраст"
"психология подросткового и юношеского возраста",130,"подростковый возраст"
"выпадают волосы в подростковом возрасте",130,"подростковый возраст"
"как расти в подростковом возрасте",130,"подростковый возраст"
"ощущение подросткового возраста",129,"подростковый возраст"
"решения подросткового возраста",129,"подростковый возраст"
"10 лет период подросткового возраста",129,"подростковый возраст"
"цинк в подростковом возрасте",129,"подростковый возраст"
"новообразования младшего подросткового возраста",128,"подростковый возраст"
"чем заняться в подростковом возрасте",127,"подростковый возраст"
"подростковый возраст до скольки у мальчиков",127,"подростковый возраст"
"как уменьшить грудь в подростковом возрасте упражнения",127,"подростковый возраст"
"психология подростковый возраст годы",127,"подростковый возраст"
"кризис развития подросткового возраста",127,"подростковый возраст"
"развитие общения в подростковом возрасте",127,"подростковый возраст"
"психические расстройства подросткового возраста",127,"подростковый возраст"
"воспитание ребенка подросткового возраста",126,"подростковый возраст"
"ребенок от рождения до подросткового возраста",126,"подростковый возраст"
"поведение детей подросткового возраста",125,"подростковый возраст"
"этапы развития подросткового возраста",125,"подростковый возраст"
"подростковый возраст 12 13 лет",125,"подростковый возраст"
"что возникает в подростковом возрасте",124,"подростковый возраст"
"подростковый возраст подняли",123,"подростковый возраст"
"имя в подростковом возрасте",123,"подростковый возраст"
"подростковый возраст 8 лет",123,"подростковый возраст"
"особенности подростково юношеского возраста",123,"подростковый возраст"
"подростковый возраст серии",122,"подростковый возраст"
"подростковый возраст 10 11 лет",122,"подростковый возраст"
"1 особенности подросткового возраста",122,"подростковый возраст"
"диагнозы в подростковом возрасте",122,"подростковый возраст"
"подростковый возраст у собак",121,"подростковый возраст"
"подростковый возраст подростковая агрессия",121,"подростковый возраст"
"подростковые отношения в каком возрасте",121,"подростковый возраст"
"функции подросткового возраста",121,"подростковый возраст"
"2 особенности подросткового возраста",120,"подростковый возраст"
"эриксон подростковый возраст",120,"подростковый возраст"
"рост груди в подростковом возрасте",120,"подростковый возраст"
"черные точки в подростковом возрасте",120,"подростковый возраст"
"игровая деятельность в подростковом возрасте",119,"подростковый возраст"
"какие качества психики формируются в подростковом возрасте",119,"подростковый возраст"
"подростковый возраст наука",118,"подростковый возраст"
"ведущая деятельность подросткового возраста интимно общение",118,"подростковый возраст"
"подростковый возраст 10 15 лет",118,"подростковый возраст"
"книги пост подросткового возраста nte",118,"подростковый возраст"
"подростковый возраст 14 17 лет",117,"подростковый возраст"
"головка в подростковом возрасте",116,"подростковый возраст"
"21 год подростковый возраст",116,"подростковый возраст"
"книги подросткового возраста нте",116,"подростковый возраст"
"подростковый возраст самостоятельность",116,"подростковый возраст"
"спортмастер горные велосипеды подростковый возраст",116,"подростковый возраст"
"особенности поведения подросткового возраста",116,"подростковый возраст"
"подростковый возраст аниме",115,"подростковый возраст"
"кровотечение в подростковом возрасте",115,"подростковый возраст"
"трудный подростковый возраст",115,"подростковый возраст"
"социальные особенности подросткового возраста",115,"подростковый возраст"
"программа подросткового возраста",114,"подростковый возраст"
"мышцы подростковый возраст",114,"подростковый возраст"
"увлечения в подростковом возрасте",114,"подростковый возраст"
"геи подросткового возраста",113,"подростковый возраст"
"методики подросткового возраста",113,"подростковый возраст"
"младший школьный возраст подростковый возраст юность",113,"подростковый возраст"
"потеть в подростковом возрасте",113,"подростковый возраст"
"психология развития подросткового возраста",113,"подростковый возраст"
"подростковый возраст физическое развитие",113,"подростковый возраст"
"дружба в подростковом возрасте",113,"подростковый возраст"
"анализ подросткового возраста",113,"подростковый возраст"
"лев в подростковом возрасте",113,"подростковый возраст"
"возрастная психология подростковый возраст",112,"подростковый возраст"
"смотреть сериал подростковый возраст",112,"подростковый возраст"
"основные проблемы подросткового возраста",112,"подростковый возраст"
"комплексы подросткового возраста",111,"подростковый возраст"
"собрание подростковый возраст",111,"подростковый возраст"
"половые органы в подростковом возрасте",111,"подростковый возраст"
"подростковый возраст увеличивается",110,"подростковый возраст"
"подростковый возраст в 30",110,"подростковый возраст"
"подростковый возраст 12 16",110,"подростковый возраст"
"фигура в подростковом возрасте",110,"подростковый возраст"
"2 периода подросткового возраста",110,"подростковый возраст"
"с каких лет начинается подростковый возраст",110,"подростковый возраст"
"расстройства в детском и подростковом возрасте",109,"подростковый возраст"
"средний старший подростковый возраст",109,"подростковый возраст"
"социальное развитие ребенка подросткового возраста",109,"подростковый возраст"
"вместе с подросткового возраста",108,"подростковый возраст"
"приемы подросткового возраста",108,"подростковый возраст"
"подростковый возраст познавательное развитие",107,"подростковый возраст"
"удаление десновую улыбку в подростковом возрасте",107,"подростковый возраст"
"подростковый возраст кино",106,"подростковый возраст"
"комедоны в подростковом возрасте",106,"подростковый возраст"
"случаи в подростковом возрасте",106,"подростковый возраст"
"подростковый возраст особенности периода",106,"подростковый возраст"
"10 12 лет подростковый возраст",106,"подростковый возраст"
"развитие учебной деятельности в подростковом возрасте",106,"подростковый возраст"
"родители и дети в подростковом возрасте",106,"подростковый возраст"
"в подростковом возрасте дети становятся",106,"подростковый возраст"
"какие проблемы подросткового возраста",106,"подростковый возраст"
"подростковый возраст возрастной кризис",106,"подростковый возраст"
"аллергия в подростковом возрасте",105,"подростковый возраст"
"литература подросткового возраста",105,"подростковый возраст"
"периодизация подросткового возраста эльконин",105,"подростковый возраст"
"изучение подросткового возраста",104,"подростковый возраст"
"стадии развития подросткового возраста",104,"подростковый возраст"
"грехи подростковом возрасте",104,"подростковый возраст"
"возрастная периодизация подросткового возраста",104,"подростковый возраст"
"что бывает в подростковом возрасте",104,"подростковый возраст"
"периоды кризиса подросткового возраста",103,"подростковый возраст"
"труд в подростковом возрасте",103,"подростковый возраст"
"возрастного развития в подростковом возрасте",103,"подростковый возраст"
"19 лет подростковый возраст",103,"подростковый возраст"
"что снится в подростковом возрасте",102,"подростковый возраст"
"усы в подростковом возрасте",102,"подростковый возраст"
"психологические новообразования в подростковом возрасте",102,"подростковый возраст"
"личность особенность подросткового возраста",102,"подростковый возраст"
"фазы подросткового возраста",102,"подростковый возраст"
"подростковый возраст социальные условия",101,"подростковый возраст"
"подростковый возраст со скольки в россии",101,"подростковый возраст"
"подростковый возраст 13 14 лет",101,"подростковый возраст"
"подростковый возраст учеба",101,"подростковый возраст"
"рак в подростковом возрасте",101,"подростковый возраст"
"когда начинается подростковый возраст у мальчиков",101,"подростковый возраст"
"смотреть онлайн подростковый возраст",100,"подростковый возраст"
"как ведут себя подростковый возраст",100,"подростковый возраст"
"подростковый возраст как себя вести",100,"подростковый возраст"
"подростковый возраст как помочь",100,"подростковый возраст"
"аутисты подростковом возрасте",100,"подростковый возраст"
"подростковый возраст интеллектуальное развитие",100,"подростковый возраст"
"подростковый возраст сериал 2025",99,"подростковый возраст"
"выпадение волос в подростковом возрасте",99,"подростковый возраст"
"гигиена подросткового возраста",99,"подростковый возраст"
"ценностные ориентации подросткового возраста",99,"подростковый возраст"
"фрейд подростковый возраст",98,"подростковый возраст"
"подростковый возраст юных",98,"подростковый возраст"
"подростковый возраст биологически",98,"подростковый возраст"
"как зарабатывать в подростковом возрасте",98,"подростковый возраст"
"как заработать в подростковом возрасте",98,"подростковый возраст"
"книга про подростковый возраст",98,"подростковый возраст"
"подростковый возраст мотивация",97,"подростковый возраст"
"родительское собрание подростковый возраст",97,"подростковый возраст"
"подростковый возраст условия развития",97,"подростковый возраст"
"симс 4 мод на подростковый возраст",97,"подростковый возраст"
"во сколько лет заканчивается подростковый возраст",97,"подростковый возраст"
"жир в подростковом возрасте",97,"подростковый возраст"
"голые подросткового возраста",96,"подростковый возраст"
"общение в младшем подростковом возрасте",96,"подростковый возраст"
"высыпания в подростковом возрасте",96,"подростковый возраст"
"подростковый возраст социализация",96,"подростковый возраст"
"психиатрия подросткового возраста",96,"подростковый возраст"
"подростковый возраст 2026",95,"подростковый возраст"
"особенности младшего подросткового возраста",95,"подростковый возраст"
"хочется секса в подростковом возрасте",95,"подростковый возраст"
"официальный подростковый возраст",95,"подростковый возраст"
"подростковый возраст слушать",95,"подростковый возраст"
"подростковый возраст 11 17 лет",95,"подростковый возраст"
"половое развитие подросткового возраста",95,"подростковый возраст"
"акцентуация подросткового возраста",95,"подростковый возраст"
"подростковый возраст ребенка девочки",95,"подростковый возраст"
"подростковый возраст смотреть бесплатно",95,"подростковый возраст"
"подростковый возраст развитие самосознания",94,"подростковый возраст"
"бурный подростковый возраст",94,"подростковый возраст"
"подростковый возраст учебники",94,"подростковый возраст"
"старший подростковый возраст 15 18 лет",94,"подростковый возраст"
"30 лет подростковый возраст",93,"подростковый возраст"
"идентификация в подростковом возрасте",93,"подростковый возраст"
"плюсы подросткового возраста",93,"подростковый возраст"
"культура подросткового возраста",93,"подростковый возраст"
"психология подросткового возраста книги",92,"подростковый возраст"
"период после подросткового возраста",92,"подростковый возраст"
"новообразования подросткового школьного возраста",92,"подростковый возраст"
"с какого возраста начинается подростковый период",92,"подростковый возраст"
"поддержка в подростковом возрасте",92,"подростковый возраст"
"половые губы в подростковом возрасте",92,"подростковый возраст"
"выготский подростковый возраст",92,"подростковый возраст"
"возникновение подросткового возраста",91,"подростковый возраст"
"похудение в подростковом возрасте",91,"подростковый возраст"
"подростковый возраст период жизни человека",91,"подростковый возраст"
"психология детско подросткового возраста",91,"подростковый возраст"
"развитие психики в подростковом возрасте",91,"подростковый возраст"
"нарушения развития в подростковом возрасте",91,"подростковый возраст"
"зона ближайшего развития в подростковом возрасте",90,"подростковый возраст"
"подростковый возраст коротко",90,"подростковый возраст"
"как убрать прыщи в подростковом возрасте",90,"подростковый возраст"
"пенис в подростковом возрасте",89,"подростковый возраст"
"музыка в подростковом возрасте",89,"подростковый возраст"
"боли в коленях в подростковом возрасте",89,"подростковый возраст"
"повышение подросткового возраста",89,"подростковый возраст"
"название подросткового возраста",89,"подростковый возраст"
"подростковый возраст минусы",89,"подростковый возраст"
"как похудеть в подростковом возрасте",88,"подростковый возраст"
"акцентуации характера подростковом возрасте",88,"подростковый возраст"
"застряла в подростковом возрасте",88,"подростковый возраст"
"семьи с детьми подросткового возраста",87,"подростковый возраст"
"бессонница в подростковом возрасте",87,"подростковый возраст"
"употребление алкоголя в подростковом возрасте",87,"подростковый возраст"
"какой возраст подростковый и детский",87,"подростковый возраст"
"значение подросткового возраста",87,"подростковый возраст"
"находящуюся в подростковом возрасте",86,"подростковый возраст"
"к новообразованиям подросткового возраста относится",86,"подростковый возраст"
"фрейд подростковый возраст стадия",86,"подростковый возраст"
"психологические теории подросткового возраста",86,"подростковый возраст"
"развитие памяти в подростковом возрасте",85,"подростковый возраст"
"подростковый возраст рекомендации",85,"подростковый возраст"
"в подростковом возрасте общее",85,"подростковый возраст"
"развитие познавательных процессов подросткового возраста",85,"подростковый возраст"
"синдром туретта в подростковом возрасте",85,"подростковый возраст"
"что нужно делать в подростковом возрасте",85,"подростковый возраст"
"интеллект в подростковом возрасте",85,"подростковый возраст"
"грудь у мальчиков в подростковом возрасте",85,"подростковый возраст"
"критическое мышление в подростковом возрасте",84,"подростковый возраст"
"обязанности подросткового возраста",84,"подростковый возраст"
"профессиональное самоопределение в подростковом возрасте",84,"подростковый возраст"
"уход в подростковом возрасте",84,"подростковый возраст"
"особенности формирования подросткового возраста",84,"подростковый возраст"
"10 лет младший подростковый возраст",84,"подростковый возраст"
"что нравится в подростковом возрасте",83,"подростковый возраст"
"что случается в подростковом возрасте",83,"подростковый возраст"
"подростковый возраст будет всегда",83,"подростковый возраст"
"психологическая характеристика подросткового возраста",83,"подростковый возраст"
"выберите ведущую деятельность в подростковом возрасте",83,"подростковый возраст"
"период подросткового и юношеского возраста",83,"подростковый возраст"
"актрисы в подростковом возрасте",83,"подростковый возраст"
"3 особенности подросткового возраста",83,"подростковый возраст"
"почему в подростковом возрасте появляются прыщи",83,"подростковый возраст"
"скачки роста в подростковом возрасте",82,"подростковый возраст"
"диабет в подростковом возрасте",82,"подростковый возраст"
"охарактеризовать подростковый возраст",82,"подростковый возраст"
"подростковый возраст смотреть онлайн бесплатно",82,"подростковый возраст"
"пособия подростковый возраст",82,"подростковый возраст"
"подростковый возраст сериал смотреть онлайн",82,"подростковый возраст"
"сериал подростковый возраст онлайн",82,"подростковый возраст"
"подростковый возраст период активного",82,"подростковый возраст"
"модели подросткового возраста",82,"подростковый возраст"
"проект подростковый возраст",82,"подростковый возраст"
"механическая память в подростковом возрасте",82,"подростковый возраст"
"младший средний старший подростковый возраст",82,"подростковый возраст"
"с какого возраста подростковый возраст у мальчиков",82,"подростковый возраст"
"хочется отношений в подростковом возрасте",82,"подростковый возраст"
"скачок роста в подростковом возрасте",81,"подростковый возраст"
"сергей орлов подростковый возраст",81,"подростковый возраст"
"проблемы детей подросткового возраста",81,"подростковый возраст"
"смотреть порно подростковый возраст",80,"подростковый возраст"
"первый раз в подростковом возрасте",80,"подростковый возраст"
"половой член в подростковом возрасте",80,"подростковый возраст"
"рефлексия подросткового возраста",79,"подростковый возраст"
"основные деятельности подросткового возраста",79,"подростковый возраст"
"подростковый возраст что делать детям",79,"подростковый возраст"
"подросток проблема подросткового возраста",79,"подростковый возраст"
"когда заканчивается подростковый возраст у девочек",79,"подростковый возраст"
"ученые подростковый возраст",79,"подростковый возраст"
"до какого возраста подростковый период",79,"подростковый возраст"
"беседы подростковый возраст",79,"подростковый возраст"
"подростковый возраст задания",79,"подростковый возраст"
"эмоциональное развитие подростковый возраст",79,"подростковый возраст"
"подростковый возраст сиськи",79,"подростковый возраст"
"дети старшего подросткового возраста",79,"подростковый возраст"
"подростковый возраст сериал смотреть бесплатно",78,"подростковый возраст"
"подростковый возраст сериал смотреть онлайн бесплатно",78,"подростковый возраст"
"новообразованием подросткового возраста является ответ",78,"подростковый возраст"
"тренировки в подростковом возрасте",78,"подростковый возраст"
"суицидальное поведение подростковом возрасте",78,"подростковый возраст"
"девочки подросткового возраста секс",78,"подростковый возраст"
"подростковый возраст 14 лет девочке",78,"подростковый возраст"
"назовите период подросткового возраста",77,"подростковый возраст"
"ведущей деятельностью подросткового возраста эльконин считал",77,"подростковый возраст"
"лишний вес подростковом возрасте",77,"подростковый возраст"
"сдвг в подростковом возрасте",77,"подростковый возраст"
"в подростковом возрасте продолжает развиваться",77,"подростковый возраст"
"особенности психологического развития подросткового возраста",77,"подростковый возраст"
"какой самый подростковый возраст",77,"подростковый возраст"
"стабильный подростковый возраст",77,"подростковый возраст"
"развитие способностей в подростковом возрасте",77,"подростковый возраст"
"что нужно есть в подростковом возрасте",77,"подростковый возраст"
"подростковый возраст 14 16 лет",76,"подростковый возраст"
"основной проблемой подросткового возраста является",76,"подростковый возраст"
"дети среднего подросткового возраста",76,"подростковый возраст"
"смотреть фильм подростковый возраст",75,"подростковый возраст"
"какой возраст в психологии подростковый",75,"подростковый возраст"
"морщины в подростковом возрасте",75,"подростковый возраст"
"родителей особенности подросткового возраста",75,"подростковый возраст"
"структура подросткового возраста",75,"подростковый возраст"
"соответствует подростковому возрасту по периодизации эльконина",75,"подростковый возраст"
"новообразованием младшего подросткового возраста является",75,"подростковый возраст"
"подростковый возраст восприятие",75,"подростковый возраст"
"возбуждение в подростковом возрасте",75,"подростковый возраст"
"подростковый возраст какие причины",75,"подростковый возраст"
"особенности возрастного периода подростковый возраст",75,"подростковый возраст"
"особенности людей подросткового возраста",74,"подростковый возраст"
"до скольки подростковый возраст в россии",74,"подростковый возраст"
"развитие в подростковом возрасте характеризуется",74,"подростковый возраст"
"подростковый возраст отрочество",73,"подростковый возраст"
"болят колени в подростковом возрасте",73,"подростковый возраст"
"до скольки лет длится подростковый возраст",73,"подростковый возраст"
"формирование самосознания в подростковом возрасте",73,"подростковый возраст"
"суицид подросткового возраста",73,"подростковый возраст"
"когнитивное развитие подросткового возраста",73,"подростковый возраст"
"родинки в подростковом возрасте",73,"подростковый возраст"
"в подростковом возрасте ведущим видом деятельности является",73,"подростковый возраст"
"во сколько начинается подростковый возраст у мальчиков",73,"подростковый возраст"
"подростковый возраст у девочек появляются",72,"подростковый возраст"
"как определить подростковый возраст",72,"подростковый возраст"
"психология детей подросткового возраста",72,"подростковый возраст"
"как лечить подростковый возраст",72,"подростковый возраст"
"вейп в подростковом возрасте",72,"подростковый возраст"
"пик подросткового возраста",72,"подростковый возраст"
"периоды возрастного развития подростковый возраст",72,"подростковый возраст"
"подростковом возрасте наблюдается",72,"подростковый возраст"
"много ем в подростковом возрасте",72,"подростковый возраст"
"первый секс в подростковом возрасте",72,"подростковый возраст"
"развитие самооценки в подростковом возрасте",72,"подростковый возраст"
"спокойный подростковый возраст",72,"подростковый возраст"
"патологии подросткового возраста",71,"подростковый возраст"
"размер члена в подростковом возрасте",71,"подростковый возраст"
"положение подростковому возрасту",71,"подростковый возраст"
"дрочка в подростковом возрасте",71,"подростковый возраст"
"сперма в подростковом возрасте",71,"подростковый возраст"
"социальная ситуация детей подросткового возраста",71,"подростковый возраст"
"подростковый возраст 13 17 лет",71,"подростковый возраст"
"почему болит грудь в подростковом возрасте",71,"подростковый возраст"
"прививки в подростковом возрасте",71,"подростковый возраст"
"щеки в подростковом возрасте",71,"подростковый возраст"
"сладкое в подростковом возрасте",71,"подростковый возраст"
"кальций в подростковом возрасте",70,"подростковый возраст"
"грудь обвисла в подростковом возрасте",70,"подростковый возраст"
"основное новообразование в подростковом возрасте",70,"подростковый возраст"
"железо в подростковом возрасте",70,"подростковый возраст"
"первая проблема подросткового возраста",70,"подростковый возраст"
"первые проблемы подросткового возраста",70,"подростковый возраст"
"как увеличить грудь в подростковом возрасте",70,"подростковый возраст"
"развитие навыков общения в подростковом возрасте",70,"подростковый возраст"
"подростковый пубертатный возраст",70,"подростковый возраст"
"диета подростковом возрасте",69,"подростковый возраст"
"какая стадия подросткового возраста",69,"подростковый возраст"
"обвисшая грудь в подростковом возрасте",69,"подростковый возраст"
"переживания подросткового возраста",69,"подростковый возраст"
"центральное новообразование подросткового возраста является",69,"подростковый возраст"
"подростковый возраст авторы",69,"подростковый возраст"
"подростковый возраст физиологические особенности",69,"подростковый возраст"
"подростковый возраст список",68,"подростковый возраст"
"психиатрия детско подросткового возраста",68,"подростковый возраст"
"подростковый возраст сензитивен",68,"подростковый возраст"
"подростковый возраст соответствует периоду",68,"подростковый возраст"
"какой возраст относится к подростковому",68,"подростковый возраст"
"ведущей деятельностью младшего подросткового возраста является",68,"подростковый возраст"
"в подростковом возрасте развивается мышление",68,"подростковый возраст"
"сигареты в подростковом возрасте",68,"подростковый возраст"
"рост девочки в подростковом возрасте",68,"подростковый возраст"
"какой возраст соответствует подростковому",68,"подростковый возраст"
"прыщи спине подростковом возрасте",68,"подростковый возраст"
"подростковом возрасте температура",67,"подростковый возраст"
"качества личности в подростковом возрасте",67,"подростковый возраст"
"нервная система подросткового возраста",67,"подростковый возраст"
"детско родительских отношений в подростковом возрасте",67,"подростковый возраст"
"подростковый возраст характеристика периода",67,"подростковый возраст"
"3 кризис подросткового возраста",67,"подростковый возраст"
"какова ведущая деятельность в подростковом возрасте",67,"подростковый возраст"
"одиночество в подростковом возрасте",66,"подростковый возраст"
"подростковом возрасте изменения происходят",66,"подростковый возраст"
"12 лет это подростковый возраст или нет",66,"подростковый возраст"
"подростковый возраст 11 16 лет",66,"подростковый возраст"
"когда начинается и заканчивается подростковый возраст",66,"подростковый возраст"
"формирование идентичности в подростковом возрасте",66,"подростковый возраст"
"проблемы развития подросткового возраста",66,"подростковый возраст"
"подростковый возраст психические процессы",66,"подростковый возраст"
"социально психологическое развитие подросткового возраста",65,"подростковый возраст"
"какой спорт в подростковом возрасте",65,"подростковый возраст"
"тема особенности подросткового возраста",65,"подростковый возраст"
"ведущая деятельность развития в подростковом возрасте",65,"подростковый возраст"
"особенности кризиса подросткового возраста",65,"подростковый возраст"
"буллинг в подростковом возрасте",65,"подростковый возраст"
"особенности самооценки подросткового возраста",65,"подростковый возраст"
"э эриксон подростковый возраст",65,"подростковый возраст"
"отеки в подростковом возрасте",65,"подростковый возраст"
"нормальны ли прыщи в подростковом возрасте",64,"подростковый возраст"
"отношения с парнем в подростковом возрасте",64,"подростковый возраст"
"для подросткового возраста характерно развитие",64,"подростковый возраст"
"какие качества проявляются в подростковом возрасте",64,"подростковый возраст"
"подростковый возраст успокоительное",64,"подростковый возраст"
"увеличение подросткового возраста",64,"подростковый возраст"
"младший подростковый средний школьный возраст",64,"подростковый возраст"
"психологические особенности детей подросткового возраста",64,"подростковый возраст"
"подростковый возраст 11 13 лет",64,"подростковый возраст"
"можно дрочить в подростковом возрасте",64,"подростковый возраст"
"запах подросткового возраста",64,"подростковый возраст"
"подростковый возраст основные психологические",64,"подростковый возраст"
"пульс в подростковом возрасте",64,"подростковый возраст"
"божович подростковый возраст",64,"подростковый возраст"
"к подростковому возрасту врач",64,"подростковый возраст"
"в подростковом возрасте часто встречается",64,"подростковый возраст"
"асинхронность развития в подростковом возрасте",64,"подростковый возраст"
"про любовь в подростковом возрасте",63,"подростковый возраст"
"что может болеть в подростковом возрасте",63,"подростковый возраст"
"психолого педагогическая диагностика подросткового возраста",63,"подростковый возраст"
"личностное развитие подростковом возрасте",63,"подростковый возраст"
"физические нагрузки в подростковом возрасте",63,"подростковый возраст"
"сыпь в подростковом возрасте",63,"подростковый возраст"
"этапы отношений в подростковом возрасте",63,"подростковый возраст"
"психическое развитие детей подросткового возраста",63,"подростковый возраст"
"как работает подростковый возраст",62,"подростковый возраст"
"подростковый возраст какие изменения",62,"подростковый возраст"
"насилие в подростковом возрасте",62,"подростковый возраст"
"в подростковом возрасте появляются прыщи на лице",62,"подростковый возраст"
"подростковый возраст медицинский",62,"подростковый возраст"
"гормон роста в подростковом возрасте",62,"подростковый возраст"
"симптомы бесплодия у женщин в подростковом возрасте",62,"подростковый возраст"
"понятие подросткового возраста",62,"подростковый возраст"
"свойства подросткового возраста",62,"подростковый возраст"
"основным новообразованием подростково юношеского возраста являются",62,"подростковый возраст"
"психологический кризис подросткового возраста",61,"подростковый возраст"
"какие черты подросткового возраста",61,"подростковый возраст"
"в подростковый возраст включает",61,"подростковый возраст"
"психические нарушения в подростковом возрасте",61,"подростковый возраст"
"подростковый возраст отличается",61,"подростковый возраст"
"выявление подросткового возраста",61,"подростковый возраст"
"прыщи после подросткового возраста",61,"подростковый возраст"
"старший подростковый возраст ведущая деятельность",61,"подростковый возраст"
"почему в подростковом возрасте хочется отношений",61,"подростковый возраст"
"эльконин младший подростковый возраст",61,"подростковый возраст"
"кризис младшего подросткового возраста",61,"подростковый возраст"
"гинекомастия в подростковом возрасте",61,"подростковый возраст"
"деятельность детей в подростковом возрасте",61,"подростковый возраст"
"психология подросткового возраста учебники",61,"подростковый возраст"
"какая ведущая деятельность в подростковом возрасте",61,"подростковый возраст"
"отклонения в подростковом возрасте",60,"подростковый возраст"
"эмоциональная сфера подросткового возраста",60,"подростковый возраст"
"факторы риска подросткового возраста",60,"подростковый возраст"
"как найти друзей в подростковом возрасте",60,"подростковый возраст"
"сахар в подростковом возрасте",60,"подростковый возраст"
"киста подростковом возрасте",60,"подростковый возраст"
"уроки подросткового возраста",60,"подростковый возраст"
"подростковый возраст лекция",60,"подростковый возраст"
"подростковый возраст попы",60,"подростковый возраст"
"попа подростковом возрасте",60,"подростковый возраст"
"психологические трудности подросткового возраста",60,"подростковый возраст"
"особенности подросткового возраста родительское",60,"подростковый возраст"
"какие качества личности проявляются в подростковом возрасте",60,"подростковый возраст"
"сколиоз в подростковом возрасте",59,"подростковый возраст"
"кризис идентичности подросткового возраста",59,"подростковый возраст"
"периодизация развития в подростковом возрасте",59,"подростковый возраст"
"мигрени в подростковом возрасте",59,"подростковый возраст"
"сочинение подростковый возраст",59,"подростковый возраст"
"болит живот в подростковом возрасте",59,"подростковый возраст"
"что делают мальчики в подростковом возрасте",59,"подростковый возраст"
"подростковый возраст отношение с родителями",59,"подростковый возраст"
"в подростковом возрасте ведущим становится",59,"подростковый возраст"
"сексуальное развитие в подростковом возрасте",59,"подростковый возраст"
"как вырасти в подростковом возрасте",59,"подростковый возраст"
"подростковый возраст девиантное поведение",58,"подростковый возраст"
"статус подросткового возраста",58,"подростковый возраст"
"пиаже подростковый возраст",58,"подростковый возраст"
"рост члена в подростковом возрасте",58,"подростковый возраст"
"финн вулфхард подростковый возраст",58,"подростковый возраст"
"пися подростковый возраст",58,"подростковый возраст"
"подростковый возраст характеризуется ответ",58,"подростковый возраст"
"сахарный диабет в подростковом возрасте",58,"подростковый возраст"
"л и божович подростковый возраст",58,"подростковый возраст"
"незрелый подростковый возраст",58,"подростковый возраст"
"тревога в подростковом возрасте",58,"подростковый возраст"
"журнал подростковый возраст",57,"подростковый возраст"
"подростковый врач с какого возраста",57,"подростковый возраст"
"особенности развития детей подросткового возраста",57,"подростковый возраст"
"хочу секса в подростковом возрасте",57,"подростковый возраст"
"ранний подростковый возраст с какого возраста",57,"подростковый возраст"
"подростковый возраст 2024",57,"подростковый возраст"
"подростковый возраст период психология",57,"подростковый возраст"
"подростковый возраст сепарация",57,"подростковый возраст"
"сергей в подростковом возрасте",57,"подростковый возраст"
"плюсы и минусы подросткового возраста",57,"подростковый возраст"
"роды в подростковом возрасте",57,"подростковый возраст"
"физиология подросткового возраста",57,"подростковый возраст"
"13 лет это подростковый возраст или нет",57,"подростковый возраст"
"симпатия в подростковом возрасте",57,"подростковый возраст"
"подростковый возраст смотреть 2025",56,"подростковый возраст"
"определение подросткового возраста",56,"подростковый возраст"
"витамины цинк для подросткового возраста",56,"подростковый возраст"
"учебно профессиональная деятельность в подростковом возрасте",56,"подростковый возраст"
"минет в подростковом возрасте",56,"подростковый возраст"
"подростковый возраст девочки 13 лет",56,"подростковый возраст"
"массаж в подростковом возрасте",56,"подростковый возраст"
"1 кризис подросткового возраста",56,"подростковый возраст"
"влечение в подростковом возрасте",56,"подростковый возраст"
"рост ребенка в подростковом возрасте",56,"подростковый возраст"
"приступы в подростковом возрасте",56,"подростковый возраст"
"подростковый возраст боли в голове",56,"подростковый возраст"
"периодизация д эльконина подростковый возраст",55,"подростковый возраст"
"носогубные складки в подростковом возрасте",55,"подростковый возраст"
"подростковый возраст в исламе",55,"подростковый возраст"
"2019 подростковый возраст",55,"подростковый возраст"
"7 особенности подросткового возраста",55,"подростковый возраст"
"подростковый возраст 2025 смотреть онлайн",55,"подростковый возраст"
"подростковый возраст сериал 2025 смотреть",55,"подростковый возраст"
"подростковый возраст сериал 2025 смотреть бесплатно",55,"подростковый возраст"
"подростковый возраст сериал 2025 смотреть онлайн",55,"подростковый возраст"
"вагина подростковом возрасте",55,"подростковый возраст"
"до скольки идет подростковый возраст",55,"подростковый возраст"
"как бороться с бессонницей в подростковом возрасте",55,"подростковый возраст"
"как заниматься сексом в подростковом возрасте",55,"подростковый возраст"
"эмоциональное расстройство подросткового возраста",55,"подростковый возраст"
"черты характера подросткового возраста",55,"подростковый возраст"
"подростковый возраст вид общения",55,"подростковый возраст"
"книги пост подросткового возраста нте",55,"подростковый возраст"
"новообразования личности в подростковом возрасте",55,"подростковый возраст"
"подростковый возраст самый лучший",55,"подростковый возраст"
"старший подростковый возраст 17 лет",55,"подростковый возраст"
"ветрянка в подростковом возрасте",55,"подростковый возраст"
"болит сосок в подростковом возрасте",55,"подростковый возраст"
"средства от прыщей в подростковом возрасте",54,"подростковый возраст"
"девочка мастурбирует в подростковом возрасте",54,"подростковый возраст"
"может ли аутизм проявиться в подростковом возрасте",54,"подростковый возраст"
"менструация в подростковом возрасте",54,"подростковый возраст"
"половой акт в подростковом возрасте",54,"подростковый возраст"
"отношение поколения особенности подросткового возраста",54,"подростковый возраст"
"нарушение психического развития в подростковом возрасте",54,"подростковый возраст"
"таблетки для подросткового возраста",54,"подростковый возраст"
"подростковый возраст девочек порно",54,"подростковый возраст"
"специфика подросткового возраста",54,"подростковый возраст"
"психология подросткового школьного возраста",54,"подростковый возраст"
"влюбленность в подростковом возрасте",54,"подростковый возраст"
"седой волос в подростковом возрасте",54,"подростковый возраст"
"социальные проблемы подросткового возраста",54,"подростковый возраст"
"подростковый возраст физиологическое развитие",54,"подростковый возраст"
"девушки подросткового возраста секс",54,"подростковый возраст"
"угри подростковый возраст",54,"подростковый возраст"
"подростковый возраст что делать родителям",54,"подростковый возраст"
"подростковый возраст психологические особенности подростка",53,"подростковый возраст"
"что будет если дрочить в подростковом возрасте",53,"подростковый возраст"
"аномалия книга подросткового возраста",53,"подростковый возраст"
"подростковый возраст личность подростка",53,"подростковый возраст"
"работа с детьми подросткового возраста",53,"подростковый возраст"
"4 особенности подросткового возраста",53,"подростковый возраст"
"2 ведущая деятельность подросткового возраста",53,"подростковый возраст"
"подростковый возраст котов",53,"подростковый возраст"
"можно ли дрочить в подростковом возрасте",53,"подростковый возраст"
"хочется есть подростковом возрасте",53,"подростковый возраст"
"отношения между поколениями особенности подросткового возраста",53,"подростковый возраст"
"отношения между поколениями подростковый возраст",53,"подростковый возраст"
"подростковый бунт возраст",53,"подростковый возраст"
"феномены подросткового возраста",53,"подростковый возраст"
"подростковый возраст психологические задачи",53,"подростковый возраст"
"подростковый возраст гормональная перестройка",53,"подростковый возраст"
"в подростковом возрасте продолжает развиваться мышление",53,"подростковый возраст"
"нарушение поведения в подростковом возрасте",53,"подростковый возраст"
"характеристика подросткового и юношеского возраста",52,"подростковый возраст"
"психологические реакции подросткового возраста",52,"подростковый возраст"
"секс про подростковые возраста",52,"подростковый возраст"
"ранее подростковый возраст",52,"подростковый возраст"
"подростковый возраст саморегуляция",52,"подростковый возраст"
"подростковый возраст по другому",52,"подростковый возраст"
"фимоз в подростковом возрасте",52,"подростковый возраст"
"подростковый возраст диссертация",52,"подростковый возраст"
"борода в подростковом возрасте",52,"подростковый возраст"
"партнеры подросткового возраста",52,"подростковый возраст"
"картинки подростковый возраст",52,"подростковый возраст"
"читать книги подросткового возраста",52,"подростковый возраст"
"самооценка юношеского и подросткового возраста",52,"подростковый возраст"
"секс рассказы подростковый возраст",52,"подростковый возраст"
"гормональные изменения подросткового возраста",52,"подростковый возраст"
"основные интересы подросткового возраста",52,"подростковый возраст"
"подростковый возраст 7 класс",52,"подростковый возраст"
"характеристика подросткового возраста и юности",52,"подростковый возраст"
"зачем нужен подростковый возраст",52,"подростковый возраст"
"развитие организма в подростковом возрасте",51,"подростковый возраст"
"растяжки на груди в подростковом возрасте",51,"подростковый возраст"
"ведущий на подростковый возраст",51,"подростковый возраст"
"растяжки в подростковом возрасте почему",51,"подростковый возраст"
"подростковый возраст и ранняя юность",51,"подростковый возраст"
"размер грудей в подростковом возрасте",51,"подростковый возраст"
"подростковый возраст спектакль",51,"подростковый возраст"
"подростковый возраст ххх",51,"подростковый возраст"
"почему месячные начинаются в подростковом возрасте",51,"подростковый возраст"
"варикоз в подростковом возрасте",51,"подростковый возраст"
"брекеты в подростковом возрасте",50,"подростковый возраст"
"подростковый возраст 24",50,"подростковый возраст"
"диагностика развития подросткового возраста",50,"подростковый возраст"
"как избежать подросткового возраста",50,"подростковый возраст"
"подростковый возраст социальная ситуация развития подростка",50,"подростковый возраст"
"какое мышление развивается в подростковом возрасте",50,"подростковый возраст"
"статистика подростковый возраст",50,"подростковый возраст"
"подростковый возраст мультфильм",50,"подростковый возраст"
"социальная ситуация развития ребенка подросткового возраста",50,"подростковый возраст"
"как пережить подростковый возраст родителям",50,"подростковый возраст"
"особенности деятельности в подростковом возрасте",50,"подростковый возраст"
"подростковый возраст кризис независимости",50,"подростковый возраст"
"ломка голоса в подростковом возрасте",50,"подростковый возраст"
"подростковый возраст у сына",50,"подростковый возраст"
"первая любовь в подростковом возрасте",50,"подростковый возраст"
"класс особенности подросткового возраста",50,"подростковый возраст"
"классификация подросткового возраста",50,"подростковый возраст"
"законы подросткового возраста",50,"подростковый возраст"
"бизнес в подростковом возрасте",50,"подростковый возраст"
"история порно в подростковом возрасте",50,"подростковый возраст"
"подростковый возраст воля",49,"подростковый возраст"
"основная особенность подросткового возраста",49,"подростковый возраст"
"18 лет это подростковый возраст",49,"подростковый возраст"
"болит голова в подростковом возрасте",49,"подростковый возраст"
"старший подростковый и юношеский возраст",49,"подростковый возраст"
"подростковый возраст технологий",49,"подростковый возраст"
"коррекция подростковый возраст",49,"подростковый возраст"
"подростковый возраст содержание",49,"подростковый возраст"
"подростковый возраст период развития детей",49,"подростковый возраст"
"ж пиаже подростковый возраст",49,"подростковый возраст"
"изменения подростка в подростковом возрасте",49,"подростковый возраст"
"почему в подростковом возрасте худеют",49,"подростковый возраст"
"ведущей деятельностью в подростковом возрасте становится",49,"подростковый возраст"
"педагогика подросткового возраста",48,"подростковый возраст"
"виды деятельности младшего подросткового возраста",48,"подростковый возраст"
"мастурбировать в подростковом возрасте нормально",48,"подростковый возраст"
"болят ноги в подростковом возрасте",48,"подростковый возраст"
"гинеколог в подростковом возрасте",48,"подростковый возраст"
"подростковый возраст анатомия",48,"подростковый возраст"
"особенности социальной ситуации развития подросткового возраста",48,"подростковый возраст"
"патологические реакции подросткового возраста",48,"подростковый возраст"
"развитие характера в подростковом возрасте",48,"подростковый возраст"
"авдулова психология подросткового возраста",48,"подростковый возраст"
"для детей подросткового возраста характерно",48,"подростковый возраст"
"ответственность в подростковом возрасте",48,"подростковый возраст"
"подростковый возраст характеризует",48,"подростковый возраст"
"рамки подросткового возраста",48,"подростковый возраст"
"особенности подросткового возраста собрание",47,"подростковый возраст"
"аритмии в подростковом возрасте",47,"подростковый возраст"
"дубровина подростковый возраст",47,"подростковый возраст"
"5 кризис подросткового возраста",47,"подростковый возраст"
"особенности социального развития в подростковом возрасте",47,"подростковый возраст"
"прыщи в подростковом возрасте это нормально",47,"подростковый возраст"
"сексуальность подросткового возраста",47,"подростковый возраст"
"физиологические изменения подросткового возраста",47,"подростковый возраст"
"райс подростковый возраст",47,"подростковый возраст"
"какие новообразования в подростковом возрасте",47,"подростковый возраст"
"памятка подросткового возраста",47,"подростковый возраст"
"какие трудности подросткового возраста",47,"подростковый возраст"
"подростковый возраст перестройка организма",47,"подростковый возраст"
"подростковый возраст становление личности",47,"подростковый возраст"
"подростковый возраст научные статьи",47,"подростковый возраст"
"аспекты подросткового возраста",47,"подростковый возраст"
"фокс в подростковом возрасте",47,"подростковый возраст"
"психология младшего подросткового возраста",47,"подростковый возраст"
"оргазм в подростковом возрасте",47,"подростковый возраст"
"мировоззрение в подростковом возрасте",47,"подростковый возраст"
"магний для подросткового возраста",47,"подростковый возраст"
"подростковый возраст 2020",47,"подростковый возраст"
"разница в возрасте в подростковых отношениях",46,"подростковый возраст"
"таблица размеров подросткового возраста",46,"подростковый возраст"
"начальный подростковый возраст",46,"подростковый возраст"
"заполните таблицу подростковый возраст",46,"подростковый возраст"
"со скольких лет подростковый возраст",46,"подростковый возраст"
"со сколько лет подростковый возраст",46,"подростковый возраст"
"индивидуальность подросткового возраста",46,"подростковый возраст"
"первые отношения в подростковом возрасте",46,"подростковый возраст"
"значимые отношения подростковый возраст",46,"подростковый возраст"
"подростковый возраст продолжается",46,"подростковый возраст"
"отношения между людьми особенности подросткового возраста",46,"подростковый возраст"
"райс психология подросткового возраста",46,"подростковый возраст"
"расставание в подростковом возрасте",46,"подростковый возраст"
"зпр подростковый возраст",46,"подростковый возраст"
"диагностика детей подросткового возраста",46,"подростковый возраст"
"подростковый возраст новообразования ведущая деятельность",46,"подростковый возраст"
"какой бывает подростковый возраст",46,"подростковый возраст"
"подростковый возраст у девочек прыщи",46,"подростковый возраст"
"особенности подросткового возраста таблица",46,"подростковый возраст"
"что надо делать в подростковом возрасте",46,"подростковый возраст"
"психологические проблемы подросткового возраста",46,"подростковый возраст"
"возрастной период детство подростковый возраст",46,"подростковый возраст"
"с какого возраста начинает подростковый возраст",46,"подростковый возраст"
"вопросы про подростковый возраст",46,"подростковый возраст"
"подростковый кризис в каком возрасте",45,"подростковый возраст"
"соотнесите психологическое новообразование подросткового возраста",45,"подростковый возраст"
"подростковый возраст с точки зрения психологии",45,"подростковый возраст"
"пределы подросткового возраста",45,"подростковый возраст"
"какое мышление продолжает развиваться в подростковом возрасте",45,"подростковый возраст"
"кризис подросткового возраста ведущая деятельность",45,"подростковый возраст"
"кризис подросткового возраста эльконин",45,"подростковый возраст"
"рас в подростковом возрасте",45,"подростковый возраст"
"прыщики в подростковом возрасте",45,"подростковый возраст"
"письки в подростковом возрасте",45,"подростковый возраст"
"сложности подросткового возраста",45,"подростковый возраст"
"райс психология подросткового и юношеского возраста",45,"подростковый возраст"
"во сколько заканчивается подростковый возраст у девочек",45,"подростковый возраст"
"представления о подростковом возрасте",45,"подростковый возраст"
"со скольки считается подростковый возраст",45,"подростковый возраст"
"щитовидная железа подростковый возраст",45,"подростковый возраст"
"половая жизнь в подростковом возрасте",45,"подростковый возраст"
"периоды детского подросткового возраста",45,"подростковый возраст"
"подростковый возраст вк",45,"подростковый возраст"
"когда заканчивается подростковый возраст у мальчиков",45,"подростковый возраст"
"пропустил подростковый возраст",44,"подростковый возраст"
"диагностика отклонений подросткового возраста",44,"подростковый возраст"
"гигиена девочек подросткового возраста",44,"подростковый возраст"
"6 кризис подросткового возраста",44,"подростковый возраст"
"кто называл подростковый возраст кризисом независимости",44,"подростковый возраст"
"подростковый и ранний юношеский возраст",44,"подростковый возраст"
"трудности обучения в подростковом возрасте",44,"подростковый возраст"
"детство подростковый возраст взрослость",44,"подростковый возраст"
"подростковый возраст источник",44,"подростковый возраст"
"крем для подросткового возраста",44,"подростковый возраст"
"пизда в подростковом возрасте",44,"подростковый возраст"
"соски у мальчика подросткового возраста",44,"подростковый возраст"
"подростковый возраст особенности воспитания",44,"подростковый возраст"
"кризис подросткового и юношеского возраста",44,"подростковый возраст"
"почему нельзя носить стринги в подростковом возрасте",44,"подростковый возраст"
"расстройство поведения в подростковом возрасте",44,"подростковый возраст"
"как жить в подростковом возрасте",44,"подростковый возраст"
"подростковый возраст презентация",44,"подростковый возраст"
"как увеличить рост в подростковом возрасте",44,"подростковый возраст"
"шизотипическое расстройство в подростковом возрасте",44,"подростковый возраст"
"порно видео подросткового возраста",44,"подростковый возраст"
"особенности детского подросткового возраста",43,"подростковый возраст"
"отсутствие отношений в подростковом возрасте",43,"подростковый возраст"
"рост мальчиков в подростковом возрасте",43,"подростковый возраст"
"либидо в подростковом возрасте",43,"подростковый возраст"
"сензитивный период подросткового возраста",43,"подростковый возраст"
"ожирение подростковом возрасте",43,"подростковый возраст"
"4 кризисы подросткового возраста",43,"подростковый возраст"
"психические расстройства детского и подросткового возраста",43,"подростковый возраст"
"недостатки подросткового возраста",43,"подростковый возраст"
"консультирование подросткового возраста",43,"подростковый возраст"
"основной кризис подросткового возраста",43,"подростковый возраст"
"особенности физиологического развития подросткового возраста",43,"подростковый возраст"
"большой член в подростковом возрасте",43,"подростковый возраст"
"безопасность в подростковом возрасте",43,"подростковый возраст"
"социальная психология подросткового возраста",43,"подростковый возраст"
"инсульт в подростковом возрасте",43,"подростковый возраст"
"факторы поведения в подростковом возрасте",43,"подростковый возраст"
"ненавижу подростковый возраст",42,"подростковый возраст"
"кризис подросткового возраста социальная ситуация развития",42,"подростковый возраст"
"можно мастурбировать в подростковом возрасте",42,"подростковый возраст"
"психологические особенности подросткового и юношеского возраста",42,"подростковый возраст"
"селим в подростковом возрасте",42,"подростковый возраст"
"тахикардия в подростковом возрасте",42,"подростковый возраст"
"хочу отношений в подростковом возрасте",42,"подростковый возраст"
"подростковый возраст психические новообразования",42,"подростковый возраст"
"энергетики в подростковом возрасте",42,"подростковый возраст"
"одна грудь больше другой подростковый возраст",42,"подростковый возраст"
"ранний подростковый возраст особенности",42,"подростковый возраст"
"младший подростковый возраст 13 лет",42,"подростковый возраст"
"клитор в подростковом возрасте",42,"подростковый возраст"
"как увеличить член в подростковом возрасте",42,"подростковый возраст"
"продлить подростковый возраст",42,"подростковый возраст"
"период старшего школьного возраста подростковый",42,"подростковый возраст"
"особенности подросткового возраста кратко",42,"подростковый возраст"
"психологические особенности кризиса подросткового возраста",42,"подростковый возраст"
"характеристика детей подросткового возраста",42,"подростковый возраст"
"как ведут себя аутисты в подростковом возрасте",42,"подростковый возраст"
"ведущий вид деятельности младшего подросткового возраста",42,"подростковый возраст"
"родительское собрание особенности подросткового возраста",42,"подростковый возраст"
"начало старшего подросткового возраста",42,"подростковый возраст"
"задачи развития в подростковом возрасте",42,"подростковый возраст"
"подростковый возраст особенности проявления",42,"подростковый возраст"
"особенности развития подростка в подростковом возрасте",42,"подростковый возраст"
"что делают парни в подростковом возрасте",41,"подростковый возраст"
"что будет если курить в подростковом возрасте",41,"подростковый возраст"
"средний школьный и подростковый возраст",41,"подростковый возраст"
"мальчик подростковый возраст 13 лет",41,"подростковый возраст"
"учение в подростковом возрасте",41,"подростковый возраст"
"развитие мальчиков в подростковом возрасте",41,"подростковый возраст"
"как зарабатывать деньги в подростковом возрасте",41,"подростковый возраст"
"как заработать денег в подростковом возрасте",41,"подростковый возраст"
"подростковый возраст юношей",41,"подростковый возраст"
"обрезание в подростковом возрасте",41,"подростковый возраст"
"подростковые размеры одежды таблица по возрасту",41,"подростковый возраст"
"социально психологические особенности подросткового возраста",41,"подростковый возраст"
"подростковый возраст в лагере",41,"подростковый возраст"
"когнитивные способности подросткового возраста",41,"подростковый возраст"
"психические особенности подросткового возраста",41,"подростковый возраст"
"периоды подросткового возраста по эльконину",40,"подростковый возраст"
"тревожное расстройство подросткового возраста",40,"подростковый возраст"
"младший подростковый возраст периодизация",40,"подростковый возраст"
"основные характеристики подросткового возраста",40,"подростковый возраст"
"факты о подростковом возрасте",40,"подростковый возраст"
"эрекция в подростковом возрасте",40,"подростковый возраст"
"подростковый возраст период пубертатный",40,"подростковый возраст"
"нормально ли дрочить в подростковом возрасте",40,"подростковый возраст"
"основные периоды подросткового возраста",40,"подростковый возраст"
"прихожан подростковый возраст",40,"подростковый возраст"
"когда идет подростковый возраст",40,"подростковый возраст"
"характерные черты подросткового возраста",40,"подростковый возраст"
"проблема кризиса подросткового возраста",40,"подростковый возраст"
"близость в подростковом возрасте",40,"подростковый возраст"
"подростковый кабинет возраст",40,"подростковый возраст"
"стадии подросткового возраста по эльконину",40,"подростковый возраст"
"подростковый возраст 6 класс",40,"подростковый возраст"
"педагогические особенности подросткового возраста",40,"подростковый возраст"
"л с выготский подростковый возраст",40,"подростковый возраст"
"развитие интересов в подростковом возрасте",39,"подростковый возраст"
"до скольки считается подростковый возраст",39,"подростковый возраст"
"15 лет подростковый возраст психология",39,"подростковый возраст"
"5 особенностей подросткового возраста",39,"подростковый возраст"
"умственная отсталость в подростковом возрасте",39,"подростковый возраст"
"подростковый возраст 5 класс",39,"подростковый возраст"
"курение вейпа в подростковом возрасте",39,"подростковый возраст"
"подростковому возрасту свойственны",39,"подростковый возраст"
"витамины для роста в подростковом возрасте",39,"подростковый возраст"
"игры детей подросткового возраста",39,"подростковый возраст"
"центральная потребность подросткового возраста",39,"подростковый возраст"
"убийство в подростковом возрасте",39,"подростковый возраст"
"подростковый возраст самый сложный",39,"подростковый возраст"
"когда наступает подростковый возраст",39,"подростковый возраст"
"асимметрия в подростковом возрасте",39,"подростковый возраст"
"подростковый возраст общение со взрослыми",39,"подростковый возраст"
"деменция в подростковом возрасте",39,"подростковый возраст"
"10 лет это подростковый возраст или нет",39,"подростковый возраст"
"мотивы подросткового возраста",39,"подростковый возраст"
"почему подростковый возраст считается",39,"подростковый возраст"
"взаимоотношения со взрослыми в подростковом возрасте",39,"подростковый возраст"
"тест какой подростковый возраст",39,"подростковый возраст"
"основной вид подросткового возраста",38,"подростковый возраст"
"задержка в подростковом возрасте норма",38,"подростковый возраст"
"как потеть меньше в подростковом возрасте",38,"подростковый возраст"
"ведущий вид общения в подростковом возрасте",38,"подростковый возраст"
"противоречия подросткового возраста",38,"подростковый возраст"
"в каком возрасте заканчивается подростковый возраст",38,"подростковый возраст"
"знаменитости в подростковом возрасте",38,"подростковый возраст"
"характеристика развития в подростковом возрасте",38,"подростковый возраст"
"особенности подросткового возраста психология",38,"подростковый возраст"
"подростковый возраст дорама",38,"подростковый возраст"
"развитие идентичности в подростковом возрасте",38,"подростковый возраст"
"подростковый возраст девочка 10 лет",38,"подростковый возраст"
"подростковый возраст 13 16 лет",38,"подростковый возраст"
"подростковый возраст молодежи",38,"подростковый возраст"
"питание детей подросткового возраста",37,"подростковый возраст"
"подростковый возраст консультации",37,"подростковый возраст"
"психологическое развитие личности в подростковом возрасте",37,"подростковый возраст"
"подростковый возраст какой класс",37,"подростковый возраст"
"отношения в подростковом возрасте психология",37,"подростковый возраст"
"интим в подростковом возрасте",37,"подростковый возраст"
"в подростковом возрасте усиливается",37,"подростковый возраст"
"самоутверждение в подростковом возрасте",37,"подростковый возраст"
"нормальна ли мастурбация в подростковом возрасте",37,"подростковый возраст"
"поцелуй в подростковом возрасте",37,"подростковый возраст"
"подростковый возраст синоним",37,"подростковый возраст"
"1 особенности развития подросткового возраста",37,"подростковый возраст"
"особенности подросткового возраста 6",37,"подростковый возраст"
"астма в подростковом возрасте",37,"подростковый возраст"
"гей секс подростковый возраст",37,"подростковый возраст"
"природа конфликтов в подростковом возрасте",37,"подростковый возраст"
"зуб мудрости в подростковом возрасте",37,"подростковый возраст"
"закономерности подросткового возраста",37,"подростковый возраст"
"эмоциональный интеллект в подростковом возрасте",37,"подростковый возраст"
"видео про подростковый возраст",37,"подростковый возраст"
"красивые девушки подросткового возраста",37,"подростковый возраст"
"звезды в подростковом возрасте",37,"подростковый возраст"
"молочница в подростковом возрасте",37,"подростковый возраст"
"хентай подростковый возраст",37,"подростковый возраст"
"самоубийства в подростковом возрасте",37,"подростковый возраст"
"новообразования старшего подросткового возраста",37,"подростковый возраст"
"грудная клетка в подростковом возрасте",36,"подростковый возраст"
"период подросткового возраста у ребенка",36,"подростковый возраст"
"со скольких начинается подростковый возраст",36,"подростковый возраст"
"со сколько начинается подростковый возраст",36,"подростковый возраст"
"со скольки лет считается подростковый возраст",36,"подростковый возраст"
"почему труден подростковый возраст",36,"подростковый возраст"
"эмоциональные особенности подросткового возраста",36,"подростковый возраст"
"бибер в подростковом возрасте",36,"подростковый возраст"
"подростковый возраст особенности обучения",36,"подростковый возраст"
"дцп подростковый возраст",36,"подростковый возраст"
"подростковый возраст развитие психических функций",36,"подростковый возраст"
"старший подростковый возраст психология",36,"подростковый возраст"
"перепады настроения в подростковом возрасте",36,"подростковый возраст"
"растяжки в подростковом возрасте что делать",36,"подростковый возраст"
"подростковый возраст советы родителей",36,"подростковый возраст"
"противозачаточные для подросткового возраста",36,"подростковый возраст"
"очки в подростковом возрасте",36,"подростковый возраст"
"запоры в подростковом возрасте",36,"подростковый возраст"
"ведущая деятельность в подростковом возрасте тест",36,"подростковый возраст"
"адаптация в подростковом возрасте",36,"подростковый возраст"
"смысл отношений в подростковом возрасте",36,"подростковый возраст"
"кофе в подростковом возрасте",36,"подростковый возраст"
"внешние основания кризисности подросткового возраста",36,"подростковый возраст"
"кризисность подросткового возраста",36,"подростковый возраст"
"целлюлит в подростковом возрасте",36,"подростковый возраст"
"как кончить в подростковом возрасте",36,"подростковый возраст"
"авдулова т п психология подросткового возраста",36,"подростковый возраст"
"подростковый возраст обществознание",36,"подростковый возраст"
"памятка родителям подростковый возраст",36,"подростковый возраст"
"темы конфликтов в подростковом возрасте",36,"подростковый возраст"
"дерматит в подростковом возрасте",36,"подростковый возраст"
"в подростковом возрасте ребенку важно",36,"подростковый возраст"
"обморок подростковом возрасте",36,"подростковый возраст"
"подростковом возрасте пишется",36,"подростковый возраст"
"проблемы подросткового возраста собрание",36,"подростковый возраст"
"петрановская подростковый возраст",36,"подростковый возраст"
"возрастные психологические особенности подросткового возраста",36,"подростковый возраст"
"аборт в подростковом возрасте",36,"подростковый возраст"
"основные конфликты подросткового возраста",35,"подростковый возраст"
"проблемный подростковый возраст",35,"подростковый возраст"
"кризисы детского и подросткового возраста",35,"подростковый возраст"
"ведущие новообразования в подростковом возрасте",35,"подростковый возраст"
"самый начало подростковый возраст",35,"подростковый возраст"
"становление самосознания в подростковом возрасте",35,"подростковый возраст"
"2 3 особенности подросткового возраста",35,"подростковый возраст"
"до какого возраста длится подростковый возраст",35,"подростковый возраст"
"сколько идет подростковый возраст",35,"подростковый возраст"
"расстройства поведения детского и подросткового возраста",35,"подростковый возраст"
"расстройство личности в подростковом возрасте",35,"подростковый возраст"
"подростковый возраст у кошек",35,"подростковый возраст"
"креатин для подросткового возраста",35,"подростковый возраст"
"можно ли мастурбировать в подростковом возрасте",35,"подростковый возраст"
"социальная роль подросткового возраста",35,"подростковый возраст"
"до скольки лет идет подростковый возраст",35,"подростковый возраст"
"подростковый возраст щенка",35,"подростковый возраст"
"а м прихожан подростковый возраст",35,"подростковый возраст"
"молочная железа в подростковом возрасте",35,"подростковый возраст"
"молочные железы в подростковом возрасте",35,"подростковый возраст"
"какие признаки подросткового возраста",35,"подростковый возраст"
"секс в подростковом возрасте порно",35,"подростковый возраст"
"существует ли подростковый возраст",35,"подростковый возраст"
"со скольки идет подростковый возраст",35,"подростковый возраст"
"форма для подросткового возраста",35,"подростковый возраст"
"нормальный вес в подростковом возрасте",35,"подростковый возраст"
"сериал про подростковый возраст",35,"подростковый возраст"
"младший подростковый возраст это сколько",35,"подростковый возраст"
"какие гормоны в подростковом возрасте",35,"подростковый возраст"
"со скольких лет начинается подростковый возраст",34,"подростковый возраст"
"со сколько лет начинается подростковый возраст",34,"подростковый возраст"
"школьники подростковый и юношеский возраст",34,"подростковый возраст"
"родительское собрание проблема подросткового возраста",34,"подростковый возраст"
"подростковый возраст границы психология",34,"подростковый возраст"
"подростковый возраст 12 лет мальчику",34,"подростковый возраст"
"особенности развития юношеского и подросткового возраста",34,"подростковый возраст"
"подростковый возраст доклад",34,"подростковый возраст"
"почему в подростковом возрасте толстеют",34,"подростковый возраст"
"причины поведение в подростковом возрасте",34,"подростковый возраст"
"почему в подростковом возрасте хочется секса",34,"подростковый возраст"
"путин в подростковом возрасте",34,"подростковый возраст"
"особенности детей младшего подросткового возраста",34,"подростковый возраст"
"атопический дерматит подросткового возраста",34,"подростковый возраст"
"особенности подросткового возраста мальчика",34,"подростковый возраст"
"кризис подросткового возраста в психологии",34,"подростковый возраст"
"слабительное для подросткового возраста",34,"подростковый возраст"
"социальные изменения в подростковом возрасте",34,"подростковый возраст"
"подростковый возраст особенности общения",34,"подростковый возраст"
"психология проблемы подросткового возраста",34,"подростковый возраст"
"прихожан психология подросткового возраста",34,"подростковый возраст"
"почему в подростковом возрасте появляются растяжки",34,"подростковый возраст"
"варикоцеле в подростковом возрасте",34,"подростковый возраст"
"подростковый возраст в отечественной психологии",34,"подростковый возраст"
"подростковый возраст до 25",34,"подростковый возраст"
"гормоны в подростковом возрасте у девочек",34,"подростковый возраст"
"психологическая характеристика подросткового возраста и юношеского возраста",34,"подростковый возраст"
"индивид подросткового возраста",34,"подростковый возраст"
"аномалия книга пост подросткового возраста",34,"подростковый возраст"
"холл подростковый возраст",34,"подростковый возраст"
"проблемы подросткового возраста у мальчиков",34,"подростковый возраст"
"уход за кожей подростковом возрасте",33,"подростковый возраст"
"задачи младшего подросткового возраста",33,"подростковый возраст"
"три периода подросткового возраста",33,"подростковый возраст"
"психологические и физиологические особенности подросткового возраста",33,"подростковый возраст"
"писюн в подростковом возрасте",33,"подростковый возраст"
"меган фокс в подростковом возрасте",33,"подростковый возраст"
"факторы психического развития в подростковом возрасте",33,"подростковый возраст"
"переходный возраст между подростковым и юношеским",33,"подростковый возраст"
"агрессивное поведение в подростковом возрасте",33,"подростковый возраст"
"маленькая грудь в подростковом возрасте",33,"подростковый возраст"
"секс в подростковом возрасте нормально",33,"подростковый возраст"
"тики в подростковом возрасте",33,"подростковый возраст"
"джастин бибер в подростковом возрасте",33,"подростковый возраст"
"основные задачи подросткового возраста",33,"подростковый возраст"
"наркотики в подростковом возрасте",33,"подростковый возраст"
"возрастные особенности младшего подросткового возраста",33,"подростковый возраст"
"возрастные особенности подросткового и юношеского возраста",33,"подростковый возраст"
"отличие подросткового возраста",33,"подростковый возраст"
"тенденции подросткового возраста",33,"подростковый возраст"
"ранний подростковый возраст 9 лет",33,"подростковый возраст"
"возрастные новообразования подросткового возраста",33,"подростковый возраст"
"рпп в подростковом возрасте",33,"подростковый возраст"
"возрастные особенности детей подросткового возраста",32,"подростковый возраст"
"3 ведущая деятельность в подростковом возрасте",32,"подростковый возраст"
"подростковый возраст по воз",32,"подростковый возраст"
"проблемы личности подросткового возраста",32,"подростковый возраст"
"окончание подросткового возраста",32,"подростковый возраст"
"подростковый возраст цитаты",32,"подростковый возраст"
"младший подростковый возраст это сколько лет",32,"подростковый возраст"
"когнитивные процессы в подростковом возрасте",32,"подростковый возраст"
"persea подростковый возраст",32,"подростковый возраст"
"гормональные сбои в подростковом возрасте",32,"подростковый возраст"
"период подросткового возраста как называется",32,"подростковый возраст"
"боли в сердце в подростковом возрасте",32,"подростковый возраст"
"до скольки лет подростковый возраст у девушек",32,"подростковый возраст"
"нормально ли мастурбировать в подростковом возрасте",32,"подростковый возраст"
"миопия в подростковом возрасте",32,"подростковый возраст"
"сознание в подростковом возрасте",32,"подростковый возраст"
"педагогический процесс в подростковом возрасте",32,"подростковый возраст"
"образ я в подростковом возрасте",32,"подростковый возраст"
"голодание в подростковом возрасте",32,"подростковый возраст"
"психологическое развитие ребенка подросткового возраста",32,"подростковый возраст"
"середина подросткового возраста",32,"подростковый возраст"
"нуллификация книги подросткового возраста",32,"подростковый возраст"
"какие витамины пить в подростковом возрасте",32,"подростковый возраст"
"ведущая деятельность старшего подросткового возраста является",32,"подростковый возраст"
"особенности общения подростков в подростковом возрасте",32,"подростковый возраст"
"уход лицом подростковом возрасте",32,"подростковый возраст"
"развитие когнитивных способностей в подростковом возрасте",31,"подростковый возраст"
"причины кризиса подросткового возраста",31,"подростковый возраст"
"заболевания детского и подросткового возраста",31,"подростковый возраст"
"начало подросткового возраста у мальчиков",31,"подростковый возраст"
"подростковый и юношеский возраст в таблицах",31,"подростковый возраст"
"подростковый возраст особенности и проблемы",31,"подростковый возраст"
"особенности старшего подросткового возраста",31,"подростковый возраст"
"почему в подростковом возрасте выпадают волосы",31,"подростковый возраст"
"новообразование кризиса подросткового возраста",31,"подростковый возраст"
"почему подростковый возраст опасен",31,"подростковый возраст"
"подростковый возраст период в развитии человека",31,"подростковый возраст"
"привязанность в подростковом возрасте",31,"подростковый возраст"
"16 лет это подростковый возраст или нет",31,"подростковый возраст"
"как определяется подростковый возраст",31,"подростковый возраст"
"нейропсихология подросткового возраста",31,"подростковый возраст"
"особенности воспитания детей подросткового возраста",31,"подростковый возраст"
"признаки подросткового возраста у девочек",31,"подростковый возраст"
"анатомо физиологические особенности подросткового возраста",31,"подростковый возраст"
"дауны подростковый возраст",31,"подростковый возраст"
"основные новообразования подросткового возраста чувство взрослости",31,"подростковый возраст"
"подростковый возраст 11 лет девочки",31,"подростковый возраст"
"негативизм подросткового возраста",31,"подростковый возраст"
"особенности подросткового возраста тест",31,"подростковый возраст"
"завершение подросткового возраста",31,"подростковый возраст"
"какой возраст период считается подростковым возрастом",31,"подростковый возраст"
"протеин в подростковом возрасте",31,"подростковый возраст"
"особенности ведущей деятельности в подростковом возрасте",31,"подростковый возраст"
"креатин вред для подросткового возраста",31,"подростковый возраст"
"креатин польза и вред для подросткового возраста",31,"подростковый возраст"
"принципы подросткового возраста",31,"подростковый возраст"
"как бороться с прыщами в подростковом возрасте",31,"подростковый возраст"
"сроки подросткового возраста",31,"подростковый возраст"
"слабость в подростковом возрасте",31,"подростковый возраст"
"девушка подросткового возраста мастурбирует",30,"подростковый возраст"
"особенности увлечений в подростковом возрасте",30,"подростковый возраст"
"развитие чувств в подростковом возрасте",30,"подростковый возраст"
"подростковый возраст у мальчиков длится",30,"подростковый возраст"
"что нужно сделать в подростковом возрасте",30,"подростковый возраст"
"со скольки лет идет подростковый возраст",30,"подростковый возраст"
"панические атаки в подростковом возрасте",30,"подростковый возраст"
"до скольких лет подростковый возраст",30,"подростковый возраст"
"юношеском и подростковом возрасте человек",30,"подростковый возраст"
"толстых н н психология подросткового возраста",30,"подростковый возраст"
"толстых психология подросткового возраста",30,"подростковый возраст"
"подростковый возраст стих",30,"подростковый возраст"
"нормальный член в подростковом возрасте",30,"подростковый возраст"
"подростковый возраст секс кино",30,"подростковый возраст"
"подростковый возраст тип деятельности",30,"подростковый возраст"
"подростковый возраст 2018",30,"подростковый возраст"
"подростковый возраст введение",30,"подростковый возраст"
"диагностика трудностей обучения в подростковом возрасте",30,"подростковый возраст"
"диагностика трудностей подросткового возраста",30,"подростковый возраст"
"подростковый возраст психологические изменения",30,"подростковый возраст"
"подростковый возраст корень",30,"подростковый возраст"
"обильные месячные в подростковом возрасте",30,"подростковый возраст"
"почему задержка в подростковом возрасте",30,"подростковый возраст"
"подростковый возраст девочки отзывы родителей",30,"подростковый возраст"
"первые проблемы подросткового возраста родительское собрание",30,"подростковый возраст"
"собрание первые проблемы подросткового возраста",30,"подростковый возраст"
"подростковый возраст советы психолога",30,"подростковый возраст"
"подростковый возраст психология ведущая деятельность",30,"подростковый возраст"
"формирование характера в подростковом возрасте",30,"подростковый возраст"
"болит сердце в подростковом возрасте",30,"подростковый возраст"
"ошибки подросткового возраста",30,"подростковый возраст"
"какой возраст в психологии считается подростковым",30,"подростковый возраст"
"физиологические особенности организма подросткового возраста",29,"подростковый возраст"
"возраст между детством и подростковым возрастом",29,"подростковый возраст"
"поведенческие расстройства детского и подросткового возраста",29,"подростковый возраст"
"овуляция в подростковом возрасте",29,"подростковый возраст"
"подростковый возраст особенности развития личности",29,"подростковый возраст"
"подростковый и пожилой возраст",29,"подростковый возраст"
"проблемы поведения в подростковом возрасте",29,"подростковый возраст"
"хуй в подростковом возрасте",29,"подростковый возраст"
"набор веса подростковом возрасте",29,"подростковый возраст"
"головокружения в подростковом возрасте",29,"подростковый возраст"
"прихожан а м психология подросткового возраста",29,"подростковый возраст"
"подростковый возраст научная работа",29,"подростковый возраст"
"подростковый период у девочек возраст",29,"подростковый возраст"
"эль фаннинг в подростковом возрасте",29,"подростковый возраст"
"основные особенности развития подросткового возраста",29,"подростковый возраст"
"официальный подростковый возраст в россии",29,"подростковый возраст"
"подростковый возраст критерии",29,"подростковый возраст"
"начало подросткового возраста у девочек",29,"подростковый возраст"
"артрит в подростковом возрасте",29,"подростковый возраст"
"молчанов психология подросткового и юношеского возраста",29,"подростковый возраст"
"развитие интеллекта в подростковом возрасте",29,"подростковый возраст"
"развитие мозга подростковом возрасте",29,"подростковый возраст"
"магний для подросткового возраста какой лучше",29,"подростковый возраст"
"программа развития подросткового возраста",29,"подростковый возраст"
"для кризиса подросткового возраста характерно",29,"подростковый возраст"
"формирование самооценки в подростковом возрасте",29,"подростковый возраст"
"подростковый возраст реальная история",29,"подростковый возраст"
"почему обвисает грудь в подростковом возрасте",29,"подростковый возраст"
"почему обвисла грудь в подростковом возрасте",29,"подростковый возраст"
"кризис подросткового возраста является",29,"подростковый возраст"
"успокоительное без рецепта для подросткового возраста",29,"подростковый возраст"
"динамика подросткового возраста",28,"подростковый возраст"
"подростковый возраст курсовая",28,"подростковый возраст"
"подростковый возраст вывод",28,"подростковый возраст"
"последствия курения в подростковом возрасте",28,"подростковый возраст"
"особенности подросткового возраста девочки",28,"подростковый возраст"
"1 психологические особенности подросткового возраста",28,"подростковый возраст"
"домогательства в подростковом возрасте",28,"подростковый возраст"
"таблица особенности юношеского и подросткового возраста",28,"подростковый возраст"
"как пережить подростковый возраст родителям советы",28,"подростковый возраст"
"большое время в подростковом возрасте",28,"подростковый возраст"
"подростковый возраст общая характеристика возраста",28,"подростковый возраст"
"как можно назвать подростковый возраст",28,"подростковый возраст"
"подростковый возраст у девочек 15 лет",28,"подростковый возраст"
"угревая сыпь в подростковом возрасте",28,"подростковый возраст"
"гигиена мальчиков подросткового возраста",27,"подростковый возраст"
"специфические особенности подросткового возраста",27,"подростковый возраст"
"подростковый возраст 22 года",27,"подростковый возраст"
"подростковый возраст новообразования психология",27,"подростковый возраст"
"подростковый возраст изменения в организме",27,"подростковый возраст"
"большой нос в подростковом возрасте",27,"подростковый возраст"
"особенности подросткового возраста новообразования",27,"подростковый возраст"
"особенности возрастного развития в подростковом возрасте",27,"подростковый возраст"
"подростковый педиатр с какого возраста",27,"подростковый возраст"
"что если спать в подростковом возрасте",27,"подростковый возраст"
"подростковый возраст сложный период",27,"подростковый возраст"
"что делать с прыщами в подростковом возрасте",27,"подростковый возраст"
"тампоны в подростковом возрасте",27,"подростковый возраст"
"15 особенностей подросткового возраста",27,"подростковый возраст"
"припухлость в подростковом возрасте",27,"подростковый возраст"
"подростковый возраст охватывает",27,"подростковый возраст"
"кино подростковый возраст ххх",27,"подростковый возраст"
"порно рассказ подростковый возраст",27,"подростковый возраст"
"центральный фактор психического развития в подростковом возрасте",27,"подростковый возраст"
"анорексия в подростковом возрасте",27,"подростковый возраст"
"рукоблудие в подростковом возрасте",27,"подростковый возраст"
"окр в подростковом возрасте",27,"подростковый возраст"
"сексуальное влечение в подростковом возрасте",27,"подростковый возраст"
"норма члена в подростковом возрасте",27,"подростковый возраст"
"гиперактивность в подростковом возрасте",27,"подростковый возраст"
"сколько длится подростковый возраст у девочек",27,"подростковый возраст"
"половая идентификация в подростковом возрасте",27,"подростковый возраст"
"подростковый возраст перевод",27,"подростковый возраст"
"роналду в подростковом возрасте",27,"подростковый возраст"
"подростковый возраст цифры",27,"подростковый возраст"
"песня про подростковый возраст",26,"подростковый возраст"
"кровь из носа в подростковом возрасте",26,"подростковый возраст"
"подростковый возраст особенности психического развития",26,"подростковый возраст"
"какой возраст назван подростковым",26,"подростковый возраст"
"какой возраст называют подростковым",26,"подростковый возраст"
"подростковый возраст нравственное развитие",26,"подростковый возраст"
"кризис 10 лет подростковый возраст",26,"подростковый возраст"
"проблемы с памятью в подростковом возрасте",26,"подростковый возраст"
"ломка голоса в подростковом возрасте 7",26,"подростковый возраст"
"пороки подросткового возраста",26,"подростковый возраст"
"младший подростковый возраст психологические особенности",26,"подростковый возраст"
"психология подросткового возраста ф райс",26,"подростковый возраст"
"райс ф психология подросткового и юношеского возраста",26,"подростковый возраст"
"прл в подростковом возрасте",26,"подростковый возраст"
"особенности подросткового возраста физиологические психологические социальные",26,"подростковый возраст"
"пройдут ли прыщи в подростковом возрасте",26,"подростковый возраст"
"смысл жизни в подростковом возрасте",26,"подростковый возраст"
"кризис среднего подросткового возраста",26,"подростковый возраст"
"межличностных отношений в подростковом возрасте",26,"подростковый возраст"
"в подростковом возрасте кружится голова",26,"подростковый возраст"
"что происходит в подростковом возрасте у девочек",26,"подростковый возраст"
"недоношенный ребенок в подростковом возрасте",26,"подростковый возраст"
"поиск идентичности в подростковом возрасте",26,"подростковый возраст"
"подростковый возраст сюжет",26,"подростковый возраст"
"гипоксия в подростковом возрасте",26,"подростковый возраст"
"застревание в подростковом возрасте",26,"подростковый возраст"
"исследования особенности подросткового возраста",26,"подростковый возраст"
"отказ от подросткового возраста",26,"подростковый возраст"
"геморрой в подростковом возрасте",26,"подростковый возраст"
"как похудеть в подростковом возрасте девочке",26,"подростковый возраст"
"схема подросткового возраста",26,"подростковый возраст"
"с скольки лет начинается подростковый возраст",26,"подростковый возраст"
"4 ведущая деятельность в подростковом возрасте",26,"подростковый возраст"
"подростковый возраст мультик",26,"подростковый возраст"
"16 лет средний подростковый возраст",26,"подростковый возраст"
"измена в подростковом возрасте",26,"подростковый возраст"
"изменения человека в подростковом возрасте",26,"подростковый возраст"
"почему болит сосок в подростковом возрасте",26,"подростковый возраст"
"секс рассказы секс любовь в подростковом возрасте",26,"подростковый возраст"
"подростковый возраст является сензитивным",26,"подростковый возраст"
"подростковый возраст ведущий тип деятельности",26,"подростковый возраст"
"подростковый возраст по научному",26,"подростковый возраст"
"опасность подросткового возраста",26,"подростковый возраст"
"большие соски в подростковом возрасте",26,"подростковый возраст"
"подростковый возраст 8 класс",25,"подростковый возраст"
"головная боль в подростковом возрасте",25,"подростковый возраст"
"ломка голоса в подростковом возрасте 7 букв",25,"подростковый возраст"
"проблемы подросткового возраста решения",25,"подростковый возраст"
"10 особенностей подросткового возраста",25,"подростковый возраст"
"подростковый возраст термины",25,"подростковый возраст"
"усталость в подростковом возрасте",25,"подростковый возраст"
"подростковый возраст считается трудным",25,"подростковый возраст"
"почему подростковый возраст считается трудным",25,"подростковый возраст"
"онтогенез подросткового возраста",25,"подростковый возраст"
"аппетит в подростковом возрасте",25,"подростковый возраст"
"сущность подросткового возраста",25,"подростковый возраст"
"нормален ли секс в подростковом возрасте",25,"подростковый возраст"
"вредные привычки подросткового возраста",25,"подростковый возраст"
"типы характера в подростковом возрасте",25,"подростковый возраст"
"с какого возраста наступает подростковый возраст",25,"подростковый возраст"
"полезно ли воздержание в подростковом возрасте",25,"подростковый возраст"
"изменения мальчиков в подростковом возрасте",25,"подростковый возраст"
"старший подростковый возраст это сколько",25,"подростковый возраст"
"подростковый возраст ударение",25,"подростковый возраст"
"особенности организма в подростковом возрасте",25,"подростковый возраст"
"поздний подростковый возраст это сколько",25,"подростковый возраст"
"подростковый возраст нетфликс",25,"подростковый возраст"
"факторы влияющие на подростковый возраст",25,"подростковый возраст"
"подростковый возраст видео для подростков",25,"подростковый возраст"
"потребности детей подросткового возраста",25,"подростковый возраст"
"задачи периода подросткового возраста",25,"подростковый возраст"
"эмоциональные нарушения подросткового возраста",25,"подростковый возраст"
"со скольки длится подростковый возраст",25,"подростковый возраст"
"к особенностям подросткового возраста относится",25,"подростковый возраст"
"как понять что начался подростковый возраст",24,"подростковый возраст"
"психология подросткового возраста 13 17",24,"подростковый возраст"
"как сохранить отношения в подростковом возрасте",24,"подростковый возраст"
"какие витамины нужны в подростковом возрасте",24,"подростковый возраст"
"большие половые губы в подростковом возрасте",24,"подростковый возраст"
"психотерапия подросткового возраста",24,"подростковый возраст"
"бородавки в подростковом возрасте",24,"подростковый возраст"
"чем интересен подростковый возраст",24,"подростковый возраст"
"самовоспитание в подростковом возрасте",24,"подростковый возраст"
"кризис личности в подростковом возрасте",24,"подростковый возраст"
"проблемы младшего подросткового возраста",24,"подростковый возраст"
"особенности суицидального поведения в подростковом возрасте",24,"подростковый возраст"
"бар в подростковом возрасте",24,"подростковый возраст"
"подростковый возраст отношения со сверстниками",24,"подростковый возраст"
"подростковый возраст физическое и психическое развитие",24,"подростковый возраст"
"седина в подростковом возрасте",24,"подростковый возраст"
"подростковый возраст сензитивен для развития",24,"подростковый возраст"
"поведение человека в подростковом возрасте",24,"подростковый возраст"
"сюжетно ролевая игра в подростковом возрасте",24,"подростковый возраст"
"mean teen или подростковый возраст от persea",24,"подростковый возраст"
"подростковый возраст интересные факты",24,"подростковый возраст"
"новообразования подросткового и юношеского возраста",24,"подростковый возраст"
"подростковый возраст читать онлайн",24,"подростковый возраст"
"психология подросткового возраста мальчиков",24,"подростковый возраст"
"раздражительность в подростковом возрасте",24,"подростковый возраст"
"особенности подросткового возраста примеры",24,"подростковый возраст"
"подростковый возраст в сша",24,"подростковый возраст"
"границы подросткового возраста в отечественной психологии",24,"подростковый возраст"
"подростковый возраст 24 года",24,"подростковый возраст"
"трудовая деятельность в подростковом возрасте",24,"подростковый возраст"
"особенности развития организма в подростковом возрасте",24,"подростковый возраст"
"как набрать вес в подростковом возрасте",24,"подростковый возраст"
"психология подросткового возраста юрайт",24,"подростковый возраст"
"положительное в подростковом возрасте",24,"подростковый возраст"
"подростковый бунт во взрослом возрасте",24,"подростковый возраст"
"показатели подросткового возраста",24,"подростковый возраст"
"подростковый возраст охватывает период",24,"подростковый возраст"
"особенности подросткового возраста 13 лет",24,"подростковый возраст"
"эмоциональная нестабильность подросткового возраста",24,"подростковый возраст"
"плоскостопие в подростковом возрасте",24,"подростковый возраст"
"к подростковому возрасту относится период",24,"подростковый возраст"
"порно видео младшего подросткового возраста",24,"подростковый возраст"
"период подросткового возраста стадия",23,"подростковый возраст"
"подростковый возраст конфликты с родителями",23,"подростковый возраст"
"физическая активность в подростковом возрасте",23,"подростковый возраст"
"почему в подростковом возрасте болит голова",23,"подростковый возраст"
"гинекология подросткового возраста",23,"подростковый возраст"
"как понравиться девочке в подростковом возрасте",23,"подростковый возраст"
"основные психические новообразования подросткового возраста",23,"подростковый возраст"
"эриксон кризис подросткового возраста",23,"подростковый возраст"
"подростковый возраст психосексуальное развитие",23,"подростковый возраст"
"скачок роста у девочек в подростковом возрасте",23,"подростковый возраст"
"алкоголизм в подростковом возрасте",23,"подростковый возраст"
"в подростковом возрасте актуальны",23,"подростковый возраст"
"боли в спине в подростковом возрасте",23,"подростковый возраст"
"щитовидка в подростковом возрасте",23,"подростковый возраст"
"пубертатный возраст подростковый кризис",23,"подростковый возраст"
"крем для подросткового возраста для лица",23,"подростковый возраст"
"повышенное давление в подростковом возрасте",23,"подростковый возраст"
"особенности подросткового возраста статья",23,"подростковый возраст"
"эмоциональные проблемы подросткового возраста",23,"подростковый возраст"
"ссср в подростковом возрасте",23,"подростковый возраст"
"коммуникативные навыки в подростковом возрасте",23,"подростковый возраст"
"теоретическое мышление в подростковом возрасте",23,"подростковый возраст"
"вред от энергетиков для подросткового возраста",23,"подростковый возраст"
"можно ли встречаться в подростковом возрасте",23,"подростковый возраст"
"что идет после подросткового возраста",23,"подростковый возраст"
"в чем заключается подростковый возраст",23,"подростковый возраст"
"подростковый велосипед на какой возраст",23,"подростковый возраст"
"личко подростковый возраст",23,"подростковый возраст"
"часто мастурбируют в подростковом возрасте",23,"подростковый возраст"
"хлоя грейс морец в подростковом возрасте",23,"подростковый возраст"
"особенности развития младшего подросткового возраста",23,"подростковый возраст"
"особенности развития подростков младший подростковый возраст",23,"подростковый возраст"
"15 лет это подростковый возраст или нет",23,"подростковый возраст"
"актуальность подросткового возраста",23,"подростковый возраст"
"подростковый возраст у собак когда начинается",23,"подростковый возраст"
"развитие и воспитание в подростковом возрасте",23,"подростковый возраст"
"тошнота в подростковом возрасте",23,"подростковый возраст"
"анализ особенностей подросткового возраста",23,"подростковый возраст"
"как растет грудь в подростковом возрасте",23,"подростковый возраст"
"подростковый возраст в рф",23,"подростковый возраст"
"анджелина джоли подростковом возрасте",23,"подростковый возраст"
"как пережить подростковый возраст ребенка",23,"подростковый возраст"
"психодиагностика подростковом возрасте",23,"подростковый возраст"
"подростковый кабинет с какого возраста",22,"подростковый возраст"
"подростковый возраст сериал актеры",22,"подростковый возраст"
"изнасилования в подростковом возрасте",22,"подростковый возраст"
"общение с ребенком подросткового возраста",22,"подростковый возраст"
"алопеция в подростковом возрасте",22,"подростковый возраст"
"какие проблемы у мальчиков в подростковом возрасте",22,"подростковый возраст"
"как понять подростковый возраст у девочек",22,"подростковый возраст"
"стояк в подростковом возрасте",22,"подростковый возраст"
"ступени подросткового возраста",22,"подростковый возраст"
"в подростковом возрасте значимыми становятся",22,"подростковый возраст"
"подростковый возраст стендап",22,"подростковый возраст"
"болит спина в подростковом возрасте",22,"подростковый возраст"
"познавательные психические процессы в подростковом возрасте",22,"подростковый возраст"
"нормы веса в подростковом возрасте",22,"подростковый возраст"
"почему в подростковом возрасте болят колени",22,"подростковый возраст"
"девочки подросткового возраста фото",22,"подростковый возраст"
"лунатизм в подростковом возрасте",22,"подростковый возраст"
"опишите особенности подросткового возраста",22,"подростковый возраст"
"факторы защиты в подростковом возрасте",22,"подростковый возраст"
"психическое развитие подросткового и юношеского возраста",22,"подростковый возраст"
"психологические основы подросткового возраста",22,"подростковый возраст"
"в подростковом возрасте появляется потребность в",22,"подростковый возраст"
"как ускорить подростковый возраст",22,"подростковый возраст"
"со скольки лет начинает подростковый возраст",22,"подростковый возраст"
"как выйти из подросткового возраста",22,"подростковый возраст"
"подростковый возраст на английском",22,"подростковый возраст"
"как правильно мастурбировать в подростковом возрасте",22,"подростковый возраст"
"подростковый возраст огэ",22,"подростковый возраст"
"как проходит подростковый возраст у девочек",22,"подростковый возраст"
"подростковый возраст отношение со взрослыми",22,"подростковый возраст"
"кризис подросткового возраста связан с",22,"подростковый возраст"
"какие изменения происходят в подростковом возрасте",22,"подростковый возраст"
"особенности подросткового возраста 12 лет",22,"подростковый возраст"
"что делал финн вулфхард в подростковом возрасте",22,"подростковый возраст"
"подростковый возраст концерт",22,"подростковый возраст"
"анемия в подростковом возрасте",22,"подростковый возраст"
"таз в подростковом возрасте",22,"подростковый возраст"
"разная грудь в подростковом возрасте",22,"подростковый возраст"
"особенности мышления подросткового возраста",21,"подростковый возраст"
"специфика развития в подростковом возрасте",21,"подростковый возраст"
"подростковый возраст одним словом",21,"подростковый возраст"
"проблемы подросткового возраста с родителями",21,"подростковый возраст"
"сироты подросткового возраста",21,"подростковый возраст"
"главное новообразование подросткового возраста",21,"подростковый возраст"
"особенность подросткового возраста обществознание",21,"подростковый возраст"
"как стать выше в подростковом возрасте",21,"подростковый возраст"
"подростковый возраст в америке",21,"подростковый возраст"
"косоглазие в подростковом возрасте",21,"подростковый возраст"
"причина возникновения подросткового возраста",21,"подростковый возраст"
"тимоти шаламе в подростковом возрасте",21,"подростковый возраст"
"ди каприо в подростковом возрасте",21,"подростковый возраст"
"зачем отношения в подростковом возрасте",21,"подростковый возраст"
"для подросткового возраста характерна эмоциональная",21,"подростковый возраст"
"прыщи на лбу в подростковом возрасте",21,"подростковый возраст"
"носогубка в подростковом возрасте",21,"подростковый возраст"
"ранний подростковый возраст это сколько",21,"подростковый возраст"
"современные проблемы подросткового возраста",21,"подростковый возраст"
"развитие речи подросткового возраста",21,"подростковый возраст"
"актуальные проблемы подросткового возраста",21,"подростковый возраст"
"проблемы подросткового возраста у девочек",21,"подростковый возраст"
"факторы развития самосознания в подростковом возрасте",21,"подростковый возраст"
"энурез в подростковом возрасте",21,"подростковый возраст"
"метаболизм в подростковом возрасте",21,"подростковый возраст"
"психолого педагогические особенности подросткового возраста",21,"подростковый возраст"
"суждения о подростковом возрасте",21,"подростковый возраст"
"со особенности подросткового возраста",21,"подростковый возраст"
"характеристика особенностей подросткового возраста",21,"подростковый возраст"
"коммуникация в подростковом возрасте",21,"подростковый возраст"
"подростковый возраст важный этап",21,"подростковый возраст"
"формирование я концепции в подростковом возрасте",21,"подростковый возраст"
"мастурбация в подростковом возрасте норма",21,"подростковый возраст"
"подростковый возраст характерные особенности",21,"подростковый возраст"
"тема родительского собрания подростковый возраст",21,"подростковый возраст"
"17 лет подростковый возраст или нет",21,"подростковый возраст"
"подростковый возраст рисунки",21,"подростковый возраст"
"подростковое поведение в юношеском возрасте",21,"подростковый возраст"
"тренинг подросткового возраста",21,"подростковый возраст"
"как правильно дрочить в подростковом возрасте",21,"подростковый возраст"
"влагалище в подростковом возрасте",21,"подростковый возраст"
"характеристики младшего подросткового возраста",21,"подростковый возраст"
"подростковый возраст ебут подростков парней",21,"подростковый возраст"
"причины прыщей в подростковом возрасте",20,"подростковый возраст"
"клизма в подростковом возрасте истории",20,"подростковый возраст"
"почему в подростковом возрасте задержка месячных",20,"подростковый возраст"
"сколько лет длится подростковый возраст",20,"подростковый возраст"
"почему нельзя худеть в подростковом возрасте",20,"подростковый возраст"
"вес в подростковом возрасте у девочек",20,"подростковый возраст"
"подростковый возраст 32",20,"подростковый возраст"
"медицина подросткового возраста",20,"подростковый возраст"
"подростковая припухлость лица до какого возраста",20,"подростковый возраст"
"до скольки лет считается подростковый возраст",20,"подростковый возраст"
"1 секс в подростковом возрасте",20,"подростковый возраст"
"особенности самосознания подросткового возраста",20,"подростковый возраст"
"какой возраст считается подростковым у девочек",20,"подростковый возраст"
"подростковый возраст мемы",20,"подростковый возраст"
"могут ли в подростковом возрасте выпадать волосы",20,"подростковый возраст"
"эндометриоз в подростковом возрасте",20,"подростковый возраст"
"особенности подросткового возраста чувство взрослости",20,"подростковый возраст"
"почему набирает вес в подростковом возрасте",20,"подростковый возраст"
"как ухаживать за кожей в подростковом возрасте",20,"подростковый возраст"
"гормоны в подростковом возрасте у мальчиков",20,"подростковый возраст"
"возрастные задачи подросткового возраста",20,"подростковый возраст"
"проблема ведущей деятельности подросткового возраста",20,"подростковый возраст"
"гимнастика в подростковом возрасте",20,"подростковый возраст"
"укажите ведущую деятельность в подростковом возрасте",20,"подростковый возраст"
"потребности в старшем подростковом возрасте",20,"подростковый возраст"
"как убрать носогубные складки в подростковом возрасте",20,"подростковый возраст"
"почему в подростковом возрасте потеешь",19,"подростковый возраст"
"облысение в подростковом возрасте",19,"подростковый возраст"
"самосознание личности в подростковом возрасте",19,"подростковый возраст"
"онанизм подросткового возраста",19,"подростковый возраст"
"вредные привычки детей подросткового возраста",19,"подростковый возраст"
"эгоцентризм в подростковом возрасте",19,"подростковый возраст"
"подростковый возраст и интернет",19,"подростковый возраст"
"романтические отношения в подростковом возрасте",19,"подростковый возраст"
"психологические особенности развития детей подросткового возраста",19,"подростковый возраст"
"психоанализ подросткового возраста",19,"подростковый возраст"
"как избавиться от растяжек в подростковом возрасте",19,"подростковый возраст"
"подростковый возраст диапазон",19,"подростковый возраст"
"успеваемость в подростковом возрасте",19,"подростковый возраст"
"подростковый возраст психологические особенности кратко",19,"подростковый возраст"
"подростковый возраст мечты",19,"подростковый возраст"
"магний для подросткового возраста какой лучше выбрать",19,"подростковый возраст"
"психологические особенности подросткового возраста ведущая деятельность",19,"подростковый возраст"
"подростковый возраст нежно занимается сексом",19,"подростковый возраст"
"в подростковом возрасте лицо меняется",19,"подростковый возраст"
"17 кризис подросткового возраста",19,"подростковый возраст"
"подростковый возраст у девочек симптомы",19,"подростковый возраст"
"что происходит в подростковом возрасте у мальчиков",19,"подростковый возраст"
"милли бобби браун в подростковом возрасте",19,"подростковый возраст"
"подростковый возраст нетфликс сериал",19,"подростковый возраст"
"волевая сфера подросткового возраста",19,"подростковый возраст"
"как найти парня в подростковом возрасте",19,"подростковый возраст"
"противозачаточные для подросткового возраста таблетки",19,"подростковый возраст"
"секс в подростковом возрасте форумы",19,"подростковый возраст"
"кризис подросткового возраста характеризуется",19,"подростковый возраст"
"главные особенности подросткового возраста",19,"подростковый возраст"
"потребности человека в подростковом возрасте",19,"подростковый возраст"
"зачем нужны отношения в подростковом возрасте",19,"подростковый возраст"
"подростковый возраст воображение",19,"подростковый возраст"
"подростковый врач с какого возраста принимает",19,"подростковый возраст"
"поздний подростковый возраст это сколько лет",19,"подростковый возраст"
"косметика для подросткового возраста",19,"подростковый возраст"
"нервы в подростковом возрасте",19,"подростковый возраст"
"в подростковом возрасте доминирует",18,"подростковый возраст"
"как выдвинуть максиллу в подростковом возрасте",18,"подростковый возраст"
"отклонения в развитии детей подросткового возраста",18,"подростковый возраст"
"отклонения в поведении в подростковом возрасте",18,"подростковый возраст"
"зендая в подростковом возрасте",18,"подростковый возраст"
"инфаркт в подростковом возрасте",18,"подростковый возраст"
"старший подростковый возраст это сколько лет",18,"подростковый возраст"
"4 учебная деятельность в подростковом возрасте",18,"подростковый возраст"
"со скольки лет заканчивается подростковый возраст",18,"подростковый возраст"
"познавательная сфера подросткового возраста",18,"подростковый возраст"
"важным стимулом в подростковом возрасте",18,"подростковый возраст"
"важным стимулом в подростковом возрасте является",18,"подростковый возраст"
"тесты подростковый возраст с ответами",18,"подростковый возраст"
"эмпатия в подростковом возрасте",18,"подростковый возраст"
"особенности восприятия подросткового возраста",18,"подростковый возраст"
"вики шоу подростковый возраст",18,"подростковый возраст"
"подростковый возраст психофизиологические особенности",18,"подростковый возраст"
"подростковый возраст 14 лет у мальчиков",18,"подростковый возраст"
"стимул к учению в подростковом возрасте",18,"подростковый возраст"
"подростковый возраст беседа с родителями",18,"подростковый возраст"
"психосоциальное развитие подросткового возраста",18,"подростковый возраст"
"общие особенности подросткового возраста",18,"подростковый возраст"
"подростковый возраст у девочек 12 лет",18,"подростковый возраст"
"дереализация в подростковом возрасте",18,"подростковый возраст"
"фельдштейн подростковый возраст",18,"подростковый возраст"
"суть кризиса подросткового возраста",18,"подростковый возраст"
"подростковый возраст как называется по научному",18,"подростковый возраст"
"нормальное давление в подростковом возрасте",18,"подростковый возраст"
"самоконтроль в подростковом возрасте",18,"подростковый возраст"
"аффективное расстройство подросткового возраста",18,"подростковый возраст"
"проблемы раннего подросткового возраста",18,"подростковый возраст"
"ломка голоса в подростковом возрасте сканворд",18,"подростковый возраст"
"мастурбация в подростковом возрасте грех",18,"подростковый возраст"
"митя фомин в подростковом возрасте фото",18,"подростковый возраст"
"сексуальное поведение в подростковом возрасте",18,"подростковый возраст"
"почему в подростковом возрасте толстеют девочки",18,"подростковый возраст"
"основное противоречие подросткового возраста",18,"подростковый возраст"
"подростковый возраст девочки изменения",18,"подростковый возраст"
"подростковый возраст характеристика кратко",18,"подростковый возраст"
"преимущества подросткового возраста",18,"подростковый возраст"
"подростковый возраст сколько серий",18,"подростковый возраст"
"занятия спортом в подростковом возрасте",18,"подростковый возраст"
"до какого возраста длится подростковый период",18,"подростковый возраст"
"стоит ли худеть в подростковом возрасте",18,"подростковый возраст"
"выделения в подростковом возрасте у девочек",18,"подростковый возраст"
"когда кончается подростковый возраст",18,"подростковый возраст"
"виды особенности подросткового возраста",18,"подростковый возраст"
"психического развития в младшем подростковом возрасте",18,"подростковый возраст"
"коричневые выделения в подростковом возрасте",18,"подростковый возраст"
"уход за кожей лица в подростковом возрасте",18,"подростковый возраст"
"сколько длится подростковый возраст у мальчиков",18,"подростковый возраст"
"подростковый возраст в периодизациях психического развития",18,"подростковый возраст"
"как целоваться в подростковом возрасте",18,"подростковый возраст"
"особенности подросткового возраста 14 лет",17,"подростковый возраст"
"высокое давление в подростковом возрасте",17,"подростковый возраст"
"особенности характера в подростковом возрасте",17,"подростковый возраст"
"возрастные особенности детей младшего подросткового возраста",17,"подростковый возраст"
"псориаз в подростковом возрасте",17,"подростковый возраст"
"майли сайрус в подростковом возрасте",17,"подростковый возраст"
"подростковый возраст как снимали",17,"подростковый возраст"
"особенности увлечений в подростковом возрасте запойные",17,"подростковый возраст"
"частая мастурбация в подростковом возрасте",17,"подростковый возраст"
"поллюции в подростковом возрасте",17,"подростковый возраст"
"психические характеристики подросткового возраста",17,"подростковый возраст"
"развитие я концепции в подростковом возрасте",17,"подростковый возраст"
"апатия в подростковом возрасте",17,"подростковый возраст"
"самооценка в младшем подростковом возрасте",17,"подростковый возраст"
"мази от прыщей в подростковом возрасте",17,"подростковый возраст"
"подростковый возраст дипломные работы",17,"подростковый возраст"
"подростковый возраст особенности взаимоотношений",17,"подростковый возраст"
"самоповреждающее поведение в подростковом возрасте",17,"подростковый возраст"
"в каком возрасте проходят подростковые прыщи",17,"подростковый возраст"
"статьи про подростковый возраст",17,"подростковый возраст"
"подростковый возраст приказ",17,"подростковый возраст"
"психологические травмы подросткового возраста",17,"подростковый возраст"
"развитие психических процессов в подростковом возрасте",17,"подростковый возраст"
"симптомы кризиса подросткового возраста",17,"подростковый возраст"
"подростковый возраст развитие эмоциональной сферы",17,"подростковый возраст"
"умственное развитие подросткового возраста",17,"подростковый возраст"
"аффективные расстройства детском и подростковом возрасте",17,"подростковый возраст"
"треугольная грудь в подростковом возрасте",17,"подростковый возраст"
"можно ли забеременеть в подростковом возрасте",17,"подростковый возраст"
"мероприятия для подросткового возраста",17,"подростковый возраст"
"всд подросткового возраста",17,"подростковый возраст"
"подростковый возраст учебные пособия",17,"подростковый возраст"
"социофобия в подростковом возрасте",17,"подростковый возраст"
"агрессивность подростковом возрасте",17,"подростковый возраст"
"д и фельдштейн подростковый возраст",17,"подростковый возраст"
"психологию подросткового возраста изучали",17,"подростковый возраст"
"работа с родителями подросткового возраста",17,"подростковый возраст"
"личностные новообразования подросткового возраста",17,"подростковый возраст"
"возрастные границы подросткового возраста",17,"подростковый возраст"
"подростковый возраст фильм 2025",17,"подростковый возраст"
"порно геев подростковый возраст",17,"подростковый возраст"
"мастурбация в подростковом возрасте это нормально",17,"подростковый возраст"
"аня в подростковом возрасте",17,"подростковый возраст"
"описать психологические особенности подросткового возраста",17,"подростковый возраст"
"почему в подростковом возрасте хочется мастурбировать",17,"подростковый возраст"
"кризис подросткового возраста кратко",17,"подростковый возраст"
"с какого возраста идет подростковый возраст",17,"подростковый возраст"
"изменения подросткового возраста физиологические психологические",17,"подростковый возраст"
"подростковый возраст возникла проблема",17,"подростковый возраст"
"особенности подросткового возраста учащихся",17,"подростковый возраст"
"каково особенности подросткового возраста",17,"подростковый возраст"
"драки в подростковом возрасте",16,"подростковый возраст"
"киста яичников в подростковом возрасте",16,"подростковый возраст"
"почему в подростковом возрасте хочется спать",16,"подростковый возраст"
"основные причины самоубийств в подростковом возрасте",16,"подростковый возраст"