phrase,frequency,seed
"привязанность",209485,"привязанность"
"типы привязанности",112142,"привязанность"
"теста тип привязанности",47472,"привязанность"
"тест на привязанность",44609,"привязанность"
"тест на тип привязанности",39032,"привязанность"
"избегающая привязанность",33389,"привязанность"
"избегающий тип привязанности",32269,"привязанность"
"тревожная привязанность",20078,"привязанность"
"привязанность это",19797,"привязанность"
"тревожный тип привязанности",18383,"привязанность"
"глубокая привязанность",12764,"привязанность"
"привязанность в отношениях",10999,"привязанность"
"какая привязанность",9265,"привязанность"
"привязанность дорама",9233,"привязанность"
"типы привязанности в отношениях",8727,"привязанность"
"тревожно избегающая привязанность",8287,"привязанность"
"глубокая привязанность дорам",8080,"привязанность"
"глубокая привязанность дорама",8036,"привязанность"
"тревожно избегающий тип привязанности",8034,"привязанность"
"привязанность суть",6814,"привязанность"
"привязанность фильм",6414,"привязанность"
"привязанности ребенка",4794,"привязанность"
"сильная привязанность",4095,"привязанность"
"привязанность смотреть",4036,"привязанность"
"эмоциональная привязанность",3999,"привязанность"
"тест на привязанность с диаграммой",3845,"привязанность"
"теория привязанности",3589,"привязанность"
"мужчина избегает привязанности",3351,"привязанность"
"привязанность 2025",3182,"привязанность"
"привязанность женщины",3157,"привязанность"
"книга привязанность",3086,"привязанность"
"привязанность к бывшему",3067,"привязанность"
"тип привязанности с диаграммой",3056,"привязанность"
"idrlabs привязанность",2912,"привязанность"
"чувство привязанности",2890,"привязанность"
"тест на тип привязанности с диаграммой",2876,"привязанность"
"привязанность фильм 2025",2758,"привязанность"
"idrlabs тип привязанности",2668,"привязанность"
"тест на привязанность idrlabs",2637,"привязанность"
"песня о привязанности",2415,"привязанность"
"idrlabs тест на тип привязанности",2399,"привязанность"
"привязанность у мужчины",2370,"привязанность"
"надежная привязанность",2329,"привязанность"
"слова привязанность",2257,"привязанность"
"психология привязанности",2224,"привязанность"
"привязанность 1",2216,"привязанность"
"избегающая привязанность в отношениях",2215,"привязанность"
"глубокая привязанность смотреть",2175,"привязанность"
"избегающий тип привязанности в отношениях",2171,"привязанность"
"как понять привязанность",2084,"привязанность"
"глубокая привязанность озвучка",2056,"привязанность"
"типы привязанности женщин",2022,"привязанность"
"смотреть дораму глубокая привязанность",2011,"привязанность"
"глубокая привязанность дорама озвучка",2003,"привязанность"
"почему привязанность",1989,"привязанность"
"хорошая привязанность",1978,"привязанность"
"глубокая привязанность русская озвучка",1976,"привязанность"
"про привязанность",1949,"привязанность"
"привязанность это любовь",1938,"привязанность"
"надежный тип привязанности",1923,"привязанность"
"тревожная привязанность в отношениях",1905,"привязанность"
"испытывал привязанность",1903,"привязанность"
"это просто привязанность",1889,"привязанность"
"типы привязанности у мужчин",1839,"привязанность"
"тест на привязанность в отношениях",1791,"привязанность"
"привязанность смотреть онлайн",1779,"привязанность"
"тревожный тип привязанности в отношениях",1676,"привязанность"
"дорама глубокая привязанность с русской озвучкой",1674,"привязанность"
"люди избегающие привязанности",1647,"привязанность"
"привязанность автоспорт",1641,"привязанность"
"избегающий тип привязанности у мужчин",1615,"привязанность"
"избегающая привязанность женщины",1607,"привязанность"
"автоспорт песня о привязанности",1594,"привязанность"
"тест на тип привязанности в отношениях",1577,"привязанность"
"сердечная привязанность",1519,"привязанность"
"скачать привязанность",1492,"привязанность"
"как избавиться от привязанности",1471,"привязанность"
"привязанность признаки",1468,"привязанность"
"аниме привязанность",1457,"привязанность"
"глубокая привязанность 1",1455,"привязанность"
"привязанность что делать",1454,"привязанность"
"виды привязанности",1401,"привязанность"
"глубокая привязанность 1 серия",1367,"привязанность"
"привязанность смотреть онлайн бесплатно",1360,"привязанность"
"дружба привязанность",1327,"привязанность"
"привязанность между",1312,"привязанность"
"человек с избегающим типом привязанности",1245,"привязанность"
"выраженная привязанность",1244,"привязанность"
"без привязанности",1244,"привязанность"
"привязанность взрослого",1213,"привязанность"
"ревность привязанность",1211,"привязанность"
"фильм сердечная привязанность",1204,"привязанность"
"джон привязанность",1203,"привязанность"
"смотреть фильм привязанность",1174,"привязанность"
"глубокая привязанность дорама 1",1171,"привязанность"
"как называется привязанность",1163,"привязанность"
"дорама глубокая привязанность 1 серия",1158,"привязанность"
"что значит привязанность",1145,"привязанность"
"привязанности в жизни",1107,"привязанность"
"как выразить привязанность",1073,"привязанность"
"какой у меня тип привязанности",1072,"привязанность"
"вовлеченная привязанность",1062,"привязанность"
"привязанности фанфик",1047,"привязанность"
"привязанность бывает",1043,"привязанность"
"что такое привязанность к человеку",1036,"привязанность"
"стиль привязанности",1030,"привязанность"
"травма привязанности",1027,"привязанность"
"смотреть дораму глубокая привязанность озвучкой",1022,"привязанность"
"сильная привязанность к бывшей",1018,"привязанность"
"семья привязанность",1018,"привязанность"
"расслабленно избегающая привязанность",1012,"привязанность"
"боулби теория привязанности",1005,"привязанность"
"типы привязанности в психологии",994,"привязанность"
"смотреть глубокая привязанность русская озвучка",994,"привязанность"
"расслабленно избегающий тип привязанности",990,"привязанность"
"вовлеченный тип привязанности",989,"привязанность"
"привязанность парня",984,"привязанность"
"привязанность читать",982,"привязанность"
"дезорганизованная привязанность",975,"привязанность"
"типы привязанности признаки",975,"привязанность"
"любовь чувство привязанности",968,"привязанность"
"качества привязанности",965,"привязанность"
"привязанность джон боулби",965,"привязанность"
"привязанность это простыми словами",958,"привязанность"
"смотреть дораму глубокая привязанность с русской озвучкой",955,"привязанность"
"привязанность к матери",953,"привязанность"
"привязанность к другому человеку",943,"привязанность"
"привязанность команда",942,"привязанность"
"чувство привязанности к человеку",937,"привязанность"
"привязанность 2026",911,"привязанность"
"тип привязанности ест",901,"привязанность"
"избегающий тип привязанности у женщин",900,"привязанность"
"чувство глубокой привязанности",898,"привязанность"
"сильная привязанность к человеку",894,"привязанность"
"чувствовать привязанность",891,"привязанность"
"время привязанности",889,"привязанность"
"какая бывает привязанность",887,"привязанность"
"гормон привязанности",886,"привязанность"
"сердечная привязанность 2003",867,"привязанность"
"нездоровая привязанность",859,"привязанность"
"тест какая ты привязанность",858,"привязанность"
"большая привязанность",857,"привязанность"
"сердечная привязанность фильм 2003",856,"привязанность"
"жгучая привязанность",848,"привязанность"
"тип привязанности простыми словами",833,"привязанность"
"тест какой ты тип привязанности",826,"привязанность"
"привязанность к родителям",825,"привязанность"
"привязанность отзывы",818,"привязанность"
"какие бывают типы привязанности",799,"привязанность"
"эмоциональная привязанность к человеку",797,"привязанность"
"дезорганизованный тип привязанности",791,"привязанность"
"объект привязанности",788,"привязанность"
"глубокая привязанность к человеку",784,"привязанность"
"фильмы онлайн привязанность",780,"привязанность"
"смотреть онлайн глубокая привязанность",777,"привязанность"
"привязанность фильм смотреть онлайн",774,"привязанность"
"избегающая привязанность признаки",769,"привязанность"
"не люблю привязанность",768,"привязанность"
"близость и привязанность",767,"привязанность"
"привязанность симпатия",760,"привязанность"
"привязанность 2025 смотреть",760,"привязанность"
"признаки избегающего типа привязанности",756,"привязанность"
"со привязанность",753,"привязанность"
"привязанность левин",753,"привязанность"
"жгучая привязанность дорама",752,"привязанность"
"уровни привязанности",746,"привязанность"
"первая привязанность",743,"привязанность"
"типы привязанности что делать",740,"привязанность"
"расстройство привязанности",739,"привязанность"
"привязанность определение",735,"привязанность"
"глубокая привязанность дорама смотреть онлайн",730,"привязанность"
"привязанность смотреть онлайн бесплатно в хорошем качестве",720,"привязанность"
"джон теории привязанности",716,"привязанность"
"привязанность проходит",715,"привязанность"
"тип привязанности партнера",715,"привязанность"
"тревожно избегающая привязанность в отношениях",699,"привязанность"
"любовь это глубокая привязанность",695,"привязанность"
"став привязанность",692,"привязанность"
"тревожно избегающий тип привязанности в отношениях",689,"привязанность"
"привязанность к другу",688,"привязанность"
"избегающий тип привязанности просто",681,"привязанность"
"привязанность амир левин",680,"привязанность"
"привязанность амира левина",680,"привязанность"
"тайна привязанности",668,"привязанность"
"романтической привязанности",667,"привязанность"
"смотреть фильм привязанность 2025",665,"привязанность"
"глубокая привязанность смотреть бесплатно",661,"привязанность"
"глубокая эмоциональная привязанность",653,"привязанность"
"привязанность к человеку или любовь",652,"привязанность"
"смотреть бесплатно фильм привязанность",650,"привязанность"
"типы привязанности книга",649,"привязанность"
"мама привязанность",645,"привязанность"
"слова избегающего типа привязанности",644,"привязанность"
"привязанность фильм 2026",635,"привязанность"
"формирование привязанностей",634,"привязанность"
"глубокая привязанность смотреть онлайн бесплатно",628,"привязанность"
"тест на привязанность к человеку",626,"привязанность"
"про типы привязанности",623,"привязанность"
"привязанность к любимой",619,"привязанность"
"смотреть бесплатно дораму глубокая привязанность",619,"привязанность"
"как отличить привязанность",616,"привязанность"
"тайная привязанность",614,"привязанность"
"привязанность возникает",613,"привязанность"
"тест на привязанность с диаграммой круговой",608,"привязанность"
"нарушение привязанности",607,"привязанность"
"привязанность фильм смотреть онлайн бесплатно",598,"привязанность"
"страх привязанности",598,"привязанность"
"как избавиться от привязанности к человеку",597,"привязанность"
"глубокая привязанность дорама смотреть онлайн бесплатно",593,"привязанность"
"фильм привязанность отзывы",590,"привязанность"
"привязанность в жизни ребенка",586,"привязанность"
"привязанность к партнеру",583,"привязанность"
"глубокая привязанность к другому человеку",581,"привязанность"
"как ведет себя избегающий тип привязанности",580,"привязанность"
"любовь это просто привязанность",580,"привязанность"
"взаимная привязанность",574,"привязанность"
"доверие привязанность",571,"привязанность"
"привязанность арк",569,"привязанность"
"привязанность влюбленность",567,"привязанность"
"теория привязанности джона боулби",565,"привязанность"
"привязанность 2025 смотреть онлайн",565,"привязанность"
"описание привязанности",565,"привязанность"
"тест на привязанность бесплатно",561,"привязанность"
"избегающая привязанность тест",559,"привязанность"
"тип привязанности в отношениях у мужчины",559,"привязанность"
"амбивалентная привязанность",558,"привязанность"
"травматическая привязанность",551,"привязанность"
"любовь это глубокое чувство привязанности",549,"привязанность"
"привязанность к собаке",549,"привязанность"
"поведение привязанности",548,"привязанность"
"видимая привязанность",542,"привязанность"
"терапия привязанности",541,"привязанность"
"бывшая с избегающим типом привязанности",541,"привязанность"
"появилась привязанность",538,"привязанность"
"люди с тревожной привязанностью",536,"привязанность"
"тема привязанность",530,"привязанность"
"тест на тип привязанности бесплатно",530,"привязанность"
"аффективная привязанность",529,"привязанность"
"привязанность после расставания",524,"привязанность"
"привязанность ребенка к матери",520,"привязанность"
"песня о привязанности текст",517,"привязанность"
"привязанность фильм 2025 смотреть онлайн",516,"привязанность"
"расслабленная привязанность",514,"привязанность"
"тревожно надежный тип привязанности",512,"привязанность"
"почему людям привязанность",512,"привязанность"
"избегающая привязанность что делать",512,"привязанность"
"сила привязанности",511,"привязанность"
"скачать песню песня о привязанности",508,"привязанность"
"развитие привязанности",505,"привязанность"
"тайная опора привязанность",504,"привязанность"
"тип привязанности в отношениях у женщин",503,"привязанность"
"расслабленный тип привязанности",503,"привязанность"
"привязанность 2025 отзывы",501,"привязанность"
"книга про привязанность",499,"привязанность"
"петрановская привязанность",496,"привязанность"
"расслабляющий тип привязанности",496,"привязанность"
"привязанность фильм 2025 отзывы",495,"привязанность"
"смотреть бесплатно привязанность 2025",494,"привязанность"
"привязанность личность",493,"привязанность"
"твоя привязанность",491,"привязанность"
"привязанность к девушке",491,"привязанность"
"как убрать привязанность",489,"привязанность"
"избегающий тип привязанности почему",489,"привязанность"
"глубокая привязанность к объекту",488,"привязанность"
"избегающий тип привязанности это простыми словами",488,"привязанность"
"привязанность 2025 смотреть онлайн бесплатно",481,"привязанность"
"тип привязанности онлайн",477,"привязанность"
"теория привязанности книга",477,"привязанность"
"глубокая привязанность 1 серия русская",470,"привязанность"
"личные привязанности",469,"привязанность"
"привязанности ребенка к родителям",469,"привязанность"
"люди с тревожным типом привязанности",468,"привязанность"
"избегающая привязанность как строить отношения",467,"привязанность"
"забота и привязанность",462,"привязанность"
"привязанность по другому",461,"привязанность"
"избегающий тип привязанности в отношениях у мужчины",461,"привязанность"
"что значат типы привязанности",459,"привязанность"
"что значит тип привязанности",459,"привязанность"
"смотреть бесплатно фильм привязанность 2025",458,"привязанность"
"опросник привязанности",457,"привязанность"
"опора в жизни привязанность",454,"привязанность"
"как отличить любовь от привязанности",454,"привязанность"
"как себя вести с избегающим типом привязанности",452,"привязанность"
"день привязанности",452,"привязанность"
"сильная эмоциональная привязанность",452,"привязанность"
"устойчивая привязанность",449,"привязанность"
"тайна опора привязанность в жизни",447,"привязанность"
"тревожно вовлеченная привязанность",447,"привязанность"
"любовь это чувство привязанности к человеку",446,"привязанность"
"смотреть фильм привязанность 2025 в хорошем",445,"привязанность"
"привязанность фильм 2025 смотреть онлайн бесплатно",445,"привязанность"
"тайная опора привязанность в жизни",445,"привязанность"
"типы привязанности ребенка",444,"привязанность"
"привязанность к человеку это простыми",444,"привязанность"
"надежно избегающая привязанность",444,"привязанность"
"привязанность 2025 смотреть онлайн бесплатно в хорошем",444,"привязанность"
"привязанность видео",443,"привязанность"
"как определить привязанность",436,"привязанность"
"как сделать привязанность",434,"привязанность"
"тест на тревожную привязанность",433,"привязанность"
"тайные привязанности в жизни ребенка",433,"привязанность"
"привязанность мужчины к женщине",428,"привязанность"
"глубокая привязанность 1 серия русская озвучка",428,"привязанность"
"смотреть фильм привязанность 2025 в хорошем качестве",427,"привязанность"
"тайна опоры привязанность в жизни ребенка",426,"привязанность"
"карта привязанность",425,"привязанность"
"тайная опора привязанность в жизни ребенка",425,"привязанность"
"привязанность к близким",423,"привязанность"
"привязанность является",422,"привязанность"
"любовь и эмоциональная привязанность",420,"привязанность"
"привязанность левин хеллер",419,"привязанность"
"признаки привязанности мужчины",416,"привязанность"
"дорама глубокая привязанность 1 серия русская озвучка",414,"привязанность"
"искренняя привязанность",413,"привязанность"
"тревожно вовлеченный тип привязанности",413,"привязанность"
"надежно избегающий тип привязанности",413,"привязанность"
"привязанность ситуации",413,"привязанность"
"уважение и привязанность",412,"привязанность"
"психология привязанности в отношениях",411,"привязанность"
"определение типа привязанности",411,"привязанность"
"тест на тревожный тип привязанности",408,"привязанность"
"основа привязанности",401,"привязанность"
"социальные привязанности",398,"привязанность"
"привязанность между людьми",396,"привязанность"
"привязанность это эмоция",393,"привязанность"
"типы привязанности в дружбе",392,"привязанность"
"искусственная привязанность",391,"привязанность"
"причины привязанности",389,"привязанность"
"знак привязанности",386,"привязанность"
"тест на избегающий тип привязанности",385,"привязанность"
"тревожная привязанность у женщин",385,"привязанность"
"детская привязанность",382,"привязанность"
"искаженная привязанность",380,"привязанность"
"расслабленно вовлеченная привязанность",378,"привязанность"
"привязанность собаки к хозяину",376,"привязанность"
"тревожный тип привязанности у женщин",373,"привязанность"
"тревожная привязанность что делать",369,"привязанность"
"боюсь привязанностей",369,"привязанность"
"привязанность автоспорт скачать",368,"привязанность"
"сердечная привязанность индийский",368,"привязанность"
"любовь без привязанности",367,"привязанность"
"болезненная привязанность",361,"привязанность"
"привязанность мысли",360,"привязанность"
"тест на тип привязанности с диаграммой круговой",358,"привязанность"
"как строить отношения с избегающим типом привязанности",358,"привязанность"
"как понять избегающий тип привязанности",358,"привязанность"
"как проявляется привязанность",358,"привязанность"
"автоспорт песня о привязанности скачать",357,"привязанность"
"расслабленно вовлеченный тип привязанности",355,"привязанность"
"типы привязанности в отношениях психология",354,"привязанность"
"привязанность подростков",351,"привязанность"
"тест на стиль привязанности",348,"привязанность"
"как формируется привязанность",348,"привязанность"
"чем отличается любовь от привязанности",346,"привязанность"
"отвергающая привязанность",344,"привязанность"
"как определить тип привязанности",344,"привязанность"
"вызывают привязанность",344,"привязанность"
"привязанность к отцу",343,"привязанность"
"какой тип привязанности тревожно",342,"привязанность"
"язык привязанности",342,"привязанность"
"амир левин рэйчел хеллер привязанность",342,"привязанность"
"тревожный тип привязанности что делать",341,"привязанность"
"как выразить привязанность к искусственному интеллекту",338,"привязанность"
"влечение привязанность",334,"привязанность"
"привязанность подруги",334,"привязанность"
"чувство привязанности и симпатии",331,"привязанность"
"тест на привязанность онлайн",331,"привязанность"
"тайна привязанности петрановская",330,"привязанность"
"про избегающий тип привязанности",329,"привязанность"
"чувство глубокой привязанности симпатии",327,"привязанность"
"7 привязанностей",326,"привязанность"
"варианты привязанности",326,"привязанность"
"тайная привязанность петрановская",324,"привязанность"
"постоянная привязанность",323,"привязанность"
"типы привязанности взрослых",322,"привязанность"
"духовную привязанность",322,"привязанность"
"избегающая привязанность у мужчины признаки",317,"привязанность"
"избегающий тип привязанности у мужчин признаки",316,"привязанность"
"6 привязанность",314,"привязанность"
"чувство привязанности к бывшей",313,"привязанность"
"шкала привязанности",313,"привязанность"
"манга привязанность",312,"привязанность"
"зачем привязанность",312,"привязанность"
"сексуальная привязанность",311,"привязанность"
"настоящую привязанность",311,"привязанность"
"очень сильная привязанность",311,"привязанность"
"книга избегающая привязанность",311,"привязанность"
"привязанность автоспорт текст",310,"привязанность"
"привязанности днд",309,"привязанность"
"синдром привязанности",307,"привязанность"
"амбивалентный тип привязанности",307,"привязанность"
"автоспорт песня о привязанности текст",307,"привязанность"
"петрановская привязанность в жизни",306,"привязанность"
"психотерапия привязанности",306,"привязанность"
"видимая привязанность собаки",304,"привязанность"
"как работает привязанность",303,"привязанность"
"привязанность к кошкам",302,"привязанность"
"онлайн тест на тип привязанности",302,"привязанность"
"избегающий тип привязанности после расставания",301,"привязанность"
"тест на привязанность в дружбе",301,"привязанность"
"индийский фильм привязанность",301,"привязанность"
"что значит избегающая привязанность",300,"привязанность"
"привязанность в общении",299,"привязанность"
"история привязанности",298,"привязанность"
"тревожная привязанность признаки",298,"привязанность"
"отвергающий тип привязанности",298,"привязанность"
"книга про типы привязанности",298,"привязанность"
"привязанность актеры",298,"привязанность"
"сердечная привязанность индийский фильм",296,"привязанность"
"что значит избегающий тип привязанности",296,"привязанность"
"избегающий тип привязанности в отношениях у женщин",294,"привязанность"
"видимая привязанность собаки к хозяину",294,"привязанность"
"петрановская привязанность в жизни ребенка",293,"привязанность"
"тест на определение привязанности",293,"привязанность"
"эйнсворт привязанность",292,"привязанность"
"тип привязанности формируется",291,"привязанность"
"сильное чувство привязанности",291,"привязанность"
"как называется привязанность к человеку",289,"привязанность"
"как общаться с избегающим типом привязанности",289,"привязанность"
"привязанность болью",288,"привязанность"
"особенности привязанности",288,"привязанность"
"боулби привязанность книга",287,"привязанность"
"тип привязанности пройти",287,"привязанность"
"проявления привязанности",286,"привязанность"
"отсутствие привязанностей",286,"привязанность"
"фильм про привязанность",284,"привязанность"
"потребность в привязанности",284,"привязанность"
"тревожная привязанность у мужчины",282,"привязанность"
"как избавиться от тревожной привязанности",281,"привязанность"
"что означает привязанность",281,"привязанность"
"тревожный тип привязанности признаки",280,"привязанность"
"как избавиться от типа привязанности",279,"привязанность"
"петрановская тайная опора привязанность в жизни",278,"привязанность"
"примеры привязанности",277,"привязанность"
"избегающая привязанность у девушки",276,"привязанность"
"тревожный тип привязанности у мужчин",275,"привязанность"
"привязанность на английском",275,"привязанность"
"дж боулби привязанность",274,"привязанность"
"привязанность убивает",274,"привязанность"
"привязанность синоним",274,"привязанность"
"как создать привязанность",273,"привязанность"
"избегающий тип привязанности у девушки",272,"привязанность"
"типы привязанности кратко",272,"привязанность"
"как вернуть привязанность",271,"привязанность"
"типы любви привязанности",271,"привязанность"
"модели привязанности",270,"привязанность"
"петрановская тайная опора привязанность ребенка",268,"привязанность"
"тест какой тип привязанности в отношениях",267,"привязанность"
"петрановская тайная привязанность в жизни ребенка",265,"привязанность"
"привязанностей дружбы любви",265,"привязанность"
"реакция привязанности",264,"привязанность"
"как справиться с привязанностью",263,"привязанность"
"привязанность это слабость",261,"привязанность"
"привязанность к персонажу",261,"привязанность"
"есть ли типы привязанности",259,"привязанность"
"глубокая привязанность все серии",259,"привязанность"
"тест на определение типа привязанности",259,"привязанность"
"людмила петрановская привязанность",259,"привязанность"
"скрытая привязанность",258,"привязанность"
"видимая привязанность собаки к хозяину кроссворд",257,"привязанность"
"комплекс привязанности",257,"привязанность"
"тест любовь или привязанность",256,"привязанность"
"система привязанности",256,"привязанность"
"парень избегает привязанности",256,"привязанность"
"сыновья привязанность",255,"привязанность"
"отношения надежной привязанности",254,"привязанность"
"симпатия любовь или привязанность",253,"привязанность"
"привязанность к животным",252,"привязанность"
"привязанность к родным",252,"привязанность"
"привязанность форум",251,"привязанность"
"любовная привязанность",250,"привязанность"
"тип личности привязанности",250,"привязанность"
"подходим друг другу как теория привязанности",250,"привязанность"
"глубокая привязанность дорама все серии",248,"привязанность"
"привязанность автор",247,"привязанность"
"привязанность к близким людям",247,"привязанность"
"работа с привязанностью",247,"привязанность"
"привязанность к миру",247,"привязанность"
"влюбить избегающий тип привязанности",246,"привязанность"
"статья привязанность",245,"привязанность"
"эмоциональная привязанность ребенка",245,"привязанность"
"привязанности людей друг к другу",245,"привязанность"
"чувство свойственное человеку глубокая привязанность",244,"привязанность"
"тревожно избегающая привязанность тест",244,"привязанность"
"ранняя привязанность",244,"привязанность"
"привычка привязанность",244,"привязанность"
"привязанность как бороться",243,"привязанность"
"привязанность это чувство или эмоция",243,"привязанность"
"типы привязанности к людям",241,"привязанность"
"нормальная привязанность",241,"привязанность"
"исцеление привязанности",241,"привязанность"
"стадии привязанности",240,"привязанность"
"тревога привязанности",240,"привязанность"
"привязанность по боулби",240,"привязанность"
"привязанность проработать",239,"привязанность"
"тревожно амбивалентная привязанность",239,"привязанность"
"как выразить любовь и привязанность к партнеру",238,"привязанность"
"лучшие типы привязанности",238,"привязанность"
"привязанность к мужу",238,"привязанность"
"отпустить привязанность",238,"привязанность"
"привязанность и любовь в отношениях",237,"привязанность"
"привязанность к играм",237,"привязанность"
"тревожный тип привязанности в отношениях у женщин",237,"привязанность"
"сериал привязанность",236,"привязанность"
"пройти тест на привязанность",236,"привязанность"
"человек с тревожно избегающим типом привязанности",236,"привязанность"
"скачать книгу привязанность",235,"привязанность"
"глубока привязанность 1 серия смотреть",235,"привязанность"
"привязанность в жизни человека",234,"привязанность"
"тревожная привязанность книги",234,"привязанность"
"теорию привязанности создал",234,"привязанность"
"как убрать привязанность к человеку",233,"привязанность"
"привязанности нарцисса",232,"привязанность"
"привязанность елены к деймону",232,"привязанность"
"смотреть дораму глубокая привязанность 1 серия",232,"привязанность"
"характеристика привязанности",232,"привязанность"
"психическая привязанность",231,"привязанность"
"эмоциональная привязанность в отношениях",231,"привязанность"
"любовь и привязанность в чем разница",230,"привязанность"
"привязанность к дочери",230,"привязанность"
"избегающий тип привязанности книги",229,"привязанность"
"девушка привязанность парню",229,"привязанность"
"тревожность привязанность",227,"привязанность"
"хеллер теория привязанности",226,"привязанность"
"как называется тип привязанности",226,"привязанность"
"4 типа привязанности",225,"привязанность"
"глубокая привязанность 2",225,"привязанность"
"как избавиться от тревожного типа привязанности",225,"привязанность"
"привязанность котов",225,"привязанность"
"привязанность сердец",224,"привязанность"
"как показать привязанность",224,"привязанность"
"людмила петрановская тайная опора привязанность",223,"привязанность"
"людмила петрановская тайная привязанность",223,"привязанность"
"сью джонсон привязанность",223,"привязанность"
"семейная привязанность",222,"привязанность"
"сильная привязанность ребенка",222,"привязанность"
"человек без привязанностей",222,"привязанность"
"привязанность к вещам",221,"привязанность"
"привязанность ребенка формирование",221,"привязанность"
"преданность и привязанность",220,"привязанность"
"привязанность сестер",219,"привязанность"
"расставание с избегающим типом привязанности",219,"привязанность"
"знак привязанности аниме",218,"привязанность"
"привязанность 2026 смотреть",218,"привязанность"
"физическую привязанность",218,"привязанность"
"патологическая привязанность",217,"привязанность"
"искаженная привязанность книга",217,"привязанность"
"между любовью и привязанностью",217,"привязанность"
"как уходит привязанность",216,"привязанность"
"психологический тип привязанности",215,"привязанность"
"пройти тест на тип привязанности",215,"привязанность"
"три привязанности",214,"привязанность"
"любовь чувство свойственное человеку глубокая привязанность",214,"привязанность"
"привязанность в детстве",214,"привязанность"
"партнер с избегающим типом привязанности",213,"привязанность"
"эмоциональная привязанность к человеку это любовь",213,"привязанность"
"твой тип привязанности",213,"привязанность"
"что делать с избегающим типом привязанности",211,"привязанность"
"людмила петрановская тайная опора привязанность в жизни",211,"привязанность"
"типы эмоциональной привязанности",210,"привязанность"
"тревожный тип привязанности это простыми словами",209,"привязанность"
"привязанность к местам",208,"привязанность"
"привязанности читать онлайн",208,"привязанность"
"два типа привязанности",207,"привязанность"
"исследование привязанности",207,"привязанность"
"контекст привязанности",206,"привязанность"
"страсть привязанность",205,"привязанность"
"сила привязанности джонсон",205,"привязанность"
"опыт привязанности",204,"привязанность"
"отвергающая избегающая привязанность",203,"привязанность"
"сила привязанности сью",203,"привязанность"
"как понять привязанность мужчины",203,"привязанность"
"привязанность между детьми",202,"привязанность"
"привязанность сообщения",202,"привязанность"
"заговор на привязанность",201,"привязанность"
"людмилу петрановскую привязанность в жизни ребенка",201,"привязанность"
"тест на тип привязанности на русском",200,"привязанность"
"привязанность братьев",200,"привязанность"
"текст на привязанность",200,"привязанность"
"привязанность характеризуется",199,"привязанность"
"формы привязанности",198,"привязанность"
"тяжелая привязанность",198,"привязанность"
"конфликт привязанности",197,"привязанность"
"отношения основанные на привязанности",197,"привязанность"
"ваш тип привязанности",196,"привязанность"
"девушка с тревожным типом привязанности",196,"привязанность"
"сильная эмоциональная привязанность к человеку",196,"привязанность"
"стратегии привязанности",196,"привязанность"
"сила привязанности сью джонсон",195,"привязанность"
"привязанность термин",195,"привязанность"
"типы привязанности причины",195,"привязанность"
"как узнать привязанность",194,"привязанность"
"потеря привязанности",193,"привязанность"
"развитие привязанности ребенка",193,"привязанность"
"тест на тип привязанности в дружбе",193,"привязанность"
"привязанность и безопасность",193,"привязанность"
"исцеление травмы привязанности",192,"привязанность"
"привязанность в отношениях как избавиться",192,"привязанность"
"секс и привязанность",192,"привязанность"
"привязанность слушать",192,"привязанность"
"чувствую привязанность к человеку",191,"привязанность"
"формировать привязанности",190,"привязанность"
"привязанность к умершему",190,"привязанность"
"расслабляющий избегающий тип привязанности",190,"привязанность"
"привязанность души",189,"привязанность"
"реактивная привязанность",187,"привязанность"
"расслаблено избегающая привязанность",186,"привязанность"
"избегающий отвергающий тип привязанности",186,"привязанность"
"легкая привязанность",185,"привязанность"
"привязанность к результату",185,"привязанность"
"как понять любовь или привязанность",185,"привязанность"
"методики привязанности",185,"привязанность"
"привязанность в отношениях признаки",184,"привязанность"
"привязанность это плохо",184,"привязанность"
"дружба это взаимная привязанность",184,"привязанность"
"взаимная привязанность в отношениях",184,"привязанность"
"фразы привязанности",184,"привязанность"
"окситоцин гормон привязанности",183,"привязанность"
"скучать привязанность",183,"привязанность"
"привязанность душ",183,"привязанность"
"привязанность аккорды",182,"привязанность"
"отталкивающая привязанность",181,"привязанность"
"как проработать тип привязанности",180,"привязанность"
"привязанность b17",180,"привязанность"
"привязанность к дому",179,"привязанность"
"привязанность чен",177,"привязанность"
"чрезмерная привязанность",177,"привязанность"
"паттерн привязанности",177,"привязанность"
"тревожный тип привязанности почему",176,"привязанность"
"школа привязанности",176,"привязанность"
"губительная привязанность",175,"привязанность"
"виды типов привязанности",174,"привязанность"
"любая привязанность",174,"привязанность"
"как понять люблю или привязанность",173,"привязанность"
"избегающий тип привязанности вернуть",173,"привязанность"
"тревожно амбивалентный тип привязанности",173,"привязанность"
"аффективная привязанность ребенка что это",173,"привязанность"
"сколько типов привязанности",173,"привязанность"
"привязанность на расстоянии",173,"привязанность"
"материальная привязанность",172,"привязанность"
"книга привязанность амир",172,"привязанность"
"привязанность к человеку это хорошо",172,"привязанность"
"тревожно надежно избегающий тип привязанности",171,"привязанность"
"привязанность в паре",171,"привязанность"
"читать книгу привязанность",171,"привязанность"
"нарушения привязанности детей",171,"привязанность"
"не имей привязанностей",170,"привязанность"
"про привязанность к людям",170,"привязанность"
"подход привязанности",170,"привязанность"
"тревожная и надежная привязанность",170,"привязанность"
"глубокая привязанность сколько серий",170,"привязанность"
"нарцисс тип привязанности",169,"привязанность"
"избегающий тип привязанности описание",169,"привязанность"
"тест на тип пр привязанности",169,"привязанность"
"uquiz привязанность",169,"привязанность"
"реактивное расстройство привязанности",168,"привязанность"
"тип привязанности форум",168,"привязанность"
"песня о привязанности аккорды",168,"привязанность"
"манхва привязанность",167,"привязанность"
"избегающая привязанность в отношениях с мужчиной",167,"привязанность"
"понятие привязанность",166,"привязанность"
"типы привязанности существуют",166,"привязанность"
"смотреть сердечное привязанность",166,"привязанность"
"привязанности ньюфелда",164,"привязанность"
"типы привязанности uquiz",164,"привязанность"
"привязанность к человеку что делать",164,"привязанность"
"прл привязанность",164,"привязанность"
"убегающая привязанность",163,"привязанность"
"избегающий тип привязанности уходите",162,"привязанность"
"боулби теория привязанности книга",162,"привязанность"
"эмоциональная привязанность к бывшему",162,"привязанность"
"глубокое и сильное чувство привязанности",161,"привязанность"
"навязчивая привязанность",161,"привязанность"
"привязанность после секса",161,"привязанность"
"книга привязанность амир левин",160,"привязанность"
"привязанность ребенка книга",160,"привязанность"
"старая привязанность",159,"привязанность"
"любовь и привязанность ребенка",159,"привязанность"
"как понять тип привязанности мужчины",158,"привязанность"
"парень с избегающим типом привязанности",158,"привязанность"
"привязанность это зависимость",158,"привязанность"
"привязанность к любимому человеку это",158,"привязанность"
"боязнь привязанности",157,"привязанность"
"выражение привязанности",157,"привязанность"
"привязанность аудиокнига",157,"привязанность"
"привязанность и сепарация",156,"привязанность"
"фильм привязанность 2026 смотреть",156,"привязанность"
"типы привязанности персонажей",156,"привязанность"
"избегающе отвергающая привязанность",155,"привязанность"
"привязанность к жене",154,"привязанность"
"разорвать привязанность",154,"привязанность"
"тест на привязанность в отношениях с диаграммой",154,"привязанность"
"привязанность амир левин читать",154,"привязанность"
"гибсон привязанность",154,"привязанность"
"как называется сильная привязанность",153,"привязанность"
"глубокая привязанность 2 серия",153,"привязанность"
"тревожная привязанность в отношениях как избавиться",153,"привязанность"
"цитаты про привязанность",153,"привязанность"
"привязанность значение",153,"привязанность"
"привязанность степень",152,"привязанность"
"избегающая привязанность как избавиться",152,"привязанность"
"родительская привязанность",152,"привязанность"
"красивая привязанность",152,"привязанность"
"тревожный тип привязанности книги",152,"привязанность"
"избегающая привязанность ребенка",151,"привязанность"
"привязанность отца к дочери",151,"привязанность"
"глубокая привязанность дорама сколько",151,"привязанность"
"тест на тип привязанности с диаграммой idrlabs",151,"привязанность"
"джон боулби привязанность книга",151,"привязанность"
"что значит привязанность к человеку",151,"привязанность"
"смотреть фильм сердечная привязанность",151,"привязанность"
"эффект привязанности",151,"привязанность"
"чувство глубокой привязанности и заботы",151,"привязанность"
"чувство привязанности к друзьям",151,"привязанность"
"привязанность ощущения",150,"привязанность"
"механизмы привязанности",150,"привязанность"
"привязанность мужчины к бывшей",150,"привязанность"
"тип привязанности матери",149,"привязанность"
"причины избегающей привязанности",149,"привязанность"
"эмоциональная привязанность другу",149,"привязанность"
"песнь о привязанности",149,"привязанность"
"теплая привязанность",149,"привязанность"
"отношения основанные на взаимной привязанности",149,"привязанность"
"что значит тревожная привязанность",149,"привязанность"
"чувство привязанности в отношениях",149,"привязанность"
"диагностика привязанностей",149,"привязанность"
"тест на тип привязанности в отношениях диаграмма",147,"привязанность"
"теория привязанностей и отношения",147,"привязанность"
"группа привязанность",147,"привязанность"
"дорама глубокая привязанность в хорошем качестве",146,"привязанность"
"привязанностью как писать",146,"привязанность"
"глубокая привязанность дорама сколько серий",146,"привязанность"
"отказ от привязанностей",145,"привязанность"
"как изменить привязанность",145,"привязанность"
"проблемы с привязанностью",145,"привязанность"
"холодная привязанность",144,"привязанность"
"порно привязанность",144,"привязанность"
"теория привязанности эйнсворт",144,"привязанность"
"избегающий тип привязанности форум",144,"привязанность"
"убегающий тип привязанности",143,"привязанность"
"люди не испытывающие привязанности",143,"привязанность"
"признаки привязанности женщины",142,"привязанность"
"психологическая привязанность это",142,"привязанность"
"любовь и привязанность разное",142,"привязанность"
"разрыв привязанностей",142,"привязанность"
"избегающе отвергающий тип привязанности",142,"привязанность"
"избегающие отвергаю избегающе отвергающий тип привязанности",142,"привязанность"
"положительная привязанность",141,"привязанность"
"бриш привязанность",141,"привязанность"
"привязанность 3 года",141,"привязанность"
"круг привязанности",141,"привязанность"
"тест на тревожно избегающий тип привязанности",140,"привязанность"
"нарушая привязанности",139,"привязанность"
"боулби привязанность купить",139,"привязанность"
"определить тип привязанности тест",139,"привязанность"
"тест определяющий тип привязанности",139,"привязанность"
"тревожно избегающая привязанность что делать",139,"привязанность"
"избегающий тип привязанности причины",139,"привязанность"
"тревожно избегающий тип привязанности у женщин",139,"привязанность"
"одержимая привязанность",138,"привязанность"
"привязанность другим словом",138,"привязанность"
"что значит тревожный тип привязанности",138,"привязанность"
"привязанность сюжет",138,"привязанность"
"типы привязанности и их описание",138,"привязанность"
"самооценки и привязанности",137,"привязанность"
"привязанность к родине",137,"привязанность"
"психологическая привязанность ребенка",137,"привязанность"
"природа привязанности",137,"привязанность"
"отталкивающий тип привязанности",137,"привязанность"
"дружеская привязанность",137,"привязанность"
"сформировать привязанность",136,"привязанность"
"избирательная привязанность",136,"привязанность"
"привязанность объяснить",136,"привязанность"
"надежная привязанность ребенка",135,"привязанность"
"этапы привязанности",135,"привязанность"
"джон боулби привязанность купить",134,"привязанность"
"ark привязанность",134,"привязанность"
"привязанность 2026 смотреть онлайн",134,"привязанность"
"самая сильная привязанность",134,"привязанность"
"тревожно избегающий тип привязанности что делать",134,"привязанность"
"избегающий вид привязанности",134,"привязанность"
"сильный тип привязанности",134,"привязанность"
"теория привязанности читать",134,"привязанность"
"привязанность между ребенком и родителем",133,"привязанность"
"лазарев привязанность",133,"привязанность"
"привязанность предложение",133,"привязанность"
"привязанность фильм актеры",133,"привязанность"
"теория привязанности дж боулби",132,"привязанность"
"про тревожный тип привязанности",132,"привязанность"
"любовь влюбленность привязанность",132,"привязанность"
"что говорить избегающему типу привязанности",132,"привязанность"
"сильная привязанность в отношениях",132,"привязанность"
"дающий тип привязанности",132,"привязанность"
"привязанность мужчины и любовь",131,"привязанность"
"виртуальная привязанность",131,"привязанность"
"как понять привязанность к человеку",131,"привязанность"
"привязанность в отношениях что делать",131,"привязанность"
"почему возникает привязанность",130,"привязанность"
"тест взрослой привязанности",130,"привязанность"
"избегающий тип привязанности фильм",129,"привязанность"
"теория типов привязанности",129,"привязанность"
"тест на привязанность idrlabs com",129,"привязанность"
"избегающий тип привязанности как проявляется",129,"привязанность"
"шкала привязанности ребенка",129,"привязанность"
"привязанность к определенному человеку",129,"привязанность"
"тест привязанности гибсон",129,"привязанность"
"отношения без привязанности",128,"привязанность"
"тревожная привязанность ребенка",128,"привязанность"
"теория привязанности скачать",128,"привязанность"
"избегающий тип привязанности вернется",128,"привязанность"
"привязанность яна",127,"привязанность"
"тип привязанности в отношениях онлайн",127,"привязанность"
"привязанность лекция",127,"привязанность"
"тревожная привязанность как проработать",127,"привязанность"
"привязанность корень",127,"привязанность"
"как лечить привязанность",126,"привязанность"
"привязанность межличностные отношения",126,"привязанность"
"нейробиология привязанности",126,"привязанность"
"способы привязанности",126,"привязанность"
"тест на привязанность к человеку с диаграммой",126,"привязанность"
"зависимая привязанность",126,"привязанность"
"взаимодействие и привязанность",125,"привязанность"
"как проработать тревожный тип привязанности",125,"привязанность"
"тревожно избегающая привязанность признаки",125,"привязанность"
"сердечная привязанность индийский смотреть",125,"привязанность"
"здоровый тип привязанности",125,"привязанность"
"тест на тип привязанности с диаграммой квадратной",124,"привязанность"
"теория привязанности ребенка",124,"привязанность"
"тест на тип привязанности в отношениях пройти",123,"привязанность"
"факторы привязанности",123,"привязанность"
"психотерапия избегающей привязанности",123,"привязанность"
"избегающий тип привязанности и другие",123,"привязанность"
"привязанность трейлер",123,"привязанность"
"мужская привязанность",122,"привязанность"
"типы привязанности на английском",122,"привязанность"
"теория привязанности в психологии",122,"привязанность"
"привязанность к самому себе",122,"привязанность"
"картинки привязанности",122,"привязанность"
"тревожно избегающая привязанность у мужчины",122,"привязанность"
"тревожная привязанность в отношениях у мужчин",121,"привязанность"
"глубокая привязанность смотреть все серии",121,"привязанность"
"как ведет себя тревожный тип привязанности",121,"привязанность"
"тревожный тип привязанности как вести себя",121,"привязанность"
"тревожно избегающий тип привязанности у мужчин",121,"привязанность"
"тревожно избегающий тип привязанности признаки",120,"привязанность"
"привязанность в отношениях книга",120,"привязанность"
"таро привязанность",120,"привязанность"
"виды привязанности в психологии",120,"привязанность"
"глубокая привязанность 3",120,"привязанность"
"первый тип привязанности",120,"привязанность"
"никакой привязанности",119,"привязанность"
"любовь избегающей привязанности",119,"привязанность"
"тревожный тип привязанности в отношениях у мужчины",119,"привязанность"
"типы привязанности гибсон",119,"привязанность"
"аромат привязанности",119,"привязанность"
"сердечная привязанность индийский фильм смотреть",118,"привязанность"
"книги про избегающую привязанность",118,"привязанность"
"человек боится привязанности",118,"привязанность"
"терапия нарушений привязанности",118,"привязанность"
"песни про привязанность",117,"привязанность"
"тревожно дезорганизованная привязанность",117,"привязанность"
"эмоциональная привязанность к мужчине",117,"привязанность"
"2 типы привязанности",117,"привязанность"
"ненадежная привязанность",117,"привязанность"
"исцеляющая привязанность",117,"привязанность"
"смотреть дораму глубокая привязанность все серии",116,"привязанность"
"привязанность между мужчинами",116,"привязанность"
"как общаться с избегающим типом привязанности мужчины",116,"привязанность"
"русский фильм привязанность",116,"привязанность"
"партнер с тревожной привязанностью",116,"привязанность"
"тревожно избегающий тип привязанности партнер",115,"привязанность"
"последствия привязанности",115,"привязанность"
"психология привязанности книга",115,"привязанность"
"разные типы привязанности",115,"привязанность"
"экспертиза привязанности ребенка",115,"привязанность"
"прочная привязанность",115,"привязанность"
"эксперимент привязанность",115,"привязанность"
"привязанность вк",114,"привязанность"
"что значит привязанность в отношениях",114,"привязанность"
"бог привязанности",114,"привязанность"
"книги про избегающий тип привязанности",114,"привязанность"
"расслабленно тревожная привязанность",114,"привязанность"
"признаки избегающей привязанности в отношениях",113,"привязанность"
"привязанность симптомы",113,"привязанность"
"привязанность к лучшему другу",113,"привязанность"
"эмоциональная привязанность как избавиться",113,"привязанность"
"глубокая привязанность дорама 2 серия",113,"привязанность"
"привязанность ребенка к взрослому",113,"привязанность"
"типы привязанности по боулби",113,"привязанность"
"материнская привязанность",113,"привязанность"
"3 типа привязанности",112,"привязанность"
"сильная привязанность к маме",112,"привязанность"
"глубокая привязанность актеры",112,"привязанность"
"привязанность к прошлому",112,"привязанность"
"тест на привязанность в отношениях бесплатно",112,"привязанность"
"как побороть привязанность",112,"привязанность"
"почему появляется привязанность",112,"привязанность"
"типы привязанности детство",112,"привязанность"
"признаки избегающего типа привязанности в отношениях",111,"привязанность"
"тест на тип привязанности гибсон",111,"привязанность"
"любовь переросшая в привязанность",111,"привязанность"
"привязанность переросла в любовь",111,"привязанность"
"привязанность в отношениях с девушкой",111,"привязанность"
"секс избегающая привязанность",111,"привязанность"
"сильная привязанность к матери",111,"привязанность"
"черта характера привязанность",111,"привязанность"
"фильмы про типы привязанности",111,"привязанность"
"болезнь привязанности",110,"привязанность"
"избегающая привязанность у женщин признаки",110,"привязанность"
"избегающий тип привязанности у женщин признаки",110,"привязанность"
"idrlabs com тип привязанности",110,"привязанность"
"избегающее чувство привязанности",110,"привязанность"
"джон боулби теория привязанности книга",109,"привязанность"
"тип привязанности идрлабс",109,"привязанность"
"м эйнсворт привязанность",109,"привязанность"
"привязанность к предмету",109,"привязанность"
"заговоры на привязанность мужчины",109,"привязанность"
"типы привязанности в отношениях и их описание",109,"привязанность"
"социальная эмоциональная привязанность",109,"привязанность"
"тайны привязанности книга",108,"привязанность"
"как понять любишь человека или это привязанность",108,"привязанность"
"надежный тип привязанности в отношениях",108,"привязанность"
"симпатия привязанность влюбленность",108,"привязанность"
"поцелуй привязанность",107,"привязанность"
"кино привязанность",107,"привязанность"
"смотреть дораму жгучая привязанность",106,"привязанность"
"психологические тесты на привязанность",106,"привязанность"
"привязанности тела",106,"привязанность"
"привязанность к стране",106,"привязанность"
"какая бывает привязанность в отношениях",106,"привязанность"
"как построить отношения с избегающим типом привязанности",106,"привязанность"
"тест на тип привязанности в отношениях бесплатно",105,"привязанность"
"тест на тип привязанности у взрослых",105,"привязанность"
"расслабленно тревожный тип привязанности",105,"привязанность"
"как избавиться от избегающего типа привязанности",105,"привязанность"
"телец привязанность",105,"привязанность"
"текст на тип привязанности",104,"привязанность"
"тест привязанности боулби",104,"привязанность"
"девушка с тревожно избегающим типом привязанности",103,"привязанность"
"путь привязанности",103,"привязанность"
"психология привязанности к человеку",103,"привязанность"
"тревожный вид привязанности",103,"привязанность"
"какие бывают типы привязанности в отношениях",103,"привязанность"
"привязанность во взрослом возрасте",103,"привязанность"
"заговор на привязанность мужчину расстоянии читать",103,"привязанность"
"психоанализ привязанность",103,"привязанность"
"привязанность формируется у ребенка",102,"привязанность"
"догоняющий тип привязанности",102,"привязанность"
"привязанность между женщинами",101,"привязанность"
"культура и привязанность",101,"привязанность"
"негативное привязанность",101,"привязанность"
"совместимость привязанности",101,"привязанность"
"избегающий тип привязанности что чувствует",101,"привязанность"
"привязанность созависимость",101,"привязанность"
"привязанность верность",101,"привязанность"
"гормон привязанности у женщин",101,"привязанность"
"привязанность приемных детей",101,"привязанность"
"тип привязанности quiz",100,"привязанность"
"тревожно дезорганизованный тип привязанности",100,"привязанность"
"маниакальная привязанность",100,"привязанность"
"тип расстройства привязанности",100,"привязанность"
"привязанность младенцев",100,"привязанность"
"любовь привязанность 1",100,"привязанность"
"избегание привязанности",100,"привязанность"
"психологическая привязанность к человеку",100,"привязанность"
"потребность в эмоциональной привязанности",99,"привязанность"
"фильм привязанность 2026 смотреть онлайн",99,"привязанность"
"разрушение привязанностей",99,"привязанность"
"как изменить тип привязанности",99,"привязанность"
"тест на тип привязанности idrlabs com",99,"привязанность"
"перевернутая привязанность",99,"привязанность"
"сильная привязанность друг к другу",99,"привязанность"
"линия привязанностей",99,"привязанность"
"песнь о привязанности текст",99,"привязанность"
"прошла привязанность к человеку",99,"привязанность"
"избегающая привязанность поведение",99,"привязанность"
"как пережить привязанность",99,"привязанность"
"больная привязанность к человеку",99,"привязанность"
"привязанность эмпатия",98,"привязанность"
"привязанность короля",98,"привязанность"
"расслабленный тип привязанности описание",98,"привязанность"
"любовь избегающего типа привязанности",98,"привязанность"
"привязанность мать сын",98,"привязанность"
"фильмы про избегающую привязанность",98,"привязанность"
"психическая привязанность к человеку",98,"привязанность"
"токсичная привязанность",97,"привязанность"
"избегающий тип привязанности не пишет",97,"привязанность"
"привязанностях оставленных",97,"привязанность"
"нарциссическая привязанность",97,"привязанность"
"идрлабс тест на привязанность",97,"привязанность"
"символы привязанности",97,"привязанность"
"крепкая привязанность",97,"привязанность"
"как проработать избегающую привязанность",96,"привязанность"
"какие типы привязанности существуют",96,"привязанность"
"теория привязанности фильм",96,"привязанность"
"расслаблено вовлеченный тип привязанности",96,"привязанность"
"тест на привязанность uquiz",96,"привязанность"
"криттенден привязанность",96,"привязанность"
"заговор на любовь привязанность",96,"привязанность"
"больная привязанность это",96,"привязанность"
"какие есть типы привязанности в отношениях",96,"привязанность"
"риз исцеление травмы привязанности",96,"привязанность"
"привязанность в романтических отношениях",96,"привязанность"
"сердечная привязанность онлайн",95,"привязанность"
"анна возбуждает привязанность",95,"привязанность"
"анна возбуждающая привязанность",95,"привязанность"
"анна возбужденная привязанность",95,"привязанность"
"стабильная привязанность",95,"привязанность"
"как прорабатывать избегающий тип привязанности",95,"привязанность"
"мужчина без привязанностей",95,"привязанность"
"стремление к привязанности",95,"привязанность"
"окситоцин и привязанность",95,"привязанность"
"книга привязанность в жизни ребенка",95,"привязанность"
"глубокая привязанность дорама актеры",95,"привязанность"
"идрлабс тест на тип привязанности",95,"привязанность"
"тест на привязанность в отношениях онлайн",94,"привязанность"
"фильм про избегающий тип привязанности",94,"привязанность"
"про любовь и привязанность",94,"привязанность"
"тревожный тип привязанности расставание",94,"привязанность"
"теория привязанности чен",94,"привязанность"
"типы привязанности видео",94,"привязанность"
"признаки привязанности ребенка",94,"привязанность"
"тест на тип привязанности онлайн бесплатно",94,"привязанность"
"привязанность эйнсворт мэри",94,"привязанность"
"психологический тест на тип привязанности",93,"привязанность"
"сердечная привязанность смотреть онлайн",93,"привязанность"
"дезорганизованная тревожно избегающая привязанность",93,"привязанность"
"партнер с тревожным типом привязанности",93,"привязанность"
"виды привязанности в отношениях",93,"привязанность"
"принцип привязанности",93,"привязанность"
"когнитивная привязанность",92,"привязанность"
"как работать с типом привязанности",92,"привязанность"
"привязанность упражнения",92,"привязанность"
"любовь это сильное чувство привязанности",92,"привязанность"
"тест на тип привязанности uquiz",92,"привязанность"
"цикл привязанности",92,"привязанность"
"тест привязанности ребенка",92,"привязанность"
"избегающий тип привязанности бросить",92,"привязанность"
"книга тайная опора привязанность",92,"привязанность"
"теория привязанности боулби эйнсворт",92,"привязанность"
"контролирующая привязанность",92,"привязанность"
"ньюфелд теория привязанности",92,"привязанность"
"снимают привязанность",91,"привязанность"
"как формируется избегающая привязанность",91,"привязанность"
"что лучше привязанность или любовь",91,"привязанность"
"петрановская книги привязанность",91,"привязанность"
"привязанность детей раннего возраста",91,"привязанность"
"глаза глубокой привязанности",91,"привязанность"
"твой тип привязанности тест",90,"привязанность"
"поведение избегающего типа привязанности",90,"привязанность"
"расслаблено избегающий тип привязанности описание",90,"привязанность"
"тревожный тип привязанности кратко",90,"привязанность"
"привязанности список",90,"привязанность"
"как выглядит привязанность",90,"привязанность"
"общение с избегающим типом привязанности",90,"привязанность"
"как формируется избегающий тип привязанности",90,"привязанность"
"ваш тип привязанности тест",90,"привязанность"
"джон теория привязанностей фильм",90,"привязанность"
"фильм сердечная привязанность бесплатно",90,"привязанность"
"привязанность редка",90,"привязанность"
"деревня привязанности",89,"привязанность"
"привязанность суд",89,"привязанность"
"нежная привязанность",89,"привязанность"
"расставание и привязанность",89,"привязанность"
"сила привязанности книга",89,"привязанность"
"дезорганизованный избегающий тип привязанности",89,"привязанность"
"глубокая привязанность 4",89,"привязанность"
"привязанность животного к человеку",89,"привязанность"
"привязанность и принятие",89,"привязанность"
"быстрая привязанность к людям",89,"привязанность"
"сердечная привязанность на русском",89,"привязанность"
"низкая привязанность",89,"привязанность"
"привязанность новорожденного",88,"привязанность"
"онлайн фильм сердечная привязанность",88,"привязанность"
"смотреть онлайн фильм сердечная привязанность",88,"привязанность"
"детские травмы привязанности",88,"привязанность"
"онлайн тест на тип привязанности в отношениях",88,"привязанность"
"отдаляющийся тип привязанности",88,"привязанность"
"как понять тревожный тип привязанности",88,"привязанность"
"аромат привязанности лакорн",88,"привязанность"
"привязанность это кратко",88,"привязанность"
"вопросы для привязанности",88,"привязанность"
"уровни привязанности ребенка",87,"привязанность"
"тревожно избегающий тип привязанности почему",87,"привязанность"
"избегающе тревожный тип привязанности",87,"привязанность"
"интимная привязанность",87,"привязанность"
"тревожный тип привязанности ребенка",87,"привязанность"
"амир левин привязанность скачать",87,"привязанность"
"энни чен теория привязанности",87,"привязанность"
"привязанность ужасы",87,"привязанность"
"опросник стиля привязанности",86,"привязанность"
"что такое привязанность к человеку в отношениях",86,"привязанность"
"отношения с человеком тревожного типа привязанности",86,"привязанность"
"парни с тревожной привязанностью",86,"привязанность"
"привязанность к городу",85,"привязанность"
"дети без привязанности",85,"привязанность"
"спокойный тип привязанности",85,"привязанность"
"базовая привязанность",85,"привязанность"
"сила привязанности эмоционально фокусированная",85,"привязанность"
"эмоциональная привязанность женщины к женщине",85,"привязанность"
"как работать с избегающей привязанностью",85,"привязанность"
"кристина риз исцеление травмы привязанности",85,"привязанность"
"сколько проходит привязанность",84,"привязанность"
"платоническая привязанность",84,"привязанность"
"интервью привязанности",84,"привязанность"
"документальный фильм привязанность",84,"привязанность"
"привязанность к бывшей девушке",84,"привязанность"
"привязанность к телефону",84,"привязанность"
"привязанность к кому либо",84,"привязанность"
"как бороться с тревожной привязанностью",84,"привязанность"
"индийские фильм сердечная привязанность на русском",84,"привязанность"
"безопасный тип привязанности",83,"привязанность"
"привязанность википедия",83,"привязанность"
"парень с тревожным типом привязанности",83,"привязанность"
"привязанность к родственникам",83,"привязанность"
"как выйти из привязанности",83,"привязанность"
"избегающая привязанность в дружбе",83,"привязанность"
"арк привязанность 100",82,"привязанность"
"избегающая привязанность как бороться",82,"привязанность"
"развитие теории привязанности",82,"привязанность"
"вопросы на тип привязанности",82,"привязанность"
"психология любви и привязанности",82,"привязанность"
"дезориентированная привязанность",82,"привязанность"
"избегающее вовлеченный тип привязанности",82,"привязанность"
"феномен привязанности",82,"привязанность"
"развитие эмоциональной привязанности",82,"привязанность"
"как понять тип привязанности человека",82,"привязанность"
"привязанность к человеку после расставания",82,"привязанность"
"тест на определение привязанности в отношениях",82,"привязанность"
"нормальный тип привязанности",82,"привязанность"
"узнать тип привязанности тест",82,"привязанность"
"привязанность в буддизме",82,"привязанность"
"избегающий тип привязанности кратко",82,"привязанность"
"избегающий тип привязанности в дружбе",82,"привязанность"
"духовная привязанность к человеку",81,"привязанность"
"привязанность после любви",81,"привязанность"
"чем отличается избегающая привязанность",81,"привязанность"
"привязанность в переписке",81,"привязанность"
"смотреть бесплатно сердечная привязанность",81,"привязанность"
"привязанность в раннем возрасте",81,"привязанность"
"тест на вид привязанности",81,"привязанность"
"избегающая амбивалентная привязанность",81,"привязанность"
"любовь привязанность зависимость",80,"привязанность"
"привязанность ребенка с года",80,"привязанность"
"смотреть фильм бесплатно сердечная привязанность",80,"привязанность"
"арк привязанность дино",80,"привязанность"
"карта таро привязанность",80,"привязанность"
"совместимость типов привязанности",80,"привязанность"
"курсы привязанность",80,"привязанность"
"сердечная привязанность индийский фильм в хорошем",80,"привязанность"
"минусы привязанности",80,"привязанность"
"привязанность стихи",80,"привязанность"
"определение типа привязанности в отношениях",80,"привязанность"
"привязанность ислам",79,"привязанность"
"бриш нарушение привязанности",79,"привязанность"
"определение привязанности ребенка",79,"привязанность"
"тест на привязанность idrlabs на русском",79,"привязанность"
"цветок привязанности",79,"привязанность"
"онлайн фильмы индийские сердечная привязанность",79,"привязанность"
"сердечная привязанность индийский фильм смотреть онлайн",79,"привязанность"
"сердечная привязанность смотреть онлайн индийский",79,"привязанность"
"что такое привязанность к человеку простыми словами",79,"привязанность"
"нити привязанностей",79,"привязанность"
"привязанности психопата",79,"привязанность"
"автоспорт привязанность аккорды",79,"привязанность"
"тип привязанности эйнсворт",78,"привязанность"
"чувство привязанности к девушке",78,"привязанность"
"привязанность фрейд",78,"привязанность"
"привязанность брата и сестры",78,"привязанность"
"индия привязанность",78,"привязанность"
"сердечная привязанность индийский фильм бесплатно",78,"привязанность"
"привязанность читать онлайн бесплатно",78,"привязанность"
"жестокие привязанности",78,"привязанность"
"обычный тип привязанности",78,"привязанность"
"дезорганизованный тревожно избегающий тип привязанности",78,"привязанность"
"как вылечить привязанность",78,"привязанность"
"нарцисс с избегающим типом привязанности",78,"привязанность"
"женская привязанность",78,"привязанность"
"любовь привязанность страсть",77,"привязанность"
"песня о привязанности автоспорт аккорды",77,"привязанность"
"тревожная привязанность в дружбе",77,"привязанность"
"фото привязанности",77,"привязанность"
"сердечная привязанность в хорошем качестве",77,"привязанность"
"человеческая привязанность",77,"привязанность"
"тест привязанности чен",77,"привязанность"
"надежный тип привязанности какой",77,"привязанность"
"сладкая привязанность",77,"привязанность"
"зависимый тип привязанности",77,"привязанность"
"привязанность 2024",77,"привязанность"
"одиночество и привязанность",77,"привязанность"
"как справиться с тревожной привязанностью",77,"привязанность"
"как пишется привязанность",77,"привязанность"
"как работать с избегающим типом привязанности",77,"привязанность"
"доброта и привязанность",77,"привязанность"
"кернс привязанность",77,"привязанность"
"отказываться от привязанностей",77,"привязанность"
"привязанность у взрослых книга",76,"привязанность"
"язык привязанности тест",76,"привязанность"
"привязанность змеи",76,"привязанность"
"невротическая привязанность",76,"привязанность"
"типы травм привязанности",76,"привязанность"
"работа с типом привязанности",76,"привязанность"
"отсутствующая привязанность",76,"привязанность"
"привязанность разбор",76,"привязанность"
"признаки привязанности в отношениях у мужчины",76,"привязанность"
"приворот на привязанность",76,"привязанность"
"тип привязанности тест idrlabs на русском",76,"привязанность"
"нарциссический тип привязанности",76,"привязанность"
"тревожная привязанность в отношениях тест",75,"привязанность"
"привязанность женщины к другой женщине",75,"привязанность"
"избегающий стиль привязанности",75,"привязанность"
"привязанность к бывшему парню",75,"привязанность"
"скачать фильм привязанность",75,"привязанность"
"код привязанности",75,"привязанность"
"агрессивная привязанность",75,"привязанность"
"что значит эмоциональная привязанность",75,"привязанность"
"тест на привязанность в отношениях idrlabs",75,"привязанность"
"отсутствуют привязанности",75,"привязанность"
"как телец показывает привязанность",75,"привязанность"
"признаки привязанности к человеку",74,"привязанность"
"жгучая привязанность мини дорама",74,"привязанность"
"как называется сильная привязанность к человеку",74,"привязанность"
"глубокая привязанность 1 сезон",74,"привязанность"
"привязанность эйнсворт и боулби",74,"привязанность"
"искаженная привязанность алина ян",74,"привязанность"
"привязанность объяснение",74,"привязанность"
"тест на тип привязанности в отношениях idrlabs",74,"привязанность"
"психология избегающего типа привязанности",74,"привязанность"
"амир левин рэйчел хеллер привязанность читать",74,"привязанность"
"тревожный тип привязанности в дружбе",74,"привязанность"
"привязанность раков",74,"привязанность"
"сколько длится привязанность",74,"привязанность"
"цвет привязанности",74,"привязанность"
"тревожный стиль привязанности",74,"привязанность"
"привязанность правило",73,"привязанность"
"эмоционально избегающий тип привязанности",73,"привязанность"
"кризис привязанности",73,"привязанность"
"привязанность к игрушке",73,"привязанность"
"тест на тип привязанности пройти онлайн",73,"привязанность"
"человек не имеющий привязанностей",73,"привязанность"
"мужчина избегающий тип привязанности что делать",73,"привязанность"
"что означает тип привязанности",73,"привязанность"
"когда пройдет привязанность",73,"привязанность"
"как описать привязанность",73,"привязанность"
"что обозначает привязанность",73,"привязанность"
"молитва от привязанности",73,"привязанность"
"амбивалентная привязанность ребенка",73,"привязанность"
"жгучая привязанность дорама все серии",73,"привязанность"
"привязанность хорошо или плохо",73,"привязанность"
"установленная привязанность",72,"привязанность"
"отстраняющаяся привязанность",72,"привязанность"
"отношения между типами привязанности",72,"привязанность"
"подходим друг другу книга теория привязанности",72,"привязанность"
"опросник привязанности к родителям",72,"привязанность"
"три типа привязанности",72,"привязанность"
"опасные привязанности",72,"привязанность"
"привязанность близнецов",72,"привязанность"
"тест на определение типа привязанности в отношениях",72,"привязанность"
"сердечная привязанность смотреть на русском",72,"привязанность"
"глубокая привязанность 1 сезон 1 серия",72,"привязанность"
"избегающий тип привязанности друг",72,"привязанность"
"прекрасная привязанность",72,"привязанность"
"теория привязанности гордона",72,"привязанность"
"как жить с избегающим типом привязанности",72,"привязанность"
"как проявляется тревожная привязанность",72,"привязанность"
"ии привязанность",72,"привязанность"
"почему сильная привязанность к человеку",72,"привязанность"
"примеры типов привязанности",72,"привязанность"
"глубокая привязанность 4 серия",72,"привязанность"
"тяжелый тип привязанности",71,"привязанность"
"сила привязанности скачать",71,"привязанность"
"привязанность ребенка к отцу",71,"привязанность"
"привязанность к человеку книга",71,"привязанность"
"стили привязанности в отношениях",71,"привязанность"
"привязанность к бабушке",71,"привязанность"
"душевная привязанность это",71,"привязанность"
"типы привязанности в отношениях книга",71,"привязанность"
"концепция привязанности",71,"привязанность"
"гормон привязанности у мужчин",71,"привязанность"
"здоровые отношения и привязанность",71,"привязанность"
"привязанность фильм трейлер",71,"привязанность"
"смотреть хорошие индийские фильмы сердечная привязанность",71,"привязанность"
"привязанность ума",71,"привязанность"
"привязанность собаки к человеку",71,"привязанность"
"бриш терапия нарушений привязанности",71,"привязанность"
"терапия привязанности бриш",71,"привязанность"
"фобия привязанности",71,"привязанность"
"большая привязанность к человеку",70,"привязанность"
"опросник на тип привязанности",70,"привязанность"
"глубокая привязанность 5",70,"привязанность"
"психическое расстройство привязанности",70,"привязанность"
"освободиться привязанности",70,"привязанность"
"привязанность интровертов",70,"привязанность"
"как формируется тревожная привязанность",70,"привязанность"
"тревожный тип привязанности персонажи",70,"привязанность"
"психология привязанности ребенка",70,"привязанность"
"как любят с избегающим типом привязанности",70,"привязанность"
"типа привязанности ясно",70,"привязанность"
"5 типов привязанности",70,"привязанность"
"как влюбляется избегающий тип привязанности",70,"привязанность"
"стабильный тип привязанности",70,"привязанность"
"как отличить любовь от привязанности к человеку",69,"привязанность"
"надежные отношения вопреки тревожной привязанности",69,"привязанность"
"привязанность в браке",69,"привязанность"
"как отпустить привязанность к человеку",69,"привязанность"
"сердечная привязанность индийский фильм смотреть бесплатно",69,"привязанность"
"освобождение от привязанности",69,"привязанность"
"как общаться с тревожной привязанностью",69,"привязанность"
"тревожно избегающая привязанность как избавиться",69,"привязанность"
"как распознать привязанность",69,"привязанность"
"тест на тревожный тип привязанности в отношениях",69,"привязанность"
"как избавиться от привязанности к мужчине",69,"привязанность"
"днд идеалы привязанности",69,"привязанность"
"странная привязанность",69,"привязанность"
"привязанность карл бриш",69,"привязанность"
"ненавижу привязанность",69,"привязанность"
"тревожный тип привязанности как проявляется",68,"привязанность"
"сильная привязанность к мужчине",68,"привязанность"
"эмоционально психическая привязанность",68,"привязанность"
"тип привязанности чен",68,"привязанность"
"тест на тип привязанности боулби",68,"привязанность"
"тревожно избегающий тип привязанности это простыми",68,"привязанность"
"как узнать свой тип привязанности",68,"привязанность"
"ищущий тип привязанности",68,"привязанность"
"чувство привязанности к родине",68,"привязанность"
"ненадежный тип привязанности",68,"привязанность"
"как бороться с тревожным типом привязанности",67,"привязанность"
"книги про тревожную привязанность",67,"привязанность"
"депрессия и привязанность",67,"привязанность"
"шкала кернса привязанность",67,"привязанность"
"тип привязанности в парах",67,"привязанность"
"типы привязанности в паре",67,"привязанность"
"привязанность скорпиона",67,"привязанность"
"джон документальный фильм теория привязанности",67,"привязанность"
"документальные фильмы теория привязанности",67,"привязанность"
"привязанность пиковых",67,"привязанность"
"формирование эмоциональной привязанности",67,"привязанность"
"осталась привязанность к бывшей",67,"привязанность"
"избегающий тип привязанности изменяет",67,"привязанность"
"изменить избегающий тип привязанности",67,"привязанность"
"опора и привязанность",67,"привязанность"
"привязанность у взрослых микулинджер",66,"привязанность"
"глубокая привязанность 2 серия озвучка",66,"привязанность"
"типы привязанности коротко",66,"привязанность"
"тревожное расстройство привязанности",66,"привязанность"
"существует ли привязанность",66,"привязанность"
"избегающий тип привязанности видео",66,"привязанность"
"искренняя привязанность дорама",66,"привязанность"
"шкала привязанности баркан",66,"привязанность"
"глаза глубокой привязанности дорама",66,"привязанность"
"симбиотическая привязанность",66,"привязанность"
"гормон любви и привязанности",66,"привязанность"
"сердечная привязанность песни",66,"привязанность"
"как общаться с тревожным типом привязанности",66,"привязанность"
"привязанность к контакту",65,"привязанность"
"гормон отвечающий за привязанность",65,"привязанность"
"созависимая привязанность",65,"привязанность"
"тест на тип привязанности ecr",65,"привязанность"
"арк детеныши привязанность",65,"привязанность"
"как формируется тревожный тип привязанности",65,"привязанность"
"смотреть сердечная привязанность в хорошем качестве",65,"привязанность"
"формирование типов привязанности",65,"привязанность"
"отношение и привязанность ребенка к родителям",65,"привязанность"
"привязанность как проверить",65,"привязанность"
"привязанность по возрастам",65,"привязанность"
"задачи привязанности",64,"привязанность"
"эмоциональная привязанность девушки",64,"привязанность"
"тревожно избегающий тип привязанности парней",64,"привязанность"
"тревожно избегающий тип привязанности это простыми словами",64,"привязанность"
"избегающей привязанности тип личности",64,"привязанность"
"страх привязанности в отношениях",64,"привязанность"
"как исправить привязанность",64,"привязанность"
"знак привязанности смотреть",64,"привязанность"
"привязанность перевод",64,"привязанность"
"безопасная привязанность ребенка",64,"привязанность"
"через сколько проходит привязанность",64,"привязанность"
"девушка с избегающим типом привязанности в отношениях",64,"привязанность"
"сердечная привязанность смотреть онлайн бесплатно",64,"привязанность"
"фильм сердечная привязанность смотреть онлайн бесплатно",64,"привязанность"
"привязанность кошки к человеку",64,"привязанность"
"искаженная привязанность читать",64,"привязанность"
"книги про тревожный тип привязанности",64,"привязанность"
"тест на привязанность к человеку в дружбе",64,"привязанность"
"глубокая привязанность 3 серия",64,"привязанность"
"избегающая привязанность как общаться с человеком",64,"привязанность"
"привязанность к цели",64,"привязанность"
"лечим тревожную привязанность",64,"привязанность"
"какой тип привязанности у человека",64,"привязанность"
"тревожно избегающая привязанность амбивалентная",64,"привязанность"
"attachment привязанность",63,"привязанность"
"привязанность 2025 актеры",63,"привязанность"
"причины тревожной привязанности",63,"привязанность"
"привязанный тип привязанности",63,"привязанность"
"схема привязанности",63,"привязанность"
"отстраненная привязанность",63,"привязанность"
"наука привязанности",63,"привязанность"
"эмоциональная привязанность что делать",63,"привязанность"
"худший тип привязанности",63,"привязанность"
"высокий уровень привязанности",63,"привязанность"
"привязанность амир левин рейчел хеллер",63,"привязанность"
"сильная привязанность ребенка к матери",63,"привязанность"
"очень сильная привязанность к человеку",62,"привязанность"
"привязанность ребенка к каждому из родителей",62,"привязанность"
"тревожность тип привязанности",62,"привязанность"
"болезненная привязанность к человеку",62,"привязанность"
"глубокая привязанность дорама все серии подряд",62,"привязанность"
"типы детской привязанности",62,"привязанность"
"как строить отношения с тревожным типом привязанности",62,"привязанность"
"дж боулби м эйнсворт привязанности",62,"привязанность"
"отличие любви от привязанности",62,"привязанность"
"привязанность к папе",62,"привязанность"
"привязанность избегающая тревожно надежная и",62,"привязанность"
"привязанности отдать",62,"привязанность"
"потребность и привязанность ребенка",62,"привязанность"
"привязанность к коллеге",62,"привязанность"
"тест на уровень привязанности",61,"привязанность"
"сердечная привязанность индия",61,"привязанность"
"шкала кернс надежности привязанности",61,"привязанность"
"привязанность и утрата",61,"привязанность"
"тревожно изменяющий тип привязанности",61,"привязанность"
"болби привязанности",61,"привязанность"
"как происходит привязанность",61,"привязанность"
"работа с травмой привязанности",61,"привязанность"
"плюсы привязанности",61,"привязанность"
"вовлечено избегающая привязанность",61,"привязанность"
"роман привязанность",61,"привязанность"
"контролирующий тип привязанности",61,"привязанность"
"нездоровая привязанность к человеку это",61,"привязанность"
"небезопасная привязанность",61,"привязанность"
"возвращается ли избегающий тип привязанности",60,"привязанность"
"про типы привязанности в отношениях",60,"привязанность"
"типы привязанности в отношениях тест онлайн бесплатно",60,"привязанность"
"здоровая привязанность это",60,"привязанность"
"тип привязанности к друзьям",60,"привязанность"
"не привязанность ни к чему",60,"привязанность"
"эффективная привязанность",60,"привязанность"
"объятия привязанность",60,"привязанность"
"психолог избегающий тип привязанности",60,"привязанность"
"глубокая привязанность дорама на русском",60,"привязанность"
"глубокая привязанность дорама 4",60,"привязанность"
"как избавиться от эмоциональной привязанности к человеку",60,"привязанность"
"привязанность с точки зрения психологии",60,"привязанность"
"типы привязанности в семье",60,"привязанность"
"привязанность фильм сюжет",60,"привязанность"
"глубокая привязанность 5 серия",60,"привязанность"
"манипуляция привязанностью",60,"привязанность"
"виды привязанности ребенка",60,"привязанность"
"тревожный тип привязанности причины",60,"привязанность"
"привязанность к виртуальному помощнику алисе",60,"привязанность"
"амбивалентно избегающий тип привязанности",59,"привязанность"
"привязанность у взрослых марио микулинджер",59,"привязанность"
"тест на привязанность quiz",59,"привязанность"
"привязанности в жизни ребенка читать",59,"привязанность"
"привязанность к учителю",59,"привязанность"
"тест на тип привязанности чен",59,"привязанность"
"цитаты о привязанности",59,"привязанность"
"привязанность к партнеру в отношениях",59,"привязанность"
"озабоченная привязанность",59,"привязанность"
"деструктивная привязанность",59,"привязанность"
"психология про привязанность",59,"привязанность"
"книга тайная опора привязанность в жизни",59,"привязанность"
"волк не может скрывать свою привязанность",59,"привязанность"
"признаки тревожного типа привязанности в отношениях",59,"привязанность"
"тревожная привязанность в отношениях признаки",59,"привязанность"
"привязанность и сепарация чубаров",59,"привязанность"
"как избавиться от привязанности от женщины",59,"привязанность"
"тест привязанности ясно",59,"привязанность"
"подростковая привязанность",59,"привязанность"
"синдром привязанности жертвы",58,"привязанность"
"дофаминовая привязанность",58,"привязанность"
"холодный тип привязанности",58,"привязанность"
"дикая привязанность",58,"привязанность"
"тест привязанности ру",58,"привязанность"
"иллюзия привязанности",58,"привязанность"
"знак привязанности аниме смотреть",58,"привязанность"
"назовите типы привязанности",58,"привязанность"
"эмоциональная привязанность к родителям",58,"привязанность"
"временная привязанность",58,"привязанность"
"книга про привязанность в отношениях",58,"привязанность"
"это привязанность самозабвение",58,"привязанность"
"привязанность гештальт",58,"привязанность"
"козолино нейробиология привязанности",57,"привязанность"
"люди с надежным типом привязанности",57,"привязанность"
"ритуалы привязанности",57,"привязанность"
"сайт привязанность",57,"привязанность"
"как избавится от чувства привязанности",57,"привязанность"
"типы привязанности подробно",57,"привязанность"
"дорама глубокая привязанность 2 серия русская озвучка",57,"привязанность"
"тесная привязанность",57,"привязанность"
"шкала привязанности к членам семьи",57,"привязанность"
"привязанность эзотерика",57,"привязанность"
"тест на тип привязанности quiz",57,"привязанность"
"привязанность 2026 смотреть онлайн бесплатно",57,"привязанность"
"тревожный тип привязанности психолог",57,"привязанность"
"привязанность и раннее развитие",57,"привязанность"
"символ любви и привязанности",57,"привязанность"
"детство избегающего типа привязанности",57,"привязанность"
"тревожный тип привязанности справиться",57,"привязанность"
"дорама глубокая привязанность 4 серия",56,"привязанность"
"стадии разрушения привязанности",56,"привязанность"
"вредная привязанность",56,"привязанность"
"избегающий тип привязанности избегает встреч",56,"привязанность"
"привязанность тайная опора читать",56,"привязанность"
"владислав чубаров привязанность и сепарация",56,"привязанность"
"была ли у елены привязанность к деймону",56,"привязанность"
"избегающий тип привязанности после отношений",56,"привязанность"
"как расстаются типы привязанностей",56,"привязанность"
"привязанность торрент",56,"привязанность"
"на чем основана привязанность",56,"привязанность"
"дезориентированный тип привязанности",56,"привязанность"
"привязанность к маме в год",56,"привязанность"
"тип привязанности к родителям",56,"привязанность"
"диагностика привязанности ребенка",56,"привязанность"
"тревожный тип привязанности после расставания",56,"привязанность"
"экспертиза привязанности ребенка к родителям",56,"привязанность"
"привязанность и эмоциональная зависимость",56,"привязанность"
"теория привязанности м эйнсворт",55,"привязанность"
"тревожно озабоченная привязанность",55,"привязанность"
"сильная привязанность к родителям",55,"привязанность"
"озабоченный тип привязанности",55,"привязанность"
"привязанность фильм 2025 актеры",55,"привязанность"
"автор теории привязанности",55,"привязанность"
"основные типы привязанности",55,"привязанность"
"видимая привязанность собаки к хозяину 7",55,"привязанность"
"нейробиология привязанности луис козолино",55,"привязанность"
"физиологическая привязанность",55,"привязанность"
"шкала привязанности ребенка к семье",55,"привязанность"
"избегающий тип привязанности характеристика",55,"привязанность"
"как убрать тревожную привязанность",55,"привязанность"
"привязанность у взрослых книга марио микулинджер",55,"привязанность"
"что делают люди с избегающим типом привязанности",55,"привязанность"
"каким образом формируется привязанность между ребенком",55,"привязанность"
"привязанность патриция криттенден",55,"привязанность"
"устойчивый тип привязанности",54,"привязанность"
"эмоциональная привязанность к матери",54,"привязанность"
"особенности привязанность ребенка",54,"привязанность"
"избегающий тип привязанности на английском",54,"привязанность"
"контрзависимая привязанность",54,"привязанность"
"несмотря на привязанность",54,"привязанность"
"тайная опора привязанность в жизни ребенка читать",54,"привязанность"
"тайная опора привязанность в жизни читать",54,"привязанность"
"динамическая привязанность",54,"привязанность"
"типы привязанности статья",54,"привязанность"
"половая привязанность",54,"привязанность"
"сильная привязанность к человеку что делать",54,"привязанность"
"отсутствие привязанности к людям",54,"привязанность"
"про тревожно избегающий тип привязанности",54,"привязанность"
"привязанность без чувств",54,"привязанность"
"пропадающий тип привязанности",54,"привязанность"
"сильная привязанность к женщине",54,"привязанность"
"опросник взрослой привязанности",54,"привязанность"
"глубокая привязанность дорама софтбокс",54,"привязанность"
"надежный тип привязанности тест",54,"привязанность"
"что значит тревожно избегающая привязанность",54,"привязанность"
"фильм привязанность 2026 смотреть онлайн бесплатно",53,"привязанность"
"эмоциональная привязанность мужчины к женщине",53,"привязанность"
"для чего нужна привязанность",53,"привязанность"
"окситоциновая привязанность",53,"привязанность"
"сильная привязанность к парню",53,"привязанность"
"как формируется привязанность мужчины",53,"привязанность"
"проявление любви привязанности",53,"привязанность"
"проявление привязанности ребенка",53,"привязанность"
"самостоятельный тип привязанности",53,"привязанность"
"секс без привязанности",53,"привязанность"
"расслаблено тревожный тип привязанности",53,"привязанность"
"дзен привязанность",53,"привязанность"
"практика от привязанности",53,"привязанность"
"динамическая модель привязанности",53,"привязанность"
"современные теории привязанности",53,"привязанность"
"как отличить типы привязанности",53,"привязанность"
"тревожный тип привязанности на английском",53,"привязанность"
"тревожно озабоченный тип привязанности",53,"привязанность"
"как называется чувство привязанности",53,"привязанность"
"голубая привязанность",53,"привязанность"
"теория привязанности дж боулби м эйнсворт",53,"привязанность"
"тип привязанности джона боулби",53,"привязанность"
"привязанность к родному дому",53,"привязанность"
"тест на тип привязанности ясно",53,"привязанность"
"как назвать привязанность к человеку",53,"привязанность"
"теория привязанности читать онлайн",53,"привязанность"
"привязанности статусы",53,"привязанность"
"черты характера идеалы привязанности слабости",53,"привязанность"
"отстраняющийся тип привязанности",52,"привязанность"
"на что влияет привязанность",52,"привязанность"
"привязанность сканворд",52,"привязанность"
"дезорганизованная привязанность ребенка",52,"привязанность"
"сильная привязанность слово",52,"привязанность"
"привязанность зависимость как избавиться",52,"привязанность"
"психотерапия избегающей привязанности книга",52,"привязанность"
"страстная привязанность",52,"привязанность"
"исключительная привязанность",52,"привязанность"
"чувство искренней привязанности",52,"привязанность"
"теория привязанности книга читать",52,"привязанность"
"стадии разрушения привязанности проходят",52,"привязанность"
"можно изменить тип привязанности",52,"привязанность"
"тревожный тип привязанности помогите",52,"привязанность"
"как бороться с избегающим типом привязанности",52,"привязанность"
"привязанность affection",52,"привязанность"
"люблю или привязанность тест",51,"привязанность"
"ошо привязанность",51,"привязанность"
"как называется эмоциональная привязанность",51,"привязанность"
"эмоциональная привязанность в семье",51,"привязанность"
"что значит избегающий тип привязанности в отношениях",51,"привязанность"
"привязанность боулби читать",51,"привязанность"
"что значит тревожно избегающий тип привязанности",51,"привязанность"
"тайная привязанность онлайн",51,"привязанность"
"привязанности души человека",51,"привязанность"
"жгучая привязанность дорама с русской озвучкой",51,"привязанность"
"ненормальная привязанность",51,"привязанность"
"связь типа привязанности с",51,"привязанность"
"дезорганизованный амбивалентный тип привязанности",51,"привязанность"
"чего боится избегающий тип привязанности",51,"привязанность"
"терапия травм привязанности",51,"привязанность"
"как человек проявляет привязанность",51,"привязанность"
"как избавиться от тревожно избегающего типа привязанности",51,"привязанность"
"здоровая привязанность ребенка",51,"привязанность"
"привязанность к земле",51,"привязанность"
"как называется синдром привязанности",51,"привязанность"
"надежная привязанность признаки",50,"привязанность"
"земные привязанности",50,"привязанность"
"глубокая привязанность фильм",50,"привязанность"
"как преодолеть привязанность",50,"привязанность"
"привязанность к бывшему мужу",50,"привязанность"
"привязанность к общению с человеком",50,"привязанность"
"как проявляется тревожно избегающая привязанность",50,"привязанность"
"тревожно избегающий тип привязанности как проявляется",50,"привязанность"
"как справиться с привязанностью к человеку",50,"привязанность"
"зрелая привязанность",50,"привязанность"
"детско родительская привязанность",50,"привязанность"
"как жить с тревожной привязанностью",50,"привязанность"
"безусловная привязанность",50,"привязанность"
"привязанность к каплям",50,"привязанность"
"возникновение привязанности",50,"привязанность"
"нарушенная привязанность ребенка",50,"привязанность"
"шкала кернс надежности привязанности ребенка",50,"привязанность"
"как понять какой у тебя тип привязанности",50,"привязанность"
"6 уровней привязанностей",50,"привязанность"
"сильная привязанность к мужу",50,"привязанность"
"привязанность к алкоголю",49,"привязанность"
"виды избегающего типа привязанности",49,"привязанность"
"надежная привязанность партнеров",49,"привязанность"
"привязанность характеризует",49,"привязанность"
"избегающая привязанность у мужчины что делать",49,"привязанность"
"как проявляется привязанность к человеку",49,"привязанность"
"отстраненный тип привязанности",49,"привязанность"
"исчезающий тип привязанности",49,"привязанность"
"различные типы привязанности",49,"привязанность"
"тест на стиль привязанности хазар",49,"привязанность"
"алгоритм разрушения привязанности",49,"привязанность"
"стадии разрушения привязанности алгоритм",49,"привязанность"
"привязанность мужчины после секса",49,"привязанность"
"как лечить тревожный тип привязанности",49,"привязанность"
"привязанность как разрушить",49,"привязанность"
"3 теория привязанности",49,"привязанность"
"привязанность детей 4 года",49,"привязанность"
"как жить с тревожным типом привязанности",49,"привязанность"
"интервью взрослой привязанности",49,"привязанность"
"как определить избегающий тип привязанности",49,"привязанность"
"проблема привязанности детей",49,"привязанность"
"страх привязанности к людям",49,"привязанность"
"цикл формирования привязанности",48,"привязанность"
"методика шкала привязанности",48,"привязанность"
"сила привязанности сью джонсон скачать",48,"привязанность"
"моральная привязанность",48,"привязанность"
"сильная привязанность к девушке",48,"привязанность"
"интернет привязанность",48,"привязанность"
"чему ведет привязанность",48,"привязанность"
"избегающее расстройство привязанности",48,"привязанность"
"как понять привязанность или любовь к человеку",48,"привязанность"
"особенности избегающего типа привязанности",48,"привязанность"
"тревожно отвергающая привязанность",48,"привязанность"
"стадии разрушения привязанности проходят по следующему",48,"привязанность"
"стадии разрушения привязанности проходят по следующему алгоритму",48,"привязанность"
"как понять эмоциональная привязанность",48,"привязанность"
"что значит аффективная привязанность",48,"привязанность"
"тип привязанности т",48,"привязанность"
"какой лучший тип привязанности",48,"привязанность"
"книги про привязанность психология",48,"привязанность"
"сильная привязанность ребенка к маме",48,"привязанность"
"л петрановской тайна привязанности",48,"привязанность"
"функции привязанности",48,"привязанность"
"мэри эйнсворт теория привязанности",48,"привязанность"
"типы привязанности мем",48,"привязанность"
"боулби привязанность скачать",48,"привязанность"
"привязанность больше чем любовь",48,"привязанность"
"привязанность взрослого к матери",48,"привязанность"
"привязанность аутизма",48,"привязанность"
"тревожная привязанность совместимость",48,"привязанность"
"тревожный тип привязанности совместимость",48,"привязанность"
"фильм ужасов привязанность",47,"привязанность"
"фрейли привязанность",47,"привязанность"
"больной тип привязанности",47,"привязанность"
"шкала привязанности к родителям",47,"привязанность"
"твоя любовь привязанность",47,"привязанность"
"педагогическая привязанность",47,"привязанность"
"привязанность какая потребность",47,"привязанность"
"расслабленно тревожный избегающий тип привязанности",47,"привязанность"
"тик привязанности",47,"привязанность"
"как побороть привязанность к человеку",47,"привязанность"
"привязанность собаки к хозяину 7 букв",47,"привязанность"
"эмоциональная привязанность родителей и детей",47,"привязанность"
"культурная привязанность",47,"привязанность"
"манга губительная привязанность",47,"привязанность"
"тест на стиль привязанности шейвер",47,"привязанность"
"тревожно отвергающий тип привязанности",47,"привязанность"
"как справиться с тревожной привязанностью в отношениях",47,"привязанность"
"драма глубокая привязанность",47,"привязанность"
"психологическая привязанность ребенка к родителю",47,"привязанность"
"как повысить привязанность в арк",47,"привязанность"
"бриш теория привязанностей",46,"привязанность"
"прл и тип привязанности",46,"привязанность"
"как проработать тревожно избегающая привязанность",46,"привязанность"
"тревожно избегающий тип привязанности как проработать",46,"привязанность"
"книга про типы привязанности в отношениях",46,"привязанность"
"шкала привязанности ребенка к родителям",46,"привязанность"
"uquiz привязанности какой",46,"привязанность"
"какой тип привязанности uquiz",46,"привязанность"
"навязчивый тип привязанности",46,"привязанность"
"psytest тип привязанности",46,"привязанность"
"признаться в привязанности",46,"привязанность"
"привязанность 6 букв",46,"привязанность"
"как изменить тревожную привязанность",46,"привязанность"
"гордон ньюфелд привязанность",46,"привязанность"
"что значит чувство привязанности",46,"привязанность"
"теория привязанности аудиокнига",46,"привязанность"
"избегающий тип привязанности пропал",46,"привязанность"
"как помочь избегающему типу привязанности",46,"привязанность"
"можно ли изменить тип привязанности",46,"привязанность"
"гордость и привязанность",46,"привязанность"
"привязанность приемного родителя",46,"привязанность"
"любить без привязанности",46,"привязанность"
"исцелите тревожную привязанность",46,"привязанность"
"привязанность мужа к жене",46,"привязанность"
"типы привязанности b17",45,"привязанность"
"типы привязанности в отношениях взрослых",45,"привязанность"
"определение привязанности к родителям",45,"привязанность"
"образование привязанности",45,"привязанность"
"привязанность 2021",45,"привязанность"
"привязанность к взрослому человеку",45,"привязанность"
"что нужно избегающему типу привязанности",45,"привязанность"
"терапия привязанности книга",45,"привязанность"
"привязанность обучение",45,"привязанность"
"психолог по привязанности",45,"привязанность"
"есть ли у кошек привязанность",45,"привязанность"
"терапия основанная на привязанности",45,"привязанность"
"шкала надежности привязанности ребенка к родителям",45,"привязанность"
"почему формируется привязанность",45,"привязанность"
"глубокая привязанность мужчины",45,"привязанность"
"книга сила привязанности сью джонсон",45,"привязанность"
"скрытый тип привязанности",45,"привязанность"
"агрессивный тип привязанности",45,"привязанность"
"привязанность православие",45,"привязанность"
"привязанность в психотерапии уоллин",45,"привязанность"
"квиз привязанность",45,"привязанность"
"отсутствие эмоциональных привязанностей",45,"привязанность"
"синдром привязанности к человеку",45,"привязанность"
"привязанность до какого возраста",44,"привязанность"
"тревожный тип привязанности описание",44,"привязанность"
"тест на стиль привязанности хазар шейвер",44,"привязанность"
"привязанность кота к хозяину",44,"привязанность"
"привязанность к музыке",44,"привязанность"
"привязанность к людям цитаты",44,"привязанность"
"губительная привязанность читать",44,"привязанность"
"избегающая травма привязанности",44,"привязанность"
"тревожно избегающая привязанность книги",44,"привязанность"
"признаки нарушения привязанности",44,"привязанность"
"пример избегающей привязанности",44,"привязанность"
"теория привязанности купить",44,"привязанность"
"мужчина избегает привязанности форум",44,"привязанность"
"привязанность взрослых шейвер",44,"привязанность"
"смешанный тип привязанности",44,"привязанность"
"персонажи с избегающим типом привязанности",44,"привязанность"
"шкала привязанности к родителям кернс",44,"привязанность"
"теория привязанности взрослые",44,"привязанность"
"дэвид уоллин привязанность в психотерапии",44,"привязанность"
"пул хеллер теория привязанности",44,"привязанность"
"амир левин рэйчел хеллер привязанность скачать",44,"привязанность"
"критерии привязанности",44,"привязанность"
"квиз тип привязанности",44,"привязанность"
"как наладить привязанность",43,"привязанность"
"тревожный тип привязанности поведение",43,"привязанность"
"днд черты характера идеалы привязанности",43,"привязанность"
"теория привязанности петрановская",43,"привязанность"
"заболевания привязанность",43,"привязанность"
"определение привязанности ребенка к родителям",43,"привязанность"
"книга привязанность амир левин скачать",43,"привязанность"
"глубокая привязанность 2025",43,"привязанность"
"глубокая привязанность дорама 2025",43,"привязанность"
"эмоциональная привязанность книги",43,"привязанность"
"тревожный тип привязанности как построить отношения",43,"привязанность"
"привязанность у взрослых структура динамика",43,"привязанность"
"как исправить тип привязанности",43,"привязанность"
"диана пул хеллер теория привязанности",43,"привязанность"
"теория привязанности диана пул",43,"привязанность"
"шкала кернс надежности привязанности ребенка к родителям",43,"привязанность"
"л в петрановская привязанность тайная опора",43,"привязанность"
"петрановскую л привязанность в жизни ребенка",43,"привязанность"
"привязанность в жизни ребенка л",43,"привязанность"
"как человек выражает привязанность",43,"привязанность"
"привязанность короля дорама",43,"привязанность"
"любовь измеряется мерой прощения привязанность",43,"привязанность"
"типы привязанности в отношениях кратко",43,"привязанность"
"жизнь без привязанности",43,"привязанность"
"чувство привязанности к родным",43,"привязанность"
"как работает привязанность к человеку",42,"привязанность"
"привязанность любовника",42,"привязанность"
"книга людмила петрановская привязанность",42,"привязанность"
"что сильнее любовь или привязанность",42,"привязанность"
"окситоцин гормон любви и привязанности",42,"привязанность"
"привязанность это большой текст",42,"привязанность"
"привязанность в жизни ребенка скачать",42,"привязанность"
"сила привязанности читать",42,"привязанность"
"как убрать тревожный тип привязанности",42,"привязанность"
"надежный тип привязанности мужчины",42,"привязанность"
"теория привязанности кратко",42,"привязанность"
"потребности привязанности в любви",42,"привязанность"
"арк настройка привязанности",42,"привязанность"
"эмоциональная привязанность это в психологии",42,"привязанность"
"теория привязанности книга скачать",42,"привязанность"
"глубокая привязанность дорама 3 серия",42,"привязанность"
"сильная привязанность к жене",42,"привязанность"
"ark survival evolved привязанность",42,"привязанность"
"исследование типов привязанности",42,"привязанность"
"карта взрослой привязанности",42,"привязанность"
"интроверт с избегающим типом привязанности",42,"привязанность"
"привязанность слушать онлайн",42,"привязанность"
"психология травматическая привязанность",42,"привязанность"
"привязанность у взрослых структура динамика и изменения",42,"привязанность"
"привязанность к родителям тест",42,"привязанность"
"привязанность фильм 2024",42,"привязанность"
"избегающий тип привязанности как справиться",42,"привязанность"
"чем отличается тревожный тип привязанности от избегающего",42,"привязанность"
"избегающий тип привязанности вернется ли",41,"привязанность"
"тест на тип привязанности вопросы",41,"привязанность"
"привязанность домашних животных",41,"привязанность"
"2 избегающих типа привязанности",41,"привязанность"
"привязанность женатого мужчины",41,"привязанность"
"привязанность женщины после секса",41,"привязанность"
"не смотря на привязанность",41,"привязанность"
"дефицит привязанности",41,"привязанность"
"избегающий тип привязанности когда влюблен",41,"привязанность"
"избегающий тип привязанности ast academy",41,"привязанность"
"привязанность скачать торрент",41,"привязанность"
"как изменить тревожный тип привязанности",41,"привязанность"
"привязанность тайная опора скачать",41,"привязанность"
"тайная опора привязанность в жизни ребенка скачать",41,"привязанность"
"тайная опора привязанность в жизни скачать",41,"привязанность"
"тайная привязанность в жизни ребенка скачать",41,"привязанность"
"тайная привязанность скачать",41,"привязанность"
"излишняя привязанность",41,"привязанность"
"безопасная привязанность это",41,"привязанность"
"зависимость и привязанность к человеку",41,"привязанность"
"гормон чувства привязанности",41,"привязанность"
"избегающий тип привязанности примеры",41,"привязанность"
"основы теории привязанности",41,"привязанность"
"стадии развития привязанности",41,"привязанность"
"как стать надежным типом привязанности",41,"привязанность"
"привязанность во взрослой жизни",41,"привязанность"
"избавление от привязанности",41,"привязанность"
"минусы тревожного типа привязанности",41,"привязанность"
"крис фрейли тип привязанности",41,"привязанность"
"танец привязанности",41,"привязанность"
"шкала привязанности ребенка к членам своей",41,"привязанность"
"шкала привязанности ребенка к членам своей семьи",41,"привязанность"
"признание в привязанности",40,"привязанность"
"что значит глубокая привязанность",40,"привязанность"
"тревожный тип расстройства привязанности",40,"привязанность"
"к условиям привязанность",40,"привязанность"
"избегающий тип привязанности возвращается после расставания",40,"привязанность"
"картина привязанность",40,"привязанность"
"типы привязанности между мужчиной и женщиной",40,"привязанность"
"карл бриш терапия нарушений привязанности",40,"привязанность"
"теория психологической привязанности",40,"привязанность"
"типы романтической привязанности",40,"привязанность"
"тревожный тип привязанности психология",40,"привязанность"
"подтипы привязанности",40,"привязанность"
"четыре типа привязанности",40,"привязанность"
"привязанность на англ",40,"привязанность"
"как привязать избегающий тип привязанности",40,"привязанность"
"тревожные типы привязанности какие бывают",40,"привязанность"
"травма привязанности книги",40,"привязанность"
"как расстается избегающий тип привязанности",40,"привязанность"
"слишком сильная привязанность",40,"привязанность"
"игнорирующий тип привязанности",40,"привязанность"
"тестометрика тип привязанности",40,"привязанность"
"как называется гормон привязанности",40,"привязанность"
"привязанность дает ребенку",40,"привязанность"
"опросник привязанности к близким",40,"привязанность"
"какой ты тип привязанности диаграмма",40,"привязанность"
"тест привязанность или любовь к человеку",40,"привязанность"
"тип привязанности ребенка к матери",40,"привязанность"
"травма нарушения привязанности",40,"привязанность"
"тест на тип любви привязанности",39,"привязанность"
"пренатальная привязанность",39,"привязанность"
"привязанность к любовнице",39,"привязанность"
"это привязанность самозабвение неравнодушие",39,"привязанность"
"привязанности не существует",39,"привязанность"
"боязнь привязанности к человеку",39,"привязанность"
"королевская привязанность",39,"привязанность"
"стыд привязанность",39,"привязанность"
"напряжение расслабление в процессе формирования привязанности",39,"привязанность"
"тревожно избегающий тип привязанности книга",39,"привязанность"
"теория привязанности болби",39,"привязанность"
"опросник стиля привязанности asq",39,"привязанность"
"надежно амбивалентный тип привязанности",39,"привязанность"
"чувство любви привязанности к родине",39,"привязанность"
"боулби психология привязанности",39,"привязанность"
"привязанность куклы",39,"привязанность"
"исцеление травмы привязанности 60 практик",39,"привязанность"
"чем плоха привязанность к человеку",39,"привязанность"
"избегающая привязанность как лечить",39,"привязанность"
"последствия нарушения привязанности",39,"привязанность"
"виды привязанности к человеку",39,"привязанность"
"тревожно избегающий стиль привязанности",39,"привязанность"
"спокойно избегающий тип привязанности",39,"привязанность"
"опросник привязанности ecr",39,"привязанность"
"привязанность это подробно",39,"привязанность"
"как убрать привязанность в отношениях",39,"привязанность"
"признаки тревожного типа привязанности у мужчины",39,"привязанность"
"тест узнай свою привязанность",39,"привязанность"
"пассивная привязанность",39,"привязанность"
"психологическая травма привязанности",39,"привязанность"
"инстинкт привязанности",39,"привязанность"
"привязанность 1969",39,"привязанность"
"опросник привязанности к близким людям",39,"привязанность"
"тест какой ты тип привязанности с диаграммой",39,"привязанность"
"становление привязанности",38,"привязанность"
"что означает избегающий тип привязанности",38,"привязанность"
"арк команда на привязанность",38,"привязанность"
"контрзависимость тип привязанности",38,"привязанность"
"привязанность род",38,"привязанность"
"условная привязанность",38,"привязанность"
"это привязанность самозабвение неравнодушие и слабость",38,"привязанность"
"недостаток привязанности",38,"привязанность"
"эмоциональная привязанность к партнеру",38,"привязанность"
"определение твоего типа привязанности",38,"привязанность"
"как избавиться от чувства привязанности к человеку",38,"привязанность"
"синонимы к слову привязанность",38,"привязанность"
"как любит избегающий тип привязанности мужчина",38,"привязанность"
"будда привязанность",38,"привязанность"
"любит ли избегающий тип привязанности",38,"привязанность"
"человек к которому возникает привязанность",38,"привязанность"
"сложный тип привязанности",38,"привязанность"
"привязанность к деньгам",38,"привязанность"
"тест иип привязанность",38,"привязанность"
"обратная привязанность",38,"привязанность"
"как проявляется эмоциональная привязанность",38,"привязанность"
"привязанность подтверждения",38,"привязанность"
"тип привязанности избегание",38,"привязанность"
"энергетические привязанности",38,"привязанность"
"типы привязанности подростков",38,"привязанность"
"любовь измеряется мерой прощения привязанность болью",38,"привязанность"
"любовь измеряется мерой прощения привязанность болью прощания",38,"привязанность"
"избегающий тип привязанности в жизни",38,"привязанность"
"как лечить избегающий тип привязанности",38,"привязанность"
"джон фильм о привязанности",38,"привязанность"
"привязанность и жертва",38,"привязанность"
"привязанность 2025 трейлер",38,"привязанность"
"избегающий тип привязанности симптомы",38,"привязанность"
"лазарев с н привязанность",38,"привязанность"
"как понять свой тип привязанности",38,"привязанность"
"теория привязанности амир левин рейчел хеллер",38,"привязанность"
"сколько проходит привязанность к человеку",38,"привязанность"
"сердечная привязанность фильм 2003 отзывы",38,"привязанность"
"откуда берется привязанность",38,"привязанность"
"привязанность и зависимость в отношениях",38,"привязанность"
"избегающий тип привязанности как взаимодействовать",38,"привязанность"
"тест на тип привязанности опыт близких отношений",38,"привязанность"
"идеальная привязанность",38,"привязанность"
"как избавиться от сильной привязанности",38,"привязанность"
"определить тип привязанности онлайн",38,"привязанность"
"нарушение формирования привязанности",37,"привязанность"
"муж с избегающим типом привязанности",37,"привязанность"
"тест на тип привязанности без отношений",37,"привязанность"
"избегающий тип привязанности родители",37,"привязанность"
"ребенок с избегающим типом привязанности",37,"привязанность"
"книга привязанность в жизни ребенка петрановская",37,"привязанность"
"что означает привязанность к человеку",37,"привязанность"
"травма тревожной привязанности",37,"привязанность"
"привязанность к груди",37,"привязанность"
"глубинная привязанность",37,"привязанность"
"привязанность подростков к родителям",37,"привязанность"
"привязанность в жизни ребенка читать онлайн",37,"привязанность"
"джон болби привязанность",37,"привязанность"
"привязанность к бывшей жене",37,"привязанность"
"к чему приводит привязанность",37,"привязанность"
"рана привязанности",37,"привязанность"
"привязанность весов",37,"привязанность"
"привязанность наоборот",37,"привязанность"
"в чем разница между любовью и привязанностью",37,"привязанность"
"тест на иип тип привязанности",37,"привязанность"
"акт привязанности",37,"привязанность"
"тест шкала привязанности",37,"привязанность"
"анна возбуждающая привязанность порно",37,"привязанность"
"как отличить привязанность от любви в отношениях",37,"привязанность"
"как вылечить тревожную привязанность",36,"привязанность"
"как вылечить тревожный тип привязанности",36,"привязанность"
"таблица привязанности",36,"привязанность"
"тревожно надежный тип привязанности тест",36,"привязанность"
"что такое тревожный тип привязанности простыми",36,"привязанность"
"тревожная привязанность форум",36,"привязанность"