phrase,frequency,seed
"психотерапия",96509,"психотерапия"
"психотерапия",96509,"психотерапия"
"институт психотерапии",5292,"психотерапия"
"центр психотерапии",4801,"психотерапия"
"когнитивная психотерапия",4530,"психотерапия"
"методы психотерапии",4003,"психотерапия"
"институт психологии и психотерапии",3719,"психотерапия"
"вопросы психотерапии",3692,"психотерапия"
"семейная психотерапия",3653,"психотерапия"
"клиническая психотерапия",3620,"психотерапия"
"поведенческая психотерапия",3440,"психотерапия"
"психотерапия какая",3255,"психотерапия"
"психотерапия ответы",3248,"психотерапия"
"психологическая психотерапия",3130,"психотерапия"
"консультирование психотерапия",3102,"психотерапия"
"скачать психотерапию",3040,"психотерапия"
"групповая психотерапия",2926,"психотерапия"
"когнитивно поведенческая психотерапия",2711,"психотерапия"
"клиническая психология и психотерапия",2507,"психотерапия"
"клиника психотерапии",2452,"психотерапия"
"психотерапия отзывы",2375,"психотерапия"
"телесная психотерапия",2345,"психотерапия"
"психотерапия ориентирована",2332,"психотерапия"
"ориентированная психотерапия",2331,"психотерапия"
"психотерапия расстройств",2230,"психотерапия"
"экзистенциальная психотерапия",2091,"психотерапия"
"психотерапия работа",2068,"психотерапия"
"институт психотерапии и клинической",2053,"психотерапия"
"психотерапия обучение",2023,"психотерапия"
"институт психотерапии и клинической психологии",1996,"психотерапия"
"направления психотерапии",1919,"психотерапия"
"c психотерапия",1916,"психотерапия"
"психотерапия ялом",1856,"психотерапия"
"психотерапия москва",1814,"психотерапия"
"ялов психотерапия",1796,"психотерапия"
"клиент психотерапия",1788,"психотерапия"
"техника психотерапии",1722,"психотерапия"
"психотерапия психолог",1718,"психотерапия"
"2 психотерапия",1668,"психотерапия"
"психотерапия личности",1624,"психотерапия"
"психотерапия онлайн",1584,"психотерапия"
"телесно ориентированная психотерапия",1471,"психотерапия"
"системная психотерапия",1460,"психотерапия"
"психотерапия 1",1452,"психотерапия"
"бесплатная психотерапия",1426,"психотерапия"
"ирвин ялом психотерапия",1351,"психотерапия"
"психотерапия практика",1294,"психотерапия"
"психотерапия является",1284,"психотерапия"
"доктор психотерапии",1241,"психотерапия"
"медицинский психотерапии",1230,"психотерапия"
"практическая психотерапия",1229,"психотерапия"
"лечение психотерапии",1205,"психотерапия"
"эмоциональная психотерапия",1198,"психотерапия"
"психотерапия помощь",1193,"психотерапия"
"основной психотерапия",1162,"психотерапия"
"основны психотерапии",1162,"психотерапия"
"ассоциации психотерапии",1161,"психотерапия"
"сеанс психотерапии",1149,"психотерапия"
"позитивная психотерапия",1140,"психотерапия"
"курсы психотерапии",1127,"психотерапия"
"подходы в психотерапии",1127,"психотерапия"
"современная психотерапия",1120,"психотерапия"
"психотерапия психоанализ",1111,"психотерапия"
"психологическое консультирование и психотерапия",1084,"психотерапия"
"психотерапия купить",1064,"психотерапия"
"основы психотерапии",1062,"психотерапия"
"психотерапия на пискунова",1060,"психотерапия"
"системная семейная психотерапия",1058,"психотерапия"
"психотерапия читать",1014,"психотерапия"
"виды психотерапии",1004,"психотерапия"
"карвасарский психотерапия",1000,"психотерапия"
"психоаналитическая психотерапия",992,"психотерапия"
"дар психотерапии",981,"психотерапия"
"фильм психотерапия",980,"психотерапия"
"детская психотерапия",973,"психотерапия"
"психотерапия вопросах и ответах",959,"психотерапия"
"психодинамическая психотерапия",953,"психотерапия"
"психиатрия и психотерапия",949,"психотерапия"
"психотерапия спб",949,"психотерапия"
"психотерапия пациентов",942,"психотерапия"
"личностная психотерапия",920,"психотерапия"
"диагностика психотерапия",913,"психотерапия"
"процессы психотерапии",900,"психотерапия"
"психотерапия год",889,"психотерапия"
"психотерапия семьи",876,"психотерапия"
"ассоциация когнитивной психотерапии",866,"психотерапия"
"проблемы психотерапии",857,"психотерапия"
"ассоциация когнитивно поведенческой психотерапии",853,"психотерапия"
"терапия в психотерапии",831,"психотерапия"
"ясно психотерапия",829,"психотерапия"
"психотерапия анализ",816,"психотерапия"
"школы психотерапии",806,"психотерапия"
"психотерапия психотерапевт",803,"психотерапия"
"ялом дар психотерапии",798,"психотерапия"
"психотерапия 4",771,"психотерапия"
"цели психотерапии",770,"психотерапия"
"психотерапия теория",759,"психотерапия"
"институт психотерапии москва",758,"психотерапия"
"после психотерапии",748,"психотерапия"
"психотерапия жизни",724,"психотерапия"
"психотерапия поведения",708,"психотерапия"
"про психотерапия",701,"психотерапия"
"хорошая психотерапия",698,"психотерапия"
"академия психотерапии",697,"психотерапия"
"психотерапия и медицинская психология",696,"психотерапия"
"интегративная психотерапия",695,"психотерапия"
"институт психологии и психотерапии москва",692,"психотерапия"
"психосоматика психотерапия",691,"психотерапия"
"психотерапия психосоматики",691,"психотерапия"
"дар психотерапии ирвин",683,"психотерапия"
"центр психотерапии доктора",678,"психотерапия"
"книги психотерапии скачать",678,"психотерапия"
"ирвин ялом дар психотерапии",669,"психотерапия"
"психотерапия петербург",667,"психотерапия"
"ялом экзистенциальная психотерапия",665,"психотерапия"
"психотерапия пройти",656,"психотерапия"
"карвасарский институт психотерапии",656,"психотерапия"
"психотерапия практическая психология",652,"психотерапия"
"санкт петербург психотерапии",649,"психотерапия"
"ялам экзистенциальная психотерапия",644,"психотерапия"
"развитие психотерапии",637,"психотерапия"
"книги по психотерапии",632,"психотерапия"
"понимать психотерапия",631,"психотерапия"
"понимающая психотерапия",631,"психотерапия"
"краткосрочная психотерапия",630,"психотерапия"
"новейшие психотерапии",623,"психотерапия"
"психотерапия травмы",620,"психотерапия"
"психотерапия роджерса",609,"психотерапия"
"гуманистическая психотерапия",605,"психотерапия"
"психотерапия группы",601,"психотерапия"
"психотерапии и клинической психологии москва",600,"психотерапия"
"психотерапия расстройств личности",595,"психотерапия"
"институт клинической психотерапии москва",593,"психотерапия"
"институт клинической психологии и психотерапии москва",591,"психотерапия"
"профессиональная психотерапия",588,"психотерапия"
"психотерапия сериал",588,"психотерапия"
"психотерапия программы",587,"психотерапия"
"психотерапия скачать бесплатно",583,"психотерапия"
"к психотерапии относится",578,"психотерапия"
"социальная психотерапия",573,"психотерапия"
"психотерапия переподготовка",569,"психотерапия"
"психотерапия нижний",566,"психотерапия"
"институт психотерапии и медицинской психологии",566,"психотерапия"
"карвасарский б д психотерапия",566,"психотерапия"
"консультативная психология и психотерапия",556,"психотерапия"
"психотерапия решение",553,"психотерапия"
"институт психотерапии и психологии карвасарского",549,"психотерапия"
"системы психотерапии",545,"психотерапия"
"правильная психотерапия",540,"психотерапия"
"техники когнитивной психотерапии",539,"психотерапия"
"психотерапия какие методы",536,"психотерапия"
"психотерапия психокоррекция",533,"психотерапия"
"какие направления психотерапии",523,"психотерапия"
"почему психотерапия",522,"психотерапия"
"рациональная психотерапия",517,"психотерапия"
"психотерапия сайты",516,"психотерапия"
"психотерапия тревожно",515,"психотерапия"
"специалистов психотерапия",515,"психотерапия"
"психологическая помощь психотерапия",514,"психотерапия"
"коррекция психотерапии",508,"психотерапия"
"психотерапия самому",508,"психотерапия"
"психотерапия нижний новгород",505,"психотерапия"
"психотерапия видео",501,"психотерапия"
"институт психотерапии и медицинской психологии им карвасарского",498,"психотерапия"
"пискунова 18а психотерапия",495,"психотерапия"
"психотерапия на пискунова ул пискунова 18а",492,"психотерапия"
"психотерапия зависимостей",492,"психотерапия"
"когнитивная психотерапия расстройств",491,"психотерапия"
"психотерапия этапы психотерапии",489,"психотерапия"
"психотерапия состояний",481,"психотерапия"
"психотерапия учебник",474,"психотерапия"
"суггестивная психотерапия",473,"психотерапия"
"экзистенциальная психотерапия ирвин",473,"психотерапия"
"научный психотерапия",472,"психотерапия"
"психотерапия на пискунова отзывы",472,"психотерапия"
"ирвин ялом экзистенциальная психотерапия",471,"психотерапия"
"патопсихологическая диагностика и психотерапия",465,"психотерапия"
"психотерапия на пискунова ул пискунова 18а отзывы",465,"психотерапия"
"варианты психотерапии",460,"психотерапия"
"институт психотерапии отзывы",460,"психотерапия"
"психотерапия просто",460,"психотерапия"
"центр психологии и психотерапии",453,"психотерапия"
"психотерапия книга купить",451,"психотерапия"
"эффективная психотерапия",451,"психотерапия"
"руководство по психотерапии",450,"психотерапия"
"магистратура психотерапия",449,"психотерапия"
"психотерапия изменения",446,"психотерапия"
"психотерапия московская",444,"психотерапия"
"психотерапия приемы",434,"психотерапия"
"как называется психотерапия",433,"психотерапия"
"семейная психология психотерапия",433,"психотерапия"
"формы психотерапии",430,"психотерапия"
"психотерапия стать",423,"психотерапия"
"психотерапия направлена",422,"психотерапия"
"модели психотерапии",416,"психотерапия"
"институт психотерапии им б д карвасарского",416,"психотерапия"
"православная психотерапия",415,"психотерапия"
"история психотерапии",413,"психотерапия"
"центрированная психотерапия",413,"психотерапия"
"неврология и психотерапия",413,"психотерапия"
"психотерапия опыт",408,"психотерапия"
"психотерапия цена",407,"психотерапия"
"психотерапия интеллект",407,"психотерапия"
"любовь космос и немного психотерапии",399,"психотерапия"
"личностно ориентировать психотерапия",395,"психотерапия"
"исследование психотерапии",395,"психотерапия"
"бесплатная психотерапия онлайн",394,"психотерапия"
"образование психотерапии",394,"психотерапия"
"психотерапия больно",393,"психотерапия"
"психотерапия глазами",393,"психотерапия"
"психотерапия слушать",389,"психотерапия"
"психотерапия автор",388,"психотерапия"
"психотерапия задачи",386,"психотерапия"
"принципы психотерапии",383,"психотерапия"
"фото психотерапия",382,"психотерапия"
"психотерапия ермакова",382,"психотерапия"
"институт психологии и психотерапии отзывы",382,"психотерапия"
"психотерапии неврозов",382,"психотерапия"
"психотерапия поддержка",380,"психотерапия"
"особенности психотерапии",377,"психотерапия"
"центр неврологии и психотерапии",377,"психотерапия"
"области психотерапии",376,"психотерапия"
"психотерапия методы терапии",375,"психотерапия"
"повышение психотерапия",374,"психотерапия"
"психотерапия характера",374,"психотерапия"
"методики психотерапии",371,"психотерапия"
"психотерапия на пискунова нижний",371,"психотерапия"
"ермаков центр психотерапии",370,"психотерапия"
"центр психотерапии ермакова",370,"психотерапия"
"клиент центрированная психотерапия",369,"психотерапия"
"лихи техники когнитивной психотерапии",366,"психотерапия"
"кабинет психотерапии",366,"психотерапия"
"психотерапия образами",365,"психотерапия"
"психотерапия дала",364,"психотерапия"
"психотерапия читать онлайн",362,"психотерапия"
"психотерапия на пискунова нижний новгород",361,"психотерапия"
"школа эмоционального интеллекта и психотерапии",360,"психотерапия"
"провокативная психотерапия",359,"психотерапия"
"психотерапия конфликтов",358,"психотерапия"
"психотерапия кострома",357,"психотерапия"
"центр психотерапии отзывы",355,"психотерапия"
"психотерапия времени",355,"психотерапия"
"доктор ермаков психотерапия",354,"психотерапия"
"движение психотерапия",352,"психотерапия"
"психотерапия бека",351,"психотерапия"
"психотерапия смотреть",351,"психотерапия"
"центр психотерапии доктора ермакова",350,"психотерапия"
"университет психотерапии",350,"психотерапия"
"доказательная психотерапия",348,"психотерапия"
"психотерапия тела",348,"психотерапия"
"тест психотерапии",346,"психотерапия"
"мира психотерапия",345,"психотерапия"
"искусство психотерапии",342,"психотерапия"
"психотерапия темы",340,"психотерапия"
"упражнения психотерапии",340,"психотерапия"
"психотерапия переживания",339,"психотерапия"
"журнал психотерапия",338,"психотерапия"
"начало психотерапии",335,"психотерапия"
"центр психотерапии кострома",333,"психотерапия"
"психотерапия взрослых",332,"психотерапия"
"психотерапия личной",327,"психотерапия"
"большая психотерапия",326,"психотерапия"
"аудиокниги психотерапия",324,"психотерапия"
"кафедра психотерапия",324,"психотерапия"
"психотерапия страхи",324,"психотерапия"
"психотерапия теория и практика",324,"психотерапия"
"психологическая коррекция психотерапия",322,"психотерапия"
"институт практической психологии и психотерапии",322,"психотерапия"
"психотерапия гештальт терапия",320,"психотерапия"
"центр психотерапии и неврологии ермакова",320,"психотерапия"
"психотерапия чувств",319,"психотерапия"
"сервисы психотерапии",319,"психотерапия"
"центр психотерапии и неврологии доктора",318,"психотерапия"
"эффективность психотерапии",318,"психотерапия"
"центр психотерапии и неврологии доктора ермакова",317,"психотерапия"
"московский институт психотерапии",316,"психотерапия"
"понятие психотерапии",315,"психотерапия"
"психотерапия вшэ",315,"психотерапия"
"общая психотерапия",314,"психотерапия"
"психотерапия детей и подростков",313,"психотерапия"
"психотерапия екатеринбург",311,"психотерапия"
"психотерапия родителей",309,"психотерапия"
"какая бывшая психотерапия",308,"психотерапия"
"ялом групповая психотерапия",307,"психотерапия"
"факторы психотерапии",307,"психотерапия"
"клиника психотерапии доктор",307,"психотерапия"
"психотерапия официальный сайт",306,"психотерапия"
"психотерапия привязанности",306,"психотерапия"
"бек когнитивная психотерапия",303,"психотерапия"
"когнитивная психотерапия расстройств личности",302,"психотерапия"
"арт психотерапия",301,"психотерапия"
"психотерапия учебное",301,"психотерапия"
"порно психотерапия",301,"психотерапия"
"можно ли психотерапия",299,"психотерапия"
"игровая психотерапия",299,"психотерапия"
"ленина психотерапия",297,"психотерапия"
"психотерапия реабилитация",296,"психотерапия"
"психотерапия включает",296,"психотерапия"
"психотерапия pdf",294,"психотерапия"
"как работает психотерапия",293,"психотерапия"
"эмоции психотерапия",290,"психотерапия"
"психотерапия супервизии",290,"психотерапия"
"психотерапия ялом книга",289,"психотерапия"
"типы психотерапии",288,"психотерапия"
"любовь космос и немного психотерапии 2",288,"психотерапия"
"психотерапия птср",288,"психотерапия"
"имагинативная психотерапия",288,"психотерапия"
"метод поведенческой психотерапии",287,"психотерапия"
"мип психотерапия",285,"психотерапия"
"гармония психотерапия",282,"психотерапия"
"психология психотерапия семья",281,"психотерапия"
"психология санкт петербург психотерапия",279,"психотерапия"
"структуры психотерапии",279,"психотерапия"
"психотерапия берна",279,"психотерапия"
"карл роджерс психотерапия",279,"психотерапия"
"психотерапия пособие",277,"психотерапия"
"академия психологии и психотерапии",277,"психотерапия"
"психотерапия заболевания",275,"психотерапия"
"что такое кпт в психотерапии",275,"психотерапия"
"психотерапия когнитивно поведенческая терапия",275,"психотерапия"
"психотерапия результат",274,"психотерапия"
"лечебная психотерапия",273,"психотерапия"
"психотерапия курпатов",271,"психотерапия"
"институт психотерапии санкт петербурга",271,"психотерапия"
"психотерапия с бывшим",271,"психотерапия"
"медицина психотерапия",269,"психотерапия"
"рпа психотерапия",269,"психотерапия"
"семейная психотерапия обучение",269,"психотерапия"
"центр современной психотерапии",268,"психотерапия"
"системная психотерапия варга",268,"психотерапия"
"психотерапия становление",268,"психотерапия"
"психотерапия ижевск",267,"психотерапия"
"навыки психотерапии",266,"психотерапия"
"центр семейной психотерапии",265,"психотерапия"
"семейная психотерапия вопросы",262,"психотерапия"
"институт психотерапии гармония",261,"психотерапия"
"динамическая психотерапия",259,"психотерапия"
"психотерапия применение",258,"психотерапия"
"психосоматическая психотерапия",258,"психотерапия"
"рпа психологии и психотерапии",257,"психотерапия"
"психотерапия тренинги",256,"психотерапия"
"пограничная психотерапия",256,"психотерапия"
"эйдемиллер психотерапия",255,"психотерапия"
"основные направления психотерапии",255,"психотерапия"
"возможности психотерапии",253,"психотерапия"
"книга дар психотерапии",253,"психотерапия"
"техники когнитивной психотерапии роберт",253,"психотерапия"
"кататимная психотерапия",252,"психотерапия"
"проведение психотерапии",252,"психотерапия"
"александров психотерапия",250,"психотерапия"
"метод d d психотерапия",250,"психотерапия"
"психология психотерапия психиатрия",248,"психотерапия"
"кризисная психотерапия",247,"психотерапия"
"роберт лихи техники когнитивной психотерапии",247,"психотерапия"
"методы когнитивной психотерапии",246,"психотерапия"
"взгляд на психотерапию",244,"психотерапия"
"какую психотерапию выбрать",244,"психотерапия"
"институт психотерапии и психоанализа",244,"психотерапия"
"психосоматика и телесная психотерапия",243,"психотерапия"
"глубинный психотерапия",242,"психотерапия"
"психотерапия определение",242,"психотерапия"
"контакт психотерапия",242,"психотерапия"
"психотерапия саратов",241,"психотерапия"
"школа эмоционального интеллекта и психотерапии алексея",239,"психотерапия"
"другой в психотерапии",239,"психотерапия"
"красиков школа психотерапии",238,"психотерапия"
"варга семейная психотерапия",238,"психотерапия"
"психотерапия самара",237,"психотерапия"
"школа красикова эмоционального интеллекта и психотерапии",236,"психотерапия"
"школа эмоционального интеллекта и психотерапии красиков",236,"психотерапия"
"психотерапия клинический психолог",235,"психотерапия"
"стратегия психотерапии",234,"психотерапия"
"психоанализ и психоаналитическая психотерапия",234,"психотерапия"
"психотерапия синдромы",233,"психотерапия"
"имагинативно кататимная психотерапия",233,"психотерапия"
"кататимно имагинативная психотерапия",233,"психотерапия"
"алексей красиков школа эмоционального интеллекта и психотерапии",232,"психотерапия"
"школа эмоционального интеллекта и психотерапии алексея красикова",232,"психотерапия"
"психотерапия по любви",232,"психотерапия"
"уровни психотерапии",231,"психотерапия"
"наркология психиатрия психотерапия",231,"психотерапия"
"повышение квалификации психотерапия",231,"психотерапия"
"психотерапия вопросы пациенту",231,"психотерапия"
"сократовские вопросы в психотерапии",229,"психотерапия"
"психотерапия каждому",229,"психотерапия"
"психотерапия здоровья",228,"психотерапия"
"действия психотерапии",227,"психотерапия"
"психотерапия нового решения",227,"психотерапия"
"психотерапия специальности",227,"психотерапия"
"психотерапия питер",226,"психотерапия"
"психотерапия уфа",226,"психотерапия"
"материал психотерапии",225,"психотерапия"
"угмк психотерапия",225,"психотерапия"
"помогает ли психотерапия",223,"психотерапия"
"диагноз психотерапия",221,"психотерапия"
"клиника психотерапии зеленина",221,"психотерапия"
"психотерапия вузы",221,"психотерапия"
"психотерапия 2023",220,"психотерапия"
"психотерапия арт терапия",220,"психотерапия"
"психотерапия сессия",220,"психотерапия"
"стресс психотерапия",220,"психотерапия"
"пара психотерапия",219,"психотерапия"
"психотерапия самостоятельно",218,"психотерапия"
"психотерапия 10",218,"психотерапия"
"центр психотерапии ленина 2",217,"психотерапия"
"психотерапия женщин",217,"психотерапия"
"способы психотерапии",216,"психотерапия"
"трансперсональная психотерапия",216,"психотерапия"
"психотерапия это простыми словами",216,"психотерапия"
"психотерапия сексуальных",215,"психотерапия"
"центр психотерапии поддержка",215,"психотерапия"
"психотерапия тексты",215,"психотерапия"
"центры психотерапии новосибирск",215,"психотерапия"
"перенос в психотерапии",215,"психотерапия"
"игра психотерапия",214,"психотерапия"
"институты психотерапии и консультирования",214,"психотерапия"
"роль психотерапии",214,"психотерапия"
"центр когнитивной психотерапии",213,"психотерапия"
"институт семейной психотерапии",213,"психотерапия"
"читать книгу психотерапия",213,"психотерапия"
"бек когнитивная психотерапия расстройств личности",213,"психотерапия"
"бек психотерапия расстройств личности",213,"психотерапия"
"психотерапия мак",213,"психотерапия"
"какие виды психотерапии",212,"психотерапия"
"семейное консультирование семейная психотерапия",212,"психотерапия"
"пример психотерапии",212,"психотерапия"
"психотерапия ростов",210,"психотерапия"
"методами психотерапии являются",209,"психотерапия"
"как прошла психотерапия",209,"психотерапия"
"психотерапия очно",209,"психотерапия"
"московский институт психологии и психотерапии",209,"психотерапия"
"направления когнитивной психотерапии",207,"психотерапия"
"когнитивной психотерапии книги",206,"психотерапия"
"подростковая психотерапия",205,"психотерапия"
"психотерапия в россии",205,"психотерапия"
"групповая семейная психотерапия",205,"психотерапия"
"дпо психотерапии",204,"психотерапия"
"психотерапия при депрессии",204,"психотерапия"
"психотерапия используется",203,"психотерапия"
"в чем суть психотерапии",202,"психотерапия"
"целью психотерапии является",202,"психотерапия"
"клиника психотерапии доктора зеленина",201,"психотерапия"
"психотерапия оренбург",201,"психотерапия"
"условие психотерапий",201,"психотерапия"
"межличностная психотерапия",200,"психотерапия"
"когнитивная психотерапия скачать",200,"психотерапия"
"психотерапия пезешкиана",200,"психотерапия"
"методы лечения психотерапии",200,"психотерапия"
"клиника семейной психотерапии",200,"психотерапия"
"групповая психотерапия психология",200,"психотерапия"
"центр психотерапии кострома ленина",200,"психотерапия"
"базовая психотерапия",199,"психотерапия"
"мышление психотерапия",199,"психотерапия"
"старшенбаум психотерапия",199,"психотерапия"
"ординатура по психотерапии",198,"психотерапия"
"психотерапия организации",197,"психотерапия"
"психотерапия влахос",197,"психотерапия"
"имя психотерапия",196,"психотерапия"
"влахос православная психотерапия",195,"психотерапия"
"институт психологии и психотерапии санкт петербург",195,"психотерапия"
"психотерапия 2024",195,"психотерапия"
"психологическая диагностика и психотерапия",195,"психотерапия"
"психотерапия пермь",195,"психотерапия"
"джонсон психотерапия",194,"психотерапия"
"психотерапия ставрополь",194,"психотерапия"
"государственная психотерапия",194,"психотерапия"
"телесные методы психотерапии",194,"психотерапия"
"основные методы психотерапии",193,"психотерапия"
"психотерапия учебное пособие",193,"психотерапия"
"центр психотерапии угмк",193,"психотерапия"
"консультирование и психотерапия скачать",192,"психотерапия"
"запрос психотерапия",192,"психотерапия"
"методы психотерапии в психологии",192,"психотерапия"
"психотерапия для детей",192,"психотерапия"
"диалог в психотерапии",192,"психотерапия"
"введение психотерапии",191,"психотерапия"
"механизмы психотерапии",191,"психотерапия"
"психотерапия пдф",191,"психотерапия"
"первичная психотерапия",190,"психотерапия"
"психотерапия смотреть онлайн",190,"психотерапия"
"транзактная психотерапия",190,"психотерапия"
"психотерапия души",190,"психотерапия"
"средства психотерапии",190,"психотерапия"
"групповая психотерапия индивидуальная",189,"психотерапия"
"как проходит психотерапия",189,"психотерапия"
"психотерапия статья",189,"психотерапия"
"психотерапия панических атак",189,"психотерапия"
"супружеская психотерапия",189,"психотерапия"
"подходы семейной психотерапии",189,"психотерапия"
"психотерапия частей",188,"психотерапия"
"марков психотерапии",188,"психотерапия"
"экзистенциальная психотерапия книга",188,"психотерапия"
"случай психотерапия",188,"психотерапия"
"психотерапия эрика берна",187,"психотерапия"
"психотерапия книги бесплатно",187,"психотерапия"
"психотерапия информация",186,"психотерапия"
"современная психология и психотерапия",186,"психотерапия"
"логотерапия психотерапия",186,"психотерапия"
"психодиагностика и психотерапия",186,"психотерапия"
"психотерапия для подростков",186,"психотерапия"
"бихевиоральная психотерапия",186,"психотерапия"
"план психотерапии",185,"психотерапия"
"специальная психотерапия",184,"психотерапия"
"психотерапия это отношения",183,"психотерапия"
"психотерапия отделение",183,"психотерапия"
"книга ялома дар психотерапии",183,"психотерапия"
"психотерапия слушать онлайн",183,"психотерапия"
"психотерапия в деятельности",183,"психотерапия"
"принимающая психотерапия",183,"психотерапия"
"психотерапия здоровых",182,"психотерапия"
"центр психотерапии кострома ленина 2",181,"психотерапия"
"поведенческий подход психотерапия",181,"психотерапия"
"профессиональная переподготовка психотерапия",181,"психотерапия"
"консультирование психокоррекция психотерапия",181,"психотерапия"
"педагогическая психотерапия",180,"психотерапия"
"психотерапия франкла",180,"психотерапия"
"личностно реконструктивная психотерапия",179,"психотерапия"
"психотерапия окр",179,"психотерапия"
"международный институт психотерапии",179,"психотерапия"
"символдрама психотерапия",177,"психотерапия"
"роджерс взгляд на психотерапию",176,"психотерапия"
"психотерапия укажи",176,"психотерапия"
"психотерапия история писателя",176,"психотерапия"
"сервис ясно психотерапия",176,"психотерапия"
"психотерапия психология сайт",176,"психотерапия"
"длительная психотерапия",176,"психотерапия"
"центр психотерапии саратов",175,"психотерапия"
"психотерапия термины",175,"психотерапия"
"позитивная психотерапия пезешкиана",175,"психотерапия"
"экзистенциально гуманистическая психотерапия",175,"психотерапия"
"психотерапия при тревожном расстройстве",175,"психотерапия"
"направления гуманистической психотерапии",175,"психотерапия"
"системно поведенческая психотерапия",175,"психотерапия"
"психотерапия тревожности",174,"психотерапия"
"список психотерапии",174,"психотерапия"
"центр психотерапии ставрополь",174,"психотерапия"
"концепции психотерапии",173,"психотерапия"
"психотерапия тревоги",173,"психотерапия"
"центр современной психотерапии саратов",173,"психотерапия"
"психотерапия незатейливая",172,"психотерапия"
"стрессовая психотерапия",172,"психотерапия"
"фримен психотерапия",172,"психотерапия"
"теории групповой психотерапии",172,"психотерапия"
"эйдемиллер психология и психотерапия",172,"психотерапия"
"ипикп институт психотерапии",171,"психотерапия"
"психотерапия эриксона",171,"психотерапия"
"книги психология психотерапия",171,"психотерапия"
"метод групповой психотерапии",171,"психотерапия"
"как выбрать психотерапию",171,"психотерапия"
"психотерапия незатейливая история",170,"психотерапия"
"семейная психотерапия оренбург",170,"психотерапия"
"центр психотерапии поддержка ставрополь",169,"психотерапия"
"психотерапия хуже",169,"психотерапия"
"в чем заключается психотерапия",169,"психотерапия"
"ирвин ялом групповая психотерапия",168,"психотерапия"
"психологическая психотерапия и психокоррекция",168,"психотерапия"
"практика групповой психотерапии",168,"психотерапия"
"психотерапия эффект",168,"психотерапия"
"любовь космос и немного психотерапии катерина дэй",167,"психотерапия"
"установки психотерапия",167,"психотерапия"
"психотерапия пограничного расстройства",167,"психотерапия"
"психотерапия характера джонсон",166,"психотерапия"
"книга дар психотерапии ирвин",166,"психотерапия"
"дар психотерапии скачать",166,"психотерапия"
"психотерапия психических расстройств",166,"психотерапия"
"психотерапия 2025",166,"психотерапия"
"центр семейной психологии и психотерапии",165,"психотерапия"
"психологическое консультирование психологическая коррекция психотерапия",165,"психотерапия"
"ориентированная реконструктивная психотерапия",165,"психотерапия"
"аспекты психотерапии",165,"психотерапия"
"книга ирвина ялома дар психотерапии",165,"психотерапия"
"психотерапия фрейда",164,"психотерапия"
"сферы психотерапии",164,"психотерапия"
"телесная психотерапия обучение",164,"психотерапия"
"психотерапия психолог психология",164,"психотерапия"
"личностно ориентированная реконструктивная психотерапия",164,"психотерапия"
"психологическая и клиническая психотерапия",164,"психотерапия"
"детско подростковая психотерапия",163,"психотерапия"
"психология и психотерапия журнал",163,"психотерапия"
"сократовские вопросы в психотерапии и консультировании",163,"психотерапия"
"психотерапия личностных расстройств",163,"психотерапия"
"психотерапия казань",163,"психотерапия"
"литература психотерапии",163,"психотерапия"
"клиники психотерапия ижевск",162,"психотерапия"
"психологические основы психотерапии",162,"психотерапия"
"психотерапия незатейливая история писателя",162,"психотерапия"
"профессор психотерапии",161,"психотерапия"
"психотерапия психодрама",161,"психотерапия"
"внушение психотерапия",161,"психотерапия"
"поведенческая психотерапия обучение",161,"психотерапия"
"психотерапия болезни",161,"психотерапия"
"психология психотерапия психологическое консультирование",160,"психотерапия"
"психотерапия практическое руководство",160,"психотерапия"
"психотерапия эмоциональных травм",160,"психотерапия"
"ипикп институт психотерапии и клинической",160,"психотерапия"
"ипикп институт психотерапии и клинической психологии",160,"психотерапия"
"институт групповой психотерапии",160,"психотерапия"
"бек фримен когнитивная психотерапия",159,"психотерапия"
"эйдемиллер психотерапия семьи",159,"психотерапия"
"психотерапия симптома",159,"психотерапия"
"рамки психотерапии",158,"психотерапия"
"гулдинг психотерапия",158,"психотерапия"
"обучение когнитивной психотерапии",158,"психотерапия"
"эйдемиллер психология и психотерапия семьи",158,"психотерапия"
"клиника когнитивной психотерапии",157,"психотерапия"
"фримен когнитивная психотерапия расстройств личности",157,"психотерапия"
"психотерапия помощь клиенту",157,"психотерапия"
"институт психотерапии карвасарского санкт петербург",156,"психотерапия"
"экзистенциальная психотерапия скачать",156,"психотерапия"
"психотерапия ответственность",156,"психотерапия"
"медикаментозная психотерапия",156,"психотерапия"
"юнгианская психотерапия",156,"психотерапия"
"когнитивная психотерапия отзывы",156,"психотерапия"
"психотерапия мужчин",155,"психотерапия"
"психотерапия бехтерева",155,"психотерапия"
"собственная психотерапия",155,"психотерапия"
"психотерапия для начинающих",154,"психотерапия"
"путь психотерапии",153,"психотерапия"
"ирина психотерапия",152,"психотерапия"
"психотерапия милтона эриксона",152,"психотерапия"
"интегральная психотерапия",152,"психотерапия"
"психопрофилактика психотерапия",152,"психотерапия"
"гулдинг психотерапия нового",151,"психотерапия"
"клиника психотерапии и психосоматика",151,"психотерапия"
"клиника психотерапии и психосоматики",151,"психотерапия"
"психотерапия функции",150,"психотерапия"
"психотерапия по любви фильм",150,"психотерапия"
"центр клинической психотерапии",150,"психотерапия"
"психотерапия юнга",150,"психотерапия"
"юнг психотерапия",150,"психотерапия"
"гулдинг психотерапия нового решения",150,"психотерапия"
"трансакционная психотерапия",150,"психотерапия"
"международный институт психологии и психотерапии",150,"психотерапия"
"институт клинической психотерапии отзывы",150,"психотерапия"
"комплексная психотерапия",150,"психотерапия"
"песочная психотерапия",149,"психотерапия"
"когнитивно поведенческая психотерапия обучение",149,"психотерапия"
"психотерапия позволяет",149,"психотерапия"
"шапиро психотерапия",149,"психотерапия"
"психотерапия психокоррекция психологическое консультирование",149,"психотерапия"
"психотерапия консультация",149,"психотерапия"
"карвасарский психотерапия отзывы",148,"психотерапия"
"институт психотерапии и клинической психологии отзывы",148,"психотерапия"
"психотерапия краснодар",148,"психотерапия"
"больница психотерапии",147,"психотерапия"
"иерофей влахос православная психотерапия",147,"психотерапия"
"иерофей влахос психотерапия",147,"психотерапия"
"классическая психотерапия",147,"психотерапия"
"ресурсы психотерапии",147,"психотерапия"
"центр семейной психологии и психотерапии елены миропольской",146,"психотерапия"
"институт психотерапии карвасарского отзывы",146,"психотерапия"
"эрик берн анализ в психотерапии",146,"психотерапия"
"детская психология и психотерапия",145,"психотерапия"
"настоящая психотерапия",145,"психотерапия"
"бехтерев психотерапия",145,"психотерапия"
"психотерапия направления работы",145,"психотерапия"
"психотерапия невротических",145,"психотерапия"
"традиции психотерапии",145,"психотерапия"
"телесная психотерапия книги",145,"психотерапия"
"психотерапия схемы",145,"психотерапия"
"психотерапия это в психологии",144,"психотерапия"
"психотерапия изучает",144,"психотерапия"
"рак психотерапия",144,"психотерапия"
"психотерапия принятие",144,"психотерапия"
"активная психотерапия",144,"психотерапия"
"вестник психотерапии",144,"психотерапия"
"секс психотерапии",144,"психотерапия"
"конференции психотерапии",144,"психотерапия"
"сандомирский психосоматика и телесная психотерапия",144,"психотерапия"
"сандомирский телесная психотерапия",144,"психотерапия"
"психотерапия книга скачать бесплатно",143,"психотерапия"
"подготовка психотерапии",143,"психотерапия"
"сатир психотерапия",143,"психотерапия"
"гармония институт психотерапии и консультирования",143,"психотерапия"
"основатели психотерапии",143,"психотерапия"
"психотерапии вк",143,"психотерапия"
"ялом дар психотерапии скачать",143,"психотерапия"
"транзактный анализ в психотерапии",143,"психотерапия"
"психотерапия рпп",142,"психотерапия"
"руководство поведенческой психотерапии",142,"психотерапия"
"день психотерапии",142,"психотерапия"
"клиника доказательной психотерапии",142,"психотерапия"
"семейная психотерапия терапия",142,"психотерапия"
"методы практической психотерапии",141,"психотерапия"
"психотерапия бессознательное",141,"психотерапия"
"психотерапия влияния",141,"психотерапия"
"институт психотерапии и психологии карвасарского отзывы",141,"психотерапия"
"соматическая психотерапия",141,"психотерапия"
"психотерапия помогает людям",140,"психотерапия"
"ред психотерапия",140,"психотерапия"
"психотерапия общения",140,"психотерапия"
"клиника психотерапии самара",140,"психотерапия"
"гранат психотерапия",140,"психотерапия"
"групповая психотерапия спб",139,"психотерапия"
"психодинамическое направление психотерапии",139,"психотерапия"
"психотерапия василюка",138,"психотерапия"
"психотерапия найти",138,"психотерапия"
"позитивная психотерапия книга",138,"психотерапия"
"обучение психологии психотерапии",138,"психотерапия"
"сериал про психотерапию",138,"психотерапия"
"психотерапия с помощью движения глаз",138,"психотерапия"
"групповая психотерапия группы",138,"психотерапия"
"работа клиента в психотерапии",137,"психотерапия"
"психотерапия фокусированная на переносе",137,"психотерапия"
"психотерапия молчановой",137,"психотерапия"
"гипноз в психотерапии",137,"психотерапия"
"психотерапия расстройств поведения",137,"психотерапия"
"основы психотерапии психология",136,"психотерапия"
"центр психотерапии москва",136,"психотерапия"
"семейная психотерапия пролетарская 153",136,"психотерапия"
"аккредитация по психотерапии",136,"психотерапия"
"ялом психотерапия читать",135,"психотерапия"
"экспозиция психотерапия",135,"психотерапия"
"парная психотерапия",135,"психотерапия"
"российская психотерапия",134,"психотерапия"
"когнитивно поведенческое направление психотерапии",134,"психотерапия"
"психологические направления в психотерапии",134,"психотерапия"
"институт семейной и групповой психотерапии",134,"психотерапия"
"клиника психотерапии спб",134,"психотерапия"
"динамик психотерапия",134,"психотерапия"
"динамика психотерапии",134,"психотерапия"
"психотерапия пищевого поведения",134,"психотерапия"
"трансактная психотерапия",134,"психотерапия"
"ооо психотерапия",134,"психотерапия"
"психотерапия лица",134,"психотерапия"
"психотерапия читать онлайн бесплатно",133,"психотерапия"
"психотерапия творчеством",133,"психотерапия"
"техники психотерапии книги",133,"психотерапия"
"психотерапия и сознание",133,"психотерапия"
"факультет психотерапии",132,"психотерапия"
"гранат центр психотерапии",132,"психотерапия"
"реальная психотерапия",132,"психотерапия"
"методы работы в психотерапии",132,"психотерапия"
"мгу психотерапия",132,"психотерапия"
"трансакционный анализ в психотерапии",132,"психотерапия"
"институт интегративной психотерапии",131,"психотерапия"
"смотреть фильм психотерапия",131,"психотерапия"
"психотерапия травм с помощью движения глаз",131,"психотерапия"
"психотерапия незатейливая история фильм",131,"психотерапия"
"технологии психотерапии",131,"психотерапия"
"групповая психотерапия книга",130,"психотерапия"
"центр психиатрии и психотерапии",130,"психотерапия"
"стоимость психотерапии",130,"психотерапия"
"коррекционная психотерапия",130,"психотерапия"
"психотерапия в педагогике",130,"психотерапия"
"психотерапия сон",130,"психотерапия"
"совместная психотерапия",130,"психотерапия"
"нейробиология психотерапии",130,"психотерапия"
"инструменты психотерапии",130,"психотерапия"
"становление личности взгляд на психотерапию",129,"психотерапия"
"дпдг психотерапия",129,"психотерапия"
"студия психотерапии",129,"психотерапия"
"интерперсональная психотерапия",128,"психотерапия"
"психотерапия эмоциональных травм с помощью движений",128,"психотерапия"
"психотерапия эмоциональных травм с помощью движения глаз",128,"психотерапия"
"групповая психотерапия теория и практика",128,"психотерапия"
"трансактный анализ психотерапия",128,"психотерапия"
"психотерапия поведенческих расстройств",128,"психотерапия"
"цитата психотерапия",128,"психотерапия"
"центр наркологии психотерапии",128,"психотерапия"
"фильм психотерапия история писателя",128,"психотерапия"
"психотерапия незатейливая история писателя фильм",127,"психотерапия"
"фильмы про психотерапию",127,"психотерапия"
"бьюдженталь психотерапия",127,"психотерапия"
"психология психотерапия психоанализ",127,"психотерапия"
"краткая психотерапия",127,"психотерапия"
"идеи психотерапии",126,"психотерапия"
"системная психотерапия книги",126,"психотерапия"
"негативная психотерапия",126,"психотерапия"
"психотерапия васильева",126,"психотерапия"
"психоаналитическая психотерапия вшэ",126,"психотерапия"
"психотерапия москва отзывы",126,"психотерапия"
"сенсомоторная психотерапия",126,"психотерапия"
"пролетарская 153 клиника семейной психотерапии",125,"психотерапия"
"психотерапия ближайшая",125,"психотерапия"
"картинка психотерапия",124,"психотерапия"
"психотерапия пищевых расстройств",124,"психотерапия"
"консультирование и психотерапия роджерса",124,"психотерапия"
"психотерапия вызовет",124,"психотерапия"
"психотерапия и психосоматика ижевск",124,"психотерапия"
"психологическая модель психотерапии",124,"психотерапия"
"современные методы психотерапии",123,"психотерапия"
"психотерапия избегающей привязанности",123,"психотерапия"
"интегративная психология и психотерапия",123,"психотерапия"
"мем психотерапия",122,"психотерапия"
"институт психология психотерапия семейный",122,"психотерапия"
"основные проблемы психотерапии",122,"психотерапия"
"сократовский диалог в психотерапии",122,"психотерапия"
"возникновение психотерапии",122,"психотерапия"
"психоанализ направления психотерапии",122,"психотерапия"
"когнитивная психотерапия мысли",122,"психотерапия"
"психотерапия занятия",122,"психотерапия"
"позиции психотерапии",122,"психотерапия"
"психотерапия нижний новгород отзывы",121,"психотерапия"
"психотерапия и развитие личности",121,"психотерапия"
"психотерапия эмоциональных расстройств",121,"психотерапия"
"психотерапия направление гештальт",121,"психотерапия"
"трудности психотерапии",121,"психотерапия"
"шапиро движение глаз психотерапия",121,"психотерапия"
"психологически ориентированная психотерапия",121,"психотерапия"
"краткосрочные методы психотерапии",121,"психотерапия"
"когнитивный подход психотерапии",121,"психотерапия"
"клиника психотерапии фрейм",120,"психотерапия"
"кпт метод психотерапии",120,"психотерапия"
"психотерапия на пискунова нижний новгород отзывы",120,"психотерапия"
"изучение психотерапии",120,"психотерапия"
"доморацкий психотерапия",120,"психотерапия"
"курпатов системная психотерапия",119,"психотерапия"
"что значит психотерапия",119,"психотерапия"
"значение психотерапии",119,"психотерапия"
"психотерапия книги онлайн",119,"психотерапия"
"клиническая психиатрия и психотерапия",119,"психотерапия"
"экзистенциальная психотерапия и консультирование",119,"психотерапия"
"психотерапия протокол",119,"психотерапия"
"эмоционально когнитивная психотерапия",118,"психотерапия"
"метод консультирования и психотерапии",118,"психотерапия"
"психотерапия васильевой",118,"психотерапия"
"лечить психотерапией",118,"психотерапия"
"дидактическая психотерапия",118,"психотерапия"
"работа с телом в психотерапии",117,"психотерапия"
"психотерапия emdr",117,"психотерапия"
"стратегическая психотерапия",117,"психотерапия"
"форум психотерапии",116,"психотерапия"
"физическая психотерапия",116,"психотерапия"
"описание психотерапия",116,"психотерапия"
"психотерапия психосоматических расстройств",116,"психотерапия"
"издательство психотерапия",116,"психотерапия"
"шапиро психотерапия эмоциональных травм",116,"психотерапия"
"обучение групповой психотерапии",116,"психотерапия"
"каким в семейной психотерапии определяется подход",116,"психотерапия"
"техники психотерапии в работе",115,"психотерапия"
"духовная психотерапия",115,"психотерапия"
"достижения психотерапии",115,"психотерапия"
"событие в психотерапии",114,"психотерапия"
"частные психотерапия",114,"психотерапия"
"поведенческое направление в психотерапии",114,"психотерапия"
"эмми ван дорцен психотерапия",114,"психотерапия"
"сервисы онлайн психотерапии",114,"психотерапия"
"клиника психотерапии оренбург",114,"психотерапия"
"клиника психиатрия психотерапия",114,"психотерапия"
"записи психотерапии",114,"психотерапия"
"мать психотерапия",114,"психотерапия"
"психотерапия осознания",113,"психотерапия"
"клиника психотерапии и психосоматики ижевск",113,"психотерапия"
"характеристика психотерапии",113,"психотерапия"
"клиника психотерапии фрейм 4",113,"психотерапия"
"психотерапия расстройств пищевого поведения",113,"психотерапия"
"психотерапия дома",113,"психотерапия"
"нарушения в психотерапии",113,"психотерапия"
"психотерапия представляет собой",112,"психотерапия"
"техники психотерапии скачать",112,"психотерапия"
"семейная психотерапия отзывы",112,"психотерапия"
"содержания психотерапии",112,"психотерапия"
"психотерапия убеждений",112,"психотерапия"
"прикладная психотерапия",112,"психотерапия"
"психотерапия дети и родители",112,"психотерапия"
"психотерапия по русски",112,"психотерапия"
"клиника психотерапии доктора зеленина удмуртская",112,"психотерапия"
"десенсибилизация психотерапия",111,"психотерапия"
"психотерапия представители",111,"психотерапия"
"психотерапия качества жизни",111,"психотерапия"
"экстремальная психотерапия",111,"психотерапия"
"консультирование и психотерапия книга",111,"психотерапия"
"метафорическая психотерапия",110,"психотерапия"
"эллис психотерапия",110,"психотерапия"
"институт групповой психологии и психотерапии",110,"психотерапия"
"соловьева психотерапия",110,"психотерапия"
"студия психотерапии крикуна",110,"психотерапия"
"медицинский центр психотерапии",110,"психотерапия"
"психотерапия педагогов",109,"психотерапия"
"системная психотерапия обучение",109,"психотерапия"
"социальные методы психотерапии",109,"психотерапия"
"когнитивно бихевиоральная психотерапия",109,"психотерапия"
"вшэ семейная психотерапия",109,"психотерапия"
"психотерапия караваева",109,"психотерапия"
"психотерапия объект",109,"психотерапия"
"психотерапия 2021",108,"психотерапия"
"основные цели психотерапии",108,"психотерапия"
"психотерапия техники методы",108,"психотерапия"
"клиника семейной психотерапии оренбург",108,"психотерапия"
"православная психотерапия книга",108,"психотерапия"
"психотерапия малыгина",108,"психотерапия"
"психотерапия сдвг",108,"психотерапия"
"психотерапия слушать бесплатно",108,"психотерапия"
"психотерапия одиночество",108,"психотерапия"
"дар психотерапии ирвин ялом скачать",108,"психотерапия"
"рациональная суггестивная психотерапия",107,"психотерапия"
"гуманистический подход психотерапии",107,"психотерапия"
"эффективные методы психотерапии",107,"психотерапия"
"сколько стоит психотерапия",107,"психотерапия"
"психотерапия счастье",107,"психотерапия"
"психотерапия денег",107,"психотерапия"
"фрейм самара клиника психотерапии",107,"психотерапия"
"психотерапия фильм 2023",107,"психотерапия"
"групповое консультирование психотерапия",106,"психотерапия"
"студия психотерапии доктора крикуна",106,"психотерапия"
"телесно ориентированная терапия психотерапия",106,"психотерапия"
"групповая психотерапия скачать",106,"психотерапия"
"психотерапия перевод",106,"психотерапия"
"1 рациональная психотерапия",106,"психотерапия"
"глубокая психотерапия",106,"психотерапия"
"мак вильямс психоаналитическая психотерапия",106,"психотерапия"
"психотерапия предмет",106,"психотерапия"
"центр психотерапии малыгина",106,"психотерапия"
"клиника психотерапии фрейм 4 самара",105,"психотерапия"
"психотерапия плохо стало",105,"психотерапия"
"психотерапия код",105,"психотерапия"
"методы клинической психотерапии",105,"психотерапия"
"семейная психотерапия курс",105,"психотерапия"
"психотерапия тюмень",105,"психотерапия"
"групповая психотерапия теория и практика ялом",104,"психотерапия"
"личностный подход психотерапии",104,"психотерапия"
"психотерапия fb2",104,"психотерапия"
"андрей курпатов психотерапия",104,"психотерапия"
"психотерапия 2022",104,"психотерапия"
"прикладная психология и психотерапия",104,"психотерапия"
"институт групповой семейной психологии и психотерапии",104,"психотерапия"
"психологические подходы психотерапии",104,"психотерапия"
"психотерапия таблетки",103,"психотерапия"
"будущее психотерапии",103,"психотерапия"
"психотерапия пограничных личностей",103,"психотерапия"
"клиника психотерапии доктора зеленина удмуртская ул 255г",102,"психотерапия"
"личность клиента психотерапия",102,"психотерапия"
"краткосрочная позитивная психотерапия",102,"психотерапия"
"психотерапия насилия",102,"психотерапия"
"психотерапия в областях психологии",102,"психотерапия"
"индивидуальные методы психотерапии",102,"психотерапия"
"психотерапия виктора франкла",102,"психотерапия"
"методы семейная психотерапия",101,"психотерапия"
"психотерапия отличается от консультирования",101,"психотерапия"
"рожнов психотерапия",101,"психотерапия"
"системная семейная психотерапия обучение",101,"психотерапия"
"психотерапия реальностью",101,"психотерапия"
"университет психологии и психотерапии",101,"психотерапия"
"танцевальная психотерапия",100,"психотерапия"
"аппаратная психотерапия",100,"психотерапия"
"психотерапия джонгсма",100,"психотерапия"
"аарон бек психотерапия",100,"психотерапия"
"василюк понимать психотерапия",99,"психотерапия"
"понимающая психотерапия василюк",99,"психотерапия"
"основы психотерапии методы психотерапии",99,"психотерапия"
"методы телесно ориентированной психотерапии",99,"психотерапия"
"патогенетическая психотерапия",99,"психотерапия"
"психотерапия смертью",99,"психотерапия"
"кризис психотерапии",99,"психотерапия"
"психотерапия это воздействие",99,"психотерапия"
"дар психотерапии читать",99,"психотерапия"
"психотерапия какие изменения",99,"психотерапия"
"психотерапия желаний",99,"психотерапия"
"немедицинская психотерапия",99,"психотерапия"
"вшэ психоанализ и психоаналитическая психотерапия",98,"психотерапия"
"вшэ системная семейная психотерапия",98,"психотерапия"
"психотерапия воронеж",98,"психотерапия"
"клиника психотерапии москва",98,"психотерапия"
"институт психологии и психотерапия эриксона",98,"психотерапия"
"проблемы психологического консультирования и психотерапии",98,"психотерапия"
"курпатов поведенческая психотерапия",98,"психотерапия"
"семейная психотерапия оренбург пролетарская",98,"психотерапия"
"эйдемиллер юстицкис психология и психотерапия",97,"психотерапия"
"ялом экзистенциальная психотерапия скачать",97,"психотерапия"
"автоматическая психотерапия",97,"психотерапия"
"варга а я системная семейная психотерапия",97,"психотерапия"
"экзистенциальная психотерапия обучение",97,"психотерапия"
"психотерапия расстройств личности скачать",97,"психотерапия"
"психология развития и психотерапия",97,"психотерапия"
"институт психотерапии и клинической психологии сайт",97,"психотерапия"
"рудн психотерапия",97,"психотерапия"
"номер психотерапии",97,"психотерапия"
"нарративная психотерапия",97,"психотерапия"
"центр практической психотерапии",96,"психотерапия"
"психотерапия омск",96,"психотерапия"
"генезис психотерапия",96,"психотерапия"
"психотерапия алкогольной",96,"психотерапия"
"институт интегративной психологии и психотерапии",96,"психотерапия"
"движение глазами в психотерапии",96,"психотерапия"
"психотерапия в работе психолога",96,"психотерапия"
"методы психотерапии книга",96,"психотерапия"
"институт детской психотерапии",96,"психотерапия"
"психотерапию среды",96,"психотерапия"
"теория семейной психотерапии",96,"психотерапия"
"эйдемиллер юстицкис психология и психотерапия семьи",95,"психотерапия"
"юстицкис психология и психотерапия семьи",95,"психотерапия"
"центр когнитивно поведенческой психотерапии",95,"психотерапия"
"психотерапия смотреть онлайн бесплатно",95,"психотерапия"
"психология отношения психотерапия",95,"психотерапия"
"институты м психотерапии",95,"психотерапия"
"топ психотерапия",95,"психотерапия"
"системно поведенческая психотерапия курпатов",95,"психотерапия"
"общие факторы психотерапии",95,"психотерапия"
"интерпретация психотерапия",95,"психотерапия"
"психотерапия хабаровск",95,"психотерапия"
"психотерапия стрессовых расстройств",95,"психотерапия"
"психотерапия учиться",95,"психотерапия"
"институт психологии и психотерапии официальный сайт",94,"психотерапия"
"беркан психотерапия",94,"психотерапия"
"беркана центр психотерапии",94,"психотерапия"
"москва обучение психотерапии",94,"психотерапия"
"функциональная психотерапия",94,"психотерапия"
"поведенческая психотерапия книга",94,"психотерапия"
"институт психологии и психотерапии милтона",94,"психотерапия"
"московский институт психотерапии и клинической",94,"психотерапия"
"московский институт психотерапии и клинической психологии",94,"психотерапия"
"психотерапия записаться",94,"психотерапия"
"системная психотерапия семьи",94,"психотерапия"
"эйдемиллер э г психология и психотерапия",94,"психотерапия"
"основные подходы психотерапии",94,"психотерапия"
"психотерапия взаимоотношений",93,"психотерапия"
"семейная психотерапия основы",93,"психотерапия"
"центр психотерапии уфа",93,"психотерапия"
"психотерапия боровских",93,"психотерапия"
"психотерапия выгорания",93,"психотерапия"
"клиент ориентированная психотерапия",93,"психотерапия"
"стационар психотерапии",93,"психотерапия"
"психоаналитическая психотерапия нэнси",93,"психотерапия"
"книги про психотерапию",92,"психотерапия"
"федоренко психотерапия",92,"психотерапия"
"акпп психотерапия",92,"психотерапия"
"отличие консультирование от психотерапии",92,"психотерапия"
"рескриптинг в психотерапии",92,"психотерапия"
"психотерапия утраты",92,"психотерапия"
"центр психотерапии ермаков новосибирск",92,"психотерапия"
"центр психотерапии ермакова новосибирск",92,"психотерапия"
"против психотерапии",92,"психотерапия"
"лорп психотерапия",92,"психотерапия"
"коучинг психотерапия",92,"психотерапия"
"психотерапия социальной работы",92,"психотерапия"
"марк сандомирский психосоматика и телесная психотерапия",92,"психотерапия"
"психотерапия специализация",91,"психотерапия"
"вирджиния сатир психотерапия",91,"психотерапия"
"психиатрия психотерапия и клиническая психология",91,"психотерапия"
"психотерапия ход",91,"психотерапия"
"специфическая психотерапия",91,"психотерапия"
"пограничное расстройство личности психотерапия",91,"психотерапия"
"институт когнитивной психотерапии",91,"психотерапия"
"берн трансакционный анализ в психотерапии",91,"психотерапия"
"персонология консультативная психология и психотерапия",91,"психотерапия"
"семейная система психотерапия",91,"психотерапия"
"сопротивление в психотерапии",91,"психотерапия"
"консультативная психология и психотерапия журнал",91,"психотерапия"
"границы психотерапии",90,"психотерапия"
"психиатр и психотерапия",90,"психотерапия"
"направления психотерапии в психологии",90,"психотерапия"
"психотерапия профессия",90,"психотерапия"
"психотерапия онлайн бесплатно слушать",90,"психотерапия"
"психотерапия потребностей",90,"психотерапия"
"рациональная терапия психотерапия",90,"психотерапия"
"психотерапия и реабилитация центры",90,"психотерапия"
"центр психотерапии молчановой",90,"психотерапия"
"психотерапия внутреннего конфликта",89,"психотерапия"
"провокативная психотерапия фрэнк",89,"психотерапия"
"генезис детская психотерапия",89,"психотерапия"
"психотерапия иваново",89,"психотерапия"
"сократовские вопросы в психотерапии скачать",89,"психотерапия"
"когнитивная психотерапия психологи",89,"психотерапия"
"психотерапия для депрессивных",89,"психотерапия"
"основы психотерапии и консультирования",89,"психотерапия"
"социальная групповая психотерапия",89,"психотерапия"
"лекции по психотерапии",89,"психотерапия"
"психотерапия в психологической практике",89,"психотерапия"
"аарон бек когнитивная психотерапия",89,"психотерапия"
"телесно ориентированная психотерапия обучение",88,"психотерапия"
"психодинамический подход в психотерапии",88,"психотерапия"
"научиться психотерапии",88,"психотерапия"
"методы психокоррекции психотерапия",88,"психотерапия"
"поведенческая психотерапия скачать",88,"психотерапия"
"основные понятия психотерапии",88,"психотерапия"
"психотерапия алкогольной зависимости",88,"психотерапия"
"психотерапия последствия",88,"психотерапия"
"психотерапия песня",88,"психотерапия"
"акпп когнитивно поведенческой психотерапии",88,"психотерапия"
"психотерапия высшее образование",88,"психотерапия"
"введение в семейную психотерапию",88,"психотерапия"
"метафоры в психотерапии",87,"психотерапия"
"эмпатия психотерапия",87,"психотерапия"
"горького 75 пермь психотерапия",87,"психотерапия"
"психотерапия горького 75",87,"психотерапия"
"психотерапия депрессивного расстройства",87,"психотерапия"
"клиника семейной психотерапии оренбург пролетарская",87,"психотерапия"
"ценность психотерапии",87,"психотерапия"
"психотерапия специфика",87,"психотерапия"
"институт когнитивно поведенческой психотерапии",87,"психотерапия"
"высшая школа психотерапии",87,"психотерапия"
"психотерапия планы лечения",87,"психотерапия"
"психотерапия для депрессивных жаб",87,"психотерапия"
"психотерапия для жаб",87,"психотерапия"
"психотерапия в социальной психологии",86,"психотерапия"
"аутогенная психотерапия",86,"психотерапия"
"курпатов психотерапия книга",86,"психотерапия"
"практическая работа психотерапия",86,"психотерапия"
"поведенческие техники психотерапии",86,"психотерапия"
"техник поведенческой психотерапии",86,"психотерапия"
"психотерапия семейных отношений",86,"психотерапия"
"психотерапия поступить",86,"психотерапия"
"эйдемиллер э психология и психотерапия семьи",86,"психотерапия"
"психотерапия задания",86,"психотерапия"
"карты в психотерапии",86,"психотерапия"
"когнитивно поведенческая психотерапия отзывы",86,"психотерапия"
"телесная психотерапия онлайн",86,"психотерапия"
"чем отличается психологическое консультирование от психотерапии",86,"психотерапия"
"психоанализ метод психотерапии",86,"психотерапия"
"вашу психотерапию",86,"психотерапия"
"ялом дар психотерапии читать",85,"психотерапия"
"дбт психотерапия",85,"психотерапия"
"психотерапия внушение гипноз",85,"психотерапия"
"психотерапия 2019",85,"психотерапия"
"введение в системную семейную психотерапию",85,"психотерапия"
"психолог проводит психотерапию",85,"психотерапия"
"психология личности и психотерапия",85,"психотерапия"
"психотерапия 20",85,"психотерапия"
"клиническая медицинская психотерапия",85,"психотерапия"
"экзистенциализм психотерапия",84,"психотерапия"
"психотерапия метод арт терапии",84,"психотерапия"
"психотерапия саморегуляции",84,"психотерапия"
"карл роджерс консультирование и психотерапия",84,"психотерапия"
"нужна ли психотерапия",84,"психотерапия"
"книга техники когнитивной психотерапии",84,"психотерапия"
"ван дорцен экзистенциальная психотерапия",84,"психотерапия"
"ассоциация когнитивно поведенческой психотерапии обучение",84,"психотерапия"
"психотерапия самой себе",84,"психотерапия"
"основы психотерапии книга",84,"психотерапия"
"краткосрочная стратегическая психотерапия",84,"психотерапия"
"институт психотерапии клинической психологии официальный сайт",84,"психотерапия"
"музыкальная психотерапия",84,"психотерапия"
"требования психотерапии",83,"психотерапия"
"когнитивная психотерапия читать",83,"психотерапия"
"религиозная психотерапия",83,"психотерапия"
"психотерапия детства",83,"психотерапия"
"возрастная психотерапия",83,"психотерапия"
"понимание в психотерапии",83,"психотерапия"
"психотерапия методы воздействия",83,"психотерапия"
"метод позитивная психотерапия",83,"психотерапия"
"символы психотерапия",83,"психотерапия"
"варга введение в семейную системную психотерапию",83,"психотерапия"
"введение в семейная психотерапия варга",83,"психотерапия"
"психотерапия стандарт",83,"психотерапия"
"какая психотерапия лучше",83,"психотерапия"
"психотерапия сериал смотреть",83,"психотерапия"
"диссертация психотерапия",83,"психотерапия"
"семейная психотерапия фото",83,"психотерапия"
"эйдемиллер э г психотерапия семьи",83,"психотерапия"
"к методам психотерапии относится",82,"психотерапия"
"клиника психотерапии и диетологии",82,"психотерапия"
"психология и психотерапия зависимости",82,"психотерапия"
"участие в психотерапии",82,"психотерапия"
"сценарий психотерапия",82,"психотерапия"
"психологические средства психотерапии",82,"психотерапия"
"психотерапия услуга",82,"психотерапия"
"институт психотерапии им эриксона",82,"психотерапия"
"метод сократа в психотерапии",82,"психотерапия"
"акпп ассоциация когнитивно поведенческой психотерапии",82,"психотерапия"
"очерки православной психотерапии",82,"психотерапия"
"психотерапия самооценка",82,"психотерапия"
"холмогорова психотерапия",82,"психотерапия"
"психотерапия таблица",82,"психотерапия"
"институт современной психотерапии",81,"психотерапия"
"ковалев психотерапия",81,"психотерапия"
"психотерапия ковалева",81,"психотерапия"
"нлп в психотерапии",81,"психотерапия"
"сократовские вопросы в психотерапии книга",81,"психотерапия"
"психотерапия киров",81,"психотерапия"
"психотерапия медитация",81,"психотерапия"
"ано институт психологии и психотерапии",81,"психотерапия"
"оокпб no 1 клиника семейной психотерапии",81,"психотерапия"
"психотерапия планы лечения взрослых пациентов",81,"психотерапия"
"центр психотерапии доктора ермакова новосибирск",81,"психотерапия"
"институт психологии и психотерапии им милтона эриксона",81,"психотерапия"
"института психотерапии им милтона эриксона",81,"психотерапия"
"боровских психотерапия по русски",81,"психотерапия"
"культура психотерапии",81,"психотерапия"
"психотерапия в клинической практике",81,"психотерапия"
"психотерапия хрестоматия",80,"психотерапия"
"профиль психотерапия",80,"психотерапия"
"стадии психотерапии",80,"психотерапия"
"психотерапия диплом",80,"психотерапия"
"практика семейной психотерапии",80,"психотерапия"
"психотерапия и мозг",80,"психотерапия"
"психотерапия суицидального",79,"психотерапия"
"психиатрия медицинская психотерапия",79,"психотерапия"
"психотерапия посттравматический",79,"психотерапия"
"европейская психотерапия",79,"психотерапия"
"психотерапия психологический центр",79,"психотерапия"
"игровая терапия психотерапия",79,"психотерапия"
"контекст в психотерапии",79,"психотерапия"
"у нас было сто лет психотерапии",79,"психотерапия"
"ирвин ялом дар психотерапии читать",79,"психотерапия"
"3 направления психотерапии",78,"психотерапия"
"психотерапия закон",78,"психотерапия"
"когнитивная психотерапия курсы",78,"психотерапия"
"институт психологии и психотерапии москва отзывы",78,"психотерапия"
"психологической помощью психокоррекцией психотерапией",78,"психотерапия"
"мишени психотерапии",78,"психотерапия"
"психотерапия при шизофрении",78,"психотерапия"
"речь в психотерапии",78,"психотерапия"
"провокативная психотерапия фарелли",78,"психотерапия"
"психотерапия агрессии",77,"психотерапия"
"гештальт методы психотерапии",77,"психотерапия"
"психотерапия комплексов",77,"психотерапия"
"семейная психотерапия техники",77,"психотерапия"
"нэнси мак вильямс психотерапия",77,"психотерапия"
"центр психотерапии профессора",77,"психотерапия"
"московский институт психологии и психотерапии эриксона",77,"психотерапия"
"курсы психологии и психотерапии",77,"психотерапия"
"семейная психотерапия скачать",77,"психотерапия"
"пролетарская 153 оренбург семейная психотерапия",77,"психотерапия"
"актуальная психотерапия",76,"психотерапия"
"учебник психотерапия карвасарский",76,"психотерапия"
"психотерапия сексология",76,"психотерапия"
"институт прикладной психологии и психотерапии",76,"психотерапия"
"майндсет клиника психотерапии",76,"психотерапия"
"психотерапия цель воздействия",76,"психотерапия"
"отношения отношения и клиента в психотерапии",76,"психотерапия"
"психологическое консультирование групповая психотерапия",76,"психотерапия"
"когнитивно поведенческая психотерапия является",76,"психотерапия"
"психотерапия семейный эйдемиллер",76,"психотерапия"
"положительная психотерапия",76,"психотерапия"
"клиническая психотерапия обучение",76,"психотерапия"
"психодинамическая психотерапия клиническое руководство",76,"психотерапия"
"контрперенос в психотерапии",76,"психотерапия"
"решаемые проблемы в психотерапии",76,"психотерапия"
"взгляд на психотерапию становление человека",76,"психотерапия"
"ли то психотерапия",76,"психотерапия"
"психотерапия учебники скачать",76,"психотерапия"
"двигательная психотерапия",76,"психотерапия"
"психология и психотерапия спб",75,"психотерапия"
"семейная психотерапия москва",75,"психотерапия"
"психотерапия сказкой",75,"психотерапия"
"интегративная детская психотерапия",75,"психотерапия"
"бесплатная групповая психотерапия",75,"психотерапия"
"институт психотерапии новосибирск",75,"психотерапия"
"психотерапия исцеления",75,"психотерапия"
"аутогенная тренировка психотерапия",75,"психотерапия"
"критерии психотерапии",75,"психотерапия"
"психотерапия учебник для вузов",74,"психотерапия"
"глория психотерапия",74,"психотерапия"
"недостатки психотерапии",74,"психотерапия"
"десенсибилизация метод психотерапии",74,"психотерапия"
"карвасарского когнитивно поведенческая психотерапия",74,"психотерапия"
"психотерапия беседа",74,"психотерапия"
"отличие психологического консультирования от психотерапии",74,"психотерапия"
"после сеансов психотерапии",74,"психотерапия"
"психотерапия невротические расстройства",74,"психотерапия"
"психотерапия фильм смотреть онлайн",74,"психотерапия"
"институт психотерапии обучение",74,"психотерапия"
"психотерапия по рожнову",74,"психотерапия"
"карл роджерс взгляд на психотерапию",74,"психотерапия"
"доказанная психотерапия",74,"психотерапия"
"интегративный подход психотерапии",74,"психотерапия"
"клиника психотерапии нева",74,"психотерапия"
"тактика психотерапии",74,"психотерапия"
"сатир психотерапия семьи",74,"психотерапия"
"психотерапия аудиокнига слушать",74,"психотерапия"
"экзистенциальное консультирование и психотерапия на практике",73,"психотерапия"
"психотерапия сво",73,"психотерапия"
"когнитивно ориентированная психотерапия",73,"психотерапия"
"суть когнитивной психотерапии",73,"психотерапия"
"проработка психотерапия",73,"психотерапия"
"невербальная психотерапия",73,"психотерапия"
"общество психоаналитической психотерапии",73,"психотерапия"
"кафедра психологии и психотерапии",73,"психотерапия"
"психотерапия личностный рост",73,"психотерапия"
"мгппу психотерапия",73,"психотерапия"
"экзистенциальное направление психотерапии",72,"психотерапия"
"горе психотерапия",72,"психотерапия"
"этапы когнитивной психотерапии",72,"психотерапия"
"клинически ориентированная психотерапия",72,"психотерапия"
"психотерапия владимир",72,"психотерапия"
"подходы в психологии психотерапии",72,"психотерапия"
"психотерапия цикл",72,"психотерапия"
"психотерапия заикания",72,"психотерапия"
"формы методов психотерапии",72,"психотерапия"
"психотерапия русской традицией",72,"психотерапия"
"метод рациональной психотерапии",72,"психотерапия"
"феноменологическая психотерапия",71,"психотерапия"
"психотерапия расстройств личности книга",71,"психотерапия"
"психотерапия сколько сеансов",71,"психотерапия"
"перинатальная психотерапия",71,"психотерапия"
"гештальт терапия методы психотерапии",71,"психотерапия"
"когнитивная психотерапия расстройств личности скачать",71,"психотерапия"
"центр психотерапии ул ленина 2",71,"психотерапия"
"когнитивно поведенческий подход в психотерапии",71,"психотерапия"
"психотерапия анорексии",71,"психотерапия"
"что означает психотерапия",71,"психотерапия"
"центр психотерапии и неврологии новосибирск",71,"психотерапия"
"васильева караваева психотерапия",71,"психотерапия"
"когнитивная психология и когнитивная психотерапия",71,"психотерапия"
"направления и методы психотерапии",71,"психотерапия"
"студия психотерапии доктора крикуна преображенская ул 89",71,"психотерапия"
"переподготовка психология и психотерапия",71,"психотерапия"
"психотерапия степени",71,"психотерапия"
"фрэнк фарелли провокативная психотерапия",70,"психотерапия"
"форматы психотерапии",70,"психотерапия"
"библиотека психотерапии",70,"психотерапия"
"телесно ориентированная психотерапия ирина соловьева",70,"психотерапия"
"основные задачи психотерапии",70,"психотерапия"
"психологи когнитивно поведенческой психотерапии",70,"психотерапия"
"центры ассоциации когнитивно поведенческой психотерапии",70,"психотерапия"
"нэнси мак вильямс психоаналитическая психотерапия",70,"психотерапия"
"эмоционально стрессовая психотерапия",70,"психотерапия"
"необходимость психотерапии",70,"психотерапия"
"когнитивно поведенческая психотерапия кпт",70,"психотерапия"
"основы когнитивной психотерапии",70,"психотерапия"
"саймонтон психотерапия",70,"психотерапия"
"саймонтон психотерапия рака",70,"психотерапия"
"приказ психотерапия",70,"психотерапия"
"центр аппаратной психотерапии и нейромодуляции",70,"психотерапия"
"отечественная психотерапия",70,"психотерапия"
"виды клиентов психотерапии",70,"психотерапия"
"кино психотерапия",70,"психотерапия"
"психотерапия семейного конфликта",70,"психотерапия"
"методы психотерапии скачать",70,"психотерапия"
"телесно ориентированная психотерапия онлайн",70,"психотерапия"
"берн трансактный анализ психотерапии",70,"психотерапия"
"руководство по системной поведенческой психотерапии",69,"психотерапия"
"центр психотерапии петровского",69,"психотерапия"
"сущность психотерапии",69,"психотерапия"
"дистанционная психотерапия",69,"психотерапия"
"психотерапия контракт",69,"психотерапия"
"работает ли психотерапия",69,"психотерапия"
"представление о психотерапии",69,"психотерапия"
"обучение психотерапии психологов",69,"психотерапия"
"центр психотерапии хабаровска",69,"психотерапия"
"основания психотерапии",69,"психотерапия"
"центр неврологии и психотерапии ермакова новосибирск",69,"психотерапия"
"ирвин ялом экзистенциальная психотерапия скачать",69,"психотерапия"
"центр когнитивной психотерапии доктора богдановой",69,"психотерапия"
"процессуальная психотерапия",69,"психотерапия"
"психотерапия научный центр",69,"психотерапия"
"академия современной психотерапии",69,"психотерапия"
"захаров психотерапия",69,"психотерапия"
"групповая работа психотерапия",69,"психотерапия"
"клиника семейной психотерапии оренбург пролетарская 153",69,"психотерапия"
"клинико психологическое консультирование с основами психотерапии",69,"психотерапия"
"сократовские вопросы в психотерапии и консультировании скачать",68,"психотерапия"
"психотерапия сериал смотреть онлайн",68,"психотерапия"
"стивен джонсон психотерапия",68,"психотерапия"
"стивен джонсон психотерапия характера",68,"психотерапия"
"когнитивная психотерапия бесплатно",68,"психотерапия"
"когнитивное поведение психотерапия",68,"психотерапия"
"психотерапия медицинская и психологическая",68,"психотерапия"
"психотерапия epub",68,"психотерапия"
"психологическая психотерапия обучение",68,"психотерапия"
"опоры психотерапия",68,"психотерапия"
"образная психотерапия",68,"психотерапия"
"аарон бек когнитивная психотерапия расстройств",68,"психотерапия"
"институт интегративной детской психотерапии",68,"психотерапия"
"категория психотерапия",68,"психотерапия"
"центр психотерапии кабинет",68,"психотерапия"
"формы работы психотерапии",68,"психотерапия"
"практикум психотерапии",68,"психотерапия"
"психотерапия дневник",68,"психотерапия"
"психотерапия зависимых",68,"психотерапия"
"интегративная психотерапия эрскина",68,"психотерапия"
"авдеев психотерапия",68,"психотерапия"
"психотерапия васильевой караваевой",67,"психотерапия"
"основы поведенческой психотерапии",67,"психотерапия"
"магистратура семейная психотерапия",67,"психотерапия"
"системная психотерапия курс",67,"психотерапия"
"ясно психотерапия сайт",67,"психотерапия"
"психотерапия жалобы",67,"психотерапия"
"скачать техники когнитивной психотерапии",67,"психотерапия"
"психотерапия книги читать онлайн",67,"психотерапия"
"психотерапия фон",67,"психотерапия"
"лаборатория психотерапии",67,"психотерапия"
"элементы психотерапии",67,"психотерапия"
"слабинский психотерапия",67,"психотерапия"
"психотерапия напряжение",67,"психотерапия"
"правила психотерапии",67,"психотерапия"
"психотерапия и поиски счастья",67,"психотерапия"
"психология психодиагностика и психотерапии",67,"психотерапия"
"психотерапия скачать fb2",67,"психотерапия"
"что нужно для психотерапии",66,"психотерапия"
"когнитивная психотерапия расстройств личности бек и фримен",66,"психотерапия"
"психотерапия здоровых людей",66,"психотерапия"
"психотерапии иркутск",66,"психотерапия"
"задачами психотерапии являются",66,"психотерапия"
"интегральная психодинамическая психотерапия",66,"психотерапия"
"орджоникидзе 30 центр психотерапии",66,"психотерапия"
"психотерапия веса",66,"психотерапия"
"техники консультирования и психотерапии",66,"психотерапия"
"психотерапия фильм 2024",66,"психотерапия"
"институт психотерапии москва официальный",66,"психотерапия"
"психотерапия бывает",66,"психотерапия"
"психотерапия стыда",66,"психотерапия"
"лихи техники когнитивной психотерапии скачать",66,"психотерапия"
"три подхода к психотерапии",66,"психотерапия"
"групповая психотерапия детей",66,"психотерапия"
"аарон бек когнитивная психотерапия расстройств личности",66,"психотерапия"
"психотерапия расстройств личности аарон бек",66,"психотерапия"
"психотерапия линде",66,"психотерапия"
"долгосрочная психотерапия",66,"психотерапия"
"носсрат пезешкиан психотерапия",66,"психотерапия"
"центр психотерапии и неврологии доктора ермакова новосибирск",66,"психотерапия"
"психотерапия мотивации",66,"психотерапия"
"психотерапия сексуальные расстройства",66,"психотерапия"
"домашняя психотерапия",66,"психотерапия"
"обзор психотерапии",65,"психотерапия"
"клиент центрированная психотерапия роджерса",65,"психотерапия"
"психотерапия посттравматического стрессового расстройства",65,"психотерапия"
"генезис институт психотерапии",65,"психотерапия"
"кафедра наркологии и психотерапии",65,"психотерапия"
"генезис интегративная психотерапия",65,"психотерапия"
"платная психотерапия",65,"психотерапия"
"экзистенциальный подход психотерапия",65,"психотерапия"
"когнитивная психотерапия бека скачать",65,"психотерапия"
"нейробиология психотерапии козолино",65,"психотерапия"
"что происходит в психотерапии",65,"психотерапия"
"индивидуальная психотерапия это",65,"психотерапия"
"психотерапия заочное",65,"психотерапия"
"психотерапия детей книга",65,"психотерапия"
"сколько длится психотерапия",65,"психотерапия"
"психотерапия вакансии",65,"психотерапия"
"анна варга системная семейная психотерапия",65,"психотерапия"
"архетипы в психотерапии",65,"психотерапия"
"кочюнас психотерапия",65,"психотерапия"
"экзистенциальная психология и психотерапия",65,"психотерапия"
"вид деятельности психотерапия",65,"психотерапия"
"клиника психотерапии доктора андрея курпатова",65,"психотерапия"
"психотерапия пенза",64,"психотерапия"
"беркана центр психотерапии новосибирск",64,"психотерапия"
"признаки психотерапии",64,"психотерапия"
"психотерапия аналитическая психология",64,"психотерапия"
"психотерапия зависимостей книги",64,"психотерапия"
"дополнительное образование психотерапия",64,"психотерапия"
"новые книги психотерапия",64,"психотерапия"
"психотерапия повседневной жизни",64,"психотерапия"
"какие существуют психотерапии",64,"психотерапия"
"человек после психотерапии",64,"психотерапия"
"метод психотерапии виды",64,"психотерапия"
"институт генезис детская психотерапия",64,"психотерапия"
"психоаналитическая психотерапия руководство практика",64,"психотерапия"
"институт современной психотерапии и психологии",64,"психотерапия"
"психотерапия основные принципы",64,"психотерапия"
"почему люди психотерапия",64,"психотерапия"
"психотерапия программа переподготовки",64,"психотерапия"
"медицинский психолог психотерапия",64,"психотерапия"
"психотерапия ярославль",64,"психотерапия"
"дар психотерапии слушать",64,"психотерапия"
"институт психологии и психотерапии новосибирск",64,"психотерапия"
"психотерапия настроения",64,"психотерапия"
"детская и семейная психотерапия",63,"психотерапия"
"пройти курс психотерапии",63,"психотерапия"
"проходит курс психотерапии",63,"психотерапия"
"прошла курс психотерапии",63,"психотерапия"
"центр психотерапии и консультирования",63,"психотерапия"
"центр позитивной психотерапии",63,"психотерапия"
"гештальт психотерапия это",63,"психотерапия"
"психотерапия уйти",63,"психотерапия"
"сравнение психотерапии",63,"психотерапия"
"раскрывающая психотерапия",63,"психотерапия"
"психотерапия в практике психолога",63,"психотерапия"
"техники когнитивно поведенческой психотерапии",63,"психотерапия"
"погодин психотерапия",63,"психотерапия"
"центр психотерапии ижевск",63,"психотерапия"
"промт для психотерапии",63,"психотерапия"
"волны психотерапии",63,"психотерапия"
"детская интегративная психотерапия генезис",63,"психотерапия"
"когнитивно поведенческая психотерапия шесть ступеней",63,"психотерапия"
"экспериментальная психотерапия",63,"психотерапия"
"дзен психотерапия",63,"психотерапия"
"обучающая психотерапия",63,"психотерапия"
"психотерапия коммуникаций",63,"психотерапия"
"хрестоматия по телесно ориентированной психотерапии",63,"психотерапия"
"групповая психотерапия тренинг",63,"психотерапия"
"адаптивная психотерапия",63,"психотерапия"
"митрополита иерофея православная психотерапия",63,"психотерапия"
"православная психотерапия митрополит",63,"психотерапия"
"когнитивно поведенческая психотерапия руководство",62,"психотерапия"
"лекарство психотерапии",62,"психотерапия"
"профпереподготовка психотерапия",62,"психотерапия"
"игровой психотерапия ребенок",62,"психотерапия"
"малых психотерапия",62,"психотерапия"
"психоаналитическая психотерапия книга",62,"психотерапия"
"психотерапия ростов на дону",62,"психотерапия"
"пространство психотерапии",62,"психотерапия"
"руководство по детской психотерапии",62,"психотерапия"
"центр психотерапии доктора петровской",62,"психотерапия"
"центр психотерапии профессора малыгина",62,"психотерапия"
"психотерапия психосоматического заболевания",62,"психотерапия"
"методами групповой психотерапии являются",62,"психотерапия"
"психотерапия в наркологии",62,"психотерапия"
"психотерапия мясищева",62,"психотерапия"
"институт интегративной детской психотерапии генезис",62,"психотерапия"
"гипнотерапия психотерапия",62,"психотерапия"
"психотерапия вина",62,"психотерапия"
"институт психотерапии детская психология",62,"психотерапия"
"бек когнитивная психотерапия расстройств личности скачать",62,"психотерапия"
"институт психологии москва официальный сайт психотерапии",62,"психотерапия"
"институт психотерапии москва официальный сайт",62,"психотерапия"
"костромской центр психотерапии",62,"психотерапия"
"где пройти психотерапию",61,"психотерапия"
"где проходит психотерапия",61,"психотерапия"
"социальное развитие и психотерапия",61,"психотерапия"
"парадоксальная психотерапия",61,"психотерапия"
"групповая психотерапия виды",61,"психотерапия"
"центр психотерапии и неврологии орджоникидзе 30",61,"психотерапия"
"модальности психотерапии",61,"психотерапия"
"вербальная психотерапия",61,"психотерапия"
"пределы психотерапии",61,"психотерапия"
"психотерапия метод движения глаз",61,"психотерапия"
"эллис гуманистическая психотерапия",61,"психотерапия"
"современные направления психотерапии",61,"психотерапия"
"детская и подростковая психотерапия филиппова",61,"психотерапия"
"детская и подростковая психотерапия филипповой",61,"психотерапия"
"филиппова детская психотерапия",61,"психотерапия"
"гештальт терапия какое направление психотерапии",61,"психотерапия"
"психотерапия вины",61,"психотерапия"
"как начать психотерапию",60,"психотерапия"
"психотерапия филиппов",60,"психотерапия"
"аддиктология психология и психотерапия зависимостей",60,"психотерапия"
"выбор в психотерапии",60,"психотерапия"
"екатерина психотерапии",60,"психотерапия"
"психотерапия показания",60,"психотерапия"
"московский университет психотерапии",60,"психотерапия"
"методы психотерапии гипноз",60,"психотерапия"
"интегративная детская психология и психотерапия",60,"психотерапия"
"системная семейная психотерапия книга",60,"психотерапия"
"сайт центра психотерапии",60,"психотерапия"
"методы психотерапии обучение",60,"психотерапия"
"тетрадь психотерапии",60,"психотерапия"
"мастера психотерапии",60,"психотерапия"
"ментализация в психотерапии",60,"психотерапия"
"гнев психотерапия",60,"психотерапия"
"групповая поведенческая психотерапия",60,"психотерапия"
"психотерапия по омс",60,"психотерапия"
"психотерапия релаксация",60,"психотерапия"
"асд центр наркологии психиатрии и психотерапии",59,"психотерапия"
"экстренная психотерапия",59,"психотерапия"
"индивидуальная форма психотерапии",59,"психотерапия"
"медицинская реабилитация психотерапия",59,"психотерапия"
"на чем основана психотерапия",59,"психотерапия"
"иррациональная психотерапия",59,"психотерапия"
"системная семейная психотерапия курсы",59,"психотерапия"
"позитивная психотерапия пезешкиана книга",59,"психотерапия"
"психотерапия 5 лет",59,"психотерапия"
"работа с телом в психотерапии тимошенко",59,"психотерапия"
"психотерапия рудестам",59,"психотерапия"
"рудестам групповая психотерапия",59,"психотерапия"
"феномены в психотерапии",59,"психотерапия"
"психотерапия советы",59,"психотерапия"
"психотерапия жертв",59,"психотерапия"
"переработка глазами психотерапия",59,"психотерапия"
"психотерапия массажем",59,"психотерапия"
"психотерапия фобических расстройств",59,"психотерапия"
"психологическая реабилитация психотерапия",59,"психотерапия"
"трансгенерационная психотерапия",59,"психотерапия"
"носсрат пезешкиан позитивная психотерапия",59,"психотерапия"
"личностно ориентированная психотерапия методы",59,"психотерапия"
"общие вопросы психотерапии",59,"психотерапия"
"детская психотерапия книги",59,"психотерапия"
"психотерапия нарциссизма",59,"психотерапия"
"вирджиния сатир психотерапия семьи",58,"психотерапия"
"основы психологического консультирования и психотерапии",58,"психотерапия"
"научные методы психотерапии",58,"психотерапия"
"мероприятие психотерапия",58,"психотерапия"
"психотерапия психологических травм",58,"психотерапия"
"методы детской психотерапии",58,"психотерапия"
"центр психотерапии оренбург",58,"психотерапия"
"институт интегративной психологии и психотерапии генезис",58,"психотерапия"
"психотерапия в новосибирске",58,"психотерапия"
"костромской центр психотерапии и психологии",58,"психотерапия"
"лечение депрессии психотерапией",58,"психотерапия"
"кафедра психиатрии наркологии и психотерапии",58,"психотерапия"
"основы клинической психотерапии",58,"психотерапия"
"психотерапия алкоголем",58,"психотерапия"
"психотерапия тревожно фобических",58,"психотерапия"
"тревожно фобическое расстройство психотерапия",58,"психотерапия"
"психотерапия красноярск",58,"психотерапия"
"московский институт психоанализа и психотерапии",57,"психотерапия"
"психотерапия военных",57,"психотерапия"
"альтернативная психотерапия",57,"психотерапия"
"какие формы психотерапии",57,"психотерапия"
"разделы психотерапии",57,"психотерапия"
"теории и методы психотерапии",57,"психотерапия"
"семейная психотерапия спб",57,"психотерапия"
"буддизм психотерапия",57,"психотерапия"
"психотерапия воли",57,"психотерапия"
"основы психотерапии и психоанализа",57,"психотерапия"
"психотерапия рф",57,"психотерапия"
"популярный психотерапия",57,"психотерапия"
"павел федоренко психотерапия",57,"психотерапия"
"когнитивная психотерапия эмоциональных и личностных расстройств",57,"психотерапия"
"психотерапия потери",57,"психотерапия"
"психиатрия психосоматика психотерапия",57,"психотерапия"
"групповая психотерапия основы",57,"психотерапия"
"психотерапия психических заболеваний",57,"психотерапия"
"институт интеграция международный психологии и психотерапии",57,"психотерапия"
"психотерапия рода",57,"психотерапия"
"групповая психотерапия подростков",56,"психотерапия"
"лорпт психотерапия что это",56,"психотерапия"
"психотерапия при прл",56,"психотерапия"
"поведенческая психотерапия представляет собой",56,"психотерапия"
"психотерапия расслабление",56,"психотерапия"
"кочюнас групповая психотерапия",56,"психотерапия"
"когнитивная психотерапия онлайн",56,"психотерапия"
"основы психиатрии наркологии и психотерапии",56,"психотерапия"
"личностно ориентированная психотерапия это",56,"психотерапия"
"групповая психотерапия динамика",56,"психотерапия"
"фразы психотерапия",56,"психотерапия"
"аналитическая психотерапия это",56,"психотерапия"
"психотерапия панического расстройства",56,"психотерапия"
"психотерапия юмор",56,"психотерапия"
"трансакционный анализ в психотерапии эрик",56,"психотерапия"
"трансакционный анализ в психотерапии эрик берн",56,"психотерапия"
"психотерапия природой",56,"психотерапия"
"системный подход в психотерапии",56,"психотерапия"
"сенсомоторная психотерапия огден",56,"психотерапия"
"психотерапия изменение личности",56,"психотерапия"
"гуманистически ориентированная психотерапия",56,"психотерапия"
"виды направлений психотерапии",56,"психотерапия"
"когнитивно поведенческая психотерапия скачать",56,"психотерапия"
"извращенная психотерапия",56,"психотерапия"
"мип семейная психотерапия",56,"психотерапия"
"что входит в психотерапию",56,"психотерапия"
"методы психологического консультирования и психотерапии",56,"психотерапия"
"психотерапия новых решений книга",56,"психотерапия"
"экзистенциальная психотерапия аудиокниги",56,"психотерапия"
"психотерапия алкоголика",55,"психотерапия"
"психотерапия пожилых",55,"психотерапия"
"озон психотерапия",55,"психотерапия"
"институт психотерапии и клинической психологии магистратура",55,"психотерапия"
"психотерапия эмоционального выгорания",55,"психотерапия"
"психотерапия смоленск",55,"психотерапия"
"школа психологии и психотерапии",55,"психотерапия"
"академия краткосрочной психотерапии",55,"психотерапия"
"схемы когнитивной психотерапии",55,"психотерапия"
"практика когнитивной психотерапии",55,"психотерапия"
"основы когнитивно поведенческой психотерапии",55,"психотерапия"
"работа с травмой в психотерапии",55,"психотерапия"
"кабинет психотерапия нейромодуляция",55,"психотерапия"
"психотерапия учеба",55,"психотерапия"
"групповая психотерапия в москве",55,"психотерапия"
"центр аппаратной психотерапии кабинет",55,"психотерапия"
"психотерапия проект",55,"психотерапия"
"психотерапия фобии",55,"психотерапия"
"психотерапия по любви фильм смотреть",55,"психотерапия"
"формы и направления психотерапии",55,"психотерапия"
"интеграция в психотерапии",54,"психотерапия"
"факультет психологии и психотерапии",54,"психотерапия"
"изд во институт психотерапии",54,"психотерапия"
"захаров психотерапия неврозов",54,"психотерапия"
"основные виды психотерапии",54,"психотерапия"
"гроф психотерапия",54,"психотерапия"
"психотерапия отца",54,"психотерапия"
"основоположники психотерапии",54,"психотерапия"
"скрываю психотерапию",54,"психотерапия"
"психотерапия торрент",54,"психотерапия"
"психотерапия в работе с детьми",54,"психотерапия"
"психотерапия зачем",54,"психотерапия"
"групповая психотерапия екатеринбург",54,"психотерапия"
"православная психотерапия купить",54,"психотерапия"
"падающая стрела психотерапия",54,"психотерапия"
"падающая стрела техника в психотерапии",54,"психотерапия"
"психотерапия ученые",54,"психотерапия"
"семейная психотерапия системный подход",54,"психотерапия"
"когнитивно психологическая психотерапия",54,"психотерапия"
"психотерапия работа с образами",54,"психотерапия"
"интересная психотерапия",54,"психотерапия"
"оценка эффективности психотерапии",54,"психотерапия"
"любовь космос и психотерапия читать",54,"психотерапия"
"психотерапия комбатантов",54,"психотерапия"
"патопсихология и психотерапия",54,"психотерапия"
"рожнов руководство по психотерапии",54,"психотерапия"
"руководство по психотерапии рожнова",54,"психотерапия"
"телесно ориентированная психотерапия скачать",54,"психотерапия"
"эрик берн трансактный анализ в психотерапии",54,"психотерапия"
"цели психотерапии и психологического консультирования",54,"психотерапия"
"центр аппаратной психотерапии и нейромодуляции кабинет",53,"психотерапия"
"центр семейной психотерапии оренбург",53,"психотерапия"
"психотерапия подходы и методы",53,"психотерапия"
"ведущие направления психотерапии",53,"психотерапия"
"психотерапия эмоциональных состояний",53,"психотерапия"
"этапы семейной психотерапии",53,"психотерапия"
"метод поддерживающей психотерапии",53,"психотерапия"
"интернет психотерапия",53,"психотерапия"
"детско родительская психотерапия",53,"психотерапия"
"психотерапия обучение очное",53,"психотерапия"
"структурная психотерапия",53,"психотерапия"
"буква психотерапия",53,"психотерапия"
"плюсы психотерапии",53,"психотерапия"
"институт телесной психотерапии",53,"психотерапия"
"бережная психотерапия",53,"психотерапия"
"психотерапия сериал смотреть онлайн бесплатно",53,"психотерапия"
"творческая психотерапия",53,"психотерапия"
"аудио психотерапия",53,"психотерапия"
"екатеринбург центр психотерапии",53,"психотерапия"
"психотерапия чебоксары",53,"психотерапия"
"канал психотерапии",52,"психотерапия"
"исследование эффективности психотерапии",52,"психотерапия"
"когнитивно поведенческая психотерапия книга",52,"психотерапия"
"институт психотерапии личный кабинет",52,"психотерапия"
"позитивная психотерапия обучение",52,"психотерапия"
"телесно ориентированная психотерапия очно и онлайн",52,"психотерапия"
"психотерапия обид",52,"психотерапия"
"самая эффективная психотерапия",52,"психотерапия"
"психотерапия цель направления",52,"психотерапия"
"когнитивная психология и когнитивно поведенческая психотерапия",52,"психотерапия"
"психоанализ в семейной психотерапии",52,"психотерапия"
"бросил психотерапию",52,"психотерапия"
"психотерапия пробуждения",52,"психотерапия"
"интенсивная психотерапия",52,"психотерапия"
"клиника психотерапии нижний",52,"психотерапия"
"психология семьи и семейная психотерапия",52,"психотерапия"
"православная психотерапия митрополит иерофей влахос",52,"психотерапия"
"психотерапия митрополита влахоса православная",52,"психотерапия"
"к гуманистической психотерапии относится",52,"психотерапия"
"ять психотерапия",52,"психотерапия"
"ять психотерапия русской",52,"психотерапия"
"психотерапия избегающей привязанности книга",52,"психотерапия"
"психотерапия письмом",52,"психотерапия"
"психолог занимается психотерапией",52,"психотерапия"
"эмотивная психотерапия",52,"психотерапия"
"рабочая тетрадь психотерапия",52,"психотерапия"
"институт психотерапии спб",52,"психотерапия"
"направления психотерапии детей",52,"психотерапия"
"центр психологического консультирования и психотерапии",52,"психотерапия"
"психотерапия ориентированная на проблему",52,"психотерапия"
"сократовские вопросы в консультировании и психотерапии книга",52,"психотерапия"
"психотерапия профессионального выгорания",52,"психотерапия"
"книга лихи когнитивная психотерапия",51,"психотерапия"
"основы психотерапии скачать",51,"психотерапия"
"психотерапия тула",51,"психотерапия"
"психотерапия на английском",51,"психотерапия"
"ирвин ялом экзистенциальная психотерапия книга",51,"психотерапия"
"основные направления психотерапии и консультирования",51,"психотерапия"
"психотерапия калининград",51,"психотерапия"
"группа психология психотерапия",51,"психотерапия"
"экзистенциальная психотерапия читать",51,"психотерапия"
"новые направления психотерапии",51,"психотерапия"
"физиотерапия психотерапия",51,"психотерапия"
"центр психотерапия спб",51,"психотерапия"
"базовый курс психотерапии",51,"психотерапия"
"успешная психотерапия",51,"психотерапия"
"психотерапия козлов в в",51,"психотерапия"
"медицинскую модель психотерапии",51,"психотерапия"
"основа современной психотерапии",51,"психотерапия"
"надпо психотерапия",51,"психотерапия"
"психотерапия и психиатрия в чем разница",51,"психотерапия"
"виртуальная психотерапия",51,"психотерапия"
"дар психотерапии читать онлайн",51,"психотерапия"
"суггестивный метод психотерапии",51,"психотерапия"
"поведенческая психотерапия детей",51,"психотерапия"
"фундаментальная психотерапия",51,"психотерапия"
"психотерапия самопомощь",51,"психотерапия"
"психотерапия дыханием",51,"психотерапия"
"тата феодориди искусство психотерапии",51,"психотерапия"
"роджерс к становление личности взгляд на психотерапию",50,"психотерапия"
"суицидология и кризисная психотерапия",50,"психотерапия"
"психотерапия и экзистенциализм франкл",50,"психотерапия"
"психотерапия слушать книги",50,"психотерапия"
"психотерапия журнал официальный сайт",50,"психотерапия"
"трансгенерационная семейная психотерапия",50,"психотерапия"
"суть поведенческой психотерапии",50,"психотерапия"
"психотерапия обучение онлайн",50,"психотерапия"
"дисфункции психотерапия",50,"психотерапия"
"лучшие книги по психотерапии",50,"психотерапия"
"психологические аспекты психотерапии",50,"психотерапия"
"стационарная психотерапия",50,"психотерапия"
"клинико психологическая диагностика и психотерапия",50,"психотерапия"
"подходы телесной психотерапии",50,"психотерапия"
"работа с чувствами в психотерапии",50,"психотерапия"
"бесплатная психотерапия спб",50,"психотерапия"
"основные формы психотерапии",50,"психотерапия"
"детская психотерапия обучение",50,"психотерапия"
"психотерапия владивосток",50,"психотерапия"
"ялом экзистенциальная психотерапия аудиокнига",50,"психотерапия"
"терапии в психотерапии виды",50,"психотерапия"
"семейная психотерапия змановская",50,"психотерапия"
"райх психотерапия",50,"психотерапия"
"психотерапия травмы книги",50,"психотерапия"
"психотерапия незнанов",50,"психотерапия"
"кому помогла психотерапия",50,"психотерапия"
"ирвин ялом теория и практика групповой психотерапии",50,"психотерапия"
"психотерапия семьи книга",50,"психотерапия"
"мотивационная психотерапия",49,"психотерапия"
"позитивная психотерапия является",49,"психотерапия"
"психотерапия экзамен",49,"психотерапия"
"психотерапия морено",49,"психотерапия"
"психотерапия отрасли психотерапии",49,"психотерапия"
"гордеева психотерапия",49,"психотерапия"
"основные направления поведенческой психотерапии",49,"психотерапия"
"академия краткосрочной стратегической психотерапии",49,"психотерапия"
"академия стратегической психотерапии",49,"психотерапия"
"схема когнитивно поведенческой психотерапии",49,"психотерапия"
"первичная аккредитация психотерапия",49,"психотерапия"
"психотерапия королев",49,"психотерапия"
"истоки психотерапии",49,"психотерапия"
"когнитивно рациональная психотерапия",49,"психотерапия"
"этика психотерапии",49,"психотерапия"
"санкт петербургский институт психотерапии",49,"психотерапия"
"нейропсихология и психотерапия",49,"психотерапия"
"женская психотерапия",49,"психотерапия"
"минздрав психотерапия",49,"психотерапия"
"эффективность методов психотерапии",49,"психотерапия"
"психотерапия психической травмы",49,"психотерапия"
"психодинамическая психотерапия патологии личности",48,"психотерапия"
"порядок по психотерапии",48,"психотерапия"
"институт психотерапии и клинической психологии москва отзывы",48,"психотерапия"
"препараты в психотерапии",48,"психотерапия"
"процесс когнитивной психотерапии",48,"психотерапия"
"старшенбаум психотерапия расстройств",48,"психотерапия"
"психотерапия подростков скачать",48,"психотерапия"
"психологическое консультирование и психотерапию семьи",48,"психотерапия"
"психотерапия номер телефона",48,"психотерапия"
"институт социальной психотерапии",48,"психотерапия"
"юнг практика психотерапии",48,"психотерапия"
"разговорная психотерапия",48,"психотерапия"
"семейная психотерапия с детьми",48,"психотерапия"
"психотерапия разводов",48,"психотерапия"
"процедура психотерапии",48,"психотерапия"
"когнитивная психотерапия спб",48,"психотерапия"
"баскаков телесная психотерапия",48,"психотерапия"
"телесно ориентированная психотерапия баскаков",48,"психотерапия"
"что такое кпт в психотерапии простыми словами",48,"психотерапия"
"экзистенциальная психотерапия купить",48,"психотерапия"
"психотерапия бытия",48,"психотерапия"
"tfp психотерапия",48,"психотерапия"
"угмк здоровье психотерапия",47,"психотерапия"
"психотерапия как часто",47,"психотерапия"
"институт психотерапии г москва",47,"психотерапия"
"психотерапия контроля",47,"психотерапия"
"академия психологии и психотерапии санкт петербург",47,"психотерапия"
"аббревиатуры психотерапии",47,"психотерапия"
"психотерапия личности и психокоррекция",47,"психотерапия"
"поведенческая психотерапия авторы",47,"психотерапия"
"рационально эмотивная психотерапия",47,"психотерапия"
"когнитивная психотерапия расстройств личности книга",47,"психотерапия"
"психотерапия адлера",47,"психотерапия"
"представители семейной психотерапии",47,"психотерапия"
"психотерапия сколько нужно",47,"психотерапия"
"проективная психотерапия",47,"психотерапия"
"групповая психотерапия онлайн",47,"психотерапия"
"психоаналитическая семейная психотерапия",47,"психотерапия"
"центр клинической психотерапии доктора",47,"психотерапия"
"центр клинической психотерапии доктора носкова",47,"психотерапия"
"видео сеансов психотерапии",47,"психотерапия"
"центр психотерапии тюмень",47,"психотерапия"
"когнитивная теория психотерапии",47,"психотерапия"
"цели и методы психотерапии",47,"психотерапия"
"суть семейной психотерапии",47,"психотерапия"
"центр психотерапии уральская",47,"психотерапия"
"психотерапия ориентированная на тело",47,"психотерапия"
"дар психотерапии скачать бесплатно",47,"психотерапия"
"основа телесной психотерапии",47,"психотерапия"
"можно без психотерапии",47,"психотерапия"
"международная школа психотерапии",47,"психотерапия"
"этапы групповой психотерапии",47,"психотерапия"
"направление в психотерапии и психологической коррекции",47,"психотерапия"
"доказательный метод психотерапии",47,"психотерапия"
"виды психотерапии искусством",47,"психотерапия"
"сертификат психотерапия",47,"психотерапия"
"санкт петербургский институт психологии и психотерапии",47,"психотерапия"
"клиническая психология патопсихологическая диагностика и психотерапия",46,"психотерапия"
"когнитивная психотерапия основана на",46,"психотерапия"
"алгоритм психотерапии",46,"психотерапия"
"к основным направлениям психотерапии относятся",46,"психотерапия"
"недирективная психотерапия",46,"психотерапия"
"теория систем в психотерапии",46,"психотерапия"
"русская нечисть древняя психотерапия",46,"психотерапия"
"метод экспозиции в психотерапии",46,"психотерапия"
"оверхолзер метод сократа в психотерапии",46,"психотерапия"
"угмк здоровье центр психотерапии",46,"психотерапия"
"йог психотерапия",46,"психотерапия"
"йога психотерапия",46,"психотерапия"
"психотерапия цели задачи",46,"психотерапия"
"слободяник психотерапия",46,"психотерапия"
"когнитивно поведенческая психотерапия лечение",46,"психотерапия"
"ирвин ялом аудиокниги экзистенциальная психотерапия",46,"психотерапия"
"карл роджерс становление личности взгляд на психотерапию",46,"психотерапия"
"метод экзистенциальной психотерапии",46,"психотерапия"
"особые сеансы психотерапии",46,"психотерапия"
"европейская ассоциация психотерапии",46,"психотерапия"
"психоанализ и психодинамическая психотерапия",46,"психотерапия"
"центр психотерапии молчановой ижевск",46,"психотерапия"
"встреча в психотерапии",46,"психотерапия"
"нравственная психотерапия",46,"психотерапия"
"процесс ориентированная психотерапия",46,"психотерапия"
"немедикаментозная психотерапия",46,"психотерапия"
"психотерапия рядом",46,"психотерапия"
"гордеев психотерапия",46,"психотерапия"
"как справиться психотерапию",46,"психотерапия"
"руководство по психотерапии скачать",46,"психотерапия"
"психология здоровья и психотерапия",46,"психотерапия"
"психотерапия ролевая",46,"психотерапия"
"групповой анализ психотерапия",46,"психотерапия"
"соколова психотерапия",45,"психотерапия"
"ассоциация когнитивно поведенческой психотерапии отзывы",45,"психотерапия"
"мак вильямс психоаналитическая психотерапия руководство",45,"психотерапия"
"приемы поведенческой психотерапии",45,"психотерапия"
"современные подходы психотерапии",45,"психотерапия"
"психотерапия супружеских пар",45,"психотерапия"
"психотерапия супружеской пары",45,"психотерапия"
"психотерапия нмо",45,"психотерапия"
"клиническая поведенческая психотерапия",45,"психотерапия"
"ялом дар психотерапии читать онлайн",45,"психотерапия"
"трансформация психотерапия",45,"психотерапия"
"направления семейной психотерапии",45,"психотерапия"
"лист психотерапии",45,"психотерапия"
"процесс групповой психотерапии",45,"психотерапия"
"кпт книга психотерапия",45,"психотерапия"
"направления телесно ориентированной психотерапии",45,"психотерапия"
"бихевиоральный подход в психотерапии",45,"психотерапия"
"психотерапия психоза",45,"психотерапия"
"психотерапия ран",45,"психотерапия"
"привязанность в психотерапии уоллин",45,"психотерапия"
"музыка для психотерапии",45,"психотерапия"
"психическое здоровье и психотерапия",45,"психотерапия"
"когнитивная психотерапия купить",45,"психотерапия"
"кататимно имагинативная психотерапия символдрама",45,"психотерапия"
"как вести психотерапию",45,"психотерапия"
"позитивная психотерапия курс",45,"психотерапия"
"семейная психотерапия боуэна",45,"психотерапия"
"психотерапия расстройств личности старшенбаум",45,"психотерапия"
"вестник психотерапии журнал",45,"психотерапия"
"ять психотерапия русской традицией",45,"психотерапия"
"санкт петербург когнитивно поведенческой психотерапии",45,"психотерапия"
"психотерапия фильм 2025",44,"психотерапия"
"психотерапия психически больных",44,"психотерапия"
"клиника психотерапии краснодар",44,"психотерапия"
"психотерапия переживанием погодин",44,"психотерапия"
"изменений в процессе психотерапии",44,"психотерапия"
"психотерапия стул",44,"психотерапия"
"тяжело в психотерапии",44,"психотерапия"
"психотерапия когнитивно поведенческого анализа",44,"психотерапия"
"психотерапия характера скачать",44,"психотерапия"
"психотерапия поступление",44,"психотерапия"
"психотерапия психологического здоровья",44,"психотерапия"
"центр доказательной психотерапии",44,"психотерапия"
"групповая психотерапия купить",44,"психотерапия"
"суть психотерапии неврозов",44,"психотерапия"
"диалектическая психотерапия",44,"психотерапия"
"психотерапия бакалавриат",44,"психотерапия"
"психотерапия аффективных",44,"психотерапия"
"профилактика в психотерапии",44,"психотерапия"
"основные направления психотерапии психодинамическое",44,"психотерапия"
"православная психотерапия влахос купить",44,"психотерапия"
"дар психотерапии ирвин читать онлайн",44,"психотерапия"
"ирвин ялом дар психотерапии читать онлайн",44,"психотерапия"
"психодрама как метод психотерапии",44,"психотерапия"
"психотерапия сочи",44,"психотерапия"
"психотерапия учебный план",44,"психотерапия"
"психотерапия сша",44,"психотерапия"
"дэвид уоллин привязанность в психотерапии",44,"психотерапия"
"слободяник психотерапия внушение гипноз",44,"психотерапия"
"чем отличается психиатрия от психотерапии",44,"психотерапия"
"психотерапия в деятельности психолога",44,"психотерапия"
"дпдг метод психотерапии",44,"психотерапия"
"психотерапия в санатории",43,"психотерапия"
"психодинамические методы психотерапии",43,"психотерапия"
"роджерс психотерапия скачать",43,"психотерапия"
"психотерапия 2012",43,"психотерапия"
"коммуникативная психотерапия",43,"психотерапия"
"психотерапия театром",43,"психотерапия"
"скачать практическая психотерапия",43,"психотерапия"
"направление психотерапии связанное с использованием",43,"психотерапия"
"психотерапия для пар",43,"психотерапия"
"психотерапия томск",43,"психотерапия"
"психотерапия животными",43,"психотерапия"
"к какой терапии относится психотерапия",43,"психотерапия"
"когнитивно поведенческая психотерапия практика",43,"психотерапия"
"как называется метод психотерапии",43,"психотерапия"
"носсрат пезешкиан позитивная психотерапия книга",43,"психотерапия"
"антидепрессанты и психотерапия",43,"психотерапия"
"эмми ван дорцен психотерапия и поиски счастья",43,"психотерапия"
"психотерапия птср у комбатантов",43,"психотерапия"
"дар психотерапии слушать онлайн",43,"психотерапия"
"психотерапия семейной пары",43,"психотерапия"
"психотерапия семейных пар",43,"психотерапия"
"основные направления психолого педагогического консультирования и психотерапии",43,"психотерапия"
"неврачебная психотерапия",43,"психотерапия"
"психотерапия надежды",43,"психотерапия"
"институт телесно ориентированной психотерапии",43,"психотерапия"
"индивид психотерапия",43,"психотерапия"
"семейная психотерапия э эйдемиллера",43,"психотерапия"
"эйдемиллер э г семейная психотерапия",43,"психотерапия"
"сложности психотерапии",43,"психотерапия"
"семейный диагноз и семейная психотерапия",43,"психотерапия"
"провокационная психотерапия",43,"психотерапия"
"психотерапевт проводит психотерапию",43,"психотерапия"
"клиническая психология и психотерапия обучение",43,"психотерапия"
"психотерапия конфронтация",43,"психотерапия"
"центр психотерапии киров",43,"психотерапия"
"путь шамана в психотерапии",42,"психотерапия"
"руководство по когнитивной психотерапии",42,"психотерапия"
"геннадий старшенбаум психотерапия",42,"психотерапия"
"кто проводит психотерапию",42,"психотерапия"
"эриксоновской психотерапии",42,"психотерапия"
"главная цель психотерапии",42,"психотерапия"
"дорогая психотерапия",42,"психотерапия"
"психотерапия итог",42,"психотерапия"
"психотерапия расстановки",42,"психотерапия"
"клиника психологии и психотерапии",42,"психотерапия"
"ресурсная психотерапия",42,"психотерапия"
"виды психотерапии детей",42,"психотерапия"
"виды психотерапии семейная психотерапия",42,"психотерапия"
"академия психиатрии и психотерапии",42,"психотерапия"
"позитивная семейная психотерапия",42,"психотерапия"
"интегративная психотерапия ричард эрскин",42,"психотерапия"
"клиника психотерапия нижний новгород",42,"психотерапия"
"методы аутогенной психотерапии",42,"психотерапия"
"центр психотерапии эмоциум",42,"психотерапия"
"эволюция психотерапия",42,"психотерапия"