phrase,frequency,seed
"расщепление",47979,"расщепление"
"расщепление",47979,"расщепление"
"расщепление 1 1 1 1",5320,"расщепление"
"расщепление 2 2",4816,"расщепление"
"расщепление 2 1",4319,"расщепление"
"расщепление 3 1",4093,"расщепление"
"расщепление 3 2",3908,"расщепление"
"расщепление 3 2 2 1",3796,"расщепление"
"каком расщеплениями",3506,"расщепление"
"расщепление жиров",3436,"расщепление"
"процесс расщепления",3220,"расщепление"
"расщепление 4 1",3186,"расщепление"
"расщепление 4 3 1",3103,"расщепление"
"расщепление 4 2 2 1",3094,"расщепление"
"расщепление белков",2923,"расщепление"
"расщепление белка",2869,"расщепление"
"расщепление при прл",2793,"расщепление"
"расщепление происходит",2452,"расщепление"
"расщепление личности",2408,"расщепление"
"расщепление организма",2338,"расщепление"
"расщепление 5 3",2206,"расщепление"
"расщепление глюкозы",2187,"расщепление"
"расщепление 5 3 2 1",2130,"расщепление"
"расщепление жировых",2113,"расщепление"
"расщепление вещества",1812,"расщепление"
"расщепление признаков",1625,"расщепление"
"расщепление клеток",1590,"расщепление"
"фермент для расщепления",1530,"расщепление"
"расщепление молекул",1524,"расщепление"
"расщепление под",1480,"расщепление"
"расщепление пищи",1459,"расщепление"
"расщепление углеводов",1446,"расщепление"
"расщепление воды",1425,"расщепление"
"расщепление в психологии",1399,"расщепление"
"последовательность процессов расщепления",1271,"расщепление"
"суть расщепления",1208,"расщепление"
"расщепление всасывание",1197,"расщепление"
"расщепление фенотипов",1187,"расщепление"
"расщепление атф",1180,"расщепление"
"установите последовательность процессов расщепления",1170,"расщепление"
"процесс расщепления глюкозы",1170,"расщепление"
"таблица расщепления",1162,"расщепление"
"расщепления при скрещивании",1150,"расщепление"
"расщепление 6",1124,"расщепление"
"расщепление голоса",1104,"расщепление"
"расщепление потомства",1033,"расщепление"
"расщепление крахмала",1021,"расщепление"
"расщепление энергии",1020,"расщепление"
"расщепление в организме человека",964,"расщепление"
"расщепление органических",937,"расщепление"
"расщепления кишечника",921,"расщепление"
"расщепление крови",884,"расщепление"
"энергетическое расщепление",874,"расщепление"
"расщепление 2 6",869,"расщепление"
"синтез и расщепление",854,"расщепление"
"продуктами расщепления",849,"расщепление"
"процесс расщепление белков",840,"расщепление"
"процессы расщепления белка",837,"расщепление"
"расщепление 6 2 1",823,"расщепление"
"6 3 3 1 расщепление",819,"расщепление"
"расщепление гена",805,"расщепление"
"расщепление генов",805,"расщепление"
"средство для расщепления",803,"расщепление"
"1 1 1 1 какое расщепление",802,"расщепление"
"расщепление органического вещества",800,"расщепление"
"расщепление 6 3 2 1",796,"расщепление"
"расщепление препарата",796,"расщепление"
"процесс расщепления в клетке",786,"расщепление"
"последовательность расщепления глюкозы",774,"расщепление"
"энергетический обмен расщепление",760,"расщепление"
"расщепление алкоголя",741,"расщепление"
"расщепление 1 4 6 4 1",733,"расщепление"
"расщепление 2 4 4 6",725,"расщепление"
"расщепление молекулы атф",719,"расщепление"
"расщепление позвоночника",718,"расщепление"
"желудок расщепление",717,"расщепление"
"аминокислоты расщепление",705,"расщепление"
"расщепление д",684,"расщепление"
"расщепление белков расщепление жиров",684,"расщепление"
"расщепление газа",677,"расщепление"
"типы расщеплений",672,"расщепление"
"закон расщепления",663,"расщепление"
"расщепление линий",658,"расщепление"
"расщепление пировиноградной кислоты",652,"расщепление"
"митохондрии расщепление",644,"расщепление"
"расщепления белков происходит",644,"расщепление"
"расщепление реакции",642,"расщепление"
"расщепление белка происходит",641,"расщепление"
"3 1 какое расщепление",640,"расщепление"
"расщепление лактозы",632,"расщепление"
"расщепления молекул глюкозы",631,"расщепление"
"таблетки для расщепления",628,"расщепление"
"обмен расщепления глюкозы",625,"расщепление"
"этапы расщепления",623,"расщепление"
"стол расщепления",620,"расщепление"
"расщепление углекислого газа",609,"расщепление"
"функция расщепления",603,"расщепление"
"расщепления камня",601,"расщепление"
"расщепление глюкозы атф",588,"расщепление"
"расщепление признаков 3 1",587,"расщепление"
"расщепление почки",583,"расщепление"
"расщепление по генотипу",583,"расщепление"
"процесс расщепления молекул",580,"расщепление"
"расщепление мономеров",579,"расщепление"
"виды расщепления",578,"расщепление"
"расщепление правильное",573,"расщепление"
"расщепление и окисление",572,"расщепление"
"синтез расщепление атф",561,"расщепление"
"расщепление данных",560,"расщепление"
"2 расщепление углеводов",555,"расщепление"
"процесс расщепления жира",547,"расщепление"
"расщепление в вокале",544,"расщепление"
"происходит расщепление глюкозы",544,"расщепление"
"процесс расщепления атф",537,"расщепление"
"дающих расщепления",530,"расщепление"
"процесс расщепления пищи",517,"расщепление"
"расщепление сахара",515,"расщепление"
"расщепление сахаров",515,"расщепление"
"скрещивание и расщепление потомства",512,"расщепление"
"расщепление в потомстве 1 1",508,"расщепление"
"процесс расщепления веществ",506,"расщепление"
"расщепление по фенотипу 1 1",501,"расщепление"
"расщепление называется",501,"расщепление"
"расщепление жиров в организме",496,"расщепление"
"слово расщепление",489,"расщепление"
"процесс расщепления воды",488,"расщепление"
"расщепление глюкозы в клетках",482,"расщепление"
"полное расщепление",482,"расщепление"
"расщепление атома",477,"расщепление"
"лизосомы расщепление",473,"расщепление"
"что значит расщепление",472,"расщепление"
"процесс расщепление углеводов",467,"расщепление"
"процессы расщепления таблица",465,"расщепление"
"расщепление по фенотипу при скрещивании",459,"расщепление"
"расщепление белков последовательность",450,"расщепление"
"гликолиз расщепление",443,"расщепление"
"расщепление пепсина",439,"расщепление"
"расщепление фильм",438,"расщепление"
"расщепления клетчатки",432,"расщепление"
"энергетический обмен расщепление глюкозы",430,"расщепление"
"расщепление по генотипу фенотипу",428,"расщепление"
"расщепление кислорода",426,"расщепление"
"расщепление таумкрафт",422,"расщепление"
"стол расщепления таумкрафт",421,"расщепление"
"расщепление 9 3",421,"расщепление"
"расщепление пвк",418,"расщепление"
"расщепление веществ в клетке",412,"расщепление"
"расщепление глюкозы в митохондриях",412,"расщепление"
"расщепление организмом белков",411,"расщепление"
"расщепление потомства 2 1",411,"расщепление"
"последовательность расщепления крахмала",407,"расщепление"
"расщепление генотипа 1 1",403,"расщепление"
"расщепления белков углеводов жиров",401,"расщепление"
"расщепление 9 3 3 1",399,"расщепление"
"расщепление по фенотипу 3",399,"расщепление"
"расщепление белки жиры углеводы",398,"расщепление"
"расщепление жирное кислоты",397,"расщепление"
"тонкое расщепление",397,"расщепление"
"расщепление белков пищеварительная",394,"расщепление"
"расщепление энергетических молекул",390,"расщепление"
"процесс расщепления крахмала",384,"расщепление"
"пищеварительная система расщепление",382,"расщепление"
"независимое расщепление",382,"расщепление"
"соотношение расщепления",381,"расщепление"
"пепсин расщепление белков",380,"расщепление"
"расщепление белков и углеводов",379,"расщепление"
"молочная кислота расщепление",374,"расщепление"
"химическое расщепление",371,"расщепление"
"расщепление белка в организме",371,"расщепление"
"расщепление 1 молекулы глюкозы",369,"расщепление"
"расщепление гликогена",367,"расщепление"
"схема расщепления",366,"расщепление"
"расщепление глюкозы до пировиноградной",361,"расщепление"
"установите последовательность расщепления крахмала",360,"расщепление"
"гидролиз расщепление",359,"расщепление"
"происходит расщепление воды",359,"расщепление"
"расщепление по фенотипу 3 1",352,"расщепление"
"желудок расщепление белков",352,"расщепление"
"пищеварение расщепление",352,"расщепление"
"расщепление неба",351,"расщепление"
"расщепление жиров происходит",351,"расщепление"
"расщепление крахмала обмен",349,"расщепление"
"установите последовательность расщепления белков",347,"расщепление"
"какое расщепление по фенотипу",345,"расщепление"
"расщепление 3 1 в потомстве",345,"расщепление"
"время расщепления",344,"расщепление"
"расщепление фенотипа 2 2 1 1",344,"расщепление"
"пепсина в расщеплении белка",343,"расщепление"
"расщепление 2 2 по фенотипу",342,"расщепление"
"фенотипическое расщепление",342,"расщепление"
"расщепление водорода",340,"расщепление"
"расщепление желчи",340,"расщепление"
"расщепление глюкозы до пировиноградной кислоты",340,"расщепление"
"расщепление жиров и углеводов",338,"расщепление"
"расщепление клетки происходит",337,"расщепление"
"расщепление белков вещество",335,"расщепление"
"расщепление биополимеров",334,"расщепление"
"процесс расщепления и окисления",332,"расщепление"
"расщепление и всасывание белков",331,"расщепление"
"расщепление глюкозы происходит в процессе",329,"расщепление"
"расщепление углеводов происходит",327,"расщепление"
"расщепление атф энергетический",326,"расщепление"
"липиды расщепление",326,"расщепление"
"обмен веществ расщепление",325,"расщепление"
"расщепление гибридов",324,"расщепление"
"установите последовательность энергетического обмена расщепление",322,"расщепление"
"расщепление полисахаридов",322,"расщепление"
"расщепление атф энергетический обмен",319,"расщепление"
"влияние расщепления",317,"расщепление"
"расщепление 3 молекул глюкозы",317,"расщепление"
"расщепление гребня",314,"расщепление"
"анализирующее расщепление",311,"расщепление"
"расщепление и окисление глюкозы",310,"расщепление"
"расщепление питательных",307,"расщепление"
"расщепление веществ происходит",305,"расщепление"
"белки расщепление в желудке",305,"расщепление"
"расщепление разума",304,"расщепление"
"расщепление печени",301,"расщепление"
"метод расщепления",300,"расщепление"
"анализирующее скрещивание расщепление",299,"расщепление"
"расщепление веществ в организме",298,"расщепление"
"расщепление тела",298,"расщепление"
"расщепление глицерина",297,"расщепление"
"гидролитическое расщепление",296,"расщепление"
"сцепленное наследование расщепление",295,"расщепление"
"расщепление белков в крови",295,"расщепление"
"расщепление менделя",295,"расщепление"
"расщепление амилазы",294,"расщепление"
"расщепление адама",294,"расщепление"
"расщепление адамов",294,"расщепление"
"дигибридное расщепление",294,"расщепление"
"ферментативное расщепление",292,"расщепление"
"расщепление глюкозы до пвк",291,"расщепление"
"расщепление молекулы воды",288,"расщепление"
"расщепление ротовой полости",288,"расщепление"
"расщепление углеводов последовательность",287,"расщепление"
"расщепление моносахаридов",286,"расщепление"
"1 расщепление белков происходит в",286,"расщепление"
"органоид расщепления",285,"расщепление"
"расщепление пищи в организме",283,"расщепление"
"расщепление и всасывание пищи",283,"расщепление"
"расщепление термина",282,"расщепление"
"расщепление сложных",281,"расщепление"
"клеточное расщепление",280,"расщепление"
"расщепление белка до аминокислот",279,"расщепление"
"расщепление белков до аминокислот",279,"расщепление"
"бескислородные расщепления",279,"расщепление"
"тонкий кишечник расщепление",278,"расщепление"
"ферменты для расщепления белков",277,"расщепление"
"расщепление гамет",277,"расщепление"
"расщепление глюкозы ферментами",276,"расщепление"
"расщепление и всасывание жиров",276,"расщепление"
"происходит расщепление атф",276,"расщепление"
"расщепление признаков в потомстве",276,"расщепление"
"расщепление дигибридного скрещивания",276,"расщепление"
"расщепление полимера",275,"расщепление"
"расщепление крахмала до глюкозы",275,"расщепление"
"последовательность расщепления жиров",274,"расщепление"
"расщепление камней в почках",274,"расщепление"
"окислительном расщеплении",274,"расщепление"
"этапы расщепления глюкозы",273,"расщепление"
"расщепление глюкозы в процессе энергетического обмена",272,"расщепление"
"расщепление питательных веществ",271,"расщепление"
"фермент для расщепления белка",271,"расщепление"
"независимое наследование расщепление",270,"расщепление"
"глюкоза расщепление в организме",269,"расщепление"
"гликолиз расщепление глюкозы",268,"расщепление"
"реакции расщепления веществ",267,"расщепление"
"анаэробное расщепление",267,"расщепление"
"последовательность процессов при расщеплении глюкозы",266,"расщепление"
"расщепление жира в организме человека",266,"расщепление"
"процесс расщепления белков жиров",266,"расщепление"
"как сделать расщепление",262,"расщепление"
"расщепление мышцы",262,"расщепление"
"последовательность процессы энергетического обмена расщепление",261,"расщепление"
"гликолиз процесс расщепления",261,"расщепление"
"расщепление 3 поколения",261,"расщепление"
"вариант расщепления",260,"расщепление"
"расщепление двух молекул глюкозы",260,"расщепление"
"расщепление крахмала происходит",257,"расщепление"
"примеры расщепления",255,"расщепление"
"расщепление по фенотипу 3 2",255,"расщепление"
"доминирование расщепление",255,"расщепление"
"расщепление молекулы крахмала",253,"расщепление"
"последовательность процесса расщепления углеводов",253,"расщепление"
"расщепление числа",253,"расщепление"
"расщепление альвеолярного",252,"расщепление"
"расщепление пептида",252,"расщепление"
"расщепление элементов",251,"расщепление"
"пвк кислоты расщепление",251,"расщепление"
"расщепление ткани",250,"расщепление"
"расщепление алкоголя в организме",250,"расщепление"
"про расщепление личности",249,"расщепление"
"установите последовательность энергетического обмена расщепление глюкозы",249,"расщепление"
"расщепление личности в психологии",248,"расщепление"
"синтез и расщепление белков",248,"расщепление"
"расщепление белков в организме человека",248,"расщепление"
"расщепление аминокислот происходит",247,"расщепление"
"расщепление начинается",246,"расщепление"
"закон расщепления менделя",246,"расщепление"
"расщепление белков в клетке",246,"расщепление"
"расщепление ядра",245,"расщепление"
"расщепление белка в организме человека",245,"расщепление"
"расщепление в клетках белки",244,"расщепление"
"расщепление крахмала кислотой",243,"расщепление"
"расщепление белков в кишечнике",242,"расщепление"
"расщепление 7 1",240,"расщепление"
"расщепление второго поколения",240,"расщепление"
"расщепление белка в кишечнике",239,"расщепление"
"белки расщепление в пищеварительной системе",238,"расщепление"
"расщепление белков в пищеварительной системе",238,"расщепление"
"расщепление веществ водой",238,"расщепление"
"расщепление хромосом",238,"расщепление"
"расщепление пищи в организме человека",236,"расщепление"
"расщепление витаминов",236,"расщепление"
"развитие расщепления",235,"расщепление"
"процесс расщепления органических",234,"расщепление"
"продукты расщепления жира",234,"расщепление"
"особи с расщеплением признаков",233,"расщепление"
"расщепление и всасывание глюкозы",232,"расщепление"
"всасывание продуктов расщепления",232,"расщепление"
"расщепление 7 7 3 3",229,"расщепление"
"таблетки для расщепления пищи",229,"расщепление"
"расщепление фазы",229,"расщепление"
"происходит расщепление пищи и",228,"расщепление"
"закон расщепления признаков",227,"расщепление"
"расщепление атф в митохондриях",227,"расщепление"
"расщепление электрона",227,"расщепление"
"расщепление пар",226,"расщепление"
"расщепление пары",226,"расщепление"
"расщепление каких веществ",226,"расщепление"
"установите последовательность процессов расщепления углеводов",226,"расщепление"
"расщепление глюкозы в организме человека",226,"расщепление"
"расщепление днд",225,"расщепление"
"стадия расщепления",223,"расщепление"
"независимое расщепление признаков",221,"расщепление"
"расщепления плода",221,"расщепление"
"совокупность расщепление",221,"расщепление"
"расщепление голоса в вокале",220,"расщепление"
"неполное расщепление",220,"расщепление"
"фенотипическое расщепление в скрещивании",219,"расщепление"
"в процессе расщепления 1 молекулы глюкозы",219,"расщепление"
"состояние расщепления",219,"расщепление"
"уколы для расщепления",218,"расщепление"
"расщепление кости",217,"расщепление"
"таблица расщепление глюкозы",217,"расщепление"
"расщепление углеводов до глюкозы",216,"расщепление"
"расщепление веществ лизосомы",215,"расщепление"
"расщепление белков таблица",214,"расщепление"
"анализ расщепления",214,"расщепление"
"поем с расщеплением",213,"расщепление"
"механическое расщепление",213,"расщепление"
"расщепление разума днд",212,"расщепление"
"совокупность реакций расщепления",212,"расщепление"
"расщепление 3 1 по генотипу",212,"расщепление"
"фенотипические расщепления потомства",212,"расщепление"
"расщепление нефти",210,"расщепление"
"3 закон расщепления",210,"расщепление"
"расщепление углеводов в организме",210,"расщепление"
"реакция расщепления органических веществ",209,"расщепление"
"расщепление 9 3 4",209,"расщепление"
"расщепление света",208,"расщепление"
"расщепление крахмала энергетического обмена",208,"расщепление"
"расщепление признаков по фенотипу",207,"расщепление"
"расщепление и синтез органических веществ",206,"расщепление"
"расщепления по генотипам 1 2 1",205,"расщепление"
"механизм расщепления",205,"расщепление"
"расщепление ксюшенька",204,"расщепление"
"пищеварительная система человека расщепление",204,"расщепление"
"процесс расщепления глюкозы в организме",203,"расщепление"
"расщепление какой обмен",203,"расщепление"
"расщепление по каждой",202,"расщепление"
"какое расщепление по генотипу",202,"расщепление"
"процесс расщепление органических веществ",202,"расщепление"
"расщепление дисахаридов",201,"расщепление"
"расщепление психики",201,"расщепление"
"расщепление скрещивания независимая",198,"расщепление"
"расщепление 1 1 закон",198,"расщепление"
"закон расщепления фенотип",198,"расщепление"
"таблица расщепления пищи",198,"расщепление"
"расщепление хряща",197,"расщепление"
"расщепление днк",197,"расщепление"
"таблица расщепления веществ",197,"расщепление"
"расщепление жиров вещество",197,"расщепление"
"закон расщепления генотип",197,"расщепление"
"расщепление и всасывание углеводов",196,"расщепление"
"желчи расщеплению жиров",196,"расщепление"
"энергия выделяется при расщеплении",195,"расщепление"
"расщепление жировых клеток",195,"расщепление"
"пируват расщепление",194,"расщепление"
"расщепление жиров в клетке",194,"расщепление"
"процесс пищеварения расщепления",194,"расщепление"
"расщепление органических веществ клетки",194,"расщепление"
"расщепление пищи в желудке",193,"расщепление"
"расщепление гормонов",193,"расщепление"
"расщепление белков в пищеварительной системе происходит",193,"расщепление"
"расщепление высокоэнергетических",192,"расщепление"
"расщепление органических веществ в организме",192,"расщепление"
"средства для расщепления жира",192,"расщепление"
"последовательность процессов происходящих при расщеплении глюкозы",191,"расщепление"
"последовательность расщепления белка в организме",191,"расщепление"
"независимое наследование признаков расщепление",191,"расщепление"
"расщепление аминокислот в организме",191,"расщепление"
"крахмал расщепление в организме",191,"расщепление"
"характеры расщепления",191,"расщепление"
"закон независимого расщепления",189,"расщепление"
"пищеварение расщепление белков",189,"расщепление"
"фенотипическое расщепление 1 1 1 1",188,"расщепление"
"совокупность реакций расщепления органических",188,"расщепление"
"расщепления биополимеров до мономеров",188,"расщепление"
"толстый кишечник расщепление",188,"расщепление"
"расщепление жиров в кишечнике",187,"расщепление"
"процесс расщепления белков в организме",187,"расщепление"
"расщепление альвеолярного гребня",187,"расщепление"
"расщепление слюны",187,"расщепление"
"установите последовательность расщепления веществ",187,"расщепление"
"установить соответствие расщепление белков",186,"расщепление"
"процесса расщепления биополимера",186,"расщепление"
"ток расщепления",185,"расщепление"
"выберите три верных ответа при расщеплении",184,"расщепление"
"процесс полного расщепления",183,"расщепление"
"расщепление высокоэнергетических молекул",183,"расщепление"
"процесс расщепления белков до аминокислот",183,"расщепление"
"какой процесс расщепления глюкозы",183,"расщепление"
"расщепление жиров энергия",182,"расщепление"
"соотношение фенотипов при расщеплении",182,"расщепление"
"расщепление крахмала в организме человека",181,"расщепление"
"при расщеплении 1 г",181,"расщепление"
"закон расщепления 3 1",180,"расщепление"
"двенадцатиперстная кишка расщепление",180,"расщепление"
"расщепление и всасывание веществ",180,"расщепление"
"расщепление белка до глюкозы",180,"расщепление"
"расщепление идет",179,"расщепление"
"совокупность реакций расщепления органических веществ",179,"расщепление"
"лекарство для расщепления",178,"расщепление"
"расщепление в первом поколении",178,"расщепление"
"расщепление белков пепсином происходит",178,"расщепление"
"расщепление глюкозы бескислородный",178,"расщепление"
"переваривание расщепление всасывание",178,"расщепление"
"моногибридное расщепление",177,"расщепление"
"отдел расщепления белков",177,"расщепление"
"продукты расщепления белков",177,"расщепление"
"фильмы расщепление адама",177,"расщепление"
"происходит расщепление пировиноградной кислоты",176,"расщепление"
"полное расщепление глюкозы",176,"расщепление"
"поджелудочная железа расщепление",176,"расщепление"
"расщепление поджелудочной железы",176,"расщепление"
"расщепление позвонка",176,"расщепление"
"расщепление молекул глюкозы до пировиноградной кислоты",176,"расщепление"
"энергия расщепления атф",176,"расщепление"
"расщепление моногибридного скрещивания",175,"расщепление"
"аэробные расщепления",175,"расщепление"
"белки продукты расщепления",174,"расщепление"
"расщепление 1 г белка",174,"расщепление"
"расщепление адама 2015",173,"расщепление"
"техники расщепления",173,"расщепление"
"расщепление молекул белка",172,"расщепление"
"расщепление под действием пепсина",172,"расщепление"
"как делать расщепление",171,"расщепление"
"научиться расщеплению",170,"расщепление"
"начало расщепления происходит в",170,"расщепление"
"процессы расщепления веществ в клетке",169,"расщепление"
"закон сцепленного наследования расщепление",169,"расщепление"
"последовательность расщепления крахмала в организме человека",169,"расщепление"
"кислородное расщепление",169,"расщепление"
"генетическое расщепление",169,"расщепление"
"2 закон расщепления",169,"расщепление"
"процесс расщепления и переваривания",169,"расщепление"
"расщепление гексозы",169,"расщепление"
"расщепление и всасывание белков происходит",168,"расщепление"
"фермент для расщепления лактозы",166,"расщепление"
"пластический обмен расщепление",165,"расщепление"
"расщепление значение",165,"расщепление"
"расщепление воды на водород",165,"расщепление"
"процесс расщепления глюкозы ферментами",165,"расщепление"
"расщепление ногтя",165,"расщепление"
"уколы для расщепления жира",165,"расщепление"
"схема скрещивания и расщепления",164,"расщепление"
"расщепление белков под действием пепсина",164,"расщепление"
"расщепление гетерозигот",164,"расщепление"
"углеводы расщепление в организме человека",164,"расщепление"
"расщепление 1 2 1 характерно",164,"расщепление"
"расщепление 1 г жира",163,"расщепление"
"расщепление мозга",163,"расщепление"
"расщепления мозгов",163,"расщепление"
"закон независимого наследования расщепления",162,"расщепление"
"анализирующее скрещивание расщепление по фенотипу",162,"расщепление"
"молекулы образуются при расщеплении",162,"расщепление"
"расщепление сложных веществ",161,"расщепление"
"расщепление белков и крахмала",160,"расщепление"
"как изменится расщепление",160,"расщепление"
"расщепление в фотосинтезе",160,"расщепление"
"синтез и расщепление жиров",159,"расщепление"
"расщепление адама фильм 2015",159,"расщепление"
"расщепление молекул атф происходит",159,"расщепление"
"амилаза расщепление крахмала",159,"расщепление"
"скрещивания и расщепления потомства по фенотипу",158,"расщепление"
"расщепление клетчатки происходит",158,"расщепление"
"расщепление по генотипу при скрещивании",158,"расщепление"
"уровень расщепления",158,"расщепление"
"расщепление липазами",158,"расщепление"
"расщепление частиц",157,"расщепление"
"1 расщепление клетчатки",157,"расщепление"
"расщепление текстов",156,"расщепление"
"наблюдается расщепление 3 1",156,"расщепление"
"расщепление еды",156,"расщепление"
"происходит расщепление органических веществ",156,"расщепление"
"расщепление 1 г глюкозы",156,"расщепление"
"внутреннее расщепление",155,"расщепление"
"энергия расщепления воды",155,"расщепление"
"расщепление 7 букв",155,"расщепление"
"расщеплению подвергаются",155,"расщепление"
"расщепление жиров водой",155,"расщепление"
"расщепление сериал",155,"расщепление"
"расщепление по фенотипу 9 3",155,"расщепление"
"фермент для расщепления сахара",154,"расщепление"
"ферменты для расщепления сахаров",154,"расщепление"
"начало расщепление белков",154,"расщепление"
"процесс бескислородного расщепления",154,"расщепление"
"атф образуется при расщеплении",154,"расщепление"
"начинает расщепление белка",153,"расщепление"
"расщепление углеводов в клетке",153,"расщепление"
"фильмы про расщепление",153,"расщепление"
"закономерности расщепления",153,"расщепление"
"расщепление члс",152,"расщепление"
"расщепление белков происходит под действием",152,"расщепление"
"типы расщепления по фенотипу",152,"расщепление"
"расщепление веществ органоид",152,"расщепление"
"расщепление углеводов вещество",152,"расщепление"
"расщепление 1 3 характерно",151,"расщепление"
"условие расщепления",151,"расщепление"
"расщепление белков в пищеварительной системе человека",150,"расщепление"
"расщепление по окраске",150,"расщепление"
"процесс расщепления жирных кислот",150,"расщепление"
"расщепление происходит под действием пепсина",150,"расщепление"
"расщепление глюкозы реакции",149,"расщепление"
"как определить расщепление",149,"расщепление"
"доминирование расщепление по фенотипу",149,"расщепление"
"нарушения расщепления",149,"расщепление"
"фильм про расщепление личности",149,"расщепление"
"формула расщепления",149,"расщепление"
"совокупность реакции расщепления и синтеза",149,"расщепление"
"расщепление белков происходит в ответ",149,"расщепление"
"расщепление дигетерозигот",148,"расщепление"
"неполное доминирование расщепление",147,"расщепление"
"где происходит расщепление",147,"расщепление"
"расщепление признаков по генотипу",147,"расщепление"
"совокупность реакций расщепления и синтеза веществ",146,"расщепление"
"объясните расщепление",146,"расщепление"
"независимое расщепление генов",145,"расщепление"
"трипсин расщепление",145,"расщепление"
"происходит расщепление глюкозы обмен",145,"расщепление"
"расщепление водорода кислород",145,"расщепление"
"ферменты для расщепления жиров",145,"расщепление"
"в процессе полного расщепления глюкозы",145,"расщепление"
"расщепление белков под действием пепсина происходит",144,"расщепление"
"в пищеварительной системе человека происходит расщепление",143,"расщепление"
"расщепление молекулы глюкозы до пвк",143,"расщепление"
"расщепление связей",143,"расщепление"
"эмульгирование и расщепление жиров",143,"расщепление"
"расщепление расстройство",143,"расщепление"
"расщепление на человека это",143,"расщепление"
"прием расщепление",142,"расщепление"
"типы расщепления генов",142,"расщепление"
"расщепление нервов",141,"расщепление"
"совокупность расщепления и синтеза органических",141,"расщепление"
"совокупность расщепления и синтеза органических веществ",141,"расщепление"
"совокупность реакций расщепления и синтеза органических",141,"расщепление"
"совокупность реакций расщепления и синтеза органических веществ",141,"расщепление"
"расщепление в соотношении 1 1",141,"расщепление"
"расщепление аминокислот в организме человека",141,"расщепление"
"расщепление белков какой фермент",141,"расщепление"
"обмен углеводов расщепление",141,"расщепление"
"аппараты расщепления",140,"расщепление"
"расщепление сахара глюкозы",140,"расщепление"
"при каком скрещивании расщепление по фенотипу",140,"расщепление"
"закон единообразия расщепление",139,"расщепление"
"расщепление глюкозы аминокислот происходит в",138,"расщепление"
"расщепление в пол",138,"расщепление"
"начало расщепления жиров",138,"расщепление"
"механическое расщепление пищи",138,"расщепление"
"расщепление сложных органических",138,"расщепление"
"при полном расщеплении 1",138,"расщепление"
"процесс расщепления белка в организме человека",137,"расщепление"
"процессов расщепления белков в организме человека",137,"расщепление"
"расщепление белков до пептидов",136,"расщепление"
"расщепление лимонной кислоты",136,"расщепление"
"процесс расщепления биополимеров до мономеров",136,"расщепление"
"расщепление глюкозы до молочной кислоты",136,"расщепление"
"сцепленное наследование расщепление по фенотипу",136,"расщепление"
"процесс расщепления белка в клетке",136,"расщепление"
"расщепление душ",136,"расщепление"
"расщепление души",136,"расщепление"
"скрещивание дигетерозигот расщепление",135,"расщепление"
"работа с расщеплением",134,"расщепление"
"расщепление воды в организме",134,"расщепление"
"температура расщепления белка",134,"расщепление"
"процесс фотосинтеза расщепление",134,"расщепление"
"расщепление пищи кислота",134,"расщепление"
"расщепление цвета",133,"расщепление"
"процесс расщепления гликогена",133,"расщепление"
"расщепление f2",133,"расщепление"
"закон независимого расщепления признаков",133,"расщепление"
"расщепление защита",133,"расщепление"
"расщепление нефти 7",132,"расщепление"
"процесс расщепления пищи в организме человека",132,"расщепление"
"признак расщепления высокоэнергетических молекул",132,"расщепление"
"расщепление глюкозы протекает",132,"расщепление"
"расщепление белка энергия",132,"расщепление"
"расщепление белков энергия",132,"расщепление"
"расщепление пировиноградной кислоты до углекислого газа",131,"расщепление"
"расщепление губы",131,"расщепление"
"процесс расщепления в желудке",131,"расщепление"
"расщепление в пищ системе",131,"расщепление"
"тонкая кишка расщепление",131,"расщепление"
"процессы расщепления молекул в клетке",130,"расщепление"
"процесс расщепления жира в организме",130,"расщепление"
"расщепление веществ в кишечнике",130,"расщепление"
"расщепление атф происходит в процессе",130,"расщепление"
"расщепление связок",130,"расщепление"
"движение расщепление",129,"расщепление"
"расщепление гликогена до глюкозы",129,"расщепление"
"расщепление по типу 1 1",129,"расщепление"
"процесс расщепления белка в пищеварительной системе",129,"расщепление"
"расщепление 15 1",129,"расщепление"
"фермент расщепления белков в желудке",129,"расщепление"
"расщепление белков до мономеров",128,"расщепление"
"расщепление глюкозы этап энергетического обмена",128,"расщепление"
"расщепление 1 1 наблюдается при скрещивании",128,"расщепление"
"в желудке происходит расщепление",128,"расщепление"
"расщепление белков ферментом пепсином",127,"расщепление"
"расщепление белков липидов",127,"расщепление"
"расщепление инсулина",127,"расщепление"
"какие продукты расщепления",127,"расщепление"
"бескислородный процесс расщепления глюкозы",127,"расщепление"
"расщепления всасывания питательных веществ",127,"расщепление"
"цикл расщепления глюкозы",127,"расщепление"
"лизосомы расщепление биополимеров",127,"расщепление"
"брожение расщепление",126,"расщепление"
"расщепление масла",126,"расщепление"
"биологическое расщепление",125,"расщепление"
"препараты для расщепления жира",125,"расщепление"
"расщепление глюкозы сколько атф",125,"расщепление"
"крови происходит расщепление и",124,"расщепление"
"величина расщепления",124,"расщепление"
"дигибридное скрещивание расщепление по фенотипу",124,"расщепление"
"расщепление пептидов до аминокислот",124,"расщепление"
"расщепление органических соединений",123,"расщепление"
"расщепление пищи в ротовой полости",123,"расщепление"
"расщепление партнера",123,"расщепление"
"расщепление углеводов до глюкозы происходит",123,"расщепление"
"продукты расщепления в кишечнике",123,"расщепление"
"расщепление белковых молекул",122,"расщепление"
"установите соответствие 1 расщепление белков",122,"расщепление"
"причиной расщепления",122,"расщепление"
"расщепление сложных органических веществ",122,"расщепление"
"всасывание продуктов расщепления жиров",122,"расщепление"
"второй закон расщепления",122,"расщепление"
"скачать расщепление",122,"расщепление"
"что такое расщепление простыми словами",122,"расщепление"
"болезнь расщепление",121,"расщепление"
"расщепление урана",120,"расщепление"
"расщепление защитный",120,"расщепление"
"моногибридное расщепление по фенотипу",120,"расщепление"
"моногибридное скрещивание расщепление по фенотипу",120,"расщепление"
"последовательность расщепления жиров в организме",120,"расщепление"
"расщепления полимеров до мономеров",120,"расщепление"
"первичное расщепление",119,"расщепление"
"фенотипическое расщепление 2 2 1 1",119,"расщепление"
"таблетки для расщепления жиров",118,"расщепление"
"расщепление фекалий",118,"расщепление"
"как петь с расщеплением",118,"расщепление"
"процесс расщепления углеводов жиров белков",118,"расщепление"
"фруктоза расщепление",118,"расщепление"
"последовательность расщепления углеводов в организме человека",117,"расщепление"
"расщепление глаз",117,"расщепление"
"процесс расщепления молекул воды",117,"расщепление"
"расщепление белков в процессе пищеварения",117,"расщепление"
"гидролитическое расщепление веществ",117,"расщепление"
"бескислородное расщепление происходит",117,"расщепление"
"расщепление нефти 7 букв",116,"расщепление"
"при расщеплении жиров выделяется",116,"расщепление"
"расщепление в f1 1 1",116,"расщепление"
"расщепление счета",116,"расщепление"
"продукты расщепления воды",116,"расщепление"
"расщепление жирных кислот в клетке",116,"расщепление"
"в митохондриях происходит расщепление",116,"расщепление"
"расщепление желчных камней",116,"расщепление"
"расщепление воды на водород и кислород",115,"расщепление"
"расщепление каловых масс",115,"расщепление"
"расщепление эго",115,"расщепление"
"ферменты расщепление белки жиры",115,"расщепление"
"расщепление высокоэнергетических молекул признаки живых",115,"расщепление"
"особенности расщепления",115,"расщепление"
"расщепление пищи происходит под действием",115,"расщепление"
"расщепление спиртов",115,"расщепление"
"расщепление семян",115,"расщепление"
"расщепление жиров какой фермент",115,"расщепление"
"двенадцатиперстной кишке происходит расщепление",114,"расщепление"
"полное расщепление молекулы глюкозы",114,"расщепление"
"расщепление органических веществ фотосинтез",114,"расщепление"
"закон независимого наследования признаков расщепление",114,"расщепление"
"лизосомы расщепление белков",114,"расщепление"
"расщепление глюкозы в цитоплазме",113,"расщепление"
"расщепление белков в ротовой полости",113,"расщепление"
"расщепление зубца",112,"расщепление"
"расщепление полного доминирования",112,"расщепление"
"расщепление в психологии простыми словами",112,"расщепление"
"расщепление и всасывание глюкозы происходит в",112,"расщепление"
"конечный продукт расщепления",112,"расщепление"
"ферменты для расщепления углеводов",112,"расщепление"
"расщепление белков среда",111,"расщепление"
"ротовой полости происходит расщепление",111,"расщепление"
"закон расщепления гибридов",111,"расщепление"
"расщепление сердца",111,"расщепление"
"процесс расщепления углеводов в организме",111,"расщепление"
"расщепление сознания",110,"расщепление"
"расщепление мочи",110,"расщепление"
"расщепление белка в ротовой полости",110,"расщепление"
"расщепление права",110,"расщепление"
"расщепление фото",110,"расщепление"
"расщепление пищи в процессе переваривания",110,"расщепление"
"расщепление биология",110,"расщепление"
"расщепление личности люди",110,"расщепление"
"расщепление какой закон",109,"расщепление"
"расщепление 25 25 25 25",109,"расщепление"
"расщепление признаков менделя",109,"расщепление"
"принцип расщепления",109,"расщепление"
"процесс расщепления глюкозы до молочной кислоты",109,"расщепление"
"расщепление по фенотипу при дигибридном",109,"расщепление"
"расщепление аминокислот в клетке",109,"расщепление"
"расщепление полипептидов",108,"расщепление"
"расщепление углеводов энергия",108,"расщепление"
"расщепление полисахаридов до глюкозы",108,"расщепление"
"первый этап расщепления",108,"расщепление"
"плохое расщепление",108,"расщепление"
"толстая кишка расщепление",108,"расщепление"
"расщепление сорта",108,"расщепление"
"расщепление углеводов в кишечнике",108,"расщепление"
"реакция расщепления атф",108,"расщепление"
"кислородное расщепление глюкозы",107,"расщепление"
"процесс расщепления клетчатки",107,"расщепление"
"расщепление сосуда",107,"расщепление"
"первый закон расщепления",107,"расщепление"
"расщепление солей",107,"расщепление"
"количественный учет полученных результатов расщепления",106,"расщепление"
"в тонком кишечнике происходит расщепление",106,"расщепление"
"наборы для расщепления",106,"расщепление"
"образование молекул пвк расщепление молекул",106,"расщепление"
"расщепление волос",106,"расщепление"
"расщепление книга",106,"расщепление"
"теория расщепления",106,"расщепление"
"расщепление полисахаридов до моносахаридов",105,"расщепление"
"расщепление признаков по фенотипу 3 1",105,"расщепление"
"начало расщепления крахмала",105,"расщепление"
"расщепление крахмала начинает",105,"расщепление"
"образование и расщепление веществ в клетке",105,"расщепление"
"расщепление неорганических веществ",104,"расщепление"
"виды расщепления по фенотипу",104,"расщепление"
"расщепление переваривание пищи происходит",104,"расщепление"
"расщепление целлюлоза расщепление",103,"расщепление"
"реакция расщепления водой",103,"расщепление"
"расщепление зуба",103,"расщепление"
"процесс желудка расщепление белков",103,"расщепление"
"процесс расщепления называется",102,"расщепление"
"расщепление двух дигетерозигот",102,"расщепление"
"препарат для расщепления камней",102,"расщепление"
"расщепление белков происходит в желудке",102,"расщепление"
"расщепление по фенотипу 3 1 какой",102,"расщепление"
"катаболизм расщепление",102,"расщепление"
"расщепление члс почки",102,"расщепление"
"процесс расщепления питательных веществ",102,"расщепление"
"расщепление ферментов слюны",102,"расщепление"
"эффект расщепления",101,"расщепление"
"расщепление 11",101,"расщепление"
"расщепление глюкозы под действием ферментов",101,"расщепление"
"орган расщепления белков",101,"расщепление"
"расщепление биополимеров органоиды",101,"расщепление"
"расщепление 1 г углеводов",101,"расщепление"
"расщепление проводов",101,"расщепление"
"расщепление клетчатки в толстом",101,"расщепление"
"расщепление по фенотипу гетерозигот",101,"расщепление"
"химическое расщепление веществ",101,"расщепление"
"расщепление гликогена в печени",100,"расщепление"
"процесс расщепления и переваривания происходит",100,"расщепление"
"происходит расщепление глюкозы энергетический обмен",100,"расщепление"
"расщепление пищевых веществ",99,"расщепление"
"расщепление 7 6 3",99,"расщепление"
"скрещивание двух дигетерозигот расщепление",99,"расщепление"
"расщепление у новорожденных",99,"расщепление"
"при дигибридном расщеплении признаков",99,"расщепление"
"молекулярное расщепление",98,"расщепление"
"1 процесс расщепления органических веществ",98,"расщепление"
"между синтезом и расщеплением",98,"расщепление"
"расщепление переноса",98,"расщепление"
"кислородное расщепление этапы",98,"расщепление"
"продукты продукты расщепления глюкозы",98,"расщепление"
"расщепление глюкозы происходит в клетках",98,"расщепление"
"расщепление туалета",98,"расщепление"
"термическое расщепление",98,"расщепление"
"неполное доминирование расщепление по фенотипу",98,"расщепление"
"определите фенотипическое расщепление",98,"расщепление"
"расщепление белков до аминокислот происходит",98,"расщепление"
"экг расщепление",98,"расщепление"
"расщепление платежей",97,"расщепление"
"расщепление белков в толстом кишечнике",97,"расщепление"
"процесс расщепления сахара",97,"расщепление"
"химическое расщепление жиров",97,"расщепление"
"при расщеплении глюкозы образуется",97,"расщепление"
"расщепление клетчатки всасывание воды",96,"расщепление"
"расщепление крахмала образуется",96,"расщепление"
"расщепление сложных молекул",96,"расщепление"
"расщепление кишечника таблетки",96,"расщепление"
"анализирующее скрещивание какое расщепление",96,"расщепление"
"процесс расщепления сложных веществ",96,"расщепление"
"взаимодействие генов расщепление",96,"расщепление"
"признаки расщепления глюкозы",96,"расщепление"
"расщепление белков в тонком кишечнике",95,"расщепление"
"сахароза расщепление",95,"расщепление"
"энергетическое расщепление углеводов",95,"расщепление"
"биосинтез и расщепление",95,"расщепление"
"расщепление слюды",95,"расщепление"
"дигетерозиготное расщепление",95,"расщепление"
"расщепление белков начинается",95,"расщепление"
"в каком отделе расщепление белков",95,"расщепление"
"процесс расщепления углеводов в организме человека",94,"расщепление"
"расщепление молока",94,"расщепление"
"расщепление белков и всасывание аминокислот происходит",94,"расщепление"
"расщепление глюкозы до пируватов",94,"расщепление"
"средство для расщепления выгребных ям",94,"расщепление"
"расщепление тонов",94,"расщепление"
"всасывание продуктов расщепления происходит",94,"расщепление"
"начинается расщепление белка",94,"расщепление"
"фермент для расщепления алкоголя",93,"расщепление"
"расщепление воды в организме человека",93,"расщепление"
"расщепление алкоголя в организме человека",93,"расщепление"
"расщепление веществ энергетический обмен в клетке",93,"расщепление"
"расщепление по типу 1 2 1",93,"расщепление"
"начало расщепление белков происходит",93,"расщепление"
"расщепление 3 1 наблюдается при скрещивании",93,"расщепление"
"в толстом кишечнике происходит расщепление",93,"расщепление"
"расщепление и поступление жиров",93,"расщепление"
"промежуточное расщепление",93,"расщепление"
"пищеварение расщепление веществ",92,"расщепление"
"расщепление энергии в организме",92,"расщепление"
"при расщеплении жиров выделяется энергии",92,"расщепление"
"как сделать стол расщепления",92,"расщепление"
"желчный пузырь расщепление",92,"расщепление"
"расщепление у мужчин",92,"расщепление"
"эмульгирование жиров расщепление белков",92,"расщепление"
"расщепление гибридов второго поколения",92,"расщепление"
"кислородное расщепление атф",91,"расщепление"
"химические процессы расщепления",91,"расщепление"
"расщепление углеводов до моносахаридов",91,"расщепление"
"укажите расщепление по фенотипу",91,"расщепление"
"расщепление белков и жиров происходит",91,"расщепление"
"химическое расщепление белков",91,"расщепление"
"расщепление при скрещивании гетерозигот",91,"расщепление"
"средство для расщепления фекалий",91,"расщепление"
"расщепление 0",90,"расщепление"
"какое расщепление по генотипу и фенотипу",90,"расщепление"
"скрещивание гетерозигот расщепление по фенотипу",90,"расщепление"
"признаки живых систем расщепление высокоэнергетических",90,"расщепление"
"обеспечивает расщепление белков",90,"расщепление"
"расщепление признаков в поколении",90,"расщепление"
"расщепление белков трипсином",89,"расщепление"
"расщепление жиров липазой",89,"расщепление"
"сколько длится расщепление",89,"расщепление"
"кроссинговер расщепление",89,"расщепление"
"расщепление седалищного нерва",89,"расщепление"
"расщепление белков в пищеварительном канале",89,"расщепление"
"таблетки для расщепления пищи в желудке",89,"расщепление"
"ферменты для расщепления пищи",89,"расщепление"
"химическое расщепление белка",88,"расщепление"
"песни с расщеплением",88,"расщепление"
"генотипу соотношении фенотипу расщепление",88,"расщепление"
"расщепление волокон",88,"расщепление"
"расщепление слюной крахмала",88,"расщепление"
"полное расщепление глюкозы сколько атф",88,"расщепление"
"происходит бескислородное расщепление глюкозы",88,"расщепление"
"расщепление жкт",88,"расщепление"
"расщепление углеводов до углекислого газа",87,"расщепление"
"расщепление органических веществ таблица",87,"расщепление"
"расщепление по фенотипу у потомства",87,"расщепление"
"расщепление крахмала происходит под действием",87,"расщепление"
"реакция расщепления в клетке",87,"расщепление"
"расщепление биополимеров происходит",87,"расщепление"
"окончательное расщепление",87,"расщепление"
"расщепление сахаров в клетке",87,"расщепление"
"расщепление признаков при дигибридном скрещивании",87,"расщепление"
"расщепление жиров в двенадцатиперстной кишке",87,"расщепление"
"таблица расщепления алкоголя",86,"расщепление"
"углеводы продукт расщепления",86,"расщепление"
"расщепление по фенотипу при скрещивании гомозиготных",86,"расщепление"
"расщепление урок",86,"расщепление"
"расщепление жиров в процессе пищеварения",86,"расщепление"
"расщепление высокоэнергетических молекул признаки живых систем",86,"расщепление"
"функция лизосом расщепление",86,"расщепление"
"независимое наследование расщепление по фенотипу",86,"расщепление"
"расщепление бактериями белков",85,"расщепление"
"расщепление питательных веществ происходит",85,"расщепление"
"расщепление 7 6 2 1",85,"расщепление"
"расщепление жиров в ротовой полости",84,"расщепление"
"анаэробное расщепление углеводов",84,"расщепление"
"сколько молекул глюкозы подверглось расщеплению",84,"расщепление"
"тест на расщепление",83,"расщепление"
"психологическое расщепление",83,"расщепление"
"этапы расщепления веществ",83,"расщепление"
"фермент отвечающий расщепление",83,"расщепление"
"процесс расщепления органических веществ обмен",83,"расщепление"
"расщепление жирных кислот в организме",83,"расщепление"
"расщепление р",83,"расщепление"
"расщепление гликогена в мышцах",83,"расщепление"
"процессы кислородного расщепления",83,"расщепление"
"таблетки для расщепления пищи в кишечнике",82,"расщепление"
"расщепление органических веществ до неорганических",82,"расщепление"
"ферменты расщепление пищеварение",82,"расщепление"
"расщепление аавв аавв",82,"расщепление"
"расщепление сканворд",82,"расщепление"
"всасывание продуктов расщепления таблица",82,"расщепление"
"расщепление пищевых жиров",82,"расщепление"
"расщепление белков до аминокислот в пищеварительном",82,"расщепление"
"3 закон менделя расщепление",82,"расщепление"
"расщепление крахмала до глюкозы происходит",81,"расщепление"
"расщепление по фенотипу 3 закон",81,"расщепление"
"расщепление жиров происходит под действием",81,"расщепление"
"в каком отделе происходит расщепление белков",81,"расщепление"
"определите фенотипическое расщепление в потомстве",81,"расщепление"
"формула расщепления по фенотипу",81,"расщепление"
"аа аа расщепление",81,"расщепление"
"сколько энергии выделяется при расщеплении",81,"расщепление"
"фотосинтез расщепление глюкозы",81,"расщепление"
"расщепление 9 3 3 1 генотипы",80,"расщепление"
"расщепление атф фаза",80,"расщепление"
"процесс расщепления жира в организме человека",80,"расщепление"
"расщепление глюкозы до пировиноградной кислоты происходит",80,"расщепление"
"расщепление этанола",80,"расщепление"
"расщепление у женщин",80,"расщепление"
"знак расщепления",80,"расщепление"
"всасывание продуктов расщепления жиров в лимфу",80,"расщепление"
"определение расщепления",80,"расщепление"
"моногибридное скрещивание какое расщепление",80,"расщепление"
"расщепление глюкозы до двух молекул пвк",79,"расщепление"
"расщепление сложных органических молекул",79,"расщепление"
"расщепление звука",79,"расщепление"
"способствует расщеплению жиров",79,"расщепление"
"определите соотношение расщепления",79,"расщепление"
"второй закон менделя расщепление",79,"расщепление"
"расщепление второго закона менделя",79,"расщепление"
"расщепление по фенотипу во втором",79,"расщепление"
"расщепление углеводов амилазой",79,"расщепление"
"эмульгирование жиров желчью расщепление",79,"расщепление"
"смотреть расщепления",79,"расщепление"
"расщепление матрикса",79,"расщепление"
"расщепление глюкозы в мышцах",78,"расщепление"
"сколько молекул атф подверглось расщеплению",78,"расщепление"
"световая фаза расщепление",78,"расщепление"
"в процессе полного расщепления глюкозы образовалось",78,"расщепление"
"расщепление веществ в клетке органоиды",78,"расщепление"
"расщепление веществ в организме человека",78,"расщепление"
"расщепление химия",78,"расщепление"
"расщепление углеводов под действием ферментов",78,"расщепление"
"расщепление крахмала до дисахаридов",77,"расщепление"
"расщепление на молекулы вещества",77,"расщепление"
"начало расщепления жиров происходит в",77,"расщепление"
"как понять расщепления",77,"расщепление"
"процесс расщепления сложных органических веществ",77,"расщепление"
"расщепление биополимеров до мономеров лизосома",77,"расщепление"
"аэробное расщепление глюкозы",77,"расщепление"
"закон расщепления генов",76,"расщепление"
"2 расщепление белков под действием пепсина",76,"расщепление"
"расщепление каких органических веществ",76,"расщепление"
"расщепление жирных кислот и углеводы",76,"расщепление"
"процесс расщепления углеводов до молочной кислоты",76,"расщепление"
"в процессе энергетического обмена произошло расщепление",76,"расщепление"
"эмульгирование жиров начало расщепления",76,"расщепление"
"расщепление 6 9",76,"расщепление"
"последовательность расщепления органических веществ",76,"расщепление"
"бескислородное расщепление энергетического обмена",76,"расщепление"
"последовательность расщепления жиров в двенадцатиперстной кишке",76,"расщепление"
"этапы расщепления воды",76,"расщепление"
"расщепление по фенотипу f2",76,"расщепление"
"расщепление воздуха",76,"расщепление"
"при расщеплении молекулы глюкозы образуется",76,"расщепление"
"независимое расщепление по генотипу",75,"расщепление"
"мономеры расщепления углеводов",75,"расщепление"
"закон расщепления гибридов первого поколения",75,"расщепление"
"расщепление по фенотипу происходит в соотношении",75,"расщепление"
"расщепление молекул крахмала до дисахаридов",75,"расщепление"
"продольное расщепление",75,"расщепление"
"атф образуется при расщеплении глюкозы",75,"расщепление"
"расщепление чувств",75,"расщепление"
"расщепление молекулы кислорода",74,"расщепление"
"расщепление углеводов какой фермент",74,"расщепление"
"расщепление камней в желчном пузыре",74,"расщепление"
"продукты расщепления жиров организмом",74,"расщепление"
"химическое расщепление пищи",74,"расщепление"
"расщепление полисахаридов кислотой",74,"расщепление"
"установите соответствие расщепление белков расщепление жиров",74,"расщепление"
"процесс окислительного фосфорилирования расщепление",74,"расщепление"
"aabb aabb расщепление",74,"расщепление"
"расщепление биополимеров пищи до мономеров",74,"расщепление"
"пограничное расщепление",74,"расщепление"
"3 закон независимого расщепления",74,"расщепление"
"расщепление гистамина",74,"расщепление"
"расщепление жиров в пищеварительной системе",73,"расщепление"
"расщепление гибридов 3 поколения",73,"расщепление"
"расщепление крахмала ротовая полость",73,"расщепление"
"расщепление легкого",73,"расщепление"
"расщепление крахмала до глюкозы в организме",73,"расщепление"
"лекарства для расщепления камней",73,"расщепление"
"расщепление и окисление органических веществ",73,"расщепление"
"жир расщепление в желудке",73,"расщепление"
"расщепление пептидов трипсином",73,"расщепление"
"кислородный этап расщепления глюкозы",73,"расщепление"
"наблюдается расщепление по фенотипу 3 1",73,"расщепление"
"ротовая полость расщепление углеводов",73,"расщепление"
"расщепление симптомы",73,"расщепление"
"этапы расщепления белков",73,"расщепление"
"восстановление пвк до молочной кислоты расщепление",72,"расщепление"
"расщепление 1 2 1 наблюдается при",72,"расщепление"
"расщепление атф какой обмен",72,"расщепление"
"закон менделя расщепление признаков",72,"расщепление"
"дигетерозиготное скрещивание расщепление",72,"расщепление"
"расщепление жиров желчью происходит",72,"расщепление"
"расщепление дужек",72,"расщепление"
"вокальное расщепление",72,"расщепление"
"расщепление белков водой до аминокислот",72,"расщепление"
"независимое наследование расщепление по генотипу",72,"расщепление"
"какое расщепление наблюдается",72,"расщепление"
"расщепление молекулы жира",72,"расщепление"
"этапы расщепления белка",71,"расщепление"
"гидролитическое расщепление белков",71,"расщепление"
"глюкоза образуется в результате расщепления",71,"расщепление"
"расщепление нуклеиновых кислот",71,"расщепление"
"начало расщепления крахмала происходит в",71,"расщепление"
"определить расщепление по фенотипу",71,"расщепление"
"препарат для расщепления камней в почках",71,"расщепление"
"расщепление пищи в организме человека таблица",71,"расщепление"
"расщепление жиров и углеводов происходит",70,"расщепление"
"расщепление со2",70,"расщепление"
"при скрещивании наблюдается расщепление признака",70,"расщепление"
"процесс расщепления глюкозы 8",70,"расщепление"
"расщепление признаков во втором поколении",70,"расщепление"
"средство для септиков для расщепления",70,"расщепление"
"закон расщепления признаков гибридов",70,"расщепление"
"расщепление веществ выделение энергии",70,"расщепление"
"ферментативное расщепление белков",70,"расщепление"
"первый закон менделя расщепление",70,"расщепление"
"расщепление первого закона менделя",70,"расщепление"
"расщепление мяса",70,"расщепление"
"заполните таблицу расщепления веществ",70,"расщепление"
"расщепление мочевины",70,"расщепление"
"расщепление левой почки",70,"расщепление"
"расщепление и окисление глюкозы происходит в",69,"расщепление"
"таблетки для расщепления камней",69,"расщепление"
"препараты для расщепления лактозы",69,"расщепление"
"процесс расщепления гликогена до глюкозы",69,"расщепление"
"расщепление 1 закона менделя",69,"расщепление"
"анализирующее скрещивание расщепление по генотипу",69,"расщепление"
"ферментативное расщепление белка",69,"расщепление"
"энергия при расщеплении 1 г жиров",69,"расщепление"
"расщепление высокоэнергетических молекул признаки живых организмов",69,"расщепление"
"расстройство расщепления личности",69,"расщепление"
"расщепление позвоночника у новорожденного",69,"расщепление"
"врожденное расщепление",68,"расщепление"
"расщепление в психологии это простыми",68,"расщепление"
"расщепление протеазы",68,"расщепление"
"расщепление мягкого неба",68,"расщепление"
"расщепление ногтевой",68,"расщепление"
"при расщеплении 1 г жира выделяется",68,"расщепление"
"2 закон расщепления признаков",68,"расщепление"
"расщепление белков пищи под действием пепсина",68,"расщепление"
"расщепление алкоголя в крови",68,"расщепление"
"расщепление имплантация",68,"расщепление"
"атомное расщепление",68,"расщепление"
"расщепление веществ происходит под действием",68,"расщепление"
"расщепление высокоэнергетических молекул признаки живых систем организмов",67,"расщепление"
"расщепление синуса",67,"расщепление"
"толстого кишечника расщепление клетчатки",67,"расщепление"
"расщепление полимеров лизосома",67,"расщепление"
"расщепление кур",67,"расщепление"
"запишите расщепление по генотипу и фенотипу",67,"расщепление"
"2 закон менделя расщепление",67,"расщепление"
"процесс анаэробного расщепления глюкозы",67,"расщепление"
"сколько молекул атф образуется при расщеплении",67,"расщепление"
"расщепление альвеолярного отростка",67,"расщепление"
"процесс расщепления в желудке человека",67,"расщепление"
"лекарство для расщепления камней в почках",67,"расщепление"
"конечный продукт расщепления воды",67,"расщепление"
"моногибридное скрещивание расщепление по генотипу",67,"расщепление"
"правило расщепление",66,"расщепление"
"расщепление белков жиров углеводов в организме",66,"расщепление"
"расщепление воды в фотосинтезе",66,"расщепление"
"расщепление дерева",66,"расщепление"
"расщепление жировых клеток в организме",66,"расщепление"
"начинают расщепление в ротовой полости",66,"расщепление"
"ротовая полость начало расщепления",66,"расщепление"
"расщепление веществ в клетке происходит в",66,"расщепление"
"желудок расщепление веществ",66,"расщепление"
"5 расщепление клетчатки",66,"расщепление"
"расщепление молекул атф фаза",66,"расщепление"
"расщепление ногтевой пластины",66,"расщепление"
"бескислородный этап расщепления",66,"расщепление"
"расщепление углеводов в организме человека происходит",66,"расщепление"
"расщепление молекул пировиноградной кислоты происходит в",66,"расщепление"
"расщепление дисахаридов происходит",66,"расщепление"
"бескислородное расщепление молекул глюкозы",66,"расщепление"
"процессы измельчения расщепления пищи",66,"расщепление"
"расщепление пластика",66,"расщепление"
"расщепление липидов происходит",66,"расщепление"
"расщепление ацетил коа",66,"расщепление"
"расщепление органических веществ пищи",65,"расщепление"
"расщепление миры",65,"расщепление"
"расщепление гибридов 2 поколения",65,"расщепление"
"расщепление производства",65,"расщепление"
"расщепление позвоночника у плода",65,"расщепление"
"расщепление в потомстве при скрещивании гибридов",65,"расщепление"
"расщепление жиров в тонком кишечнике",65,"расщепление"
"как работает расщепление",65,"расщепление"
"соотношение расщепления по генотипу",65,"расщепление"
"расщепление аавв х аавв",65,"расщепление"
"закон единообразия первого поколения расщепление",65,"расщепление"
"как проявляется расщепление",65,"расщепление"
"расщепление по генотипу 3 закон",65,"расщепление"
"хорошее расщепление жиров",65,"расщепление"
"средство в канализацию для расщепления",64,"расщепление"
"реакция расщепления происходит в",64,"расщепление"
"закон независимого расщепления менделя",64,"расщепление"
"процесс расщепления в ротовой полости",64,"расщепление"
"расщепление с помощью ферментов",64,"расщепление"
"одномембранные расщепление веществ",64,"расщепление"
"расщепление головного мозга",64,"расщепление"
"расщепление углеводов бактериями",64,"расщепление"
"продукты расщепления жиров в организме человека",64,"расщепление"
"расщепления аорты",63,"расщепление"
"ксюшенька расщепление скачать",63,"расщепление"
"расщепление воды светом",63,"расщепление"
"расщепление зубцов на экг",63,"расщепление"
"всасывание продуктов расщепления пищи происходит в",63,"расщепление"
"кислородное расщепление происходит",63,"расщепление"
"расщепление биополимеров до мономеров расщепление молекул",63,"расщепление"
"расщепление эмбриона",63,"расщепление"
"снижение ферментативной направленной на расщепление лактозы",63,"расщепление"
"расщепление клетчатки всасывание аминокислот",63,"расщепление"
"расщепление органических веществ характерно для",63,"расщепление"
"расщепление языка",62,"расщепление"
"расщепление протона протоном",62,"расщепление"
"расщепление створок",62,"расщепление"
"толстая кишка расщепление клетчатки",62,"расщепление"
"продукты расщепления гликолиза",62,"расщепление"
"расщепление позвоночника что это за болезнь",62,"расщепление"
"полное доминирование расщепление по фенотипу",62,"расщепление"
"расщепление глицерина в организме",62,"расщепление"
"расщепление гликогена до моносахаридов",62,"расщепление"
"расщепление рнк",62,"расщепление"
"второй закон закон расщепления признаков",62,"расщепление"
"генотипы родителей при расщеплении 3 1",62,"расщепление"
"расщепление крахмала до мономеров",62,"расщепление"
"какое количество молекул глюкозы подверглось расщеплению",62,"расщепление"
"расщепление при гетерозиготном скрещивании",62,"расщепление"
"расщепление диссоциация",62,"расщепление"
"наследование признаков и их расщепление",62,"расщепление"
"гидролитическое расщепление веществ слияние мембраны",62,"расщепление"
"энергия при расщеплении глюкозы",62,"расщепление"
"расщепление белков происходит в тонком кишечнике",62,"расщепление"
"гормон расщепления жира",62,"расщепление"
"расщепление жировых тканей",62,"расщепление"
"расщепление биополимеров до мономеров происходит в",62,"расщепление"
"процедура расщепления",62,"расщепление"
"снижение ферментативной активности на расщепление лактозы",61,"расщепление"
"снижение ферментативной активности направленной на расщепление лактозы",61,"расщепление"
"расщепление биополимеров одномембранный органоид",61,"расщепление"
"расщепление семьи",61,"расщепление"
"расщепление углеводов происходит в 3 ответа",61,"расщепление"
"количество атф при бескислородном расщеплении",61,"расщепление"
"количество молекул атф при бескислородном расщеплении",61,"расщепление"
"глютен расщепление",61,"расщепление"
"тонкая кишка расщепление всасывание",61,"расщепление"
"расщепление личности книги",61,"расщепление"
"9 6 1 расщепление",61,"расщепление"
"расщепление белков до пептидов и аминокислот",61,"расщепление"
"расщепление органических веществ органоид",61,"расщепление"
"установите правильную последовательность расщепления углеводов",61,"расщепление"
"расщепление собственных белков",61,"расщепление"
"печень расщепление жиров",61,"расщепление"
"реакции расщепления белков",61,"расщепление"
"обратное расщепление",60,"расщепление"
"химическое расщепление воды",60,"расщепление"
"расщепление белков органоид",60,"расщепление"
"установите последовательность этапов энергетического обмена расщепление",60,"расщепление"
"ядерное расщепление",60,"расщепление"
"расщепление челюсти",60,"расщепление"
"что значит расщепление в прл",60,"расщепление"
"процесс расщепления и переваривания пищи происходит",60,"расщепление"
"формула дигибридного расщепления",60,"расщепление"
"сколько атф образуется при расщеплении глюкозы",60,"расщепление"
"реакция расщепления крахмала",60,"расщепление"
"в лизосомах происходит расщепление",60,"расщепление"
"процесс бескислородного расщепления глюкозы до пвк",60,"расщепление"
"технология расщепления",59,"расщепление"
"при расщеплении больше энергии",59,"расщепление"
"расщепление олигосахаридов",59,"расщепление"
"расщепление веществ до поступления в клетку",59,"расщепление"
"всасывание основной массы воды расщепление",59,"расщепление"
"расщепление сцепленное с полом",59,"расщепление"
"закон расщепления гамет",59,"расщепление"
"формула расщепления при дигибридном скрещивании",59,"расщепление"
"стол расщепления крафт",59,"расщепление"
"расщепление филлера",59,"расщепление"
"расщепление кожи",59,"расщепление"
"расщепление шредера",59,"расщепление"
"расщепление воды на газ",58,"расщепление"
"расщепление генотипа при дигибридном скрещивании",58,"расщепление"
"расщепление s1",58,"расщепление"
"расщепление 6 букв",58,"расщепление"
"в процессе пищеварения происходит расщепление",58,"расщепление"
"расщепление желудочного сока",58,"расщепление"
"расщепление мышечной ткани",58,"расщепление"
"расщепление углеводов в тонком кишечнике",58,"расщепление"
"расщепление и проективная идентификация",58,"расщепление"
"расщепление 12 1",58,"расщепление"
"расщепления твердого неба",58,"расщепление"
"расщепление лист",58,"расщепление"
"дигетерозиготное скрещивание расщепление по фенотипу",58,"расщепление"
"в потомстве происходит расщепление",58,"расщепление"
"расщепление нарцисса",58,"расщепление"
"расщепление и синтез веществ в клетке",58,"расщепление"
"расщепление пвк происходит в",57,"расщепление"
"где расщепления белков",57,"расщепление"
"сколько молекул атф при расщеплении глюкозы",57,"расщепление"
"закон расщепления проявляется",57,"расщепление"
"расщепление сахара в цитоплазме",57,"расщепление"
"период расщепления",57,"расщепление"
"процесс расщепления углеводов под действием ферментов",57,"расщепление"
"желудок начало расщепления",57,"расщепление"
"расщепление крахмала ферментами слюны",57,"расщепление"
"синт расщепление",57,"расщепление"
"подготовительный процесс расщепление",57,"расщепление"
"в процессе гидролиза происходит расщепление",57,"расщепление"
"соотношение расщепления признаков при дигибридном скрещивании",57,"расщепление"
"расщепление сетчатки",57,"расщепление"
"закон расщепления какое скрещивание",57,"расщепление"
"теория расщепления душ",57,"расщепление"
"теория расщепления души",57,"расщепление"
"бескислородное расщепление глюкозы до пировиноградной кислоты",57,"расщепление"
"расщепление в пищеварительной системе углеводы",57,"расщепление"
"расщепление ультразвуком",57,"расщепление"
"как делать расщепление голоса",57,"расщепление"
"расщепление ствола",57,"расщепление"
"процесс расщепления липидов",57,"расщепление"
"расщепление pen",57,"расщепление"
"расщепление углеводов до глюкозы и всасывание",56,"расщепление"
"ферменты участвующие в расщеплении",56,"расщепление"
"где расщепление белки",56,"расщепление"
"продуктами расщепления белков жиров",56,"расщепление"
"пищеварительная система расщепление веществ",56,"расщепление"
"расщепление в тонком кишечнике таблица",56,"расщепление"
"расщепление при самоопылении",56,"расщепление"
"расщепление жиров на животе",56,"расщепление"
"этапы расщепления крахмала",56,"расщепление"
"расщепление молекулы воды фаза",56,"расщепление"
"расщепление полисахаридов в организме человека",56,"расщепление"
"расщепление углерода",56,"расщепление"
"второй этап расщепления глюкозы",56,"расщепление"
"генотип аа расщепление",56,"расщепление"
"расщепление белков жиров и углеводов происходит",56,"расщепление"
"продукты расщепления ферментов",56,"расщепление"
"расщепление углеводов происходит под действием",56,"расщепление"
"закон сцепленного наследования расщепление по фенотипу",56,"расщепление"
"расщепление полимеров до мономеров в клетке",56,"расщепление"
"органы расщепление жиров",56,"расщепление"
"закон расщепления признаков при скрещивании",56,"расщепление"
"расщепление жиров похудение",55,"расщепление"
"задача на расщепление",55,"расщепление"
"энергетический обмен кислородное расщепление",55,"расщепление"
"расщепление веществ тонкого кишечника",55,"расщепление"
"параметры расщепления",55,"расщепление"
"пищеварение расщепление углеводов",55,"расщепление"
"расщепление сахара в цитоплазме клетки",55,"расщепление"
"расщепление r",55,"расщепление"
"расщепление в стоматологии",55,"расщепление"
"в тонкой кишке происходит расщепление",55,"расщепление"
"9 3 4 расщепление по фенотипу",55,"расщепление"
"продукт расщепления двенадцатиперстной кишки",55,"расщепление"
"расщепление слюды на пластинки",55,"расщепление"
"в расщеплении жиров участвует",55,"расщепление"
"расщепление полисахаридов происходит в",55,"расщепление"
"расщепление жиров до жирных кислот",54,"расщепление"
"расщепление полимеров органоид",54,"расщепление"
"прививка расщепление",54,"расщепление"
"расщепление гороха",54,"расщепление"
"неполное доминирование какое расщепление",54,"расщепление"
"расщепление 9 7",54,"расщепление"
"расщепление идентичности",54,"расщепление"
"расщепление при птср",54,"расщепление"
"2 признака расщепление глюкозы",54,"расщепление"
"расщепление полисахаридов до моносахаридов образование гликогена",54,"расщепление"
"задачи с расщеплением по фенотипу",54,"расщепление"
"расщепление белка в печени",54,"расщепление"
"расщепление белков в печени",54,"расщепление"
"конечными продуктами расщепления являются",53,"расщепление"
"расщепление углеводов происходит под действием ферментов",53,"расщепление"
"расщепление углеводов начинается",53,"расщепление"
"расщепление высокомолекулярных",53,"расщепление"
"бескислородное расщепление глюкозы у бактерий",53,"расщепление"
"расщепление верхней губы",53,"расщепление"
"закон расщепления признаков какой закон",53,"расщепление"
"нарциссическое расщепление",53,"расщепление"
"окислительное фосфорилирование расщепление веществ",53,"расщепление"
"образование молекул пвк расщепление молекул крахмала",53,"расщепление"
"окислительное расщепление пирувата",53,"расщепление"
"первичное расщепление белков",53,"расщепление"
"расщепление голоса как научиться",53,"расщепление"
"для фотосинтеза характерно расщепление органических",53,"расщепление"
"закон расщепления г менделя",53,"расщепление"
"что такое расщепление при прл простыми словами",53,"расщепление"
"всасывание продуктов расщепления жиров происходит в",53,"расщепление"
"расщепление атф в клетке происходит",53,"расщепление"
"расщепление белков углеводов до мономеров",52,"расщепление"
"расщепления по фенотипу во втором поколении",52,"расщепление"
"расщепление ферментами питательных веществ",52,"расщепление"
"черепашки ниндзя расщепление шредера",52,"расщепление"
"какое расщепление в толстом кишечнике",52,"расщепление"
"при расщеплении 1 г липидов",52,"расщепление"
"расщепление глюкозы порядок",52,"расщепление"
"процессы расщепления органических соединений",52,"расщепление"
"расщепление означающего",52,"расщепление"
"полное расщепление глюкозы происходит в",52,"расщепление"
"ускорить расщепление жиров",52,"расщепление"
"расщепление глюкозы синтез 36",52,"расщепление"
"расщепление это выберите ответ",52,"расщепление"
"момент расщепления",52,"расщепление"
"уколы в живот для расщепления жира",52,"расщепление"
"уколы для расщепления в живот расщепления",52,"расщепление"
"расщепление гликогена в печени и мышцах",52,"расщепление"
"какое расщепление признаков по фенотипу",52,"расщепление"
"расщепление клетчатки происходит в толстой",52,"расщепление"
"продукты расщепления углеводов и белков",52,"расщепление"
"углеводороды расщепление",51,"расщепление"
"расщепление гликогена с образованием глюкозы",51,"расщепление"
"расщепление крахмала под действием слюны",51,"расщепление"
"наблюдается расщепление 9 3 3 1",51,"расщепление"
"расщепление клетчатки бактериями",51,"расщепление"
"ферменты для расщепления клетчатки",51,"расщепление"
"бескислородный этап расщепления глюкозы",51,"расщепление"
"сколько энергии выделяется при расщеплении 1",51,"расщепление"
"расщепление лоханки",51,"расщепление"
"при расщеплении липидов выделяется",51,"расщепление"
"гидролитическое расщепление глюкозы",51,"расщепление"
"закон доминирования закон расщепления",51,"расщепление"
"виды расщепления глюкозы",51,"расщепление"
"расщепление атф у бактерий",51,"расщепление"
"закон независимого расщепления генов",51,"расщепление"
"расщепление углеводов в печени",51,"расщепление"
"гликолиз кислородное расщепление",51,"расщепление"
"расщепление клетчатки происходит в какой",51,"расщепление"
"расщепление признаков в соотношении 3 1",51,"расщепление"
"закон расщепления генотип и фенотип",51,"расщепление"
"реакции расщепления обмен глюкозы",51,"расщепление"
"органическое вещество продукт расщепления",51,"расщепление"
"в расщепление белков участвует",50,"расщепление"
"как получить расщепление",50,"расщепление"
"объясните полученное расщепление",50,"расщепление"
"отдел расщепления углеводов",50,"расщепление"
"активное расщепление белков жиров углеводов",50,"расщепление"
"расщепление жиров до глицерина",50,"расщепление"
"упражнения для расщепления нерва",50,"расщепление"
"расщепление ксюшенька текст",50,"расщепление"
"расщепление органических веществ клетки органоид",50,"расщепление"
"расщепление микроорганизмов",50,"расщепление"
"расщепление подкожных жиров",50,"расщепление"
"в желудке начинает расщепление",50,"расщепление"
"расщепление н2о",50,"расщепление"
"таблетки для расщепления камней в почках",50,"расщепление"
"правильная последовательность процессов расщепления углеводов",50,"расщепление"
"установите правильную последовательность процессов расщепление углеводов",50,"расщепление"
"расщепление белков до полипептидов",50,"расщепление"
"пластический обмен расщепление ассимиляция",50,"расщепление"
"став расщепление",50,"расщепление"
"расщепление почему с",50,"расщепление"
"расщепление во 2 поколении",50,"расщепление"
"расщепление 13 3",50,"расщепление"
"таблетки для расщепления лактозы",50,"расщепление"
"расщепление органических веществ до мономеров",50,"расщепление"
"при расщеплении 1 г липидов выделяется",50,"расщепление"
"расщепление веществ с помощью ферментов",50,"расщепление"
"aabb aabb расщепление по фенотипу",50,"расщепление"
"расщепление признаков по фенотипу и генотипу",50,"расщепление"
"расщепление гликогена гормон",50,"расщепление"
"процесс расщепление органических веществ в клетке",50,"расщепление"
"расщепление жира в организме происходит",50,"расщепление"
"белки место расщепления",50,"расщепление"
"места расщепления белков",50,"расщепление"
"расщепление створки клапана",50,"расщепление"
"расщепление кратко",50,"расщепление"
"расщепление пищи в желудке человека",50,"расщепление"
"12 3 1 расщепление",49,"расщепление"
"цикл кребса расщепление крахмала",49,"расщепление"
"расщепление углеводов липидов белков",49,"расщепление"
"рок расщепление",49,"расщепление"
"расщепление жиров в канализации",49,"расщепление"
"частичное расщепление крахмала",49,"расщепление"
"пути расщепления углеводов",49,"расщепление"
"средство для расщепления мыла",49,"расщепление"
"продукт расщепления желчи",49,"расщепление"
"процесс расщепления гликогена с образованием глюкозы",49,"расщепление"
"расщепление углеводов в организме происходит до",49,"расщепление"
"расщепление клетчатки желудок",49,"расщепление"
"расщепление органических в в до мономеров",49,"расщепление"
"расщепление диагноз",49,"расщепление"
"расщепление трипсина пепсином",49,"расщепление"
"в клетке расщепление белков до аминокислот",49,"расщепление"
"расщепление крахмала какой обмен",49,"расщепление"
"первый этап расщепления глюкозы",49,"расщепление"
"расщепление по другому",48,"расщепление"
"расщепления мягкого твердого неба",48,"расщепление"
"закон расщепления 2 поколения",48,"расщепление"
"как выглядит расщепление",48,"расщепление"
"кислородное расщепление сколько атф",48,"расщепление"
"превращение дисахаридов в моносахариды расщепление моносахаридов",48,"расщепление"
"модификация расщепления",48,"расщепление"
"при расщеплении 1 грамма",48,"расщепление"
"аэробное расщепление пировиноградной кислоты",48,"расщепление"
"ферменты функция расщепления",48,"расщепление"
"3 1 расщепление при скрещивании дигетерозигот",48,"расщепление"
"женское расщепление",48,"расщепление"
"расщепление углеводов пищи происходит в",48,"расщепление"
"расщепление холестерина",48,"расщепление"
"расщепление сахара в цитоплазме клетки окисление",48,"расщепление"
"расщепление гибридов f1",48,"расщепление"
"эмульгирование жиров всасывание аминокислот расщепление",48,"расщепление"
"расщепление ферментов в ротовой полости",48,"расщепление"
"расщепление пектина",48,"расщепление"
"единообразие и расщепление признаков",48,"расщепление"
"неполное доминирование расщепление по генотипу",48,"расщепление"
"aabb aabb скрещивание расщепление",48,"расщепление"
"опасное расщепление",47,"расщепление"
"расщепление митрального клапана",47,"расщепление"
"расщепление бамбука",47,"расщепление"
"начало расщепление углеводов",47,"расщепление"
"как сделать расщепление в голосе",47,"расщепление"
"кодоминирование расщепление",47,"расщепление"
"обмен жиров продукты расщепления",47,"расщепление"
"набор для расщепления гребня",47,"расщепление"
"объясните расщепления в скрещиваниях",47,"расщепление"
"калькулятор расщепления алкоголя",47,"расщепление"
"расщепление сахара в организме",47,"расщепление"
"расщепление сахаров в организме",47,"расщепление"
"расщепление белков гидролитическими ферментами",47,"расщепление"
"расщепление лица",47,"расщепление"
"расщепление синоним",47,"расщепление"
"хлоропласт расщепление веществ",47,"расщепление"
"цитологические основы расщепления",47,"расщепление"
"как сделать стол расщепления в таумкрафт",47,"расщепление"
"в толстом кишечнике происходит расщепление клетчатки",47,"расщепление"
"расщепление мальтозы",47,"расщепление"
"расщепление гребня в стоматологии",47,"расщепление"
"расщепление углеводов в желудке",46,"расщепление"
"расщепление жиров в пищеварительном канале",46,"расщепление"
"расщепление белков жиров углеводов до мономеров",46,"расщепление"
"расщепление питательных веществ энергетический обмен",46,"расщепление"
"закону менделя расщепление генотипа",46,"расщепление"
"расщепление белков у человека",46,"расщепление"
"расщепление углеводов участвуют",46,"расщепление"
"стол расщепления 1.7 10",46,"расщепление"
"стол расщепления таумкрафт 1.7 10",46,"расщепление"
"расщепление клетчатки какая кишка",46,"расщепление"
"закон расщепления гибридов второго поколения",46,"расщепление"
"синтез и расщепление гликогена",46,"расщепление"
"полное расщепление углеводов",46,"расщепление"
"расщепление без кислорода",46,"расщепление"
"расщепление личности при прл",46,"расщепление"
"расщепление углеводов до дисахаридов",46,"расщепление"
"фиксация углекислого газа расщепление атф",46,"расщепление"
"полимерия расщепление",46,"расщепление"
"расщепление полисахаридов до дисахаридов",46,"расщепление"
"частичное расщепление крахмала происходит в",46,"расщепление"
"расщепление и всасывание липидов",46,"расщепление"
"точка расщепления",46,"расщепление"
"участвует в расщеплении веществ",45,"расщепление"
"расщепление белков в клетке происходит в",45,"расщепление"
"стол расщепления таумкрафт крафт",45,"расщепление"
"закон правила расщепления",45,"расщепление"
"аа х аа расщепление",45,"расщепление"
"средство для расщепления ила",45,"расщепление"
"расщепление крахмала под действием ферментов",45,"расщепление"
"эффективное расщепление",45,"расщепление"
"закон расщепления во втором поколении",45,"расщепление"
"расщепление углеводов начинает в",45,"расщепление"
"расщепления коллагена",45,"расщепление"
"расщепление белков в пищеварительном канале происходит",45,"расщепление"
"образование лизосом расщепление глюкозы",45,"расщепление"
"при расщеплении белка выделяется",45,"расщепление"
"аллельное расщепление",45,"расщепление"
"расщепление жира септик",45,"расщепление"
"травма расщепление",45,"расщепление"
"при моногибридном скрещивании наблюдается расщепление",45,"расщепление"
"диссимиляция расщепление",45,"расщепление"
"расщепление углеводов в пищеварительной системе человека",45,"расщепление"
"желудка начинается расщепление",45,"расщепление"
"расщепление питательных веществ происходит белки",44,"расщепление"
"дигибридное расщепление по генотипу",44,"расщепление"
"расщепление пищевых частиц",44,"расщепление"
"каталитическое расщепление",44,"расщепление"
"thaumcraft стол расщепления",44,"расщепление"
"окончательное расщепление белков",44,"расщепление"
"расщепление форум",44,"расщепление"
"расщепление полипептидов до аминокислот",44,"расщепление"
"3 закон независимого расщепления признаков",44,"расщепление"
"расщепление жиров до глицерина и жирных",44,"расщепление"
"расщепление предложения",44,"расщепление"
"расщепление жиров образуется",44,"расщепление"
"неаллельные гены расщепление",44,"расщепление"
"уроки расщепления вокала",43,"расщепление"
"расщепление пограничной личности",43,"расщепление"
"расщепление клетчатки орган",43,"расщепление"
"расщепление жиров называется",43,"расщепление"
"расщепление белков до аминокислот в желудке",43,"расщепление"
"расщепление в пении",43,"расщепление"
"расщепление глюкозы синтез 36 молекул",43,"расщепление"
"кислотное расщепление",43,"расщепление"
"количество энергии при расщеплении",43,"расщепление"
"продольное расщепление ногтей",43,"расщепление"
"что означает расщепление",43,"расщепление"
"постоянная расщепления",43,"расщепление"
"продукты расщепления крахмала",43,"расщепление"
"расщепление тонов сердца",43,"расщепление"
"расщепление биополимеров до мономеров митохондрии",43,"расщепление"
"расщепление аминокислот в печени",43,"расщепление"
"процессы происходящие в желудке расщепление",43,"расщепление"
"лизосомы расщепление органических веществ",43,"расщепление"
"полное доминирование расщепление по генотипу",43,"расщепление"
"расщепление белков происходит в ротовой полости",43,"расщепление"
"расщепление аммиака",43,"расщепление"
"расщепление глюкозы какой этап",43,"расщепление"
"энергия белка при расщеплении 1",43,"расщепление"
"независимое наследование при дигибридном скрещивании расщепление",43,"расщепление"
"независимое расщепление признаков при дигибридном",43,"расщепление"
"какое будет расщепление в анализирующем",43,"расщепление"
"расщепление жиров среда",42,"расщепление"
"закон расщепления какой закон менделя",42,"расщепление"
"расщепление при кптср",42,"расщепление"
"энергия необходимая для расщепления",42,"расщепление"
"глицерин продукт расщепления",42,"расщепление"
"расщепление крахмала под действием амилазы",42,"расщепление"
"расщепление слюды на пластинки 9",42,"расщепление"
"где начинается расщепление",42,"расщепление"
"расщепление по генотипу и фенотипу совпадает",42,"расщепление"
"почему происходит расщепления",42,"расщепление"
"расщепление дисахаридов до моносахаридов",42,"расщепление"
"катаболизм процесс расщепления веществ",42,"расщепление"
"в лимфу происходит всасывание продуктов расщепления",42,"расщепление"
"вещество для расщепления пищи",42,"расщепление"
"расщепление гемоглобина",42,"расщепление"
"последовательность расщепления питательных веществ",42,"расщепление"
"продукт расщепления белков жиров и углеводов",42,"расщепление"
"расщепление поз",42,"расщепление"
"упражнения для расщепления седалищного",41,"расщепление"
"упражнения для расщепления седалищного нерва",41,"расщепление"
"расщепление молочного белка",41,"расщепление"
"расщепление лактата",41,"расщепление"
"расщепление жирной пищи",41,"расщепление"
"синдром расщепления",41,"расщепление"
"расщепление пищи начиная с ротовой полости",41,"расщепление"
"стимулирует расщепление гликогена",41,"расщепление"
"октаэдрическое расщепление",41,"расщепление"
"ротовой полости начинается расщепление",41,"расщепление"
"расщепление воды какая фаза",41,"расщепление"
"процессы кислородного расщепления происходят",41,"расщепление"
"аэробное и анаэробное расщепление",41,"расщепление"
"расщепление кетонов",41,"расщепление"
"расщепление прозрачной перегородки",41,"расщепление"
"расщепление третьего закона менделя",41,"расщепление"
"третий закон менделя закон расщепления",41,"расщепление"
"третий закон расщепления",41,"расщепление"
"расщепление питательных веществ в клетке",40,"расщепление"
"процесс расщепления полимеров до мономеров",40,"расщепление"
"расщепление крахмала под действием ферментов слюны",40,"расщепление"
"расщепление створки митрального",40,"расщепление"
"расщепление органических веществ клетки происходит в",40,"расщепление"
"всасывание продуктов расщепления жиров ворсинками кишечника",40,"расщепление"
"желудок процесс начало расщепления",40,"расщепление"
"анаэробный путь расщепления углеводов",40,"расщепление"
"за расщепление жира отвечают",40,"расщепление"
"расщепление хитина",40,"расщепление"
"образование лимонной кислоты в митохондрии расщепление",40,"расщепление"
"анаэробное расщепление глюкозы происходит",40,"расщепление"
"расщепление азота",40,"расщепление"
"стол расщепление изучение",40,"расщепление"
"расщепление древесины",40,"расщепление"
"расщепление головки",40,"расщепление"
"гормон стимулирующий расщепление гликогена",40,"расщепление"
"расщепление признаков в f2",40,"расщепление"
"всасывание продуктов расщепления веществ",40,"расщепление"
"расщепление бензина",40,"расщепление"
"какое расщепление происходит в ротовой полости",40,"расщепление"
"расщепление рубцов",40,"расщепление"
"расщепление белков пищи происходит в желудке",40,"расщепление"
"расщепление правой почки",40,"расщепление"
"фенотипическое расщепление во втором скрещивании",40,"расщепление"
"при неполном доминировании наблюдается расщепление",40,"расщепление"
"расщепление атф вид обмена",39,"расщепление"
"расщепление сплитика",39,"расщепление"
"расщепление жиров где",39,"расщепление"
"при расщеплении углеводов выделяется",39,"расщепление"
"при дигибридном скрещивании наблюдается расщепление",39,"расщепление"
"таблица расщепления алкоголя в крови",39,"расщепление"
"расщепление физика",39,"расщепление"
"расщепление и всасывание в толстом кишечнике",39,"расщепление"
"толстый кишечник расщепление веществ",39,"расщепление"
"расщепление эпистаза",39,"расщепление"
"расщепление углеводов в процессе пищеварения",39,"расщепление"
"этап кислородного расщепления происходит",39,"расщепление"
"расщепление крахмала лимонной кислотой",39,"расщепление"
"начальное расщепление",39,"расщепление"
"гидролитические расщепления биополимеров",39,"расщепление"
"слюна расщепление белков",39,"расщепление"
"в ротовой полости человека происходит расщепление",39,"расщепление"
"расщепление гексозы на два углевода",39,"расщепление"
"составить расщепление по генотипу",39,"расщепление"
"кислородное расщепление молочной кислоты",39,"расщепление"
"расщепление ассимиляция гликолиз",39,"расщепление"
"полная кислородная расщепление",39,"расщепление"
"процесс расщепление углеводородов",39,"расщепление"
"явление расщепления",39,"расщепление"
"расщепление атф пластический",38,"расщепление"
"расщепление атф пластический обмен",38,"расщепление"
"начинается процесс расщепления",38,"расщепление"
"расщепление высокоэнергетических молекул термин",38,"расщепление"
"трансляция расщепление гликолиз",38,"расщепление"
"расщепление провода фазы",38,"расщепление"
"расщепление атф в митохондриях происходит на",38,"расщепление"
"расщепление глюкозы синтез 36 молекул атф",38,"расщепление"
"время расщепления алкоголя",38,"расщепление"
"книга про расщепление личности",38,"расщепление"
"расщепление частот",38,"расщепление"
"препараты для расщепления пищи",38,"расщепление"
"кислородное расщепление этап энергетического обмена",38,"расщепление"
"расщепление органических веществ дыхание",38,"расщепление"
"эмульгирование жиров всасывание аминокислот расщепление белков",38,"расщепление"
"как проявляется расщепление при прл",38,"расщепление"
"процесс расщепления воды в фотосинтезе",38,"расщепление"
"расщепление органических веществ пищи в пищеварительном",38,"расщепление"
"расщепление зубца r",38,"расщепление"
"совокупность реакций расщепления сложных",38,"расщепление"
"витамины для расщепления жиров",38,"расщепление"
"техника расщепления голоса",38,"расщепление"
"процесс расщепления слюды",38,"расщепление"
"расщепление глюкозы в каких органеллах",38,"расщепление"
"коэффициент расщепления",37,"расщепление"
"в ротовой полости происходит расщепление жиров",37,"расщепление"
"расщепление рук",37,"расщепление"
"объект расщепления белков",37,"расщепление"
"расщепление напряжения",37,"расщепление"
"моногибридное при неполном доминировании расщепление",37,"расщепление"
"всасывание продуктов расщепления белков",37,"расщепление"
"участок расщепления",37,"расщепление"
"ферменты для расщепления крахмала",37,"расщепление"
"при расщеплении белков энергия выделяется",37,"расщепление"
"расщепление слоев сетчатки",37,"расщепление"
"расщепление висцерального жира",37,"расщепление"
"расщепление крахмала до мальтозы",37,"расщепление"
"расщепление мальтозы до глюкозы",37,"расщепление"
"аспект расщепления",37,"расщепление"
"закон менделя независимое расщепление признаков",37,"расщепление"
"расщепление слюды на пластинки сканворд",37,"расщепление"
"расщепление веществ какой обмен",37,"расщепление"
"всасывание фагоцитом продуктов расщепления бактерии",37,"расщепление"
"расщепление дигетерозигот по фенотипу",37,"расщепление"
"синт расщепление варфрейм",37,"расщепление"
"анализирующее дигибридное скрещивание расщепление",37,"расщепление"
"при полном расщеплении глюкозы образуется",37,"расщепление"
"расщепление белков происходит под влиянием",37,"расщепление"
"моногибридное скрещивание закон расщепления",37,"расщепление"
"расщепление транскрипция",37,"расщепление"
"полное расщепление белков",37,"расщепление"
"закон независимого наследования расщепление по фенотипу",37,"расщепление"
"реакция расщепления жира",37,"расщепление"
"под действием ферментов слюны происходит расщепление",37,"расщепление"
"ферменты для расщепления фруктозы",37,"расщепление"
"полное расщепление углеводов происходит в",37,"расщепление"
"расщепление казеина",37,"расщепление"
"второй закон менделя закон расщепления признаков",36,"расщепление"
"процесс анаэробного расщепления глюкозы происходит",36,"расщепление"
"расщепление пространства",36,"расщепление"
"расщепление белков гидролитическими ферментами окисление глюкозы",36,"расщепление"
"пластический обмен расщепление ассимиляция гликолиз",36,"расщепление"
"расщепление qrs",36,"расщепление"
"фермент для расщепления гистамина",36,"расщепление"
"расщепление пептидов в тонком кишечнике",36,"расщепление"
"расщепление как защитный механизм",36,"расщепление"
"полное кислородное расщепление глюкозы",36,"расщепление"
"соска для расщепления неба",36,"расщепление"
"процесс расщепления углеводородов называется",36,"расщепление"
"расщепление атф какой фазе",36,"расщепление"
"цикл кребса расщепление крахмала возбуждение молекулы",36,"расщепление"
"энергетическая кислородное расщепление глюкозы",36,"расщепление"
"психическое расщепление",36,"расщепление"
"пластический обмен трансляция расщепление гликолиз",36,"расщепление"
"расщепление при шизофрении",36,"расщепление"
"ферментативное расщепление происходит в",36,"расщепление"
"расщепление жиров начинается",36,"расщепление"
"ферментативное расщепление пищи",36,"расщепление"
"закон расщепления закон чистоты гамет",36,"расщепление"
"расщепление дома",36,"расщепление"
"расщепление аллельных генов",36,"расщепление"
"начало расщепления крахмала интенсивное всасывание воды",36,"расщепление"
"механическая обработка пищи расщепление белков",36,"расщепление"
"расщепление полимеров до мономеров этап",36,"расщепление"
"завершение расщепления белков",36,"расщепление"
"таблица расщепления алкоголя в организме",36,"расщепление"
"конечные продукты расщепления глюкозы",36,"расщепление"
"всасывание продуктов расщепления жиров в микроворсинки",36,"расщепление"
"расщепление внимания",35,"расщепление"
"фермент для расщепления сахарозы",35,"расщепление"
"расщепление пограничное расстройство",35,"расщепление"
"гидролитическое расщепление под действием ферментов",35,"расщепление"
"закон расщепления гибридов 2 поколения",35,"расщепление"
"крекинг расщепление",35,"расщепление"
"расщепление доминантных и рецессивных признаков",35,"расщепление"
"расщепление углеводов в толстом кишечнике",35,"расщепление"
"расщепление вены",35,"расщепление"
"закон независимого расщепления признаков какой закон",35,"расщепление"
"кислота для расщепления жира",35,"расщепление"
"расщепление гексозы на две триозы",35,"расщепление"
"поза расщепление бамбука",35,"расщепление"
"расщепление неба у ребенка",35,"расщепление"
"средство расщепления мочи",35,"расщепление"
"объяснить фенотипическое расщепление",35,"расщепление"
"этап кислородного расщепления молочной кислоты",35,"расщепление"
"расщепление веществ в процессе пищеварения",35,"расщепление"
"задачи с расщеплением по генотипу",35,"расщепление"
"расщепление углеводов происходит в кишечнике",35,"расщепление"
"процесс расщепления органических веществ и образования",35,"расщепление"
"расщепление на человека при прл",35,"расщепление"
"первичное расщепление углеводов",35,"расщепление"
"расщепление жиров в организме человека препараты",35,"расщепление"
"дигибридное анализирующее скрещивание расщепление по фенотипу",35,"расщепление"
"всасывание основной массы воды расщепление клетчатки",35,"расщепление"
"окончательное расщепление веществ",35,"расщепление"
"что значит расщепление на человека",35,"расщепление"
"пищевод расщепление",35,"расщепление"
"расщепление спины",34,"расщепление"
"набухание и частичное расщепление белков",34,"расщепление"
"расщепление луча",34,"расщепление"
"расщепление по фенотипу составляет 3 1",34,"расщепление"
"последовательность расщепления белков жиров и углеводов",34,"расщепление"
"расщепление атф фаза фотосинтеза",34,"расщепление"
"расщепление алкоголя в организме человека таблица",34,"расщепление"
"митохондрия в расщеплении сахара",34,"расщепление"
"при анализирующем скрещивании наблюдается расщепление",34,"расщепление"
"механическая обработка пищи расщепление жиров",34,"расщепление"
"расщепление мочевого пузыря",34,"расщепление"
"расщепление молочной кислоты в мышцах",34,"расщепление"
"расщепление органических веществ в организме человека",34,"расщепление"
"тонкая кишка расщепление веществ",34,"расщепление"
"закон расщепление признаков во втором законе",34,"расщепление"
"закон расщепление признаков во втором поколении",34,"расщепление"
"полное расщепление крахмала происходит в",34,"расщепление"
"расщепление створок митрального клапана",34,"расщепление"
"всасывание и расщепление пищевых веществ",34,"расщепление"
"расщепление панкреатической амилазой",34,"расщепление"
"расщепление или расщипление",34,"расщепление"
"окончательное расщепление белков происходит",34,"расщепление"
"виды дающие расщепления",34,"расщепление"
"расщепление металла",34,"расщепление"
"ферменты для расщепления пектина",34,"расщепление"
"ферменты для расщепления пектинов",34,"расщепление"
"расщепление адреналина",34,"расщепление"
"расщепление сложных органических соединений",34,"расщепление"
"расщепление мышления",34,"расщепление"
"расщепление молекулы днк",34,"расщепление"
"процесс термического расщепления",34,"расщепление"
"расщепление гликогена до глюкозы признак",34,"расщепление"
"экстрим вокал расщепление",34,"расщепление"
"последовательное расщепление",34,"расщепление"
"указать реакцию расщепления глюкозы",34,"расщепление"
"какие молекулы образуются при расщеплении глюкозы",34,"расщепление"
"расщепление липидов в клетке",34,"расщепление"
"как сделать расщепление в вокале",34,"расщепление"
"расщепления нуля",34,"расщепление"
"расщепление эритроцитов",33,"расщепление"
"расщепление 1 1 какой закон",33,"расщепление"
"что значит словить расщепление",33,"расщепление"
"препараты для расщепления белка",33,"расщепление"
"при расщеплении углеводов выделяется энергия",33,"расщепление"
"частичное расщепление жиров",33,"расщепление"
"расщепление верхнего неба",33,"расщепление"
"расщепление питательных веществ происходит под",33,"расщепление"
"раздвоение расщепление",33,"расщепление"
"расщепление костного гребня",33,"расщепление"
"расщепление полимеров до мономеров подготовительном этапе",33,"расщепление"
"расщепление артерии",33,"расщепление"
"для пищеварения расщепления жиров",33,"расщепление"
"энергия расщепления ядра",33,"расщепление"
"какое расщепление при сцепленном наследовании",33,"расщепление"
"расщепление алканов",33,"расщепление"
"расщепление днк и рнк",33,"расщепление"
"случаи расщепления личности",33,"расщепление"
"расщепление слюды на пластинки сканворд 9",33,"расщепление"
"аэробный этап расщепления глюкозы",33,"расщепление"
"дигетерозиготное расщепление томатов",33,"расщепление"
"расщепление пептидов фермент",33,"расщепление"
"расщепление личности как называется",33,"расщепление"
"расщепления углекислого газа фаза",33,"расщепление"
"основная функция расщепление веществ",33,"расщепление"
"расщепления неаллельных скрещиваний",33,"расщепление"
"бактерии для расщепления жира",33,"расщепление"
"расщепление клетчатки в каком кишечнике",33,"расщепление"
"расщепление ферментов в пищеварительной системе",33,"расщепление"
"расщепление органических веществ с освобождением энергии",33,"расщепление"
"обработка ферментами расщепление пищи",33,"расщепление"
"расщепление белков в поджелудочной железе",33,"расщепление"
"расщепление крахмала до глюкозы реакция",33,"расщепление"
"частичное расщепление клетчатки",33,"расщепление"
"расщепление субстратов",33,"расщепление"
"расщепление атома водорода",33,"расщепление"
"тонкий кишечник продукты расщепления",32,"расщепление"
"расщепление жиров в толстом кишечнике",32,"расщепление"
"смотреть расщепление адам",32,"расщепление"
"смотреть расщепление адамов",32,"расщепление"
"первичное расщепление жиров",32,"расщепление"
"скрещивание дигетерозигот расщепление по фенотипу",32,"расщепление"
"расщепление молекулы воды какая фаза",32,"расщепление"
"расщепление 1 0",32,"расщепление"
"расщепление растительной клетчатки",32,"расщепление"
"расщепление полимеров гликолиз",32,"расщепление"
"происходит расщепление полимеров",32,"расщепление"
"расщепление белка сколько энергии",32,"расщепление"
"расщепление лоханки почки",32,"расщепление"
"расщепление белков в органах пищеварения",32,"расщепление"
"расщепление признаков у гибридов",32,"расщепление"
"функцию расщепления в клетке выполняют",32,"расщепление"
"какое расщепление происходит в желудке",32,"расщепление"
"механическая обработка пищи и химическое расщепление",32,"расщепление"
"совокупность процессов расщепления",32,"расщепление"
"калькулятор расщепление алкоголя в организме",32,"расщепление"
"расщепление алкоголя в организме человека калькулятор",32,"расщепление"
"расщепление глюкозы с кислородом",32,"расщепление"
"расщепление белков завершается",32,"расщепление"
"закон расщепления проявляется при скрещивании",32,"расщепление"
"процедуры расщепления жира",32,"расщепление"
"расщепление при бар",32,"расщепление"
"генотипическое расщепление",32,"расщепление"
"уколы для расщепления жира в области живота",32,"расщепление"
"расщепление ассимиляция гликолиз брожение",32,"расщепление"
"расщепление ассимиляция гликолиз брожение трансляция",32,"расщепление"
"для расщепления жиров в выгребной яме",32,"расщепление"
"расщепление белков трипсином происходит в",32,"расщепление"
"певица с расщеплением",32,"расщепление"
"дает расщепление в потомстве",32,"расщепление"
"расщепление растительных жиров",31,"расщепление"
"продукты расщепления жиров глицерин и жирные",31,"расщепление"
"расщепление глюкозы до пировиноградной кислоты реакция",31,"расщепление"
"расщепление белков пищи до аминокислот происходит",31,"расщепление"
"процесс расщепления слюды 9",31,"расщепление"
"завершается расщепление питательных веществ",31,"расщепление"
"правило расщепления признаков",31,"расщепление"
"ферменты для расщепления белков и углеводов",31,"расщепление"
"щелочное расщепление",31,"расщепление"
"расщепление остистого отростка",31,"расщепление"
"основные ферменты расщепления белков",31,"расщепление"
"расщепление на английском",31,"расщепление"
"9 3 3 1 расщепление закон",31,"расщепление"
"расщепление механизм защиты",31,"расщепление"
"генотип расщепление какой закон",31,"расщепление"
"обеспечивает расщепление полимеров",31,"расщепление"
"расщепление лактозы лактазой",31,"расщепление"
"лекарство для расщепления пищи",31,"расщепление"
"в полости желудка начинается расщепление",31,"расщепление"
"расщепление молекул атф какая фаза",31,"расщепление"
"образование глюкозы в печени расщепление гликогена",31,"расщепление"
"где происходит расщепление белков",31,"расщепление"
"расщепление 3 1 какой закон",31,"расщепление"
"расщепление углеводы где",31,"расщепление"
"расщепление при про",31,"расщепление"
"расщепление углеводов амилазой слюны",31,"расщепление"
"желудок начало расщепления белков",31,"расщепление"
"окислительное фосфорилирование расщепление веществ репликация",31,"расщепление"
"обеспечивает расщепление клетчатки",31,"расщепление"
"расщепление полового органа",31,"расщепление"
"аппарат для расщепления жира",31,"расщепление"
"этапы расщепление жиров",31,"расщепление"
"кислородное расщепление пировиноградной кислоты",31,"расщепление"
"расщепление стебля",31,"расщепление"
"как делать расщепление в вокале",31,"расщепление"
"расщепление картинки",31,"расщепление"
"расщепление головы",31,"расщепление"
"бескислородный кислородный расщепление глюкозы",31,"расщепление"
"расщепление глюкозы называется",31,"расщепление"
"липаза продукты расщепления",31,"расщепление"
"расщепление 3 1 по фенотипу произойдет",30,"расщепление"
"расщепление органических веществ вид обмена",30,"расщепление"
"пластический обмен расщепление ассимиляция гликолиз брожение",30,"расщепление"
"расщепление углеводов до моносахаридов происходит в",30,"расщепление"
"шизоидное расщепление",30,"расщепление"
"реакция гидролитического расщепления",30,"расщепление"
"моногибридное скрещивание расщепление признаков",30,"расщепление"
"расщепление высокомолекулярных соединений",30,"расщепление"
"как лечить расщепление",30,"расщепление"
"расщепление полисахаридов до моносахаридов происходит",30,"расщепление"
"расщепление в признаках происходит при скрещивании",30,"расщепление"
"в результате расщепления крахмала",30,"расщепление"
"расщепление высокомолекулярных веществ",30,"расщепление"
"сериал про расщепление",30,"расщепление"
"расщепление 1 тона",30,"расщепление"
"расщепление члс правой",30,"расщепление"
"в процессе полного кислородного расщепления",30,"расщепление"
"расщепление эфиров",30,"расщепление"
"в толстой кишке происходит расщепление",30,"расщепление"
"исследование стол расщепления",30,"расщепление"
"расщепление суставов",30,"расщепление"
"образуется при расщеплении веществ",30,"расщепление"
"где происходит расщепление белки",30,"расщепление"
"расщепление жира сколько энергии",30,"расщепление"
"aabb aabb расщепление по генотипу",30,"расщепление"
"бактериальное расщепление белков",30,"расщепление"
"второй закон менделя закон расщепления гибриды",30,"расщепление"
"при полном расщеплении молекулы глюкозы образуется",30,"расщепление"
"процесс расщепления нефти",30,"расщепление"
"реакция бескислородного расщепления",30,"расщепление"
"расщепление гликогена до молочной кислоты",30,"расщепление"
"расщепление молекул атф фаза фотосинтеза",30,"расщепление"
"расщепление биополимеров какой органоид",30,"расщепление"
"расщепление жировых отложений",30,"расщепление"
"расщепление жиров липолиз",29,"расщепление"
"расщепление спектра",29,"расщепление"
"расщепление шестиуглеродного сахара",29,"расщепление"
"поступление желчи в двенадцатиперстную кишку расщепление",29,"расщепление"
"количество атф при расщеплении глюкозы",29,"расщепление"
"результат расщепления белка",29,"расщепление"
"результат расщепления белков",29,"расщепление"
"голосовое расщепление",29,"расщепление"
"расщепление по фенотипу f1",29,"расщепление"
"расщепление глюкозы где",29,"расщепление"
"как научиться петь с расщеплением",29,"расщепление"
"биосинтез белка расщепление глюкозы",29,"расщепление"
"биосинтез белков расщепление глюкозы",29,"расщепление"
"расщепление алкоголя в организме мужчины",29,"расщепление"
"средство для расщепления фекалий в выгребных",29,"расщепление"
"средство для расщепления фекалий в выгребных ямах",29,"расщепление"
"таблетки для расщепления еды",29,"расщепление"
"расщепление ферментами желудочного сока",29,"расщепление"
"расщепление жиров молока",29,"расщепление"
"расщепление дужек позвонков",29,"расщепление"
"статистический характер расщепления",29,"расщепление"
"расщепление тромбов",29,"расщепление"
"тренировка расщепления",29,"расщепление"
"расщепление крахмала происходит под действием амилаз",29,"расщепление"
"второй закон менделя закон независимого расщепления",29,"расщепление"
"сверхтонкое расщепление",29,"расщепление"
"параметр расщепления комплекса",29,"расщепление"
"какие ферменты участвуют в расщеплении",29,"расщепление"
"правильная последовательность расщепления жиров",29,"расщепление"
"расщепление триглицеридов",29,"расщепление"
"расщепление простых углеводов",29,"расщепление"
"гидролитическое расщепление органических веществ",29,"расщепление"
"расщепление сложных углеводов",28,"расщепление"
"кислородное расщепление глюкозы происходит в",28,"расщепление"
"стимулирует расщепление жиров",28,"расщепление"
"схема расщепления глюкозы",28,"расщепление"
"расщепление зубца р",28,"расщепление"
"когнитивное расщепление",28,"расщепление"
"завершение расщепления белков углеводов",28,"расщепление"
"пепсин продукты расщепления",28,"расщепление"
"расщепление костной ткани",28,"расщепление"
"расщепление белков в пищеварительном тракте",28,"расщепление"
"расщепление корень",28,"расщепление"
"расщепление пероксида",28,"расщепление"
"расщепление пероксида водорода",28,"расщепление"
"функции расщепления веществ соответствует",28,"расщепление"
"расщепление губы и неба",28,"расщепление"
"расщепление мочевой кислоты",28,"расщепление"
"препараты для расщепления жиров в организме",28,"расщепление"
"организмы дающие расщепление",28,"расщепление"
"ферментативное расщепление жиров",28,"расщепление"
"расщепление молекул воды в процессе фотосинтеза",28,"расщепление"
"расщепление окисление репликация",28,"расщепление"
"расщепление мочеточника",28,"расщепление"
"расщепление лактозы происходит",28,"расщепление"
"энергия расщепления таблица",28,"расщепление"
"энергия при расщеплении 1 г белка",28,"расщепление"
"расщепление материи",28,"расщепление"
"расщепление в клетке органических молекул",28,"расщепление"
"расщепление углеводов сколько энергии",28,"расщепление"
"расщепление углеводов реакция",28,"расщепление"
"расщепление ассимиляция гликолиз брожение трансляция хемосинтез",28,"расщепление"
"таумкрафт изучения стол расщепления",28,"расщепление"
"совокупность реакций расщепления сложных веществ",28,"расщепление"
"бескислородное расщепление гексозы",28,"расщепление"
"расщепление 12 4",28,"расщепление"
"начало расщепления клетчатки",28,"расщепление"
"расщепление альвеолярного гребня в стоматологии",28,"расщепление"
"аспекты стол расщепления",28,"расщепление"
"этап полного кислородного расщепления",28,"расщепление"
"расщепление гайд",28,"расщепление"
"набор для расщепления альвеолярного гребня",28,"расщепление"
"образуются в результате расщепления крахмала",28,"расщепление"
"что значит расщепление личности",28,"расщепление"
"вещества в результате расщепления",28,"расщепление"