phrase,frequency,seed
"работа психологом",83296,"работа психологом"
"работа психологом",83296,"работа психологом"
"работа педагог психолог",21771,"работа психологом"
"план работы психолога",9510,"работа психологом"
"работа психолога в школе",7713,"работа психологом"
"план работы педагога психолога",6689,"работа психологом"
"какая работа психолога",4671,"работа психологом"
"работа педагога психолога в школе",4596,"работа психологом"
"работа психолог доу",4446,"работа психологом"
"работа психологом вакансии",3635,"работа психологом"
"работа с ребенком педагог психолог",3384,"работа психологом"
"работа детского психолога",3357,"работа психологом"
"работа вопросы психолога",2814,"работа психологом"
"план работы психолога на год",2541,"работа психологом"
"психолог программы работы",2434,"работа психологом"
"план работы психолога в школе",2419,"работа психологом"
"коррекционный работы психолога",2377,"работа психологом"
"работа педагога психолога в доу",2367,"работа психологом"
"психолог социальной работы",2300,"работа психологом"
"план работы педагога психолога на год",2049,"работа психологом"
"работа психолога с овз",2027,"работа психологом"
"работа психолога в саду",1962,"работа психологом"
"опыт работы психолога",1948,"работа психологом"
"план работы педагога психолога в школе",1884,"работа психологом"
"работа психолога с родителями",1860,"работа психологом"
"план работы психолога на учебный год",1821,"работа психологом"
"график работы психолога",1801,"работа психологом"
"работа психолога в детском саду",1777,"работа психологом"
"работа нарколог психолог",1750,"работа психологом"
"план работы педагога психолога 2026 2027",1743,"работа психологом"
"учебный план работы педагога психолога",1728,"работа психологом"
"работа клинического психолога",1717,"работа психологом"
"индивидуальная работа психолога",1669,"работа психологом"
"образование психолога работа",1659,"работа психологом"
"работа психолога с детьми с овз",1659,"работа психологом"
"группа работа психолог",1627,"работа психологом"
"план работы педагога психолога на учебный год",1594,"работа психологом"
"психолог по работе с детьми",1582,"работа психологом"
"работа психолог организации",1564,"работа психологом"
"работа школьного психолога",1538,"работа психологом"
"час работы психолога",1517,"работа психологом"
"часы работы психолога",1517,"работа психологом"
"психолог работа с клиентами",1503,"работа психологом"
"работа психологом онлайн",1456,"работа психологом"
"работа психологом семей",1451,"работа психологом"
"работа психологом в москве",1400,"работа психологом"
"методы работы психолога",1288,"работа психологом"
"направления работы психолога",1288,"работа психологом"
"программы работы педагога психолога",1272,"работа психологом"
"работа психолога тема",1262,"работа психологом"
"план работы психолога с детьми",1237,"работа психологом"
"работа медицинский психолог",1200,"работа психологом"
"психолог профилактическая работа",1194,"работа психологом"
"найти работу психологом",1166,"работа психологом"
"годовой план работы психологов",1157,"работа психологом"
"работа педагог психолог овз",1138,"работа психологом"
"программа работы психолога с детьми",1127,"работа психологом"
"работа специалистом психологом",1113,"работа психологом"
"работа психолога с ребенком в школе",1089,"работа психологом"
"время работы психолога",1088,"работа психологом"
"план работы психолога в доу",1085,"работа психологом"
"работа психолога с сво",1079,"работа психологом"
"какая работа педагога психолога",1075,"работа психологом"
"основная работа психолога",1067,"работа психологом"
"начало работы психологом",1062,"работа психологом"
"работа психологом без опыта",1045,"работа психологом"
"развивающая работа психолога",1031,"работа психологом"
"виды работы психолога",1011,"работа психологом"
"план работы психолога школы на год",1010,"работа психологом"
"проблемы работы психолога",1007,"работа психологом"
"психолог помощь в работе",1000,"работа психологом"
"психологическая работа с психологом",990,"работа психологом"
"работа психологом центр",986,"работа психологом"
"журнал работы психолога",982,"работа психологом"
"цель работы психолога",971,"работа психологом"
"форма работы психолога",959,"работа психологом"
"годовой план работы педагога психолога",950,"работа психологом"
"социальный педагог психолог работа",944,"работа психологом"
"советы психолога работа",940,"работа психологом"
"работа психолога доу с детьми",925,"работа психологом"
"дети овз работа педагога психолога",916,"работа психологом"
"работа психолога обучение",914,"работа психологом"
"работа психологом удаленно",913,"работа психологом"
"режим работы психолога",909,"работа психологом"
"работа психолога с людьми",906,"работа психологом"
"где работы психолога",893,"работа психологом"
"психолог задачи работы",866,"работа психологом"
"результаты работы психолога",847,"работа психологом"
"методическая работа психолога",846,"работа психологом"
"план работы педагога психолога в доу",835,"работа психологом"
"работа психолога с участниками",824,"работа психологом"
"работа психолога с классом",810,"работа психологом"
"приемы работы психолога",802,"работа психологом"
"профилактика в работе психолога",801,"работа психологом"
"коррекционно развивающая работа психолог",783,"работа психологом"
"работа психолога с родителями детей",775,"работа психологом"
"работа психологом консультантом",774,"работа психологом"
"журналы работы педагога психолога",766,"работа психологом"
"работа семейным психологом",763,"работа психологом"
"тест работа психологом",754,"работа психологом"
"психолог варианты работы",753,"работа психологом"
"работа практическим психологом",749,"работа психологом"
"работа логопед психолог",745,"работа психологом"
"работа консультация психолога",745,"работа психологом"
"устройство психологом на работу",738,"работа психологом"
"план работы психолога в школе 2026 2027",738,"работа психологом"
"график работы педагога психолога",737,"работа психологом"
"план работы педагога психолога с детьми",729,"работа психологом"
"индивидуальная работа педагога психолога",720,"работа психологом"
"работа педагога психолога в детском саду",716,"работа психологом"
"психолог в процессе работы",698,"работа психологом"
"отчет работы психолога",692,"работа психологом"
"циклограмма работы психолога",691,"работа психологом"
"работа педагога психолога с родителями",690,"работа психологом"
"новое в работе психолога",690,"работа психологом"
"анализ работы психолога",681,"работа психологом"
"риски работы психологом",680,"работа психологом"
"условия работы психолога",678,"работа психологом"
"развивающая работа педагога психолога",677,"работа психологом"
"работа с отношениями психолог",672,"работа психологом"
"пройти психолога на работу",669,"работа психологом"
"ищу работу психолога",667,"работа психологом"
"психологи ищущие работу",667,"работа психологом"
"коррекционная работа педагога психолога",665,"работа психологом"
"дополнительный работа психолог",654,"работа психологом"
"методики работы психолога",653,"работа психологом"
"работа цифровой психолог",644,"работа психологом"
"техники работы психолога",644,"работа психологом"
"организация работы психолога образовательной организации",640,"работа психологом"
"в чем заключается работа психолога",639,"работа психологом"
"принципы работы психолога",627,"работа психологом"
"организация работы педагога психолога",621,"работа психологом"
"педагог психолог психологическую работу",619,"работа психологом"
"примеры работы психолога",614,"работа психологом"
"работа психолога с обучающимися",611,"работа психологом"
"правильная работа психолога",597,"работа психологом"
"особенность работы психолога",592,"работа психологом"
"коррекционно развивающая работа педагога психолога",575,"работа психологом"
"работа дома психологу",574,"работа психологом"
"согласие на работу с психологом",571,"работа психологом"
"система работы психолога",568,"работа психологом"
"план работы психолога 2025 2026",567,"работа психологом"
"ситуации в работе психолога",566,"работа психологом"
"виды работ педагога психолога",566,"работа психологом"
"работа психолога практик",565,"работа психологом"
"психолог работает на работе психологом",555,"работа психологом"
"циклограмма работы педагога психолога",549,"работа психологом"
"работа военным психологом",543,"работа психологом"
"педагог психолог часы работы",543,"работа психологом"
"журнал учета работы психолога",540,"работа психологом"
"работа психолога с учащимися",540,"работа психологом"
"используют в работе психологи",538,"работа психологом"
"работа психологом что делать",536,"работа психологом"
"психолог области работы",531,"работа психологом"
"использование в работе психолога",527,"работа психологом"
"работа психологом в москве вакансии",526,"работа психологом"
"сфера работы психолога",525,"работа психологом"
"темы работы педагога психолога",524,"работа психологом"
"работа психолога с группой детей",523,"работа психологом"
"работа психолога начальных",523,"работа психологом"
"психолог дефектолог работа",523,"работа психологом"
"место работы психолога",520,"работа психологом"
"зпр работа психолога",517,"работа психологом"
"работа психолога группа риска",513,"работа психологом"
"направления работы педагога психолога",511,"работа психологом"
"работа психолога книга",511,"работа психологом"
"методическая работа педагога психолога",508,"работа психологом"
"детский психолог работа с детьми",506,"работа психологом"
"психолог работа с детьми сво",504,"работа психологом"
"план работы педагога психолога 2025",502,"работа психологом"
"групповая работа психологов",499,"работа психологом"
"рас работа психолога",495,"работа психологом"
"технологии работы психолога",495,"работа психологом"
"приказы работы психолога",483,"работа психологом"
"основы работы психолога",478,"работа психологом"
"индивидуальная работа психолога с детьми",477,"работа психологом"
"запросы работы психолога",468,"работа психологом"
"план работы педагога психолога 2025 2026",466,"работа психологом"
"работа с овз в школе психолог",462,"работа психологом"
"механизм работы психолога",458,"работа психологом"
"предлагаю работу психолога",455,"работа психологом"
"журнал учета работы педагога психолога",454,"работа психологом"
"вакансия психолог без опыта работы",454,"работа психологом"
"работа россии психолог",451,"работа психологом"
"хочу работу психолога",448,"работа психологом"
"коррекционная работа психолога с детьми",445,"работа психологом"
"план работы детского психолога",438,"работа психологом"
"форма работы педагога психолога",430,"работа психологом"
"работа психолога колледжа",426,"работа психологом"
"профилактическая работа педагога психолога",425,"работа психологом"
"работа психолога в школе на ставку",425,"работа психологом"
"профилактика в работе психолога школы",425,"работа психологом"
"работа педагога психолога с обучающимися",425,"работа психологом"
"трудности работы психологом",424,"работа психологом"
"работа психолога направлена на",423,"работа психологом"
"индивидуальный план работы психолога",422,"работа психологом"
"отчет работы педагога психолога",421,"работа психологом"
"диагностическая работа психолога",419,"работа психологом"
"семей работа педагог психолог",419,"работа психологом"
"документы в работе психолога",419,"работа психологом"
"диагностика в работе психолога",417,"работа психологом"
"работа учитель педагог психолог",415,"работа психологом"
"суть работы педагога психолога",415,"работа психологом"
"работа психолога в школе с детьми овз",413,"работа психологом"
"про работу психолога",406,"работа психологом"
"консультирование в работе психолога",406,"работа психологом"
"совместная работа психолога",398,"работа психологом"
"начинающий психолог с чего начать работу",398,"работа психологом"
"программы работы психолога с овз",397,"работа психологом"
"работа психолога с детьми с рас",397,"работа психологом"
"работа с психологом курс",395,"работа психологом"
"работа психолога с учителями",395,"работа психологом"
"подходы в работе психолога",393,"работа психологом"
"основная работа педагога психолога",393,"работа психологом"
"работа психологом удаленно вакансии",393,"работа психологом"
"работа личным психологом",392,"работа психологом"
"карта работы психолога",389,"работа психологом"
"программа работы психолога школы",387,"работа психологом"
"работа дошкольного психолога",385,"работа психологом"
"профилактическая работа психолога в школе",384,"работа психологом"
"качество работы психолога",378,"работа психологом"
"работа психолога с детьми зпр",374,"работа психологом"
"видео работы психолога",373,"работа психологом"
"кризисный психолог работа",370,"работа психологом"
"описать работу психолога",369,"работа психологом"
"цели работы педагога психолога",366,"работа психологом"
"работа психологом в спб",363,"работа психологом"
"работа психолога включает",363,"работа психологом"
"работа с ресурсом психологу",360,"работа психологом"
"психолог описание работы",358,"работа психологом"
"документы работы педагога психолога",358,"работа психологом"
"уровни работы психолога",355,"работа психологом"
"график работы психолога на ставку",355,"работа психологом"
"работа психолога с семьей ребенка",354,"работа психологом"
"начальная школа работа психолога",350,"работа психологом"
"проделанная работа психолога",349,"работа психологом"
"время работы педагога психолога",347,"работа психологом"
"в чем суть работы психолога",346,"работа психологом"
"воспитательная работа психолога",342,"работа психологом"
"работа психолога в коррекционной школе",340,"работа психологом"
"работа психолог дошкольник",338,"работа психологом"
"функции работы психолога",336,"работа психологом"
"работа психолог свежие вакансии",336,"работа психологом"
"работа психолога чаще",336,"работа психологом"
"план работы психолога с овз",335,"работа психологом"
"стаж работы психолога",334,"работа психологом"
"работа психолога нижний",333,"работа психологом"
"внимание работа психолога",333,"работа психологом"
"работа психолога в педагогической организации",331,"работа психологом"
"кабинет психолога работа",331,"работа психологом"
"справка психолога и нарколога для работы",331,"работа психологом"
"город работ психолог",329,"работа психологом"
"программа работа психолога с детьми овз",327,"работа психологом"
"организация работы психолога в школе",326,"работа психологом"
"научные работы психолога",326,"работа психологом"
"работа психологом москва без опыта",326,"работа психологом"
"график работы психолога в школе",325,"работа психологом"
"навыки работы психолога",324,"работа психологом"
"программа коррекционной работы психолога",324,"работа психологом"
"план работы психолога доу на год",323,"работа психологом"
"работа психолога с несовершеннолетними",322,"работа психологом"
"работа психологом онлайн вакансии",318,"работа психологом"
"этапы работы психолога",314,"работа психологом"
"1 класс работа психолога",313,"работа психологом"
"план работы психолога в саду",311,"работа психологом"
"план работы психолога в детском саду",306,"работа психологом"
"рекомендации психологу по работе",306,"работа психологом"
"перспективный план работы психолога",304,"работа психологом"
"возможности работы психолога",303,"работа психологом"
"нормы работы психолога",303,"работа психологом"
"работа педагога психолога с учащимися",300,"работа психологом"
"работа психологом психотерапевтом",298,"работа психологом"
"план работы школьного психолога",298,"работа психологом"
"сервис работы с психологом",295,"работа психологом"
"работа школьного педагога психолога",295,"работа психологом"
"ребенок группы риска работа психолога",294,"работа психологом"
"фгос работа психолога",293,"работа психологом"
"опыта работы педагога психолога",290,"работа психологом"
"рабочая программа работы педагога психолога",290,"работа психологом"
"работа психолог мвд",289,"работа психологом"
"алгоритм работы психолога",289,"работа психологом"
"годовой план работы психолога в доу",288,"работа психологом"
"работа профессия психолог",287,"работа психологом"
"работа специального психолога",287,"работа психологом"
"организационная работа психолога",287,"работа психологом"
"программа работы психолога доу",286,"работа психологом"
"анализ работы педагога психолога",285,"работа психологом"
"психолог выполняемая работа",285,"работа психологом"
"изменения работы психологов",285,"работа психологом"
"работа психолога с руководителем",284,"работа психологом"
"режим работы психолог нарколог",282,"работа психологом"
"работа педагог психолог вакансия",282,"работа психологом"
"профилактика в работе педагога психолога",281,"работа психологом"
"психолог работа с травмами",280,"работа психологом"
"работа психологом новгород",279,"работа психологом"
"работа психолога на месяц",279,"работа психологом"
"для профессиональной работы психологу",278,"работа психологом"
"тнр работа психолога",277,"работа психологом"
"положение работы психолога",276,"работа психологом"
"годовой план работы психолога в школе",275,"работа психологом"
"важное в работе психолога",273,"работа психологом"
"работа педагога психолога подростками",269,"работа психологом"
"оценка работы психолога",266,"работа психологом"
"работа психолога с 4 ребенком",265,"работа психологом"
"психолог по работе с подростками",264,"работа психологом"
"план работы психолога с сво",264,"работа психологом"
"план работы психолога с детьми овз",263,"работа психологом"
"график работы педагога психолога на ставку",263,"работа психологом"
"результаты работы педагога психолога",262,"работа психологом"
"презентации работы психолога",262,"работа психологом"
"перспективный план работы педагога психолога",260,"работа психологом"
"план работы психолога по профилактике",260,"работа психологом"
"эффективность работы психолога",259,"работа психологом"
"работа психолог на 0.5 ставки",258,"работа психологом"
"клубы работы клубов психологов",256,"работа психологом"
"работа психологов с пожилыми",256,"работа психологом"
"стандарты работы психолога",255,"работа психологом"
"коррекция в работе психолога",255,"работа психологом"
"школьный психолог работа с детьми",255,"работа психологом"
"какая работа психолога в школе",254,"работа психологом"
"планирование работы психологом",252,"работа психологом"
"просветительская работа психолога",252,"работа психологом"
"работа психолога с воспитателями",251,"работа психологом"
"характеристика работы психолога",250,"работа психологом"
"учет видов работы психолога",249,"работа психологом"
"документация работы психолога",246,"работа психологом"
"петербург психолог работа",244,"работа психологом"
"психолог онлайн работа удаленно",243,"работа психологом"
"игра в работе психолога",242,"работа психологом"
"работа психологом в казани",242,"работа психологом"
"условия работы педагога психолога",241,"работа психологом"
"консультативная работа психолога",241,"работа психологом"
"работа психолог сайт",241,"работа психологом"
"работа на 0 5 ставки психолога",241,"работа психологом"
"работа психологом бесплатно",240,"работа психологом"
"график работы педагога психолога в школе",239,"работа психологом"
"работа психологом дистанционно",237,"работа психологом"
"годовой план работы педагога психолога в школе",237,"работа психологом"
"работа с психолога с инвалидами",236,"работа психологом"
"содержание работы психолога",235,"работа психологом"
"работа психолога с детьми с нарушениями",235,"работа психологом"
"как начать работу психологом",234,"работа психологом"
"воспитательная работа педагога психолога",234,"работа психологом"
"программа индивидуальной работы психолога",234,"работа психологом"
"работа педагога психолога с детьми сво",234,"работа психологом"
"поиск работы психолог",233,"работа психологом"
"психолог доу работа с родителями",232,"работа психологом"
"согласие родителей на работу с психологом",232,"работа психологом"
"задачи работы педагога психолога",232,"работа психологом"
"годовой план работы педагога психолога в доу",232,"работа психологом"
"план работы с овз педагог психолог",232,"работа психологом"
"технологии работы педагога психолога",231,"работа психологом"
"отчет психолога о проделанной работе",230,"работа психологом"
"как называется работа психолога",230,"работа психологом"
"циклограмма работы психолога школы",229,"работа психологом"
"работа тренинг психолог",228,"работа психологом"
"психологическое консультирование в работе психолога",228,"работа психологом"
"психолог доу работа с овз",227,"работа психологом"
"материалы для психологов для работы",227,"работа психологом"
"случай в работе психолога",227,"работа психологом"
"программа работы педагога психолога в школе",226,"работа психологом"
"журнал работ психолога школы",226,"работа психологом"
"работа психолог красноярск",226,"работа психологом"
"специалист по социальной работе психолог",224,"работа психологом"
"что нужно для работы психологом",224,"работа психологом"
"воспитание в работе психолога",223,"работа психологом"
"психолог журнал учета видов работ",222,"работа психологом"
"работа психолога 9 класс",222,"работа психологом"
"авито работа психолога",222,"работа психологом"
"работа с трудными психологом",222,"работа психологом"
"методы работы педагога психолога",221,"работа психологом"
"основные направления работы психологов",221,"работа психологом"
"ответственность работы психолога",221,"работа психологом"
"работа психолога с сотрудниками",220,"работа психологом"
"работа психолога школы с родителями",220,"работа психологом"
"инструменты работы психолога",220,"работа психологом"
"работа психолога с пожилыми людьми",219,"работа психологом"
"индивидуальный план работы педагога психолога",219,"работа психологом"
"работа классного руководителя с психологом",219,"работа психологом"
"работа дошкольным педагогом психологом",216,"работа психологом"
"часы работы психолога в школе",214,"работа психологом"
"работа психологом в мчс",213,"работа психологом"
"протоколы работы психолога",213,"работа психологом"
"журнал вида работ педагога психолога",212,"работа психологом"
"реабилитационная работа психолога",212,"работа психологом"
"программа развивающей работы психолога",212,"работа психологом"
"работа педагога психолога с детьми зпр",210,"работа психологом"
"психодиагностическая работа психолога",209,"работа психологом"
"работа педагогом психологом на 0.5 ставки",209,"работа психологом"
"какие направления работы психолога",208,"работа психологом"
"программа работы психолога с классом",208,"работа психологом"
"аналитическая работа психолога",207,"работа психологом"
"работа психолога доу с детьми овз",207,"работа психологом"
"диагностическая работа педагога психолога",207,"работа психологом"
"план работы с детьми сво психолога",207,"работа психологом"
"работа психолога с семьями сво",207,"работа психологом"
"циклограмма работы педагога психолога в школе",206,"работа психологом"
"учет вида работы педагога психолога",205,"работа психологом"
"часы работы нарколога психолога",205,"работа психологом"
"справка от психолога для работы",205,"работа психологом"
"темы работы психолога с детьми",204,"работа психологом"
"годовой план работы педагога психолога 2026 2027",204,"работа психологом"
"работа психолога с детьми 5 лет",204,"работа психологом"
"работа психологом в новосибирске",203,"работа психологом"
"план работы психолога с группой",203,"работа психологом"
"работа психологом закон",203,"работа психологом"
"система работы педагога психолога",203,"работа психологом"
"стресс работа психолога",202,"работа психологом"
"работа психолога с учеником",202,"работа психологом"
"индивидуальная работа педагога психолога с ребенком",201,"работа психологом"
"работа психолога в коллективе",200,"работа психологом"
"работу психолога образовательного учреждения",199,"работа психологом"
"работы современных психологов",198,"работа психологом"
"самооценка работа психолога",197,"работа психологом"
"социальный психолог план работы",197,"работа психологом"
"психолог работа с тревожностью",197,"работа психологом"
"дети тнр работа психолога",196,"работа психологом"
"программы работы педагога психолога доу",195,"работа психологом"
"подготовка психолога к работе",195,"работа психологом"
"работа психолога девиантного поведения",194,"работа психологом"
"частный психолог работа",194,"работа психологом"
"работа онлайн психологом вакансии удаленно",193,"работа психологом"
"работа психолога обязанности",193,"работа психологом"
"работа психолога в социальной сфере",193,"работа психологом"
"план коррекционной работы психолога",192,"работа психологом"
"работа психологом в краснодаре",192,"работа психологом"
"журнал учета видов работ педагога психолога",192,"работа психологом"
"согласия на работу с психологом ребенка",191,"работа психологом"
"работа педагога психолога с группой риска",191,"работа психологом"
"стратегии работы психолога",190,"работа психологом"
"работа психолога фильм",189,"работа психологом"
"работа психолога арт",189,"работа психологом"
"вакансии психолога в москве без опыта работы",189,"работа психологом"
"работа психолога с чувствами",189,"работа психологом"
"планы работы психолога на месяц",188,"работа психологом"
"работа психолога детьми инвалидами",188,"работа психологом"
"конфликты в работе психолога",188,"работа психологом"
"план психолога работа с родителями",187,"работа психологом"
"программа коррекционно развивающей работы психолога",187,"работа психологом"
"доклад работы психолога",187,"работа психологом"
"план работы педагога психолога в саду",187,"работа психологом"
"5 работа психолога в школе",186,"работа психологом"
"работа педагога психолога фгос",185,"работа психологом"
"диагностика в работе педагога психолога",185,"работа психологом"
"план работы психолога с классом",184,"работа психологом"
"собеседование на работу психологом",184,"работа психологом"
"что дает работа психолога",183,"работа психологом"
"психолог доу график работы",183,"работа психологом"
"бланки работы психолога",183,"работа психологом"
"работа психолога с суицидальными",183,"работа психологом"
"план работы педагога психолога в детском саду",183,"работа психологом"
"работа для начинающего психолога",183,"работа психологом"
"работа педагога психолога с коррекционными детьми",182,"работа психологом"
"работа педагога психолога с детьми рас",182,"работа психологом"
"конфиденциальность работы психолога",181,"работа психологом"
"работа психолог челябинск",180,"работа психологом"
"коррекционная работа педагога психолога в школе",179,"работа психологом"
"работа помощник психолога",179,"работа психологом"
"этика работы психолога",179,"работа психологом"
"проблемы работы педагога психолога",178,"работа психологом"
"психолог работа с тревожными",178,"работа психологом"
"справка работы педагога психолога",178,"работа психологом"
"индивидуальная работа психолога доу",177,"работа психологом"
"совместная работа педагога психолога",177,"работа психологом"
"коррекционная работа психолога с овз",177,"работа психологом"
"работа спортивного психолога",176,"работа психологом"
"работа психолога в интернате",176,"работа психологом"
"методы работы психолога с детьми",176,"работа психологом"
"спт работа психолога",176,"работа психологом"
"план работы педагога психолога с детьми овз",176,"работа психологом"
"работа психологом в санкт",176,"работа психологом"
"психолог работа с детьми обучение",175,"работа психологом"
"психолог специфика работы",175,"работа психологом"
"дипломная работа психолога",175,"работа психологом"
"работа психолога с детьми 3 лет",175,"работа психологом"
"работа психолог преподаватель",175,"работа психологом"
"план работы педагога психолога по профилактике",174,"работа психологом"
"формат работы психолога",174,"работа психологом"
"работа психологом в санкт петербурге",174,"работа психологом"
"работа с детьми дошкольного психолога",173,"работа психологом"
"виды работы психолога в школе",173,"работа психологом"
"реабилитация работа психолога",173,"работа психологом"
"работа психологом тюмень",173,"работа психологом"
"правила работы психолога",173,"работа психологом"
"согласие на работу с психологом в школе",173,"работа психологом"
"работа психолога с детьми занятия",173,"работа психологом"
"психологическое сопровождение работы психологов",172,"работа психологом"
"журнал работы педагога психолога в школе",171,"работа психологом"
"план работы психолога фгос",171,"работа психологом"
"требуется работа психолога",171,"работа психологом"
"план работы психолога начальной школы",171,"работа психологом"
"работа психолога с детьми 4 лет",170,"работа психологом"
"журнал работы психолога доу",170,"работа психологом"
"работа для студентов психологов",170,"работа психологом"
"планирование работы педагога психолога",170,"работа психологом"
"какова работа психолога",169,"работа психологом"
"работа психологом в поликлинике",168,"работа психологом"
"итог работы психолога",168,"работа психологом"
"работа психолога с врачами",168,"работа психологом"
"работа педагога психолога в колледже",167,"работа психологом"
"работа психологом в больнице",167,"работа психологом"
"работа с психологом отзывы",167,"работа психологом"
"индивидуальный план работы психолога с ребенком",167,"работа психологом"
"работа психолога с социальными работниками",166,"работа психологом"
"работа с дипломом психолога",166,"работа психологом"
"работа психолога с взрослыми",165,"работа психологом"
"буллинг работа психолога",165,"работа психологом"
"работа с психологом страх",165,"работа психологом"
"работа мед психологом",164,"работа психологом"
"работа психолога с детьми участников сво",164,"работа психологом"
"работа социального психолога с семьей",164,"работа психологом"
"деятельность педагога психолога по работе",164,"работа психологом"
"формы работы психолога с родителями",163,"работа психологом"
"суть работы психолога в школе",163,"работа психологом"
"работа психолога с девиантными",163,"работа психологом"
"работа педагога психолога на месяц",162,"работа психологом"
"работа психолога в полиции",161,"работа психологом"
"работа психологом где можно",161,"работа психологом"
"просветительская работа педагога психолога",161,"работа психологом"
"в процессе работы с психологом клиент",160,"работа психологом"
"работа педагога психолога с воспитателями",160,"работа психологом"
"информация о работе психолога",160,"работа психологом"
"особенности работы педагога психолога",159,"работа психологом"
"метафорические карты в работе психолога",159,"работа психологом"
"групповая работа педагога психолога",158,"работа психологом"
"работа психологом проектов",158,"работа психологом"
"чем хороша работа психолога",158,"работа психологом"
"психолог с детьми работа особенности",157,"работа психологом"
"отчет работы психолога в школе",157,"работа психологом"
"отчет проделанной работы педагога психолога",157,"работа психологом"
"работа психолога с парой",157,"работа психологом"
"работа педагога психолога в начальной школе",156,"работа психологом"
"работа психологом в уфе",156,"работа психологом"
"список работы психолога",155,"работа психологом"
"работа психологом в красноярском",155,"работа психологом"
"работа клинический психолог вакансии",155,"работа психологом"
"работа педагога психолога и логопеда",154,"работа психологом"
"направления работы психолога в школе",154,"работа психологом"
"предложения работы психолога",153,"работа психологом"
"работа психологом в ростове",152,"работа психологом"
"работа психолога с 5 классом",152,"работа психологом"
"соп работа психолога",152,"работа психологом"
"педагог психолог часы работы на ставку",152,"работа психологом"
"трудности работы педагога психолога",151,"работа психологом"
"работа педагога психолога с классными руководителями",150,"работа психологом"
"работа психологом ставрополь",150,"работа психологом"
"аналитическая работа педагога психолога",149,"работа психологом"
"депрессия работа психолога",149,"работа психологом"
"средства работы психолога",149,"работа психологом"
"план работы психолога организации",148,"работа психологом"
"услуги психолога работа",148,"работа психологом"
"общение в работе психолога",148,"работа психологом"
"необходимость работы психолога",148,"работа психологом"
"работа психологом в екатеринбурге",148,"работа психологом"
"работа психолога зарплата",147,"работа психологом"
"материал работы педагога психолога",147,"работа психологом"
"работа психолога с детьми подростками",147,"работа психологом"
"модели работы психолога",147,"работа психологом"
"программы коррекционно развивающей работы педагога психолога",147,"работа психологом"
"суицид работа психолога",146,"работа психологом"
"индивидуальная коррекционная работа психолога",146,"работа психологом"
"программа работы психолога с группой",146,"работа психологом"
"план работы психолога на 0.5 ставки",146,"работа психологом"
"работа психолога 36 часов",145,"работа психологом"
"структура работы психолога",145,"работа психологом"
"организация работы психолога с детьми",145,"работа психологом"
"работа психологом в нижнем новгороде",145,"работа психологом"
"виды работы педагога психолога школы",144,"работа психологом"
"психолог работа тяжелая",144,"работа психологом"
"работа возрастного психолога",143,"работа психологом"
"результат работы психолога с ребенком",143,"работа психологом"
"план работы педагога психолога на месяц",143,"работа психологом"
"цель работы психолога с детьми",143,"работа психологом"
"индивидуальная и групповая работа психолога",143,"работа психологом"
"методическая работа психолога план работы",143,"работа психологом"
"коррекционная работа психолога с детьми овз",142,"работа психологом"
"психолог часы работы в неделю",142,"работа психологом"
"просвещение в работах психолога",142,"работа психологом"
"график работы детского психолога",142,"работа психологом"
"работа с насилием психолог",141,"работа психологом"
"психолог в техникуме работа",141,"работа психологом"
"часы работы педагога психолога в школе",141,"работа психологом"
"индивидуальная программа педагога психолога работы",141,"работа психологом"
"режим работы педагога психолога",141,"работа психологом"
"работа психологом волгоград",141,"работа психологом"
"психолог работа с одаренными",140,"работа психологом"
"контроль работы психолога",140,"работа психологом"
"отчет работы психолога за год",140,"работа психологом"
"программа работы психологу с зпр",140,"работа психологом"
"работа психолога в спо",139,"работа психологом"
"работа психолога дополнительного образования",138,"работа психологом"
"цели и задачи работы психолога",138,"работа психологом"
"аспекты работы психолога",138,"работа психологом"
"работа психолога детского дома",138,"работа психологом"
"работа начинающего психолога в школе",138,"работа психологом"
"мотивация работы психолога",138,"работа психологом"
"работа психолога консультанта с клиентом",137,"работа психологом"
"работа психолога с детьми курс",137,"работа психологом"
"программа работы социального психолога",137,"работа психологом"
"программы коррекционной работы педагога психолога",137,"работа психологом"
"развивающая работа психолога доу",137,"работа психологом"
"работа психолога кратко",137,"работа психологом"
"работа психолога в вузах",136,"работа психологом"
"беседа в работе психолога",136,"работа психологом"
"журнал индивидуальной работы психолог",136,"работа психологом"
"11 класс работа психолога",136,"работа психологом"
"способы работы психолога",136,"работа психологом"
"упражнения для работы психолога",135,"работа психологом"
"план работы с классом педагог психолога",135,"работа психологом"
"аутисты работа психолога",135,"работа психологом"
"функции работы педагога психолога",135,"работа психологом"
"тетради для работы с психологом",135,"работа психологом"
"что входит в работу психолога",134,"работа психологом"
"работа с мужем с психологом",134,"работа психологом"
"индивидуальная работа психолога с подростком",134,"работа психологом"
"психокоррекционная работа психолога",134,"работа психологом"
"план работы педагога психолога 2025 доу",134,"работа психологом"
"не понимаю работу психологов",133,"работа психологом"
"работа психологом в социальном центре",133,"работа психологом"
"журнал учета работы психолога школы",133,"работа психологом"
"план работы психолога педагоги родители",132,"работа психологом"
"требования для работы психологом",132,"работа психологом"
"тестирование на работе психологом",132,"работа психологом"
"развивающая работа психолога в школе",132,"работа психологом"
"расписание работы психолога",132,"работа психологом"
"работа психолога с одаренными детьми",132,"работа психологом"
"схема работы психолога",132,"работа психологом"
"работа методиста психолога",132,"работа психологом"
"отчет работы педагога психолога в школе",131,"работа психологом"
"работа психологом состоящим на учете",131,"работа психологом"
"работа психологом в ростове на дону",131,"работа психологом"
"методически организационная работа психолога",131,"работа психологом"
"анализ работы психолога за год",130,"работа психологом"
"работа психолога с умственной отсталости",130,"работа психологом"
"риски в работе педагога психолога",130,"работа психологом"
"терапевт психолог работа",130,"работа психологом"
"положение о работе педагога психолога",130,"работа психологом"
"психолог женская работа",129,"работа психологом"
"кейсы работы психолога",129,"работа психологом"
"форма работы психолога с детьми",129,"работа психологом"
"форум работа психолог",129,"работа психологом"
"работа корпоративным психологом",129,"работа психологом"
"предполагаемая работа психолога",129,"работа психологом"
"график работы педагога психолога в доу",127,"работа психологом"
"работа психолога при поступлении",127,"работа психологом"
"как устроиться на работу психологом",126,"работа психологом"
"как организовать работу психолога",126,"работа психологом"
"согласие родителя на работу психолога с ребенком",126,"работа психологом"
"индивидуальная работа психолога в школе",126,"работа психологом"
"план работы психолога доу на ставку",125,"работа психологом"
"суть работы психолога с клиентом",125,"работа психологом"
"педагог психолог учитель дефектолог работа",125,"работа психологом"
"тема работы психолога в школе",125,"работа психологом"
"план психолога работы с подростками",124,"работа психологом"
"пособия для работы психолога",124,"работа психологом"
"готовность к работе психолога",124,"работа психологом"
"магнитогорск работа педагог психолог",124,"работа психологом"
"коррекционно развивающая работа психолога доу",124,"работа психологом"
"план работы психолога с семьей",124,"работа психологом"
"выгорание на работе психолог",123,"работа психологом"
"приказ работа психолога в школе",123,"работа психологом"
"истории работы психолога",123,"работа психологом"
"работа психологом в самаре",123,"работа психологом"
"работа психологом в клинике",123,"работа психологом"
"с чем связана работа психолога",123,"работа психологом"
"методика работы педагога психолога",122,"работа психологом"
"план работы школьного психолога на год",122,"работа психологом"
"план работы педагога психолога с сво",122,"работа психологом"
"сфера работы психолога педагога",122,"работа психологом"
"работа психолога в реабилитационном центре",121,"работа психологом"
"психологический центр работа психологом",121,"работа психологом"
"работы российских психологов",120,"работа психологом"
"работа психолога в школе по фгос",120,"работа психологом"
"динамика работы психолога",120,"работа психологом"
"главное в работе психолога",119,"работа психологом"
"коррекционная работа психолога доу",119,"работа психологом"
"работа с эмоциями психолог",119,"работа психологом"
"супервизия в работе психолога",119,"работа психологом"
"детский психолог план работы на год",119,"работа психологом"
"работа психолога с эмоциональными состояниями",119,"работа психологом"
"работа психолога по суицидальному поведению",118,"работа психологом"
"дети группы риска педагог психолог работа",118,"работа психологом"
"работа психологом без образования",118,"работа психологом"
"работа психолога пмпк",118,"работа психологом"
"психолог женщина и работа",118,"работа психологом"
"работа психолога с детьми дошкольного возраста",118,"работа психологом"
"работа практикующим психологом",117,"работа психологом"
"документация работы педагога психолога",117,"работа психологом"
"психолог работа с зависимыми",117,"работа психологом"
"работа по специальности психолог",117,"работа психологом"
"направление работы психолога с детьми",117,"работа психологом"
"стандарт работы педагога психолога",116,"работа психологом"
"работа педагога психолога с детьми тнр",116,"работа психологом"
"характер работы психолога",116,"работа психологом"
"профстандарт работы психолога",116,"работа психологом"
"работа педагога психолога с 1 классом",116,"работа психологом"
"что говорить психологу на работе",116,"работа психологом"
"методики работы психолога с детьми",115,"работа психологом"
"профилактический план работы психолога",115,"работа психологом"
"учет индивидуальной работы психолога",115,"работа психологом"
"пройти психолога и нарколога для работы",115,"работа психологом"
"работа психологом плюсы",115,"работа психологом"
"психотерапевтическая работа психолога",115,"работа психологом"
"психолог кризисных ситуаций работа",114,"работа психологом"
"часы работы психолога в доу",114,"работа психологом"
"план коррекционной работы педагога психолога",114,"работа психологом"
"работа психологом в школе с чего начать",113,"работа психологом"
"план работы психолога скачать",113,"работа психологом"
"журнал групповых работ психолога",113,"работа психологом"
"проделанная работа психолога за год",113,"работа психологом"
"работа психолога с родителями темы",113,"работа психологом"
"отчет работы педагога психолога за год",113,"работа психологом"
"работа психолога по адаптации",113,"работа психологом"
"работа ру психолог",113,"работа психологом"
"психолог потеря работы",113,"работа психологом"
"календарный план работы психолога",112,"работа психологом"
"психиатрическая работа психолог",112,"работа психологом"
"работа психолога в школе в чем заключается",112,"работа психологом"
"профилактическая работа психолога с подростками",112,"работа психологом"
"организационная работа педагога психолога",112,"работа психологом"
"психолог работа со страхом",111,"работа психологом"
"работа горя психолог",111,"работа психологом"
"программы индивидуальной работы психолога с детьми",111,"работа психологом"
"работа психолога с семьями участников сво",111,"работа психологом"
"нормы работы педагога психолога",111,"работа психологом"
"работа психолога в школе документы",111,"работа психологом"
"группа риска план работы психолога",110,"работа психологом"
"программа работы психолога с рас",110,"работа психологом"
"работа психолога с уо",110,"работа психологом"
"работа психологом в садике",110,"работа психологом"
"программа работы психолога с детьми зпр",110,"работа психологом"
"циклограмма работы психолога в доу",110,"работа психологом"
"согласие на работу педагога психолога",110,"работа психологом"
"график работы психолога в детском саду",110,"работа психологом"
"график работы психолога в саду",110,"работа психологом"
"регламентирующие документы работы психолога",109,"работа психологом"
"руководство работой психолога",109,"работа психологом"
"работа домашний психолог",109,"работа психологом"
"шаблон работы психолога",109,"работа психологом"
"экспертные работы психолога",109,"работа психологом"
"резюме для работы психолога",109,"работа психологом"
"трудности работы психолога с детьми",109,"работа психологом"
"профилактика суицидального поведения работа психолога",108,"работа психологом"
"ошибки психолога в работе",108,"работа психологом"
"анализ работы педагога психолога за год",108,"работа психологом"
"работа психолога с обучающимися овз",108,"работа психологом"
"педагог психолог с чего начать работу",108,"работа психологом"
"работа педагог психолог в спо",107,"работа психологом"
"работа педагога психолога включает",107,"работа психологом"
"профессиональные стандарты работы психолога",107,"работа психологом"
"отчет психолога о работе с ребенком",107,"работа психологом"
"работа психолога в психологической службе",107,"работа психологом"
"работа педагога психолога найти",107,"работа психологом"
"работа педагога психолога с детьми участников сво",107,"работа психологом"
"задачи психолога в работе с ребенком",106,"работа психологом"
"работа военным психологом вакансии",106,"работа психологом"
"где найти работу психологу",106,"работа психологом"
"работа психолог в лагере",106,"работа психологом"
"работа психолога с ребенком 6 лет",106,"работа психологом"
"рекомендации по работе педагога психолога",106,"работа психологом"
"работа с детьми сво психолог в школе",106,"работа психологом"
"план работы психолога школа с овз",105,"работа психологом"
"работа психологом в воронеже",105,"работа психологом"
"презентация работы педагога психолога",105,"работа психологом"
"в чем заключается работа педагога психолога",105,"работа психологом"
"этические принципы в работе психолога",105,"работа психологом"
"работа психологом в органах",105,"работа психологом"
"основных направлений работы педагога психолога",105,"работа психологом"
"результаты психологической работы психолога",105,"работа психологом"
"психолог работа с агрессией",104,"работа психологом"
"план работы психолога центра",104,"работа психологом"
"журнал учета работы педагога психолога в школе",104,"работа психологом"
"приемы работы педагога психолога",104,"работа психологом"
"тема работы психолога доу",104,"работа психологом"
"индивидуальная работа психолога с родителями",104,"работа психологом"
"план работы психолога коррекционной школы",104,"работа психологом"
"план работы психолога на сентябрь",104,"работа психологом"
"группа риска работа психолога в школе",103,"работа психологом"
"практическая работа педагог психолог",103,"работа психологом"
"какую работу проводит педагог психолог",103,"работа психологом"
"дом ребенка работа психолога",103,"работа психологом"
"заявление на работу психолога",103,"работа психологом"
"план методической работы педагога психолога",103,"работа психологом"
"школьный психолог работа с родителями",103,"работа психологом"
"график работы психолога доу на ставку",103,"работа психологом"
"дистанционная работа педагога психолога",103,"работа психологом"
"отказ от работы психолога",102,"работа психологом"
"школе психолог отчет о проделанной работы",102,"работа психологом"
"анализ работы педагога психолога 2025",102,"работа психологом"
"работа на категорию психолога",102,"работа психологом"
"анализ работы психолога за учебный год",102,"работа психологом"
"детский психолог работа с родителями",102,"работа психологом"
"профилактическая работа педагога психолога в школе",102,"работа психологом"
"коррекционно развивающая работа психолога в школе",102,"работа психологом"
"формы групповой работы психолога",102,"работа психологом"
"работа педагога психолога школы с родителями",101,"работа психологом"
"работа психологом свободный",101,"работа психологом"
"последствия работы с психологами",101,"работа психологом"
"консультирование в работе педагога психолога",101,"работа психологом"
"игра в работе педагога психолога",101,"работа психологом"
"индивидуальная работа педагога психолога доу",100,"работа психологом"
"план работы рмо психологов",100,"работа психологом"
"порядок работы психолога",100,"работа психологом"
"направления работы педагога психолога в школе",100,"работа психологом"
"работа школьного психолога в школе",100,"работа психологом"
"работа психолога с детьми 7 лет",99,"работа психологом"
"для работы психолога купить",99,"работа психологом"
"смысл работы психолога",99,"работа психологом"
"арт терапия в работе психолога",99,"работа психологом"
"нарушения в работе педагога психолога",99,"работа психологом"
"работа психолога доу на 0.5 ставки",99,"работа психологом"
"профессиональная этика работы психолога",99,"работа психологом"
"предмет работы психолога",99,"работа психологом"
"работа психолога в университете",98,"работа психологом"
"журнал педагог психолога индивидуальной работы",98,"работа психологом"
"анализ работы психолога с клиентом",98,"работа психологом"
"сдвг работа психолога",98,"работа психологом"
"ценности работы психолога",98,"работа психологом"
"методы работы с клиентом психолога",98,"работа психологом"
"работа с родителями овз психолога",98,"работа психологом"
"анализ работы педагога психолога 2025 2026",98,"работа психологом"
"план работы психолога в колледже",97,"работа психологом"
"психологи в активной работе",97,"работа психологом"
"план работы педагога психолога с детьми сво",97,"работа психологом"
"план работы школьного педагога психолога",97,"работа психологом"
"план работы психолога образец",96,"работа психологом"
"работа психолога женской консультации",96,"работа психологом"
"кпт в работе психолога",96,"работа психологом"
"представление работы психолога",96,"работа психологом"
"психолог интересная работа",96,"работа психологом"
"психотерапия в работе психолога",96,"работа психологом"
"работа великих психологов",96,"работа психологом"
"работа психолога с ребенком умственной отсталостью",96,"работа психологом"
"результаты спт работа психолога",96,"работа психологом"
"психолог со взрослыми работа",96,"работа психологом"
"работа с осужденными психологам",95,"работа психологом"
"работа педагога психолога образовательного учреждения",95,"работа психологом"
"содержание работы педагога психолога",95,"работа психологом"
"организационно методическая работа педагога психолога",95,"работа психологом"
"работы проделанные психологом в школе",95,"работа психологом"
"результат работы с психологом какой",95,"работа психологом"
"психолог доу журнал учета работы",95,"работа психологом"
"работа психолога с школьниками",95,"работа психологом"
"развод работа психолога",95,"работа психологом"
"время работы психолог нарколог",94,"работа психологом"
"работа психолога в будущем",94,"работа психологом"
"работа психолога фсин",94,"работа психологом"
"анализ работы психолога школы",94,"работа психологом"
"развивающая работа педагога психолога доу",93,"работа психологом"
"в чем заключается работа детскому психологу",93,"работа психологом"
"вывод работы психолога",93,"работа психологом"
"работа педагога психолога сош",93,"работа психологом"
"работа психолога с родителями детей овз",93,"работа психологом"
"психологические методы в работе психолога",93,"работа психологом"
"работа психологом в иркутске",93,"работа психологом"
"работа психолога в 4 классе",93,"работа психологом"
"основные принципы работы психолога",93,"работа психологом"
"работа клинический медицинский психолог",93,"работа психологом"
"квалификационная работа психолога",93,"работа психологом"
"индивидуальная форма работы психолога",92,"работа психологом"
"план работы педагога психолога фгос",92,"работа психологом"
"работа с родителями педагога психолога в доу",92,"работа психологом"
"работа психолога в школе интернате",92,"работа психологом"
"методическая работа психолога доу",92,"работа психологом"
"работа психолога в сфере образования",92,"работа психологом"
"работа педагога психолога в сентябре",92,"работа психологом"
"где пройти психолога для работы",91,"работа психологом"
"основные формы работы психолога",91,"работа психологом"
"ясно психологи работа",91,"работа психологом"
"эмоциональное выгорание работа психолога",91,"работа психологом"
"приказы о работе педагога психолога",90,"работа психологом"
"работа психолога разрешения",90,"работа психологом"
"работа психолога 2 класс",90,"работа психологом"
"психолог по работе с зависимостями",90,"работа психологом"
"работа психолога 0 25 ставки",90,"работа психологом"
"работа психолога беременными",90,"работа психологом"
"какие трудности в работе психолога",90,"работа психологом"
"работа психолога с учащимися школы",90,"работа психологом"
"программа работы психолога с подростками",89,"работа психологом"
"работа педагог психолог дошкольного возраста",89,"работа психологом"
"педагог психолог работа отзывы",89,"работа психологом"
"работа психолог сегодня",89,"работа психологом"
"работа психолога фото",89,"работа психологом"
"работа психолога с коррекционным классом",89,"работа психологом"
"работа эксперта психолога",89,"работа психологом"
"психолог работа сообщения",89,"работа психологом"
"ии в работе психолога",88,"работа психологом"
"работа педагога психолога в техникуме",88,"работа психологом"
"тесты психолога при приеме на работу",88,"работа психологом"
"основные виды работы психолога",88,"работа психологом"
"журнал учета работы педагога психолога доу",88,"работа психологом"
"принципы работы психолога конфиденциальность",88,"работа психологом"
"план работы психолога образовательной организации",88,"работа психологом"
"договор работы с психологом",88,"работа психологом"
"работа психолога с отцами",88,"работа психологом"
"работа психолога с эмоциональным ребенком",88,"работа психологом"
"работа психолога с ребенком по поведению",88,"работа психологом"
"направленность работы психолога",87,"работа психологом"
"план работы психолога спо",87,"работа психологом"
"работа психолога в администрации",87,"работа психологом"
"инклюзивная работа психолога",87,"работа психологом"
"циклограмма работы педагога психолога в доу",87,"работа психологом"
"курсовая работа психолога",87,"работа психологом"
"работа психолога с социальным поведением",87,"работа психологом"
"работа психологом вакансии россия",87,"работа психологом"
"перспективный план работы психолога школы",87,"работа психологом"
"работа психологом волонтером",87,"работа психологом"
"минусы работы психологом",87,"работа психологом"
"разработки для работы психологом",87,"работа психологом"
"развивающая коррекционная работа психолога",87,"работа психологом"
"журнал работы педагога психолога в доу",86,"работа психологом"
"нормативные документы работы психолога",86,"работа психологом"
"работа психологом в школе отзывы",86,"работа психологом"
"часы работы психолога в детском саду",86,"работа психологом"
"бланк согласия на работу с психологом",86,"работа психологом"
"повышение квалификации для работы психолога",86,"работа психологом"
"тагил работа психолог",86,"работа психологом"
"журнал диагностической работы психолога",86,"работа психологом"
"календарный планы работы педагога психолога",86,"работа психологом"
"психологические работы педагога психолога с детьми",86,"работа психологом"
"учет индивидуальной работы педагога психолога",86,"работа психологом"
"работа психолог коррекционные занятия",86,"работа психологом"
"психолога работа с детьми скачать",86,"работа психологом"
"работа психолога с персоналом",86,"работа психологом"
"критерии работы психолога",85,"работа психологом"
"место работы педагога психолога",85,"работа психологом"
"характеристика работы педагога психолога",85,"работа психологом"
"работа психологом в спб вакансии",85,"работа психологом"
"коррекционно развивающая работа педагога психолога доу",85,"работа психологом"
"способности в работе психолога",85,"работа психологом"
"направления работы психолога образования",85,"работа психологом"
"психолог для работы с участниками сво",85,"работа психологом"
"опыт работы клиническим психологом",85,"работа психологом"
"индивидуальная работа психолога коррекционно развивающих",85,"работа психологом"
"психологическое просвещение в работе психолога",85,"работа психологом"
"психодиагностика в работе психолога",85,"работа психологом"
"работа с детьми психолог игры",85,"работа психологом"
"творческая работа психолога",84,"работа психологом"
"работа психологом в иваново",84,"работа психологом"
"работа психолога по экстремизму",84,"работа психологом"
"педагог психолог часы работы в неделю",84,"работа психологом"
"основы работы педагога психолога",84,"работа психологом"
"рабочая тетрадь для работы с психологом",84,"работа психологом"
"кризисы в работе психолога",84,"работа психологом"
"журнал групповой работы педагога психолога",84,"работа психологом"
"журнал диагностической работы педагога психолога",84,"работа психологом"
"работа психолога в системе образования",84,"работа психологом"
"8 класс работа психолога",84,"работа психологом"
"психолог работа на телефоне",83,"работа психологом"
"работы психолога в школе 1 класс",83,"работа психологом"
"психолог ушла с работы",83,"работа психологом"
"работа психолога с мужчиной",83,"работа психологом"
"сложность работы психологом",83,"работа психологом"
"норма работы часов психолога",83,"работа психологом"
"работа психолога с семьями соп",83,"работа психологом"
"работа психолога с неуспевающими",82,"работа психологом"
"нужна ли работа с психологом",82,"работа психологом"
"прием на работу психолога вопросы",82,"работа психологом"
"работа тренером психологом",82,"работа психологом"
"работа педагога психолога с 5 классами",82,"работа психологом"
"стоимость работы психолога",82,"работа психологом"
"направления работы психолога организации",82,"работа психологом"
"работа педагогом психологом в москве",82,"работа психологом"
"план работы рмо педагогов психологов",82,"работа психологом"
"аналитический отчет работы психолога",82,"работа психологом"
"просвещение в работе педагога психолога",81,"работа психологом"
"работа психолога доу с детьми сво",81,"работа психологом"
"работа педагога психолога с родителями обучающихся",81,"работа психологом"
"жестокое обращение работа психолога",81,"работа психологом"
"тесты у психолога при устройстве на работу",81,"работа психологом"
"работа психолога калуга",81,"работа психологом"
"методическая работа психолога в школе",81,"работа психологом"
"значение работы психолога",81,"работа психологом"
"план коррекционно развивающей работы психолога",81,"работа психологом"
"работа психологом томск",81,"работа психологом"
"работа психолога с рас в доу",80,"работа психологом"
"подходы работы педагога психолога",80,"работа психологом"
"формы и методы работы психолога",80,"работа психологом"
"график работы психолога школы 1 ставка",80,"работа психологом"
"работа психологом куратором",80,"работа психологом"
"программа работы психолога с детьми рас",80,"работа психологом"
"перспективный план работы педагога психолога школы",80,"работа психологом"
"документы регламентирующие работу педагога психолога",80,"работа психологом"
"разбор работы психолога",80,"работа психологом"
"план развивающей работы педагога психолога",79,"работа психологом"
"цена работы психолога",79,"работа психологом"
"особенности индивидуальной работы психолога",79,"работа психологом"
"анализ работы педагога психолога школы",79,"работа психологом"
"работа педагога психолога с воспитанниками",79,"работа психологом"
"психолог работа с жертвы",79,"работа психологом"
"работа психолога в начальных классах",79,"работа психологом"
"результаты работы психолога в школе",79,"работа психологом"
"работа психолога в детском саду заключается",79,"работа психологом"
"направление работы психолога доу",79,"работа психологом"
"перспективный план работы психолога доу",79,"работа психологом"
"какую работу делает психолог",79,"работа психологом"
"работа с психологом педагогическим образованием",78,"работа психологом"
"формы работы педагога психолога с родителями",78,"работа психологом"
"психолог смена работы",78,"работа психологом"
"планы профилактической работы педагога психолога",78,"работа психологом"
"план работы психолога на 1 год",78,"работа психологом"
"программа работы педагога психолога с группой",78,"работа психологом"
"опыт работы психолога школы",77,"работа психологом"
"клинический психолог работа в москве",77,"работа психологом"
"психологические программы в работе психолога",77,"работа психологом"
"психолог семейный работа с детьми",77,"работа психологом"
"какую работу выполняет психологи",77,"работа психологом"
"план работы психолога с зпр",77,"работа психологом"
"как относятся к работе психолога",77,"работа психологом"
"объявления работы психолога",77,"работа психологом"
"журнал учета групповой работы психолога",77,"работа психологом"
"нормативы работы психолога",77,"работа психологом"
"средства работы педагога психолога",77,"работа психологом"
"работа психолога с личным составом",77,"работа психологом"
"оплата работы психолога",77,"работа психологом"
"гиперактивный ребенок работа психолога",76,"работа психологом"
"работа психолог новороссийск",76,"работа психологом"
"план работа педагога психолога с обучающимися",76,"работа психологом"
"самообразование в работе психолога",76,"работа психологом"
"куда устроиться на работу психологом",76,"работа психологом"
"программа работы психолога с группой риска",76,"работа психологом"
"проверка работы психолога",76,"работа психологом"
"план работы психолога с участниками сво",76,"работа психологом"
"материалы для работы с детьми психолог",76,"работа психологом"
"работа детским психологом вакансии",76,"работа психологом"
"работа психолога летом",76,"работа психологом"
"заключение психолога на работу",76,"работа психологом"
"оценка работы педагога психолога",76,"работа психологом"
"работа психолога 9 лет",75,"работа психологом"
"работа психологом стоит ли",75,"работа психологом"
"ищу работу педагогом психологом",75,"работа психологом"
"работа нейропсихолога психолога",75,"работа психологом"
"план работы педагога психолога в колледже",75,"работа психологом"
"работа психолога с ребенком 1 года",75,"работа психологом"
"перспективный план работы педагог психолога доу",75,"работа психологом"
"журнал учета индивидуальной работы психолога",75,"работа психологом"
"работа психологом в барнауле",75,"работа психологом"
"работа психологом ижевск",75,"работа психологом"
"виды работы психолога с детьми",75,"работа психологом"
"основные методы работы психолога",75,"работа психологом"
"аналитическая отчет работы педагога психолога",75,"работа психологом"
"пример работы работа психолога с ребенком",74,"работа психологом"
"воспитатель психолог работа детский сад",74,"работа психологом"
"формы работы психолога доу",74,"работа психологом"
"деструктивное поведение работа психолога",74,"работа психологом"
"экспертная работа педагога психолога",74,"работа психологом"
"психопрофилактическую работу психолога",74,"работа психологом"
"методы практической работы психолога",74,"работа психологом"
"работа психолога с детьми 1 класса",74,"работа психологом"
"план работы педагога психолога в начальной школе",74,"работа психологом"
"работа психолога доу с родителями детей",73,"работа психологом"
"задачи работы психолога с родителями",73,"работа психологом"
"работа психолога доу с детьми зпр",73,"работа психологом"
"страхи детей работа психолога",73,"работа психологом"
"работа психологом в интернете",73,"работа психологом"
"работа психолога по профилактике буллинга",73,"работа психологом"
"специфика работа педагога психолога",73,"работа психологом"
"план работы педагога психолога скачать",73,"работа психологом"
"фоп в работе психолога",73,"работа психологом"
"работа психологом в омске",73,"работа психологом"
"работа психологом в сочи",73,"работа психологом"
"работа педагога психолога с инвалидами",72,"работа психологом"
"методы используемые в работе психолога",72,"работа психологом"
"работа психолога с утратой",72,"работа психологом"
"цель работы психолога в школе",72,"работа психологом"
"режим работы детского психолога",72,"работа психологом"
"наблюдение в работе психолога",72,"работа психологом"
"работа психолога с детьми книги",72,"работа психологом"
"работа психолога в социальных учреждениях",71,"работа психологом"
"работа психолог юрист",71,"работа психологом"
"организация работы психолога с родителями",71,"работа психологом"
"план коррекционно развивающей работы педагога психолога",71,"работа психологом"
"компетенции в работе психолога",71,"работа психологом"
"начало работы психолога клиента",71,"работа психологом"
"работа педагога психолога с дошкольниками",71,"работа психологом"
"формы организации работы психолога",71,"работа психологом"
"стиль работы психолога",71,"работа психологом"
"работа психолога с родителями подростков",71,"работа психологом"
"работа психологом в рязани",71,"работа психологом"
"где проходит психолога на работу",71,"работа психологом"
"время работы психолога в школе",71,"работа психологом"
"работа психологом в компаниях",71,"работа психологом"
"психолог и нарколог график работы",71,"работа психологом"
"работа начинающего психолога в детском саду",71,"работа психологом"
"окр работа психолога",70,"работа психологом"
"работа психолога в школе диагностика",70,"работа психологом"
"перспективный план работы психолога на год",70,"работа психологом"
"работа психологом в красноярске вакансии",70,"работа психологом"
"методы работы социального психолога",70,"работа психологом"
"карточки для работы психолога",70,"работа психологом"
"работа психолога доу с детьми тнр",70,"работа психологом"
"план работы психолога и социального педагога",70,"работа психологом"
"работа психолога в министерстве",70,"работа психологом"
"методические рекомендации в работе психолога",70,"работа психологом"
"педагог психолог в условиях дистанционной работы",70,"работа психологом"
"работа педагога психолога в интернате",69,"работа психологом"
"коррекционная работа психолога с зпр",69,"работа психологом"
"профилактическая работа школьного психолога",69,"работа психологом"
"работа школьного психолога с подростками",69,"работа психологом"
"развивающая работа педагога психолога в школе",69,"работа психологом"
"итог работы педагог психолог",69,"работа психологом"
"достижения в работе психолога",69,"работа психологом"
"организация работы психолога в образовании",69,"работа психологом"
"коррекционное направление работы психолога",69,"работа психологом"
"технологии работы психолога доу",69,"работа психологом"
"найти работу психолога в москве",69,"работа психологом"
"с чего начинать работу детскому психологу",69,"работа психологом"
"форма работы психолога в школе",69,"работа психологом"
"какое образование нужно для работы психологом",69,"работа психологом"
"коррекционная работа педагога психолога доу",69,"работа психологом"
"особый ребенок работа психолога",69,"работа психологом"
"технологии работы психолога с детьми",68,"работа психологом"
"программа коррекционной работы психолога в школе",68,"работа психологом"
"рекомендации психологу по работе с детьми",68,"работа психологом"
"дети аутисты работа психолога",68,"работа психологом"
"результат работы педагога психолога с ребенком",68,"работа психологом"
"перинатальный психолог работа",68,"работа психологом"
"индивидуальная и групповая работа педагога психолога",68,"работа психологом"
"работа медицинского психолога с детьми",68,"работа психологом"
"коллега по работе психолога",68,"работа психологом"
"работа психологом в саратове",67,"работа психологом"
"работа с 9 классом педагог психолог",67,"работа психологом"
"средства и формы работы психолога",67,"работа психологом"
"дети с овз работа школьного психолога",67,"работа психологом"
"работа психолога служебной деятельности",67,"работа психологом"
"резюме для устройства на работу психологом",67,"работа психологом"
"график работы педагог психолог 36 часов",67,"работа психологом"
"часы работы педагога психолога в доу",67,"работа психологом"
"психоневрологический работа психолога",67,"работа психологом"
"эксперимент в работе психолога",67,"работа психологом"
"техника работы психолога с детьми",67,"работа психологом"
"время работы психолога в доу",67,"работа психологом"
"вакансии работы ростов психолог",67,"работа психологом"
"одаренные дети работа педагога психолога",67,"работа психологом"
"работа психолога детского сада с родителями",67,"работа психологом"
"план работы педагога психолога с семьей",67,"работа психологом"
"план работы педагога психолога в коррекционной школе",67,"работа психологом"
"новая работа советы психолога",67,"работа психологом"
"работа психолога с неуспевающими детьми",67,"работа психологом"
"работа психолога с педагогами и руководителями",67,"работа психологом"
"жалоба на работу психолога",66,"работа психологом"
"индивидуальная работа психолога доу с ребенком",66,"работа психологом"
"работа психолога 3 класс",66,"работа психологом"
"психологическое консультирование в работе педагога психолога",66,"работа психологом"
"суть работы клинического психолога",66,"работа психологом"
"исследовательская работа психолога",66,"работа психологом"
"работа психолога с запросом клиента",66,"работа психологом"
"работа психолога в социальном обслуживании",66,"работа психологом"
"платформы для работы психологам",66,"работа психологом"
"работа педагога психолога с одаренными",66,"работа психологом"
"работа психолога с детьми с уо",66,"работа психологом"
"работа психолога доу с семьей",66,"работа психологом"
"организация работы в школе педагога психолога",66,"работа психологом"
"план работ на неделю психолога",66,"работа психологом"
"работа психологом в короче",66,"работа психологом"
"работа педагога психолога с детьми инвалидами",65,"работа психологом"
"работа психолога в зонах",65,"работа психологом"
"индивидуальная работа педагога психолога в школе",65,"работа психологом"
"работа психолога слушать",65,"работа психологом"
"работа психологом в перми",65,"работа психологом"
"hh работа психологом",65,"работа психологом"
"работа психолога с ребенком на учете",65,"работа психологом"
"план работы педагога психолога группы риска",65,"работа психологом"
"работа психолога с детьми 2 лет",65,"работа психологом"
"трудные дети работа психолога",65,"работа психологом"
"работа психологом в медицинских учреждениях",65,"работа психологом"
"работа педагог психолог онлайн",65,"работа психологом"
"работа юридический психолог",65,"работа психологом"
"работа психолога с детьми с сдвг",64,"работа психологом"
"коррекционно развивающая работа педагога психолога в школе",64,"работа психологом"
"индивидуальная работа психолога с детьми овз",64,"работа психологом"
"работа психолога с родителями учащихся",64,"работа психологом"
"виды планов работы педагога психолога",64,"работа психологом"
"график работы психолога на неделю",64,"работа психологом"
"цель работы психолога доу",64,"работа психологом"
"20 лет работы психологом",64,"работа психологом"
"методические рекомендации работы педагога психолога",64,"работа психологом"
"профориентация работа психолога",64,"работа психологом"
"план работы психолога интерната",64,"работа психологом"
"как проходит работа с психологом",64,"работа психологом"
"работа судебного психолога",64,"работа психологом"
"программа работы психолога детского сада",64,"работа психологом"
"работа психолога в приюте",64,"работа психологом"
"аутизм работа психолога",63,"работа психологом"
"индивидуальная работа специалистов психолога",63,"работа психологом"
"работа психолога на телефоне доверия",63,"работа психологом"
"что необходимо психологу для работы",63,"работа психологом"
"план работы техникуме психолога",63,"работа психологом"
"работа психологом после курсов",63,"работа психологом"
"работа педагога психолога по суицидальному поведению",63,"работа психологом"
"работа психолога с обучающимися группы риска",63,"работа психологом"
"компоненты работы психолога",63,"работа психологом"
"в чем состоит работа психолога",63,"работа психологом"
"бизнес психолог работа",63,"работа психологом"
"эффективность работы педагога психолога",63,"работа психологом"
"вк работа психологом",63,"работа психологом"
"работа психолога девиантными подростками",62,"работа психологом"
"работа психологом по совместительству",62,"работа психологом"
"работа психолога в кемерово",62,"работа психологом"
"работа психолога с детьми с тревожностью",62,"работа психологом"
"журнал учета индивидуальной работы педагога психолога",62,"работа психологом"
"индивидуальная коррекционно развивающая работа педагог психолог",62,"работа психологом"
"подходы в работе психолога с детьми",62,"работа психологом"
"график работы педагога психолога на неделю",62,"работа психологом"
"направления в работе социального психолога",62,"работа психологом"
"комплексная работа педагога психолога",62,"работа психологом"
"план работы психолога с 1 классами",62,"работа психологом"
"профессиональное выгорание работа психолога",61,"работа психологом"
"работа психологом в колпино",61,"работа психологом"
"методическая работа психолога педагога доу",61,"работа психологом"
"работа психолога в дошкольном учреждении",61,"работа психологом"
"работа психолога в педагогическом коллективе",61,"работа психологом"
"фильм про работу психолога",61,"работа психологом"
"концепция работы психолога",61,"работа психологом"
"проблемы в работе психолога в школе",61,"работа психологом"
"работа психолога с мак",61,"работа психологом"
"фоп в работе педагога психолога",60,"работа психологом"
"психолог работа с опекаемыми",60,"работа психологом"
"работа это профессиональная деятельность психолога",60,"работа психологом"
"работа психолога в здравоохранении",60,"работа психологом"
"работа психолог ржд",60,"работа психологом"
"уфсин работа психологом",60,"работа психологом"
"документы работы педагога психолога в школе",60,"работа психологом"
"функции психолога в социальной работе",60,"работа психологом"
"описание работы педагога психолога",60,"работа психологом"
"план работы педагога психолога с подростками",60,"работа психологом"
"работа психолога с военнослужащими",60,"работа психологом"
"индивидуальный коррекционный план работы психолога",60,"работа психологом"
"изучение работы педагога психолога",60,"работа психологом"
"система работы психолога в организации",60,"работа психологом"
"работа педагога психолога в детском доме",59,"работа психологом"
"детско родительские отношения работа психолога",59,"работа психологом"
"продолжительность работы психолога",59,"работа психологом"
"психолог коуч работа",59,"работа психологом"
"основные виды работы педагога психолога",59,"работа психологом"
"индивидуальная педагогическая работа психолога",59,"работа психологом"
"индивидуальная коррекционная работа педагога психолога",59,"работа психологом"
"основная работа педагога психолога в школе",59,"работа психологом"
"принимаем на работу педагога психолога",59,"работа психологом"
"темы опыта работы психолога",59,"работа психологом"
"работа психолога с увольняющимися",59,"работа психологом"
"профиль работы психолога",59,"работа психологом"
"план работы психолога с детьми зпр",59,"работа психологом"
"консультативная работа педагога психолога",59,"работа психологом"
"работа для аттестации психолога",59,"работа психологом"
"работа психолога с семьей в школе",59,"работа психологом"
"опыта работы практического психолога",58,"работа психологом"
"работа психолога по профилактике девиантного поведения",58,"работа психологом"
"журнал учета групповой работы педагога психолога",58,"работа психологом"
"психологическая готовность психолога к работе",58,"работа психологом"
"индивидуальная работа психолога с детьми зпр",58,"работа психологом"
"цели работы психологов с родителями",58,"работа психологом"
"групповая работа психолога с детьми",58,"работа психологом"
"учебно методическая работа психолога",58,"работа психологом"
"дистанционное обучение работа психолога",58,"работа психологом"
"план работы психолога с детьми группы риска",58,"работа психологом"
"работа педагога психолога в школе фгос",58,"работа психологом"
"вакансии работа психолог новосибирск",58,"работа психологом"
"фоп в работе психолога доу",58,"работа психологом"
"плюсы и минусы работы психолога",58,"работа психологом"
"суть работы психолога практика",57,"работа психологом"
"работа ассистент психолога",57,"работа психологом"
"положение о работе психолога доу",57,"работа психологом"
"результативность работы психолога",57,"работа психологом"
"направление работы школьного психолога",57,"работа психологом"
"работы русских психологов",57,"работа психологом"
"коррекционные работы школьного психолога",57,"работа психологом"
"работа психолога с песком",57,"работа психологом"
"работа психолога с паническими атаками",57,"работа психологом"
"этапы работы педагога психолога",57,"работа психологом"
"психопрофилактика в работе психолога",57,"работа психологом"
"организация работы медицинского психолога",57,"работа психологом"
"принципы работы педагога психолога",57,"работа психологом"
"работа педагога психолога с неуспевающими детьми",57,"работа психологом"
"суицид план работы психолога",57,"работа психологом"
"работа практического психолога с детьми",56,"работа психологом"
"работа с телом психолог",56,"работа психологом"
"работа психолога с детскими травмами",56,"работа психологом"
"работа психолог с проживанием",56,"работа психологом"
"программа работы психолога с семьей",56,"работа психологом"
"особенности работы социального психолога",56,"работа психологом"
"работа психолога с суицидальными подростками",56,"работа психологом"
"работа педагога психолога с коллективом",56,"работа психологом"
"план работы педагога психолога 9 класс",56,"работа психологом"
"работа психологом удаленно без опыта",56,"работа психологом"
"психокоррекция в работе психолога",56,"работа психологом"
"методическая работа педагога психолога в школе",56,"работа психологом"
"психолог работа с безопасностью",56,"работа психологом"
"найти работу психологом краснодар",56,"работа психологом"
"работа психолога с новыми педагогами",56,"работа психологом"
"работа психолога криминалиста",56,"работа психологом"
"работа психолога с подростками в школе",56,"работа психологом"
"работа психологом астрахань",55,"работа психологом"
"работа психолог санаторий",55,"работа психологом"
"медкомиссия для работы психолог",55,"работа психологом"
"работа в кургане психолог",55,"работа психологом"
"работа психолога с 7 классом",55,"работа психологом"
"работа психолога кцсон",55,"работа психологом"
"листы для работы психолога",55,"работа психологом"
"совместная работа педагога психолога с детьми",55,"работа психологом"
"положение о работе педагога психолога в доу",55,"работа психологом"
"работа психолога на полставки",55,"работа психологом"
"работа криминального психолога",55,"работа психологом"
"организация индивидуальной работы психолога",55,"работа психологом"
"работа психологом в санкт петербурге вакансии",55,"работа психологом"
"протокол работы педагога психолога",55,"работа психологом"
"формы работы педагога психолога доу",55,"работа психологом"
"социальный психолог технологии работы",54,"работа психологом"
"формы дистанционной работы психолога",54,"работа психологом"
"расписание работы педагога психолога",54,"работа психологом"
"где искать работу психологу",54,"работа психологом"
"работа психолог школа москва",54,"работа психологом"
"вопросы психолога при устройстве на работу",54,"работа психологом"
"виды коррекционной работы психолога",54,"работа психологом"
"комиссия психолога для работы",54,"работа психологом"
"психологическая диагностика в работе педагога психолога",54,"работа психологом"
"работа психолога сизо",54,"работа психологом"
"что входит в работу педагога психолога",54,"работа психологом"
"план работы дошкольного психолога",54,"работа психологом"
"формы работы педагога психолога с детьми",54,"работа психологом"
"тренинговая работа психолога",54,"работа психологом"
"работа психологом в брянске",54,"работа психологом"
"план работы психолога с соп",54,"работа психологом"
"тема работы психолога на год",54,"работа психологом"
"работа психолога с сопротивлением",54,"работа психологом"
"подготовка к школе работа психолога",54,"работа психологом"
"план работы педагога психолога на неделю",54,"работа психологом"
"арцишевская работа психолога",54,"работа психологом"
"педагог психолог время работы на ставку",54,"работа психологом"
"работа психолога детьми в начальной школе",53,"работа психологом"
"работа психологом в липецке",53,"работа психологом"
"работа педагога психолога по спт",53,"работа психологом"
"система работы психолога в школе",53,"работа психологом"
"работа психолога с фобиями",53,"работа психологом"
"элементы работы психолога",53,"работа психологом"
"алгоритм работы педагога психолога",53,"работа психологом"
"перспективы работы психологом",53,"работа психологом"
"работа психолога с педагогами дополнительного образования",53,"работа психологом"
"методики работы психолога диагностическая",53,"работа психологом"
"работа в школе детским психологом",53,"работа психологом"
"программы работы с 5 классом психолог",53,"работа психологом"
"индивидуальная работа психолога с учащимися",53,"работа психологом"
"график работы психологов на 1.5 ставки",53,"работа психологом"
"православный психолог работа",53,"работа психологом"
"работа психологом в туле",53,"работа психологом"
"работа педагога психолога с соп",53,"работа психологом"
"работа психологом исследователем",53,"работа психологом"
"техники работы педагога психолога",53,"работа психологом"
"режим работы психолога в детском саду",53,"работа психологом"
"работа психолога с девиантными детьми",53,"работа психологом"
"цель работы педагога психолога в доу",53,"работа психологом"
"оборудование для работы психолога",53,"работа психологом"
"анализ работы психолога школы за год",52,"работа психологом"
"повышение квалификации психологов работа с детьми",52,"работа психологом"
"качество работы педагога психолога",52,"работа психологом"
"план работы психолога с детьми рас",52,"работа психологом"
"арцишевская работа психолога с гиперактивными",52,"работа психологом"
"арцишевская работа психолога с гиперактивными детьми",52,"работа психологом"
"работа психолога в школе презентация",52,"работа психологом"
"профориентационная работа психолога",52,"работа психологом"
"совместная работа психолога и социального педагога",52,"работа психологом"
"план работы психолога детского дома",52,"работа психологом"
"программа работы детей группы риска психолог",52,"работа психологом"
"план работы психолога по суицидальному поведению",52,"работа психологом"
"работа психолог педагог удаленно",52,"работа психологом"
"план работы психолога инвалидам",52,"работа психологом"
"объект работы психолога",52,"работа психологом"
"работа психолога неблагополучными семьями",52,"работа психологом"
"задачи развивающей работы психолога",52,"работа психологом"
"техники работы с клиентами психолога",52,"работа психологом"
"программа работы школьного психолога",52,"работа психологом"
"психолог работа с восприятием",52,"работа психологом"
"работа психолога с кризисными состояниями",52,"работа психологом"
"работа психолога в учреждении образования",52,"работа психологом"
"журнал учета форм работы педагога психолога",52,"работа психологом"
"согласие на работу с психологом в доу",51,"работа психологом"
"методы работы детского психолога",51,"работа психологом"
"этический кодекс работы психолога",51,"работа психологом"
"диагностические работы в школе психолог",51,"работа психологом"
"этапы работы психолога с ребенком",51,"работа психологом"
"работа с ребенком в кабинете психолога",51,"работа психологом"
"коррекционная работа психолога с группой",51,"работа психологом"
"работа психолога в логопедической группе",51,"работа психологом"
"авито работа вакансия психолог",51,"работа психологом"
"работа психолога в центре для детей",51,"работа психологом"
"творчество в работе психолога",51,"работа психологом"
"работа психолога в кдн",51,"работа психологом"
"виды работ практического психолога",51,"работа психологом"
"буллинг план работы психолога",51,"работа психологом"
"4 к в работе психолога",51,"работа психологом"
"тетради для работы психолога с детьми",50,"работа психологом"
"планирование работы психолога в доу",50,"работа психологом"
"работа психологом в оренбурге",50,"работа психологом"
"работа психолога благовещенск",50,"работа психологом"
"план работы педагога психолога в спо",50,"работа психологом"
"работа с психологом картинки",50,"работа психологом"
"работа психолога в орле",50,"работа психологом"
"отчет работы психолога доу",50,"работа психологом"
"работа психолога в социальной службе",50,"работа психологом"
"работа психологом в тольятти",50,"работа психологом"
"работа психологом в ярославле",50,"работа психологом"
"работа психолога с ребенком 10 лет",50,"работа психологом"
"фоп в работе педагога психолога доу",50,"работа психологом"
"работа психолога с установками",49,"работа психологом"
"план работы психолога форма",49,"работа психологом"
"пройти тест на работу психолога",49,"работа психологом"
"работа психолога подольск",49,"работа психологом"
"план работы педагога психолога в техникуме",49,"работа психологом"
"работа психологом рисунок",49,"работа психологом"
"работа психолога в детском центре",49,"работа психологом"
"коррекционные методы работы психолога",49,"работа психологом"
"характеристика психолог с места работы",49,"работа психологом"
"работа психологом в севастополе",49,"работа психологом"
"работа психологом что нужно знать",49,"работа психологом"
"план график работы педагога психолога",49,"работа психологом"
"научно методическая работа психолога",49,"работа психологом"
"индивидуальная работа с группой риска психолога",49,"работа психологом"
"время работы педагога психолога в доу",49,"работа психологом"
"программа работы психолога с детьми сво",49,"работа психологом"
"противопоказания работы психологом",49,"работа психологом"
"резюме педагога психолога на работу",49,"работа психологом"
"работа психолога со студентами",49,"работа психологом"
"контрольная работа психолог",49,"работа психологом"
"работа педагог психолог спб",49,"работа психологом"
"задачи работы психолога в школе",49,"работа психологом"
"психопрофилактическая работа педагога психолога",49,"работа психологом"
"первый день работы психолога",49,"работа психологом"
"работа психологом в ростове на дону вакансии",48,"работа психологом"
"план работы педагога психолога начальных классов",48,"работа психологом"
"реабилитационная работа педагога психолога",48,"работа психологом"
"опыты работы психологов детских садов",48,"работа психологом"
"план работы по спт психолог",48,"работа психологом"
"работа психологом в курске",48,"работа психологом"
"работа психолога педагога дошкольного образования",48,"работа психологом"
"работа психолога в 6 классах",48,"работа психологом"
"работа педагога психолога с семьями сво",48,"работа психологом"
"норма часов работы педагога психолога",48,"работа психологом"
"работа психолога с подростком с суицидальным поведением",48,"работа психологом"
"работа психологом в пензе",48,"работа психологом"
"песочная терапия в работе психолога",48,"работа психологом"
"к индивидуальной работе психолога относятся",48,"работа психологом"
"метафора работы психолога",48,"работа психологом"
"программа работы психолога с детьми тнр",48,"работа психологом"
"работа педагога психолога без опыта работы",48,"работа психологом"
"цель психолога в работе с клиентом",48,"работа психологом"
"формы индивидуальная групповая работы психолога",48,"работа психологом"
"план работы по самообразованию психолога",48,"работа психологом"
"работа психолог великий новгород",48,"работа психологом"
"результат работы психолога с клиентом",48,"работа психологом"
"работа клинического психолога без опыта работы",48,"работа психологом"
"работа психологом в симферополе",47,"работа психологом"
"цель и методы работы психолога",47,"работа психологом"
"суть работы школьного психолога",47,"работа психологом"
"наборы для работы психолога",47,"работа психологом"
"работа психолога с детьми с аутизмом",47,"работа психологом"
"трудности работы психолога с родителями",47,"работа психологом"
"график работы 0.5 ставки психолога",47,"работа психологом"
"образец журнала работы психолога",47,"работа психологом"
"работа психолога в екатеринбурге вакансии",47,"работа психологом"
"работа психологом в доме престарелых",47,"работа психологом"
"работа психолога мама с ребенком",47,"работа психологом"
"работа психолога над собой",47,"работа психологом"
"индивидуальная работа с детским психологом",47,"работа психологом"
"работа психолог московская область",47,"работа психологом"
"график работы педагога психолога в детском саду",47,"работа психологом"
"сенсорная комната работе психолога",47,"работа психологом"
"работа психолога в психологических учреждениях",47,"работа психологом"
"направления работы педагога психолога доу",47,"работа психологом"
"работа психолога в вологде",47,"работа психологом"
"регламент работы психолога",46,"работа психологом"
"дипломные работы педагога психолога",46,"работа психологом"
"работа психолога с эмоциональной сферой",46,"работа психологом"
"хх ру работа психолога",46,"работа психологом"
"экспертиза работы психолога",46,"работа психологом"
"работа психолога с зпр в доу",46,"работа психологом"
"работа психологом в ульяновске",46,"работа психологом"
"задачи психолога в работе с клиентом",46,"работа психологом"
"работа психологом в кирове",46,"работа психологом"
"направления работы медицинских психологов",46,"работа психологом"
"план работы психолога с 5 классом",46,"работа психологом"
"коррекционная работа психолога с детьми зпр",46,"работа психологом"
"нейроигры в работе психолога",46,"работа психологом"
"работа психолога с детьми девиантным поведением",46,"работа психологом"
"работа психолога в стационаре",46,"работа психологом"
"результат коррекционной работы психолога",46,"работа психологом"
"организация работы школьного психолога",46,"работа психологом"
"коррекционная работа с детьми доу психолога",46,"работа психологом"
"режим работы психолога школы",46,"работа психологом"
"работа районного психолога",45,"работа психологом"
"клинический психолог работа с детьми",45,"работа психологом"
"диагностическая и коррекционная работа психолога",45,"работа психологом"
"с чего начинается работа психолога",45,"работа психологом"
"психолог по работе с рпп",45,"работа психологом"
"журнал групповых форм работы психолога",45,"работа психологом"
"сложность работы педагога психолога",45,"работа психологом"
"план индивидуальной профилактической работы психолога",45,"работа психологом"
"цель и задачи работы педагога психолога",45,"работа психологом"
"цели направления работы психолога",45,"работа психологом"
"работа психолога в дошкольном образовании",45,"работа психологом"
"организация работы психолога доу",45,"работа психологом"
"план работы мо психологов",45,"работа психологом"
"практическая работа психолога практика",45,"работа психологом"
"психолог работа вшу",45,"работа психологом"
"детский психолог направления работы",45,"работа психологом"
"педагог психолог характер работы",45,"работа психологом"
"цель работы педагога психолога в школе",44,"работа психологом"
"воспитательная работа психолога в школе",44,"работа психологом"
"виды работы психолога в доу",44,"работа психологом"
"работа психолога в средней школе",44,"работа психологом"
"проблемы работы школьного психолога",44,"работа психологом"
"ассоциативные карты в работе психолога",44,"работа психологом"
"опекаемые дети работа психолога",44,"работа психологом"
"организация работы практического психолога",44,"работа психологом"
"проблемы консультирования в работе педагога психолога",44,"работа психологом"
"важность работы психолога",44,"работа психологом"
"организация работы педагога психолога с родителями",44,"работа психологом"
"арт техники в работе психолога",44,"работа психологом"
"работа психологом в учебном заведении",44,"работа психологом"
"методы работы психолога с родителями",44,"работа психологом"
"работа психологом онлайн без опыта",44,"работа психологом"
"журнал коррекционно развивающей работы педагога психолога",44,"работа психологом"
"педагог психолог проводит работу направленную на",44,"работа психологом"
"как пройти психолога при устройстве на работу",44,"работа психологом"
"работа психолога с подростком с девиантным поведением",43,"работа психологом"
"как строится работа психолога",43,"работа психологом"
"работа со школьным психологом",43,"работа психологом"
"планирование работы педагога психолога доу",43,"работа психологом"
"ограничения в работе психолога",43,"работа психологом"
"работа психолога крым",43,"работа психологом"
"работа психолог краснодарский край",43,"работа психологом"
"найти работу клиническим психологом",43,"работа психологом"
"алкоголь работа с психологом",43,"работа психологом"
"согласие на работу педагога психолога в школе",43,"работа психологом"
"игра в работе психолога доу",43,"работа психологом"
"методы работы психолога с семьей",43,"работа психологом"
"работа психологом нижний новгород вакансии",43,"работа психологом"
"результат работы психолога с родителями",43,"работа психологом"
"журнал учета групповой и индивидуальной работы психолога",43,"работа психологом"
"работа психолога с сиротами",43,"работа психологом"
"время работы педагога психолога в школе",43,"работа психологом"
"работа психолога агрессивными детьми",43,"работа психологом"
"работа психолога с взрослыми и детьми",43,"работа психологом"
"работа психологом социологом",43,"работа психологом"
"психологи остались без работы",43,"работа психологом"
"индивидуальный план работы психолога с овз",43,"работа психологом"
"психолог онлайн консультация работа",42,"работа психологом"
"график работы педагога психолога на 1.5 ставки",42,"работа психологом"
"работа психолога с изменой",42,"работа психологом"
"работа копейск психолог",42,"работа психологом"
"методы работы педагога психолога с детьми",42,"работа психологом"
"технологии работы педагога психолога доу",42,"работа психологом"
"работа по самообразованию педагога психолога",42,"работа психологом"
"пособие для работы педагога психолога",42,"работа психологом"
"работа психолога с чувствами клиента",42,"работа психологом"
"план работы с родителями психолога в доу",42,"работа психологом"
"работа педагога психолога пмпк",42,"работа психологом"
"профессионально этические принципы работы психолога",42,"работа психологом"
"работа психологом в калининграде",42,"работа психологом"
"этапы психологической работы психолога",42,"работа психологом"
"найти работу детский психолог",42,"работа психологом"
"работа психологом королев",42,"работа психологом"
"работа психолога с учителями в школе",42,"работа психологом"
"как выглядит работа психолога",42,"работа психологом"
"коррекционная работа детского психолога",42,"работа психологом"
"в чем заключается работа клинического психолога",42,"работа психологом"
"работа психолога педагога статья",42,"работа психологом"
"работа психологом в 50",42,"работа психологом"
"статьи психологов о работе",42,"работа психологом"
"метафорические ассоциативные карты в работе психолога",42,"работа психологом"
"приемы работы психолога с детьми",42,"работа психологом"
"работа психолога логопеда в доу",42,"работа психологом"
"работы известных психологов",42,"работа психологом"
"методы работы клинического психолога",42,"работа психологом"
"психологическая коррекция в работе педагога психолога",42,"работа психологом"
"журнал учета видов работ психолога доу",42,"работа психологом"
"опыты работы психологов доу",41,"работа психологом"
"дцп работа психолога",41,"работа психологом"
"единый стандарт работы психолога",41,"работа психологом"
"сказкотерапия в работе психолога",41,"работа психологом"
"работа психолога в экстремальных ситуациях",41,"работа психологом"
"виды индивидуальной работы психолога",41,"работа психологом"
"работа психологом в зеленограде",41,"работа психологом"
"как происходит работа психолога",41,"работа психологом"
"психолог работа с мигрантами",41,"работа психологом"
"психоанализ в работе психолога",41,"работа психологом"
"работа психологом в чите",41,"работа психологом"
"работа психолога в школе вакансии",41,"работа психологом"
"анкета для работы психолога",41,"работа психологом"
"как закончить работу с психологом",41,"работа психологом"
"работа психолога с ожиданиями",41,"работа психологом"
"экспериментальная работа психолога",41,"работа психологом"
"групповые формы работы педагога психолога",41,"работа психологом"
"психодиагностическая работа педагога психолога",40,"работа психологом"
"3 направления работы психолога",40,"работа психологом"
"технологии работы педагога психолога с детьми",40,"работа психологом"
"работа психолога по правонарушениям",40,"работа психологом"
"журнал учета видов работы педагога психолога доу",40,"работа психологом"
"работа педагога психолога литература",40,"работа психологом"
"программы работы психолога с родителями",40,"работа психологом"
"программа работы дошкольного психолога",40,"работа психологом"
"работа психологом новокузнецке",40,"работа психологом"
"информация о работе педагога психолога о",40,"работа психологом"
"психолог работа с алкоголиками",40,"работа психологом"
"работа психолога детьми раннего возраста",40,"работа психологом"
"отчет работы педагога психолога доу",40,"работа психологом"
"задачи работы школьного психолога",40,"работа психологом"
"дилеммы в работе психолога",40,"работа психологом"
"школьный психолог работа с классом",40,"работа психологом"
"коррекционная работа в деятельности психолога",40,"работа психологом"
"график работы циклограмма педагога психолога",40,"работа психологом"
"виды работы педагога психолога в доу",40,"работа психологом"
"какие методики в работе психолога",40,"работа психологом"
"работа психологом в колонии",40,"работа психологом"
"работа психолога с ребенком с тмнр",40,"работа психологом"
"образец согласия на работу с психологом",40,"работа психологом"
"сроки работы с психологом",40,"работа психологом"
"психологические тесты в работе психолога",40,"работа психологом"
"вакансия работы психолога уфа",40,"работа психологом"
"работа психологом в краснодаре вакансии",40,"работа психологом"
"соп семья работа педагога психолога",40,"работа психологом"
"инструментами работы психолога является",40,"работа психологом"
"пример работы психолога с клиентом",40,"работа психологом"
"какие методы используют психологи в работе",39,"работа психологом"
"работа психолога в чрезвычайных ситуациях",39,"работа психологом"
"работа с тревожными детьми психолог",39,"работа психологом"
"режим работы психолог нарколог уфа",39,"работа психологом"
"работа психолога в ппк",39,"работа психологом"
"почему работа психолога важна",39,"работа психологом"
"индивидуальная работа психолога в детском саду",39,"работа психологом"
"половая неприкосновенность работа психолога",39,"работа психологом"
"консультирование психолога в социальной работе",39,"работа психологом"
"направление коррекционной работы педагога психолога",39,"работа психологом"
"работа детский психолог спб",39,"работа психологом"
"дом ребенка работа педагога психолога",39,"работа психологом"
"внедрение единого стандарта работы психолога",39,"работа психологом"
"внедрение единого стандарта работы школьного психолога",39,"работа психологом"
"внедрение стандарта работы школьного психолога",39,"работа психологом"
"единого стандарта работы школьного психолога",39,"работа психологом"
"психиатрия работа психолога",39,"работа психологом"
"оздоровительная работа психолог",39,"работа психологом"
"работа психолога по профилактике экстремизма",39,"работа психологом"
"работа психолога со школьниками",39,"работа психологом"
"план индивидуальной работы психолога доу",39,"работа психологом"
"план работы психолога с учеником",39,"работа психологом"
"психолог про работу смешной",39,"работа психологом"
"план работы психолога по экстремизму",39,"работа психологом"
"психология развития работа психолога",39,"работа психологом"
"работа психолога с ребенком 8 лет",38,"работа психологом"
"работа психологом в балашихе",38,"работа психологом"
"особенности работы психолога в школе",38,"работа психологом"
"диагностическая работа педагога психолога в школе",38,"работа психологом"
"работа психолога в доме интернате",38,"работа психологом"
"работа психологом в тамбове",38,"работа психологом"
"формы работы педагога психолога в школе",38,"работа психологом"
"работа психолога в центре помощи детям",38,"работа психологом"
"работа с первоклассниками психолог",38,"работа психологом"
"особенности работы педагога психолога с детьми",38,"работа психологом"
"профилактика правонарушений работа психолога",38,"работа психологом"
"работа психолога со стрессом",38,"работа психологом"
"устроиться на работу клиническим психологом",38,"работа психологом"
"психолог консультант найти работу",38,"работа психологом"
"методики работы психолога в школе",38,"работа психологом"
"индивидуальный план работы с подростком психолога",38,"работа психологом"
"психосоматика работа психолога",37,"работа психологом"
"нейросеть в работе психолога",37,"работа психологом"
"работа психолога с молодежью",37,"работа психологом"
"работа психологом в иваново вакансии",37,"работа психологом"
"работа психологом раменское",37,"работа психологом"
"работа психолога в пдн",37,"работа психологом"
"работа психолога с детьми соп",37,"работа психологом"
"помогает ли работа с психологом",37,"работа психологом"
"куда можно устроиться на работу психологом",37,"работа психологом"
"буллинг в школе работа психолога",37,"работа психологом"
"онлайн работа психолога с детьми",37,"работа психологом"
"работа психолога с семейной парой",37,"работа психологом"
"психолог необходимое образование для работы",37,"работа психологом"
"индивидуальная работа психолога в коррекционной школе",37,"работа психологом"
"работа детским психологом отзывы",37,"работа психологом"
"психолог онлайн найти работу",37,"работа психологом"
"специфика работы психолога с детьми",37,"работа психологом"
"работа психолога профилактика суицида",37,"работа психологом"
"работа психолога жестокого обращения с детьми",37,"работа психологом"
"стратегия работы психолога с подростками",37,"работа психологом"
"психологическое просвещение в работе педагога психолога",36,"работа психологом"
"работа педагога психолога с 11 классом",36,"работа психологом"
"психолог в чате работа",36,"работа психологом"
"работа психологом в хабаровске",36,"работа психологом"
"работа психолога в росгвардии",36,"работа психологом"
"журнал методической работы психолога",36,"работа психологом"
"психологические техники в работе психолога",36,"работа психологом"
"психологические технологии в работе психолога",36,"работа психологом"
"план работы самообразования педагога психолога",36,"работа психологом"
"примерный план работы психолога",36,"работа психологом"
"работа психолога в центре социального обслуживания",36,"работа психологом"
"план работы классного руководителя с психологом",36,"работа психологом"
"ищу работу психолога в москве",36,"работа психологом"
"психолог работа челны",36,"работа психологом"
"работа психолога в детском лагере",36,"работа психологом"
"курс для психологов работа с овз",36,"работа психологом"
"работа психолога с 10 классом",36,"работа психологом"
"карта психолога работы с ребенком",36,"работа психологом"
"продолжительность работы педагога психолога",36,"работа психологом"
"собеседование психолога при приеме на работу",36,"работа психологом"
"работа психологом в частной клинике",36,"работа психологом"
"организация работы педагога психолога доу",36,"работа психологом"
"коррекционная работа психолога в организации",36,"работа психологом"
"индивидуальный план работы психолога в школе",36,"работа психологом"
"какой режим работы психолога",36,"работа психологом"
"направление работы психолога коррекция поведения",36,"работа психологом"
"нужно ли образование для работы психологом",36,"работа психологом"
"нормативные документы в работе педагога психолога",36,"работа психологом"
"инструментарий в работе психолога",36,"работа психологом"
"результаты работы психолога в доу",36,"работа психологом"
"направление коррекционно развивающей работы психолога",35,"работа психологом"
"психокоррекционная работа педагога психолога",35,"работа психологом"
"работа психолога с трудными жизненными ситуациями",35,"работа психологом"
"работа психологом в питере",35,"работа психологом"
"работа психолога с учащимися группы риска",35,"работа психологом"
"какие документы нужны для работы психологом",35,"работа психологом"
"психолог по работе с тревогой",35,"работа психологом"
"нормы работы психолога в школе",35,"работа психологом"
"приглашаем на работу психологов",35,"работа психологом"
"онлайн платформа работа психологом",35,"работа психологом"
"работа психолога с семейными системами",35,"работа психологом"
"образование для работы психологом в школе",35,"работа психологом"
"нормативы работы педагога психолога",35,"работа психологом"
"видео работы психолога с детьми",35,"работа психологом"
"пример резюме на работу психолога",35,"работа психологом"
"работы психолога с младшими школьниками",35,"работа психологом"
"обучение работа психолога с сво",35,"работа психологом"
"работа психолога с виной",35,"работа психологом"
"формы профилактической работы психолога",35,"работа психологом"
"методы работы психолога школы",35,"работа психологом"
"программы работы педагога психолога на год",35,"работа психологом"
"формы развивающей работы психолога",35,"работа психологом"
"журнал групповых форм работы педагога психолога",35,"работа психологом"
"тестирование у психолога при приеме на работу",35,"работа психологом"
"работа вакансии психолога детского сада",35,"работа психологом"
"принципы работы коррекционного психолога",35,"работа психологом"
"работа с пищевым поведением психолог",35,"работа психологом"
"работа психолога с ветеранами сво",35,"работа психологом"
"работа педагога психолога по результатам спт",35,"работа психологом"
"стадия работы психолога",35,"работа психологом"
"работа педагога психолога с педагогическим коллективом",35,"работа психологом"
"карточки для работы психолога с детьми",35,"работа психологом"
"принцип ответственности в работе психолога",35,"работа психологом"
"журнал учета проведенной работы педагога психолога",35,"работа психологом"
"таро в работе психолога",35,"работа психологом"
"справка о работе психолога с ребенком",35,"работа психологом"
"работа психолога в подготовительной группе",35,"работа психологом"
"оценка эффективности работы психолога",35,"работа психологом"
"план работы педагога психолога по буллингу",34,"работа психологом"
"hh ru работа психолог",34,"работа психологом"
"работа психолога в саду вакансии",34,"работа психологом"
"работа психолога с родителями и воспитателями",34,"работа психологом"
"условия работы психолога в организации",34,"работа психологом"
"методы развивающей работы психолога",34,"работа психологом"
"профилактическая работа психолога доу",34,"работа психологом"
"справка психолога о проделанной работе",34,"работа психологом"
"психолог работа с мак картами",34,"работа психологом"
"план работы психолога с клиентом",34,"работа психологом"
"работа психологом в анапе",34,"работа психологом"
"диагностика в работе школьного психолога",34,"работа психологом"
"психодиагностические методики в работе психолога",34,"работа психологом"
"работа психолога в наркологии",34,"работа психологом"
"формы работы социального психолога",34,"работа психологом"
"работа педагога психолога с семьей доу",34,"работа психологом"
"работа ру вакансия психолог",34,"работа психологом"
"журнал работы психолога с детьми",34,"работа психологом"
"психолог работа с детьми требования",34,"работа психологом"
"работа спб психолог без опыта",34,"работа психологом"
"семаго работа психолога",34,"работа психологом"
"детские страхи работа психолога",34,"работа психологом"
"групповая работа психолога в школе",34,"работа психологом"
"журнал учета групповых форм работы психолога",34,"работа психологом"
"работа психологом в смоленске",34,"работа психологом"
"план работы психолога с семьями соп",34,"работа психологом"
"недостатки работы психологом",34,"работа психологом"
"просветительско профилактическая работа педагога психолога",34,"работа психологом"
"квалификационных требований к работе психолога",34,"работа психологом"
"коррекционная работа практического психолога",33,"работа психологом"
"групповая коррекционно развивающая работа психолога",33,"работа психологом"
"тесты психологов при поступлении на работу",33,"работа психологом"
"работа психолога в летнем лагере",33,"работа психологом"
"психодиагностическая работа практического психолога",33,"работа психологом"
"меняю работу советы психолога",33,"работа психологом"
"коррекционная работа психолога особенности",33,"работа психологом"
"работа психологом в чебоксарах",33,"работа психологом"
"организация работы психолога практика",33,"работа психологом"
"психолог работа с детьми школьного возраста",33,"работа психологом"
"работа психологом мытищи",33,"работа психологом"
"работа детский психолог москва",33,"работа психологом"
"профилактическая работа в деятельности психолога",33,"работа психологом"
"цель работы психолога с семьей",33,"работа психологом"
"цель коррекционной работы психолога",33,"работа психологом"
"поиск работы педагог психолог",33,"работа психологом"
"организационно методическая работа психолога доу",33,"работа психологом"
"работа психолога планы отчеты",33,"работа психологом"
"работа психологом за границей",33,"работа психологом"
"принципы работы практического психолога",33,"работа психологом"
"реабилитационный центр работа психолога с детьми",33,"работа психологом"
"резюме психолога для устройства на работу пример",33,"работа психологом"
"нарколог психолог при устройстве на работу",33,"работа психологом"
"формы работы психолога с учащимися",33,"работа психологом"
"контракт работы с психологом",33,"работа психологом"
"работа психологом пятигорск",33,"работа психологом"
"работа психолога в старшей группе",33,"работа психологом"
"работа психолог службы сопровождения",33,"работа психологом"
"тренинг в работе педагога психолога",32,"работа психологом"
"выбор методов работы психолога",32,"работа психологом"
"работа психологом не нравится",32,"работа психологом"
"найти работу психолога удаленно",32,"работа психологом"
"темы дипломных работ психологов",32,"работа психологом"
"1 планирование работы психолога",32,"работа психологом"
"методические пособия для работы психолога",32,"работа психологом"
"работа психолога с семьей подростка",32,"работа психологом"
"работа психолога в общеобразовательной школе",32,"работа психологом"
"характеристика с места работы педагога психолога",32,"работа психологом"
"задачи коррекционной работы психолога",32,"работа психологом"
"какие требования для работы психологом",32,"работа психологом"
"работа психолога с детьми сиротами",32,"работа психологом"
"работа психологом в туапсе",32,"работа психологом"
"анализ консультативной работы психолога",32,"работа психологом"
"работа педагога психолога реабилитационного центра",32,"работа психологом"
"принципы работы психолога консультанта",32,"работа психологом"
"преимущество работы психологом",32,"работа психологом"
"годовой отчет работы психолога",32,"работа психологом"
"профессиональная этика в работе клинического психолога",32,"работа психологом"
"применение в работе психолога педагога",32,"работа психологом"
"работа психолога с ребенком дцп",32,"работа психологом"
"прл работа с психологом",32,"работа психологом"
"алгоритм работы психолога с детьми",32,"работа психологом"
"авторская работа психолога",31,"работа психологом"
"комментарий работе психологов",31,"работа психологом"
"работа с родом психолог",31,"работа психологом"
"формы практической работы психолога",31,"работа психологом"
"работа психологом в архангельске",31,"работа психологом"
"методы работы психолога подростками",31,"работа психологом"
"адаптация в доу работа психолога",31,"работа психологом"
"вина чувство вины работа психолога",31,"работа психологом"
"работа психолога с безработными",31,"работа психологом"
"работы философов и психологов",31,"работа психологом"
"педагог психолог работа в иркутске",31,"работа психологом"
"коррекционная работа психолога с подростком",31,"работа психологом"
"работа психолога тобольск",31,"работа психологом"
"план работы групп риска психолог школа",31,"работа психологом"
"найти работу психологом без опыта работы",31,"работа психологом"
"арт терапевтические техники в работе психолога",31,"работа психологом"
"психолог работа в центре развития",31,"работа психологом"
"работа психолога с заиканием",31,"работа психологом"
"педагог психолог самара работа",31,"работа психологом"
"формы работы педагога психолога с обучающимися",31,"работа психологом"
"особенности работы психолога с клиентом",31,"работа психологом"
"условия работы психолога в образовании",31,"работа психологом"
"работа психолог нижнекамск",31,"работа психологом"
"заполнение психологом журнал работы",31,"работа психологом"
"особенности работы педагога психолога в школе",31,"работа психологом"
"план работы психолога с ребенком инвалидом",31,"работа психологом"
"программы коррекционно развивающей работы психолога доу",31,"работа психологом"
"книги работа психолога в школе",31,"работа психологом"
"направления и формы работы психолога",31,"работа психологом"
"актуальность работы психолога",31,"работа психологом"
"методы и технологии работы психолога",31,"работа психологом"
"план работы педагога психолога в детском доме",31,"работа психологом"
"групповые методы работы психологов",31,"работа психологом"
"школьный психолог методики работы",31,"работа психологом"
"работа педагогом психологом в краснодаре",31,"работа психологом"
"работа психолога петрозаводск",30,"работа психологом"
"работа психолога цитаты",30,"работа психологом"
"этические дилеммы в работе психолога",30,"работа психологом"
"аналитическая справка о работе педагога психолога",30,"работа психологом"
"работа психологом в тюрьме",30,"работа психологом"
"работа дет психолога",30,"работа психологом"
"дневник работы с психологом",30,"работа психологом"
"направления работы практического психолога",30,"работа психологом"
"план работы психолога на день",30,"работа психологом"
"кружковая работа психолога",30,"работа психологом"
"организация коррекционно развивающей работы педагогом психологом",30,"работа психологом"
"методики работы практического психолога",30,"работа психологом"
"работа психолога с самоповреждающим поведением",30,"работа психологом"
"план работы социального психолога год",30,"работа психологом"
"клинический психолог работа в больнице",30,"работа психологом"
"вода в работе психолога",30,"работа психологом"
"психологи как вам ваша работа",30,"работа психологом"
"практическая работа клинического психолога",30,"работа психологом"
"эмпатия в работе психолога",30,"работа психологом"
"работа психологом в белгороде",30,"работа психологом"
"особенности работы клинического психолога",30,"работа психологом"
"психолог работа стажировка",30,"работа психологом"
"найти работа с детьми психолог",30,"работа психологом"
"работа стажером психолога",30,"работа психологом"
"отчет работы психолога с группой риска",30,"работа психологом"
"детский психолог методики работы",30,"работа психологом"
"профориентационная работа педагога психолога",30,"работа психологом"
"работа в новом коллективе советы психолога",30,"работа психологом"
"психолог работа с созависимыми",30,"работа психологом"
"методы коррекционно развивающей работы психолога",30,"работа психологом"
"самоанализ работы психолога",30,"работа психологом"
"отзыв о работе психолога от клиента",30,"работа психологом"
"методы работы психологом применяемые",30,"работа психологом"
"просветительской работы психолога в школе",29,"работа психологом"
"работа психолога в инклюзивном образовании",29,"работа психологом"
"работа педагога психолога в кургане",29,"работа психологом"
"работа педагога психолога в лагере",29,"работа психологом"
"работа психолога с одаренными детьми в школе",29,"работа психологом"
"как оценить работу психолога",29,"работа психологом"
"экспертная работа педагога психолога в школе",29,"работа психологом"
"направления работы психолога с родителями",29,"работа психологом"
"техники работы с подростком психолога",29,"работа психологом"
"работа клиническим психологом в москве вакансии",29,"работа психологом"
"работа педагога психолога с администрацией",29,"работа психологом"
"основные сферы работы психолога",29,"работа психологом"
"работа психолога с раздражительностью",29,"работа психологом"
"8 вид работа психолога",29,"работа психологом"
"работа вахтовый психолог",29,"работа психологом"
"работа педагог психолог екатеринбург",29,"работа психологом"
"работа психологом в школу детский сад",29,"работа психологом"
"тесты психолога на работу мчс",29,"работа психологом"
"работа психологом в твери",29,"работа психологом"
"работа психолога с тиками",29,"работа психологом"
"план работы психолога по профилактике терроризма",29,"работа психологом"
"план индивидуальной профилактической работы педагога психолога",29,"работа психологом"
"основные направления работы психолога в школе",29,"работа психологом"
"отчет работа психолога с детьми овз",29,"работа психологом"
"работа психологом дзержинске",29,"работа психологом"
"суицидальные мысли работа психолога",29,"работа психологом"
"упражнения для работы с ребенком психологу",29,"работа психологом"
"режим работы педагога психолога школы",29,"работа психологом"
"работа психологом в кризисный центр",29,"работа психологом"
"работа психологом во владивостоке",29,"работа психологом"
"работа психолога с беременными женщинами",29,"работа психологом"
"наркомания психолог работа",29,"работа психологом"
"работа психолога в госпитале",29,"работа психологом"
"как выбрать психологу направление работы",29,"работа психологом"
"детский психолог без опыта работы",28,"работа психологом"
"работа психолога по направлению профилактике",28,"работа психологом"
"основные задачи работы педагога психолога",28,"работа психологом"
"психолог при приеме на работу мвд",28,"работа психологом"
"какие условия для работы психологом",28,"работа психологом"
"фсб работа психологом",28,"работа психологом"
"школьный психолог особенности работы",28,"работа психологом"
"работа клинического психолога с пациентом",28,"работа психологом"
"психологическая профилактика в работе педагога психолога",28,"работа психологом"
"работа педагог психолог санкт петербург",28,"работа психологом"
"работа детским психологом онлайн",28,"работа психологом"
"работа психолога с инклюзивным ребенком",28,"работа психологом"
"психологические игры в работе психолога",28,"работа психологом"
"работа телесным психологом",28,"работа психологом"
"работа психологом в государственном учреждении",28,"работа психологом"
"работа психолога псков",28,"работа психологом"
"работа психолога рассказ",28,"работа психологом"
"методы работы психолога доу",28,"работа психологом"
"для профессиональной работы психологу необходимо",28,"работа психологом"
"работа психологом в тюмени вакансии",28,"работа психологом"
"работа психологом на горячей линии",28,"работа психологом"
"правда о работе психолога",28,"работа психологом"
"работа психологом набережные челны",28,"работа психологом"
"психолог работа с подсознанием",28,"работа психологом"
"профилактика пав работа психолога",28,"работа психологом"
"работа психолога с гневом",28,"работа психологом"
"положение о работе психолога в школе",28,"работа психологом"
"формы работы психолога образования",28,"работа психологом"
"темы курсовой работы психолога",28,"работа психологом"
"работа психолог север",28,"работа психологом"
"коррекционная работа психолога с группой риска",28,"работа психологом"
"лицензия для работы психологом",28,"работа психологом"
"работа психолога с педагогами книга",28,"работа психологом"
"реклама работы психолога",28,"работа психологом"
"непосредственная работа педагога психолога",27,"работа психологом"
"работа психолога реферат",27,"работа психологом"
"работа психолога с ребенком 9 лет",27,"работа психологом"
"коррекционно развивающая деятельность в работе психолога",27,"работа психологом"
"научно исследовательская работа психолога",27,"работа психологом"
"работы психолога юнга",27,"работа психологом"
"прохождение психолога при устройстве на работу",27,"работа психологом"
"работа психолога в школе обязанности",27,"работа психологом"
"работа психолога с онкобольными",27,"работа психологом"
"найти работу военный психолог",27,"работа психологом"
"работа психолога с воспитателями доу",27,"работа психологом"
"работа вакансия образование психолог",27,"работа психологом"
"арт терапия в работе педагога психолога",27,"работа психологом"
"эффективные формы работы педагога психолога",27,"работа психологом"
"работа психолога с неуверенностью",27,"работа психологом"
"сказка в работе психолога",27,"работа психологом"
"работа психологов с родителями коррекционной",27,"работа психологом"
"коррекционно развивающее направление работы педагога психолога",27,"работа психологом"
"работа психологом в школе форум",27,"работа психологом"
"работа психолога симс 4",27,"работа психологом"
"работа психолога центра занятости",27,"работа психологом"
"работа педагога психолога с неблагополучной семьей",27,"работа психологом"
"совместная работа психолога логопеда",27,"работа психологом"
"модели работы педагога психолога",27,"работа психологом"
"работа психологом в саду отзывы",27,"работа психологом"
"работа психолог саранск",27,"работа психологом"
"вопросы психолога при поступлении на работу",27,"работа психологом"
"работа педагога психолога в инклюзивном образовании",27,"работа психологом"
"основные направления работы психолога в организации",27,"работа психологом"
"работа психолога с выпускниками",27,"работа психологом"
"работа педагог психолог иваново",27,"работа психологом"
"работа психолога с зпр в школе",27,"работа психологом"
"шизофрения работа психолога",27,"работа психологом"