phrase,frequency,seed
"соперничество",172267,"соперничество"
"соперничество",172267,"соперничество"
"жарки соперничества",112427,"соперничество"
"жаркого соперничества",112346,"соперничество"
"жаркое соперничество",112346,"соперничество"
"соперничество сериал",48734,"соперничество"
"дружеское соперничество",41534,"соперничество"
"жаркое соперничество сериал",39651,"соперничество"
"сериал жаркого соперничества",39651,"соперничество"
"смотреть соперничество",35927,"соперничество"
"жарок соперничество смотреть",29341,"соперничество"
"жаркого соперничества смотреть",29337,"соперничество"
"жаркое соперничество смотреть",29337,"соперничество"
"соперничество 2025",21548,"соперничество"
"соперничество сериал 2025",21192,"соперничество"
"серии жаркого соперничества",21156,"соперничество"
"соперничество дорама",18038,"соперничество"
"дружеское соперничество дорам",16986,"соперничество"
"дружеское соперничество дорама",16975,"соперничество"
"жаркое соперничество 2025",15530,"соперничество"
"жаркое соперничество сериал с 2025",13612,"соперничество"
"жаркое соперничество сериал с 2025 г",13471,"соперничество"
"смотреть сериал соперничество",11769,"соперничество"
"русское соперничество",11390,"соперничество"
"жаркое соперничество сезоны",11219,"соперничество"
"жаркое соперничество сериал смотреть",10993,"соперничество"
"сериал жаркого соперничество смотреть",10993,"соперничество"
"соперничество смотреть онлайн",9922,"соперничество"
"соперничество 1",9775,"соперничество"
"соперничество 2",9407,"соперничество"
"жаркое соперничество онлайн",8924,"соперничество"
"жаркое соперничество смотреть онлайн",8476,"соперничество"
"соперничество 1 серия",8206,"соперничество"
"жаркое соперничество на русском",7586,"соперничество"
"дружеское соперничество сериал",7264,"соперничество"
"соперничество смотреть бесплатно",6572,"соперничество"
"соперничество актеры",6505,"соперничество"
"русское соперничество смотреть",6350,"соперничество"
"жаркое соперничество 2",6260,"соперничество"
"дружеское соперничество 2025",5978,"соперничество"
"жаркое соперничество 1",5898,"соперничество"
"дружеское соперничество 2025 сериал",5870,"соперничество"
"жаркое соперничество сериал сезон",5775,"соперничество"
"жаркое соперничество бесплатно",5764,"соперничество"
"смотреть дружеское соперничество",5454,"соперничество"
"соперничество смотреть онлайн бесплатно",5439,"соперничество"
"жаркое соперничество смотреть бесплатно",5272,"соперничество"
"соперничество сериал смотреть онлайн",5231,"соперничество"
"жаркое соперничество сериал онлайн",5074,"соперничество"
"жаркое соперничество сериал смотреть онлайн",5057,"соперничество"
"соперничество книга",4964,"соперничество"
"1 серия жаркого соперничества",4924,"соперничество"
"жаркое соперничество 1 серия",4924,"соперничество"
"жаркое соперничество книга",4650,"соперничество"
"жаркое соперничество субтитры",4627,"соперничество"
"актеры жаркого соперничества",4585,"соперничество"
"жаркое соперничество актеры",4585,"соперничество"
"жаркое соперничество сезоны и серии",4517,"соперничество"
"смотреть жаркое соперничество на русском",4472,"соперничество"
"жаркое соперничество онлайн бесплатно",4457,"соперничество"
"жаркое соперничество смотреть онлайн бесплатно",4325,"соперничество"
"жаркое соперничество сериал сезоны и серии",4316,"соперничество"
"хорошее соперничество",4176,"соперничество"
"дорама соперничество смотреть",4147,"соперничество"
"жаркое соперничество отзывы",4093,"соперничество"
"дружеское соперничество дорама смотреть",4021,"соперничество"
"смотреть дорам дружеское соперничество",4021,"соперничество"
"жаркое соперничество сериал отзывы",3985,"соперничество"
"жаркое соперничество сериал 2025 отзывы",3866,"соперничество"
"жаркое соперничество сериал с 2025 г отзывы",3863,"соперничество"
"качество соперничества",3480,"соперничество"
"2 сезон жаркого соперничества",3443,"соперничество"
"жаркое соперничество 2 сезон",3443,"соперничество"
"жаркое соперничество сериал бесплатно",3413,"соперничество"
"соперничество 5",3368,"соперничество"
"соперничество 4",3354,"соперничество"
"дружеское соперничество 1",3321,"соперничество"
"смотреть бесплатно сериал жаркое соперничество",3255,"соперничество"
"дружеское соперничество 1 серия",3058,"соперничество"
"соперничество 3",3048,"соперничество"
"жаркое соперничество 1 сезон",2949,"соперничество"
"жаркое соперничество сериал актеры",2884,"соперничество"
"жаркое соперничество сериал онлайн бесплатно",2825,"соперничество"
"жаркое соперничество сериал смотреть онлайн бесплатно",2817,"соперничество"
"жаркое соперничество сериал на русском",2788,"соперничество"
"жаркое соперничество хорошее качество",2762,"соперничество"
"соперничество фильм",2710,"соперничество"
"жаркое соперничество 2 серия",2690,"соперничество"
"соперничество 4 серия",2646,"соперничество"
"жаркое соперничество смотреть в хорошем качестве",2623,"соперничество"
"жаркое соперничество 2025 актеры",2621,"соперничество"
"жаркое соперничество сериал 2025 актеры",2618,"соперничество"
"жаркое соперничество озвучка",2617,"соперничество"
"жаркое соперничество 5",2617,"соперничество"
"жаркое соперничество сериал с 2025 г актеры",2615,"соперничество"
"дружеское соперничество 2",2593,"соперничество"
"жаркое соперничество смотреть онлайн в хорошем качестве",2425,"соперничество"
"жарка соперничество 5 серия",2366,"соперничество"
"5 серия жаркого соперничества",2356,"соперничество"
"жаркое соперничество 5 серия",2356,"соперничество"
"жаркое соперничество 1 сезон 1 серия",2261,"соперничество"
"соперничество 6",2235,"соперничество"
"суть соперничества",2233,"соперничество"
"жарка соперничество 4",2149,"соперничество"
"жаркое соперничество 4",2142,"соперничество"
"жаркое соперничество 3",2133,"соперничество"
"жаркое соперничество видео",2129,"соперничество"
"дружеское соперничество 1 сезон",2052,"соперничество"
"жаркое соперничество фильм",2048,"соперничество"
"жаркое соперничество 2025 смотреть",2012,"соперничество"
"соперничество москвы",1979,"соперничество"
"какое соперничество",1957,"соперничество"
"сериал соперничество 2025 смотреть",1941,"соперничество"
"соперничество футбольных клубов",1933,"соперничество"
"жаркое соперничество сериал смотреть 2025",1910,"соперничество"
"4 серия жаркого соперничества",1900,"соперничество"
"жаркое соперничество 4 серия",1900,"соперничество"
"соперничество читать",1900,"соперничество"
"3 серия жаркого соперничества",1888,"соперничество"
"жаркое соперничество 3 серия",1888,"соперничество"
"жаркое соперничество сериал смотреть на русском",1885,"соперничество"
"соперничество смотреть онлайн 2025",1884,"соперничество"
"скачать соперничество",1870,"соперничество"
"дружеское соперничество 1 сезон 1 серия",1869,"соперничество"
"жаркое соперничество 2025 онлайн",1856,"соперничество"
"жаркое соперничество 2025 смотреть онлайн",1851,"соперничество"
"жаркое соперничество на русском бесплатно",1848,"соперничество"
"дружеское соперничество 2 сезон",1837,"соперничество"
"горячее соперничество",1812,"соперничество"
"дружеское соперничество актеры",1787,"соперничество"
"соперничество сериал 2025 смотреть онлайн",1779,"соперничество"
"жаркое соперничество смотреть с субтитрами",1773,"соперничество"
"жаркое соперничество сериал 2025 смотреть онлайн",1764,"соперничество"
"жаркое соперничество сколько",1716,"соперничество"
"жаркое соперничество читать",1667,"соперничество"
"жаркое соперничество 6",1650,"соперничество"
"смотреть жаркое соперничество на русском бесплатно",1587,"соперничество"
"жаркое соперничество сериал 1",1517,"соперничество"
"жаркое соперничество скачать",1515,"соперничество"
"про соперничество",1480,"соперничество"
"6 серия жаркого соперничества",1465,"соперничество"
"жаркое соперничество 6 серия",1465,"соперничество"
"лакорн соперничество",1362,"соперничество"
"жаркое соперничество сериал субтитры",1354,"соперничество"
"жаркое соперничество смотреть онлайн на русском",1327,"соперничество"
"жаркое соперничество на русском языке",1308,"соперничество"
"жаркое соперничество все серии",1297,"соперничество"
"история соперничества",1288,"соперничество"
"жаркое соперничество сколько серий",1210,"соперничество"
"сколько серий жаркого соперничества",1210,"соперничество"
"русское соперничество дорама",1187,"соперничество"
"жаркое соперничество русские субтитры",1185,"соперничество"
"дружеское соперничество онлайн",1183,"соперничество"
"дружеское соперничество смотреть онлайн",1181,"соперничество"
"соперничество между",1172,"соперничество"
"жаркое соперничество русская озвучка",1168,"соперничество"
"соперничество на английском",1165,"соперничество"
"дружеское соперничество бесплатно",1153,"соперничество"
"жаркое соперничество смотреть 1",1141,"соперничество"
"дружеское соперничество смотреть бесплатно",1123,"соперничество"
"жаркое соперничество сериал 1 серия",1121,"соперничество"
"дружеский соперничества дорама сезон",1083,"соперничество"
"жаркое соперничество смотреть онлайн на русском бесплатно",1082,"соперничество"
"жаркое соперничество на английском",1068,"соперничество"
"актеры сериала дружеское соперничество",1064,"соперничество"
"жаркое соперничество сериал 2",1059,"соперничество"
"дружеское соперничество сериал 2025 актеры",1054,"соперничество"
"соперничество москвы и санкт петербурга",1053,"соперничество"
"бесплатно дорама дружеское соперничество",1028,"соперничество"
"жаркое соперничество bldub",1023,"соперничество"
"дружеское соперничество смотреть онлайн бесплатно",1020,"соперничество"
"жаркое соперничество смотреть русский язык",1015,"соперничество"
"дружеское соперничество дорама онлайн",1012,"соперничество"
"дружеское соперничество дорама смотреть онлайн",1012,"соперничество"
"жаркое соперничество сцены",1008,"соперничество"
"дружеское соперничество дорама смотреть бесплатно",1008,"соперничество"
"дорама дружеское соперничество 1",992,"соперничество"
"жаркое соперничество лакорн",989,"соперничество"
"жаркое соперничество 1 серия смотреть",968,"соперничество"
"соперничество зенита и спартака",956,"соперничество"
"жаркое соперничество 1 серия на русском",956,"соперничество"
"сотрудничество соперничество",955,"соперничество"
"дорама дружеское соперничество смотреть онлайн бесплатно",953,"соперничество"
"соперничество футбольных клубов зенит и спартак",951,"соперничество"
"сериал жаркое соперничество 1 сезон",945,"соперничество"
"жаркое соперничество серии субтитры",922,"соперничество"
"жаркое соперничество когда вышел",917,"соперничество"
"соперничество дорама русская озвучка",906,"соперничество"
"дружеское соперничество дорама 1 серия",905,"соперничество"
"смотреть сериал жаркое соперничество на русском бесплатно",902,"соперничество"
"дружеское соперничество сериал 2025 сезоны и серии",900,"соперничество"
"жарке соперничество",882,"соперничество"
"жаркое соперничество озвучка bldub",877,"соперничество"
"дружеское соперничество 2 серия",876,"соперничество"
"дружеское соперничество озвучки",875,"соперничество"
"жаркое соперничество смотреть все серии",865,"соперничество"
"дружеское соперничество сериал 1",852,"соперничество"
"дружеское соперничество сериал 1 сезон",833,"соперничество"
"дружеское соперничество суть",833,"соперничество"
"жаркое соперничество на русском языке бесплатно",817,"соперничество"
"дружеское соперничество сколько",809,"соперничество"
"дружеское соперничество дорама 2",802,"соперничество"
"жаркое соперничество похожие",801,"соперничество"
"жаркое соперничество книга читать",798,"соперничество"
"жаркое соперничество смотреть 2",795,"соперничество"
"смотреть дораму русское соперничество",794,"соперничество"
"дружеское соперничество сериал 1 серия",787,"соперничество"
"дружеское соперничество отзыв",787,"соперничество"
"дружеское соперничество 4",780,"соперничество"
"соперничество компромисс",779,"соперничество"
"дорама дружеское соперничество озвучки",776,"соперничество"
"дружеское соперничество сериал отзывы",772,"соперничество"
"дружеское соперничество 2025 сериал отзывы",770,"соперничество"
"жаркое соперничество суть",763,"соперничество"
"горячее соперничество сериал",758,"соперничество"
"соперничество 7",743,"соперничество"
"смотреть фильм соперничество",742,"соперничество"
"другое соперничество",723,"соперничество"
"дружеское соперничество русская озвучка",699,"соперничество"
"дружеское соперничество 4 серия",696,"соперничество"
"стратегия соперничество",686,"соперничество"
"жаркое соперничество на русском все серии",680,"соперничество"
"смотреть фильм жаркое соперничество",676,"соперничество"
"дружеское соперничество сколько серий",669,"соперничество"
"соперничество в конфликте",666,"соперничество"
"жаркое соперничество сериал смотреть онлайн на русском",662,"соперничество"
"соперничество людей",656,"соперничество"
"дружеское соперничество дорама русская озвучка",653,"соперничество"
"когда выйдет жаркое соперничество 2",648,"соперничество"
"соперничество 9",645,"соперничество"
"жаркое соперничество книга скачать",636,"соперничество"
"жаркое соперничество даты",634,"соперничество"
"когда выйдет 2 сезон жаркого соперничества",633,"соперничество"
"когда выйдет 2 сезон жаркое соперничество",633,"соперничество"
"смотреть жаркое соперничество на русском все серии",631,"соперничество"
"дружеское соперничество seonuiui gyeongjaeng",626,"соперничество"
"жаркое соперничество сериал смотреть с субтитрами",622,"соперничество"
"дружеское соперничество все серии",622,"соперничество"
"соперничество 8",620,"соперничество"
"дружеское соперничество хорошем качестве",618,"соперничество"
"хорошее соперничество дорама",618,"соперничество"
"жаркое соперничество видео от pop corn",615,"соперничество"
"жаркое соперничество выход",611,"соперничество"
"конкуренция соперничество",609,"соперничество"
"жаркое соперничество сериал на русском языке",607,"соперничество"
"дружеское соперничество 3",606,"соперничество"
"жаркое соперничество смотреть озвучкой",605,"соперничество"
"сериал жаркое соперничество 2 сезон",602,"соперничество"
"соперничество 10",597,"соперничество"
"жаркое соперничество сериал 5",594,"соперничество"
"дружеское соперничество дорама с русской",593,"соперничество"
"дата выхода жаркого соперничества",590,"соперничество"
"жаркое соперничество дата выхода",590,"соперничество"
"жаркое соперничество илья",586,"соперничество"
"дружеское соперничество 9",585,"соперничество"
"смотреть жаркое соперничество 5",585,"соперничество"
"жаркое соперничество оригинал",585,"соперничество"
"жаркое соперничество сериал 1 сезон 1 серия",584,"соперничество"
"соперничество сотрудничество компромисс",583,"соперничество"
"жаркое соперничество сколько сезонов",580,"соперничество"
"смотреть дораму соперничество с русской озвучкой",580,"соперничество"
"дружеское соперничество смотреть в хорошем качестве",573,"соперничество"
"жаркое соперничество сериал 5 серия",570,"соперничество"
"соперничество субъектов",566,"соперничество"
"жаркое соперничество смотреть на английском",551,"соперничество"
"жаркое соперничество смотреть 5 серия",550,"соперничество"
"смотреть 5 серию жаркого соперничества",550,"соперничество"
"дружеское соперничество смотреть озвучка",546,"соперничество"
"дружеское соперничество дорама в хорошем качестве",545,"соперничество"
"дружеское соперничество 3 серия",545,"соперничество"
"дружеское соперничество 9 серия",543,"соперничество"
"дружеское соперничество 10",541,"соперничество"
"жаркое соперничество 2 на русском",536,"соперничество"
"соперничество приспособление",536,"соперничество"
"соперничество лакорн русская озвучка",535,"соперничество"
"дорама дружеское соперничество смотреть смотреть озвучкой",534,"соперничество"
"жаркое соперничество 2 сезон дата",534,"соперничество"
"дружеское соперничество дорама смотреть хорошее качество",529,"соперничество"
"жаркое соперничество сериал 2 серия",528,"соперничество"
"дружеское соперничество 8",528,"соперничество"
"жаркое соперничество 2 сезон 2 серия",527,"соперничество"
"жаркое соперничество трейлер",525,"соперничество"
"смотреть лакорн соперничество",524,"соперничество"
"секс соперничество",521,"соперничество"
"соперничество на рынке",520,"соперничество"
"жаркое соперничество книга на русском",516,"соперничество"
"соперничество рейчел рид",514,"соперничество"
"жаркое соперничество рейчел",512,"соперничество"
"соперничество хозяйствующих субъектов",511,"соперничество"
"дружеское соперничество смотреть русская озвучка",511,"соперничество"
"жаркое соперничество 5 на русском",510,"соперничество"
"жаркое соперничество 2 дата выхода",509,"соперничество"
"личное соперничество",508,"соперничество"
"дружеское соперничество дорама 2 сезон",508,"соперничество"
"выход 2 сезона жаркого соперничества",507,"соперничество"
"выход 2 сезона жаркое соперничество",507,"соперничество"
"игры соперничество",506,"соперничество"
"жаркое соперничество 4 смотреть",505,"соперничество"
"5 серия жаркого соперничества на русском",504,"соперничество"
"жаркое соперничество 5 серия на русском",504,"соперничество"
"дружеское соперничество 10 серия",502,"соперничество"
"дата выхода 2 сезона жаркого соперничества",501,"соперничество"
"жаркое соперничество 2 сезон дата выхода",501,"соперничество"
"дружеское соперничество 5",501,"соперничество"
"смотреть дораму дружеское соперничество с русской озвучкой",498,"соперничество"
"жаркого соперничества смотреть 2 серия",497,"соперничество"
"жаркое соперничество 2 серия смотреть",497,"соперничество"
"рейчел рид жаркое соперничество",496,"соперничество"
"дружеское соперничество 8 серия",496,"соперничество"
"одностороннее соперничество",494,"соперничество"
"жаркое соперничество 1 сезон смотреть",494,"соперничество"
"жаркое соперничество песни",490,"соперничество"
"жаркое соперничество смотреть 4 серия",487,"соперничество"
"жаркое соперничество смотреть 3",485,"соперничество"
"играть соперничество",478,"соперничество"
"жаркое соперничество 1 серия озвучка",476,"соперничество"
"избегание соперничество",472,"соперничество"
"жаркое соперничество 2025 1",467,"соперничество"
"соперничество хозяйствующих субъектов при котором самостоятельными",467,"соперничество"
"смотреть жаркое соперничество 3 серия",464,"соперничество"
"сотрудничество соперничество конфликт",463,"соперничество"
"жаркое соперничество 2 серия на русском",463,"соперничество"
"дружеское соперничество 5 серия",462,"соперничество"
"смотреть жаркое соперничество с русскими субтитрами",460,"соперничество"
"жаркое соперничество 2 сезон 1",452,"соперничество"
"жаркое соперничество сериал видео",448,"соперничество"
"стратегия конфликта соперничество",448,"соперничество"
"жаркое соперничество купить",447,"соперничество"
"жаркое соперничество сериал 4",446,"соперничество"
"жаркое соперничество 1 серия 2",441,"соперничество"
"соперничество 12",438,"соперничество"
"соперничество в отеле",437,"соперничество"
"дружеское соперничество когда вышла",430,"соперничество"
"жаркое соперничество 1 сезон 2 серия",430,"соперничество"
"горячее соперничество смотреть",429,"соперничество"
"жаркое соперничество смотреть онлайн с субтитрами",427,"соперничество"
"жаркое соперничество сериал 4 серия",427,"соперничество"
"дружеское соперничество 6",427,"соперничество"
"жаркое соперничество сериал 3",423,"соперничество"
"дружеское соперничество дорама 1 сезон",421,"соперничество"
"жаркое соперничество лакорн озвучка",421,"соперничество"
"смотреть жаркое соперничество на русском 1",417,"соперничество"
"жаркое соперничество лакорн с русской озвучкой",417,"соперничество"
"жаркое соперничество секс",415,"соперничество"
"жаркое соперничество 1 сезон 2025",415,"соперничество"
"жаркое соперничество сериал сколько",414,"соперничество"
"дружеское соперничество дата",411,"соперничество"
"лакорн жаркое соперничество смотреть",406,"соперничество"
"жаркое соперничество 1 сезон на русском",402,"соперничество"
"дружеское соперничество 6 серия",399,"соперничество"
"жаркое соперничество коттедж",399,"соперничество"
"дружеское соперничество дорама сколько",399,"соперничество"
"жаркое соперничество телеграмм",396,"соперничество"
"дружеское соперничество 12",395,"соперничество"
"жаркое соперничество смотреть 6",395,"соперничество"
"жаркое соперничество смотреть 1 серия на русском",392,"соперничество"
"6 серия сериала соперничество",390,"соперничество"
"порно соперничество",389,"соперничество"
"соперничество 11",385,"соперничество"
"жаркое соперничество книга купить",384,"соперничество"
"конфликт соперничество сотрудничество компромисс",383,"соперничество"
"жаркое соперничество сериал 3 серия",382,"соперничество"
"жаркое соперничество все серии подряд",381,"соперничество"
"смотреть 6 серию жаркого соперничества",376,"соперничество"
"смотреть жаркое соперничество 6 серия",376,"соперничество"
"дружеское соперничество 2 сезон дата",376,"соперничество"
"жаркое соперничество 4 серия на русском",376,"соперничество"
"жаркое соперничество геи",369,"соперничество"
"жаркое соперничество розанов",366,"соперничество"
"дружеское соперничество дорама все серии",365,"соперничество"
"жаркое соперничество 1 сезон 1 серия смотреть",364,"соперничество"
"горячее соперничество сериал смотреть",363,"соперничество"
"тип соперничества",362,"соперничество"
"русское соперничество 6 серия",362,"соперничество"
"компромисс соперничество избегание",360,"соперничество"
"дружеское соперничество выходы",360,"соперничество"
"сериал про соперничество",359,"соперничество"
"дружеское соперничество дата выхода",359,"соперничество"
"дружеское соперничество 12 серия",359,"соперничество"
"телеграмм жаркое соперничество коттедж",352,"соперничество"
"дружеское соперничество дорама 1 серия 1 сезон",352,"соперничество"
"соперничество 13",352,"соперничество"
"суть дорамы дружеское соперничество",352,"соперничество"
"термин соперничество",351,"соперничество"
"дружеское соперничество 7",350,"соперничество"
"поведение в конфликте соперничество",347,"соперничество"
"варианты соперничества",347,"соперничество"
"соперничество 18",346,"соперничество"
"соперничество стратегии поведения",346,"соперничество"
"дружеское соперничество софтбокс",345,"соперничество"
"жаркое соперничество лука",345,"соперничество"
"жаркое соперничество сериал сколько серий",343,"соперничество"
"жаркое соперничество сериал смотреть 1",340,"соперничество"
"дружеское соперничество 11",339,"соперничество"
"жаркое соперничество читать онлайн",338,"соперничество"
"смотреть жаркое соперничество 2 сезон",338,"соперничество"
"дружеское соперничество ю",332,"соперничество"
"жаркое соперничество вк",331,"соперничество"
"дружеское соперничество дата выхода 2 сезона",331,"соперничество"
"жаркое соперничество сериал озвучка",330,"соперничество"
"дружеское соперничество 13",330,"соперничество"
"жаркое соперничество сериал на английском",329,"соперничество"
"соперничество в отеле дорама",329,"соперничество"
"шейн жаркое соперничество",326,"соперничество"
"жаркое соперничество на английском с субтитрами",325,"соперничество"
"соперничество 11 серия",325,"соперничество"
"жаркое соперничество смотреть с русской озвучкой",323,"соперничество"
"жаркое соперничество 7",322,"соперничество"
"джеи дружеское соперничество",321,"соперничество"
"дружеское соперничество 7 серия",321,"соперничество"
"дружеское соперничество смотреть 1",320,"соперничество"
"книги по жаркому соперничеству",320,"соперничество"
"избегание приспособление соперничество",319,"соперничество"
"жаркое соперничество сериал все серии",318,"соперничество"
"жаркое соперничество сериал 6",318,"соперничество"
"жесткое соперничество",315,"соперничество"
"сериал жаркое соперничество скачать",313,"соперничество"
"жаркое соперничество моменты",313,"соперничество"
"дорама дружеское соперничество 2 серия",311,"соперничество"
"дружеское соперничество 11 серия",308,"соперничество"
"дружеское соперничество 1 серия смотреть",308,"соперничество"
"жаркое соперничество читать на русском",307,"соперничество"
"любовь соперничество",307,"соперничество"
"дружеское соперничество на русском",307,"соперничество"
"жаркое соперничество сериал 6 серия",304,"соперничество"
"фильмы про соперничество",304,"соперничество"
"дорама жаркое соперничество",303,"соперничество"
"жаркое соперничество 3 серия на русском",301,"соперничество"
"когда выйдет дружеское соперничество 2",300,"соперничество"
"дружеское соперничество 13 серия",300,"соперничество"
"жаркое соперничество 6 на русском",299,"соперничество"
"дружба соперничества",298,"соперничество"
"жаркое соперничество сериал смотреть 1 серию",297,"соперничество"
"жаркое соперничество сериал 1 серия на русском",297,"соперничество"
"жаркое соперничество сериал с русскими субтитрами",296,"соперничество"
"смотреть бесплатно дружеское соперничество русская озвучка",296,"соперничество"
"6 серия жаркого соперничества на русском",296,"соперничество"
"жаркое соперничество 6 серия на русском",296,"соперничество"
"жаркое соперничество смотреть все серии подряд",296,"соперничество"
"жаркое соперничество 1 субтитры",294,"соперничество"
"борьба соперничество",293,"соперничество"
"лука хаас жаркое соперничество",293,"соперничество"
"песни из жаркого соперничества",292,"соперничество"
"7 серия жаркого соперничества",291,"соперничество"
"жаркое соперничество 7 серия",291,"соперничество"
"соперничество на работе",288,"соперничество"
"когда выйдет 2 сезон дружеское соперничество",287,"соперничество"
"соперничество сердец",286,"соперничество"
"дружеское соперничество скачать",285,"соперничество"
"соперничество фанфик",285,"соперничество"
"дружеское соперничество смотреть онлайн русская озвучка",284,"соперничество"
"соперничество 14",282,"соперничество"
"жаркое соперничество 1 серия 5",282,"соперничество"
"жаркое соперничество постельные",278,"соперничество"
"жаркое соперничество 1 сезон 5",278,"соперничество"
"жаркое соперничество 3 сезон",277,"соперничество"
"соперничество девушек",277,"соперничество"
"жаркое соперничество постельные сцены",276,"соперничество"
"дух соперничества",276,"соперничество"
"жаркое соперничество 1 сезон 5 серия",275,"соперничество"
"жаркое соперничество порно",274,"соперничество"
"соперничество хоккеистов",273,"соперничество"
"жаркое соперничество персонажи",271,"соперничество"
"персонажи жаркого соперничества",271,"соперничество"
"жаркое соперничество 2 серия озвучка",270,"соперничество"
"жаркое соперничество сколько серий и сезонов",269,"соперничество"
"странное соперничество",269,"соперничество"
"дорамы про соперничество",267,"соперничество"
"соперничество уступка",266,"соперничество"
"дружеское соперничество 16",263,"соперничество"
"манхва соперничество",261,"соперничество"
"дружеское соперничество сколько сезонов",261,"соперничество"
"дже и дружеское соперничество",261,"соперничество"
"дружеское соперничество джи и",261,"соперничество"
"лакорн жаркое соперничество серия",261,"соперничество"
"результат соперничества",260,"соперничество"
"соперничество компромисс сотрудничество избегание",260,"соперничество"
"дружеское соперничество дорама 4",258,"соперничество"
"жаркое соперничество сериал смотреть субтитры русские",257,"соперничество"
"жаркое соперничество сериал смотреть 2",256,"соперничество"
"жаркое соперничество смотреть бесплатно все серии",255,"соперничество"
"соперничество смотреть с хорошим качеством",255,"соперничество"
"дружеское соперничество дорама актеры",252,"соперничество"
"жаркое соперничество скачать на русском",250,"соперничество"
"дружеское соперничество 1 2 серия",249,"соперничество"
"сыльги дружеское соперничество",249,"соперничество"
"дружеское соперничество 14",248,"соперничество"
"сериалы похожие на жаркое соперничество",247,"соперничество"
"соперничество нескольких",244,"соперничество"
"жаркое соперничество смотреть в оригинале",243,"соперничество"
"стратегия поведения в конфликте соперничество",243,"соперничество"
"дружеское соперничество 2 сезон 1",243,"соперничество"
"жаркое соперничество смотреть на русском 5",242,"соперничество"
"дружеское соперничество 1 сезон 2 серия",242,"соперничество"
"жаркое соперничество сериал смотреть все серии",239,"соперничество"
"смотреть жаркое соперничество 5 серия на русском",239,"соперничество"
"илья розанов жаркое соперничество",238,"соперничество"
"избегание приспособление соперничество компромисс",238,"соперничество"
"жаркое соперничество смотреть на русском 2",237,"соперничество"
"жаркое соперничество 18",235,"соперничество"
"дружеское соперничество дорама софтбокс",235,"соперничество"
"дружеское соперничество 14 серия",232,"соперничество"
"жаркое соперничество лакорн смотреть с русской",232,"соперничество"
"дружеское соперничество 16 серия",231,"соперничество"
"дружеское соперничество поцелуй",231,"соперничество"
"жаркое соперничество 1 серия 3",231,"соперничество"
"жаркое соперничество странные миры",231,"соперничество"
"соперничество в отношениях",230,"соперничество"
"жаркое соперничество 1 серия русская озвучка",229,"соперничество"
"дружеское соперничество дорама 10",227,"соперничество"
"жаркое соперничество 3 серия озвучка",226,"соперничество"
"жаркое соперничество 1 сезон 3",226,"соперничество"
"2 книга жаркого соперничества",226,"соперничество"
"жаркое соперничество книга 2",226,"соперничество"
"дружеское соперничество дорама 4 серия",225,"соперничество"
"жаркое соперничество сериал с 2025 г видео",225,"соперничество"
"жаркое соперничество сериал г смотреть",224,"соперничество"
"жаркое соперничество сериал с 2025 г смотреть",224,"соперничество"
"соперничество про хоккеистов",223,"соперничество"
"жаркое соперничество 5 озвучка",222,"соперничество"
"жаркое соперничество лакорн смотреть с русской озвучкой",221,"соперничество"
"соперничество детей",219,"соперничество"
"ситуация соперничества",219,"соперничество"
"жаркое соперничество год",219,"соперничество"
"жаркое соперничество 1 сезон 3 серия",217,"соперничество"
"как называется соперничество",215,"соперничество"
"жаркое соперничество фанфик",215,"соперничество"
"дружеское соперничество дорама 10 серия",214,"соперничество"
"смотреть бесплатно фильм жаркое соперничество",214,"соперничество"
"когда второй сезон жаркое соперничество",212,"соперничество"
"примеры соперничества",212,"соперничество"
"жаркое соперничество смотреть онлайн на английском",212,"соперничество"
"жаркое соперничество 5 серия озвучка",211,"соперничество"
"спорт соперничество",210,"соперничество"
"сериал жаркое соперничество все серии на русском",210,"соперничество"
"дружеское соперничество будет ли 2 сезон",210,"соперничество"
"дружеское соперничество 15",209,"соперничество"
"дружеское соперничество актрисы",209,"соперничество"
"жаркое соперничество сериал смотреть на английском",209,"соперничество"
"жаркое соперничество 1 серия на русском языке",208,"соперничество"
"жаркое соперничество канада",206,"соперничество"
"жаркое соперничество лорд",205,"соперничество"
"дружеское соперничество смотреть на русском",205,"соперничество"
"дружеское соперничество дорама 9",204,"соперничество"
"дружеское соперничество дорама 8",203,"соперничество"
"в какой серии жаркого соперничества",202,"соперничество"
"жаркое соперничество в какой серии",202,"соперничество"
"жаркое соперничество 4 сезон",201,"соперничество"
"дружеское соперничество дорама 3",200,"соперничество"
"стиль соперничества",199,"соперничество"
"герои жаркого соперничества",197,"соперничество"
"жаркое соперничество герои",197,"соперничество"
"жаркое соперничество 6 сезон",197,"соперничество"
"жаркое соперничество 1 6",196,"соперничество"
"жаркое соперничество сериал 2025 на русском",196,"соперничество"
"дружеское соперничество сколько серий и сезонов",195,"соперничество"
"жаркое соперничество книги по порядку",195,"соперничество"
"жаркое соперничество субтитры 2",195,"соперничество"
"решение соперничества",195,"соперничество"
"жаркое соперничество лордфильм",195,"соперничество"
"фильм жаркое соперничество на русском",194,"соперничество"
"жаркое соперничество хоккеисты",194,"соперничество"
"смотреть жаркое соперничество на русском 2 серия",193,"соперничество"
"дружеское соперничество дорама 8 серия",193,"соперничество"
"жаркое соперничество 4 озвучка",193,"соперничество"
"формы соперничества",192,"соперничество"
"жаркое соперничество сериал дата",192,"соперничество"
"жаркое соперничество 1 6 серия",192,"соперничество"
"дружеское соперничество про что",191,"соперничество"
"жаркое соперничество 1 сезон 6",190,"соперничество"
"жаркое соперничество 1 серия 4 серия",190,"соперничество"
"жаркое соперничество 1 сезон 4",188,"соперничество"
"жаркое соперничество 1 сезон 6 серия",187,"соперничество"
"сериал жаркое соперничество 5 серия на русском",187,"соперничество"
"смотреть дораму дружеское соперничество 1",186,"соперничество"
"цели соперничества",186,"соперничество"
"жаркое соперничество 1 сезон 4 серия",185,"соперничество"
"война соперничество",185,"соперничество"
"жаркое соперничество 4 серия озвучка",184,"соперничество"
"жаркое соперничество сериал смотреть онлайн с субтитрами",184,"соперничество"
"дружеское соперничество 15 серия",184,"соперничество"
"соперничество россии",184,"соперничество"
"рейчел рид жаркое соперничество книга",183,"соперничество"
"дружеское соперничество дорама 9 серия",183,"соперничество"
"соперничество парней",183,"соперничество"
"дружеское соперничество похожее",182,"соперничество"
"соперничество сестер",181,"соперничество"
"жаркое соперничество смотреть онлайн 1",181,"соперничество"
"жаркое соперничество без рекламы",180,"соперничество"
"жаркое соперничество сериал 2025 1 серия",180,"соперничество"
"жаркое соперничество смотреть на русском 4",179,"соперничество"
"жаркое соперничество сериал смотреть 5",179,"соперничество"
"жаркое соперничество секс сцены",178,"соперничество"
"дружеское соперничество сериал смотреть",178,"соперничество"
"месси роналду соперничество",178,"соперничество"
"жаркое соперничество сериал выход",177,"соперничество"
"жаркое соперничество сериал дата выхода",177,"соперничество"
"жаркое соперничество сериал смотреть 5 серия",177,"соперничество"
"жаркое соперничество 1 сезон 1 серия озвучка",177,"соперничество"
"жаркое соперничество сериал 2 сезон дата",177,"соперничество"
"жаркое соперничество смотреть бесплатно субтитры",177,"соперничество"
"жаркое соперничество смотреть без рекламы",176,"соперничество"
"дружеское соперничество дорама скачать",176,"соперничество"
"жаркое соперничество сериал трейлер",176,"соперничество"
"дружеское соперничество дорама смотреть 1 серия",175,"соперничество"
"жестокое соперничество",175,"соперничество"
"дружеское соперничество персонажи",175,"соперничество"
"жаркое соперничество 2 серия субтитры",175,"соперничество"
"смотреть жаркое соперничество на русском серия 4",174,"соперничество"
"ю джи дружеское соперничество",173,"соперничество"
"жаркое соперничество книга читать на русском",173,"соперничество"
"сериал жаркое соперничество 2 серия на русском",173,"соперничество"
"соперничество сотрудничество избегание приспособление",173,"соперничество"
"дружеское соперничество лакорн",172,"соперничество"
"соперничество сердец лакорн",172,"соперничество"
"жаркое соперничество полностью",172,"соперничество"
"жесткое соперничество сериал",172,"соперничество"
"соперничество симс 4",172,"соперничество"
"жаркое соперничество смотреть бесплатно 1 серия",172,"соперничество"
"жаркое соперничество смотреть на английском бесплатно",172,"соперничество"
"жаркое соперничество в оригинале с субтитрами",172,"соперничество"
"дружеское соперничество дорама 3 серия",171,"соперничество"
"сколько серий в дораме дружеское соперничество",171,"соперничество"
"чувство соперничества",170,"соперничество"
"жаркое соперничество сериал все серии подряд",170,"соперничество"
"жаркое соперничество 1 серия bldub",170,"соперничество"
"жаркое соперничество 6 серия озвучка",170,"соперничество"
"жаркое соперничество сериал смотреть 1 сезон",169,"соперничество"
"heated rivalry жаркое соперничество",169,"соперничество"
"соперничество перевод",169,"соперничество"
"жаркое соперничество читать бесплатно",168,"соперничество"
"сериал жаркое соперничество русская озвучка",168,"соперничество"
"жаркое соперничество онлайн все серии",168,"соперничество"
"жаркое соперничество смотреть онлайн все серии",168,"соперничество"
"жаркое соперничество 1 серия озвучка bldub",168,"соперничество"
"жаркое соперничество смотреть на русском 3",166,"соперничество"
"жаркое соперничество 4 субтитры",166,"соперничество"
"жаркое соперничество 2 серия сериал смотреть",165,"соперничество"
"жаркое соперничество книги части",165,"соперничество"
"жаркое соперничество смотреть на русском 3 серия",165,"соперничество"
"дружеское соперничество все серии подряд",164,"соперничество"
"соревнование соперничество",164,"соперничество"
"жаркое соперничество сериал 2 сезон дата выхода",163,"соперничество"
"жаркое соперничество смотреть на английском с субтитрами",162,"соперничество"
"виды соперничества",161,"соперничество"
"дружеское соперничество смотреть все серии",161,"соперничество"
"реальное соперничество",160,"соперничество"
"жаркое соперничество 2025 смотреть на русском",159,"соперничество"
"жаркое соперничество 4 серия субтитры",158,"соперничество"
"дружеское соперничество смотреть 2",158,"соперничество"
"жаркое соперничество на русском 2 сезон",157,"соперничество"
"жаркое соперничество смотреть онлайн 1 серия",156,"соперничество"
"искусство соперничества",155,"соперничество"
"жаркие сцены из жаркого соперничества",154,"соперничество"
"сцены из жаркого соперничества",154,"соперничество"
"жаркое соперничество продолжение",154,"соперничество"
"продолжение жаркого соперничества",154,"соперничество"
"жаркое соперничество про хоккеистов",154,"соперничество"
"атмосфера соперничества",154,"соперничество"
"жаркое соперничество люмбаго",153,"соперничество"
"ожесточенное соперничество",153,"соперничество"
"соперничество в общении",153,"соперничество"
"жаркое соперничество смотреть бесплатно озвучка",153,"соперничество"
"соперничество криштиану роналду и лионеля",153,"соперничество"
"соперничество криштиану роналду и лионеля месси",153,"соперничество"
"соперничество лионеля месси и роналду",153,"соперничество"
"жаркое соперничество 1 серия с субтитрами",152,"соперничество"
"фильм онлайн жаркое соперничество",151,"соперничество"
"дружеское соперничество дорама смотреть на русском",151,"соперничество"
"жаркое соперничество 2 смотреть онлайн",149,"соперничество"
"смотреть фильм жаркое соперничество на русском",149,"соперничество"
"проблема соперничества",148,"соперничество"
"дружеское соперничество дорама 5",148,"соперничество"
"дорама дружеское соперничество про что",148,"соперничество"
"жаркое соперничество сериал смотреть все серии подряд",147,"соперничество"
"дорама соперничество в отеле озвучка",147,"соперничество"
"коннор жаркое соперничество",147,"соперничество"
"жаркое соперничество 5 серия на русском языке",147,"соперничество"
"дружеское соперничество 1 серия 4",146,"соперничество"
"жаркое соперничество сюжет",146,"соперничество"
"сюжет жаркого соперничества",146,"соперничество"
"жаркое соперничество смотреть онлайн бесплатно с субтитрами",146,"соперничество"
"когда выйдет второй сезон жаркого соперничества",146,"соперничество"
"когда выйдет второй сезон жаркое соперничество",146,"соперничество"
"жаркое соперничество перевод",146,"соперничество"
"соперничество женщин",146,"соперничество"
"жаркое соперничество хантер",145,"соперничество"
"дружеское соперничество 1 сезон 4 серия",144,"соперничество"
"светлана жаркое соперничество",144,"соперничество"
"дружеское соперничество дорама 5 серия",143,"соперничество"
"1 дружеское соперничество 9 серия",143,"соперничество"
"дружеское соперничество дорама 6",142,"соперничество"
"жаркое соперничество книга скачать на русском",142,"соперничество"
"жаркое соперничество 6 серия на русском смотреть",141,"соперничество"
"дружеское соперничество 1 сезон 9 серия",141,"соперничество"
"дружеское соперничество сюжет",141,"соперничество"
"сериал жаркое соперничество 4 серия на русском",141,"соперничество"
"соперничество описание",140,"соперничество"
"жаркое соперничество трейлер на русском",140,"соперничество"
"развитие соперничества",140,"соперничество"
"фильм жаркое соперничество смотреть онлайн",140,"соперничество"
"жаркое соперничество 3 серия bldub",139,"соперничество"
"соперничество мужчин",139,"соперничество"
"жаркое соперничество смотреть вк",139,"соперничество"
"дружеское соперничество дорама 12",139,"соперничество"
"жаркое соперничество канада смотреть",139,"соперничество"
"жаркое соперничество посмотреть",138,"соперничество"
"жаркое соперничество 1 сезон русская озвучка",137,"соперничество"
"жаркое соперничество книга купить на русском",137,"соперничество"
"жаркое соперничество на русском купить",137,"соперничество"
"дружеское соперничество смотреть 1 сезон",136,"соперничество"
"горячее соперничество на русском",135,"соперничество"
"жаркое соперничество сколько лет",135,"соперничество"
"жаркое соперничество сериал смотреть озвучка",135,"соперничество"
"соперничество сердец лакорн русская",135,"соперничество"
"жаркое соперничество про что",135,"соперничество"
"жаркое соперничество смотреть бесплатно русская озвучка",134,"соперничество"
"жаркое соперничество скачать бесплатно",133,"соперничество"
"дорама дружеское соперничество 1 серия русская",133,"соперничество"
"долгое соперничество",133,"соперничество"
"жаркое соперничество смотреть онлайн без рекламы",133,"соперничество"
"характер соперничества",133,"соперничество"
"женское соперничество",133,"соперничество"
"йери дружеское соперничество",133,"соперничество"
"слово соперничество",133,"соперничество"
"дорамы похожие на дружеское соперничество",133,"соперничество"
"жаркое соперничество сериал сцена",133,"соперничество"
"фильм дружеское соперничество",132,"соперничество"
"жаркое соперничество 2 серия bldub",132,"соперничество"
"горячее соперничество смотреть онлайн",131,"соперничество"
"жаркое соперничество 4 серия bldub",131,"соперничество"
"жаркое соперничество 5 серия bldub",131,"соперничество"
"жаркое соперничество съемки",131,"соперничество"
"жаркое соперничество рид читать",130,"соперничество"
"жаркое соперничество смотреть бесплатно без рекламы",130,"соперничество"
"соперничество братьев",129,"соперничество"
"жаркое соперничество 2 серия русская озвучка",129,"соперничество"
"жаркое соперничество тату",129,"соперничество"
"дружеское соперничество субтитры",128,"соперничество"
"соперничество сердец озвучка",128,"соперничество"
"соперничество кратко",128,"соперничество"
"жаркое соперничество книга онлайн",128,"соперничество"
"жалкое соперничество",128,"соперничество"
"дружеское соперничество озвучка софтбокс",128,"соперничество"
"жаркое соперничество сериал 2025 субтитры",127,"соперничество"
"жаркое соперничество 3 серия озвучка bldub",127,"соперничество"
"жаркое соперничество 5 серия озвучка bldub",127,"соперничество"
"дружеское соперничество 1 серия озвучка",127,"соперничество"
"дружеское соперничество 1 сезон 3",127,"соперничество"
"жаркое соперничество тг",126,"соперничество"
"фильм онлайн бесплатно жаркое соперничество",126,"соперничество"
"жаркое соперничество сериал смотреть 2 сезон",126,"соперничество"
"герои дружеского соперничества",126,"соперничество"
"дружеское соперничество сцены",125,"соперничество"
"соперничество разрешение конфликта",125,"соперничество"
"жаркое соперничество на английском с субтитрами русскими",125,"соперничество"
"жаркое соперничество сериал 6 на русском",125,"соперничество"
"жаркое соперничество шейн илья",124,"соперничество"
"рейчел рид жаркое соперничество читать",124,"соперничество"
"дружеское соперничество дорама 6 серия",124,"соперничество"
"сериал жаркое соперничество 6 серия на русском",124,"соперничество"
"жаркое соперничество сериал смотреть 4",124,"соперничество"
"жаркое соперничество смотреть оригинал с субтитрами",123,"соперничество"
"жаркое соперничество смотреть бесплатно 5",123,"соперничество"
"дружеское соперничество 1 сезон 3 серия",123,"соперничество"
"горячее соперничество сериал на русском",123,"соперничество"
"желание соперничества",123,"соперничество"
"соперничество сердец русский озвучка",123,"соперничество"
"жаркое соперничество 2 серия озвучка bldub",123,"соперничество"
"дружеское соперничество дорама смотреть все серии",123,"соперничество"
"дорама дружеское соперничество 7",122,"соперничество"
"дорама дружеское соперничество 12 серия",121,"соперничество"
"жаркое соперничество сериал смотреть 3",121,"соперничество"
"жаркое соперничество сериал смотреть 4 серия",121,"соперничество"
"скачать серии жаркого соперничества",121,"соперничество"
"гей фильм соперничество",121,"соперничество"
"жаркое соперничество 5 серия смотреть бесплатно",121,"соперничество"
"фильмы похожие на жаркое соперничество",121,"соперничество"
"жаркое соперничество смотреть онлайн 5",120,"соперничество"
"соперничество подруг",120,"соперничество"
"жаркое соперничество лорд фильм",120,"соперничество"
"соперничество сериал про хоккеистов",120,"соперничество"
"жаркое соперничество 4 серия озвучка bldub",119,"соперничество"
"фильм жаркое соперничество смотреть онлайн бесплатно",119,"соперничество"
"жаркое соперничество игра",119,"соперничество"
"жаркое соперничество 5 серия онлайн",119,"соперничество"
"горячее соперничество сериал смотреть онлайн",119,"соперничество"
"музыка соперничества",119,"соперничество"
"смотреть горячее соперничество на русском",119,"соперничество"
"читать бесплатно книгу жаркое соперничество",119,"соперничество"
"острое соперничество",119,"соперничество"
"жаркое соперничество субтитры 5",118,"соперничество"
"экономическое соперничество",118,"соперничество"
"жаркое соперничество сериал смотреть 3 серия",118,"соперничество"
"горячее соперничество сериал смотреть на русском",117,"соперничество"
"жаркое соперничество сериал геи",117,"соперничество"
"жаркое соперничество смотреть онлайн 5 серия",117,"соперничество"
"конфликтное соперничество",116,"соперничество"
"горячее соперничество серии",116,"соперничество"
"жаркое соперничество сериал вк",116,"соперничество"
"дружеское соперничество трейлер",116,"соперничество"
"сериал дружеское соперничество 2 сезон",115,"соперничество"
"жаркое соперничество серия книг",115,"соперничество"
"скотт жаркое соперничество",114,"соперничество"
"дружеское соперничество 1 сезон 5 серия",113,"соперничество"
"дружеское соперничество 5 сезон 1",113,"соперничество"
"жаркое соперничество сериал смотреть бесплатно субтитры",113,"соперничество"
"жаркое соперничество 5 серия субтитры",112,"соперничество"
"соперничество в семье",112,"соперничество"
"лакорн соперничество сердец озвучка",111,"соперничество"
"соперничество синоним",111,"соперничество"
"1 12 серия дружеское соперничество",110,"соперничество"
"сильное соперничество",110,"соперничество"
"кто играл в жарком соперничестве",110,"соперничество"
"странные миры озвучка жаркое соперничество",110,"соперничество"
"жаркое соперничество на русском полностью",110,"соперничество"
"дружеское соперничество дорама сколько серий и сезонов",110,"соперничество"
"соперничество манга",109,"соперничество"
"хери дружеское соперничество",109,"соперничество"
"дружеское соперничество 1 сезон 12 серия",109,"соперничество"
"конфликтная ситуация соперничество",109,"соперничество"
"жаркое соперничество читать книгу онлайн",109,"соперничество"
"уровни соперничества",109,"соперничество"
"жаркое соперничество долгая игра",109,"соперничество"
"искусство соперничества настольная",109,"соперничество"
"сериал жаркое соперничество 3 серия на русском",108,"соперничество"
"аниме соперничество",108,"соперничество"
"тема соперничество",107,"соперничество"
"жаркое соперничество 4 видео от pop corn",107,"соперничество"
"жаркое соперничество вк серии",107,"соперничество"
"молодежка жаркое соперничество",107,"соперничество"
"дружеское соперничество дорама все серии подряд",107,"соперничество"
"жаркое соперничество читать онлайн на русском",107,"соперничество"
"соперничество на выборах",107,"соперничество"
"дружеское соперничество хорошая озвучка",107,"соперничество"
"страстное соперничество",107,"соперничество"
"автор жаркого соперничества",106,"соперничество"
"жаркое соперничество автор",106,"соперничество"
"честное соперничество",106,"соперничество"
"драма жаркое соперничество",105,"соперничество"
"книги про соперничество",105,"соперничество"
"соперничество в отеле мини",105,"соперничество"
"большое соперничество",105,"соперничество"
"дружеское соперничество 7 серия дорама",105,"соперничество"
"конец дружеского соперничества",105,"соперничество"
"горячее соперничество книга",105,"соперничество"
"жаркое соперничество озвучка bldub 6 серия",105,"соперничество"
"жаркое соперничество сериал оригинал",104,"соперничество"
"дорама дружеское соперничество 11",104,"соперничество"
"жаркое соперничество 5 видео от pop corn",104,"соперничество"
"дружеское соперничество дорама 1 серия озвучка",104,"соперничество"
"дружеское соперничество дорама смотреть 2",104,"соперничество"
"жаркое соперничество субтитры 3",103,"соперничество"
"дружеское соперничество дорама 13",103,"соперничество"
"дружеское соперничество дорама дата",102,"соперничество"
"жаркое соперничество читать онлайн бесплатно",102,"соперничество"
"жаркое соперничество цикл",102,"соперничество"
"ожесточенное соперничество сериал",101,"соперничество"
"жаркое соперничество читать на русском бесплатно",101,"соперничество"
"дружеское соперничество дорама озвучка софтбокс",101,"соперничество"
"причины соперничества",101,"соперничество"
"илья из жаркого соперничества",101,"соперничество"
"смотреть лакорны бесплатно жаркое соперничество",100,"соперничество"
"соперничество результат деятельности",99,"соперничество"
"модели соперничества",99,"соперничество"
"ли хери дружеское соперничество",99,"соперничество"
"жаркое соперничество сцены 18",99,"соперничество"
"будет ли 2 сезон жаркого соперничества",99,"соперничество"
"жаркое соперничество будет ли 2 сезон",99,"соперничество"
"соперничество с друзьями",98,"соперничество"
"жаркое соперничество 2 часть",98,"соперничество"
"соперничество конфронтация",98,"соперничество"
"фильм про хоккеистов соперничество",98,"соперничество"
"дружеское соперничество смотреть софтбокс",98,"соперничество"
"жаркое соперничество 2025 смотреть субтитры",97,"соперничество"
"жаркое соперничество сериал 2025 субтитры смотреть",97,"соперничество"
"дорама соперничество в отеле с русской",97,"соперничество"
"соперничество в отеле с русской",97,"соперничество"
"жаркое соперничество торрент",97,"соперничество"
"дружеское соперничество дорама выход",97,"соперничество"
"тактики соперничества",97,"соперничество"
"жаркое соперничество смотреть странные миры",97,"соперничество"
"дружеское соперничество главная героиня",97,"соперничество"
"методы соперничества",97,"соперничество"
"когда вышла дорама дружеское соперничество",97,"соперничество"
"дружеское соперничество сериал 2 серия",97,"соперничество"
"хоккеисты фильм жаркое соперничество",97,"соперничество"
"главные герои жаркого соперничества",96,"соперничество"
"жаркое соперничество главные герои",96,"соперничество"
"соперничество империй",96,"соперничество"
"лира хартстрингс дух соперничества",96,"соперничество"
"дата выхода дорамы дружеское соперничество",96,"соперничество"
"соперничество в отеле мини дорама",96,"соперничество"
"жаркое соперничество сколько книг",96,"соперничество"
"дружеское соперничество дорама 2 сезон дата",96,"соперничество"
"дружеское соперничество дорама 11 серия",96,"соперничество"
"холландер жаркое соперничество",96,"соперничество"
"жаркое соперничество смотреть онлайн бесплатно сезоны",96,"соперничество"
"странное соперничество сериал",95,"соперничество"
"дружеское соперничество 1 сезон 10 серия",95,"соперничество"
"школьное соперничество",95,"соперничество"
"рид жаркое соперничество скачать",95,"соперничество"
"жаркое соперничество 3 серия субтитры",95,"соперничество"
"ю джеи дружеское соперничество",95,"соперничество"
"жаркое соперничество 6 субтитры",95,"соперничество"
"хадсон жаркое соперничество",95,"соперничество"
"дружеское соперничество дорама с хорошей озвучкой",94,"соперничество"
"жаркое соперничество 2025 смотреть онлайн бесплатно",94,"соперничество"
"дружеское соперничество дорама смотреть софтбокс",93,"соперничество"
"фильм про хоккеистов жаркое соперничество",93,"соперничество"
"жаркое соперничество смотреть бесплатно 1 сезон",93,"соперничество"
"жаркое соперничество сериал с субтитрами на английском",93,"соперничество"
"жаркое соперничество 1 сезон смотреть онлайн",93,"соперничество"
"великое соперничество",93,"соперничество"
"жаркое соперничество 2025 с субтитрами",93,"соперничество"
"дружеское соперничество вк",93,"соперничество"
"рейчел рид жаркое соперничество скачать",93,"соперничество"
"жаркое соперничество сериал 2025 смотреть онлайн субтитры",93,"соперничество"
"жаркое соперничество в контакте",93,"соперничество"
"жаркое соперничество читать 2",93,"соперничество"
"соперничество стран",93,"соперничество"
"стиль поведения соперничество",92,"соперничество"
"жаркое соперничество 2025 heated rivalry",92,"соперничество"
"жаркое соперничество смотреть онлайн с русскими субтитрами",92,"соперничество"
"гей фильм жаркое соперничество",92,"соперничество"
"жаркое соперничество сериал 2025 смотреть онлайн бесплатно",92,"соперничество"
"смотреть сериал жаркое соперничество 2025 бесплатно",92,"соперничество"
"фф соперничество",92,"соперничество"
"жаркое соперничество про геев",92,"соперничество"
"дорама дружеское соперничество 2 сезон дата выхода",91,"соперничество"
"соперничество государств",91,"соперничество"
"жаркое соперничество музыка",91,"соперничество"
"напряженное соперничество",91,"соперничество"
"дорама дружеское соперничество 13 серия",91,"соперничество"
"искусство соперничества настольная игра",91,"соперничество"
"конкуренция соперничество между",91,"соперничество"
"heated rivalry жаркое соперничество смотреть",91,"соперничество"
"соперничество характеризуется",91,"соперничество"
"дружеское соперничество 1 сезон 13 серия",90,"соперничество"
"жаркое соперничество рутуб",90,"соперничество"
"жаркое соперничество аудиокнига",90,"соперничество"
"когда второй сезон дружеское соперничество",90,"соперничество"
"как снимали жаркое соперничество",89,"соперничество"
"актеры жаркого соперничества ориентация",89,"соперничество"
"жаркое соперничество актеры ориентация",89,"соперничество"
"дружеское соперничество имена",88,"соперничество"
"жаркое соперничество сериал смотреть 6",88,"соперничество"
"жаркое соперничество 6 серия субтитры",88,"соперничество"
"соперничество в команде",87,"соперничество"
"жаркое соперничество сериал смотреть 6 серию",87,"соперничество"
"жаркое соперничество серия смотреть с русскими субтитрами",87,"соперничество"
"дружеское соперничество роли",86,"соперничество"
"фильм жаркое соперничество смотреть на русском языке",86,"соперничество"
"жаркое соперничество хорошая озвучка",86,"соперничество"
"жаркое соперничество бесплатно 4 серия",86,"соперничество"
"жаркое соперничество сериал сколько серий и сезонов",86,"соперничество"
"саундтреки жаркое соперничество",86,"соперничество"
"жаркое соперничество смотреть на русском 2 сезон",86,"соперничество"
"жаркое соперничество книга скачать бесплатно",86,"соперничество"
"жаркое соперничество смотреть онлайн озвучка",86,"соперничество"
"дружеское соперничество 1 серия русская озвучка",86,"соперничество"
"главные герои дружеское соперничество",85,"соперничество"
"дружеское соперничество 1 сезон 6 серия",85,"соперничество"
"дружеское соперничество дорама 15",85,"соперничество"
"соперничество хоккей",85,"соперничество"
"решение конфликта соперничество",85,"соперничество"
"жаркое соперничество книга читать на русском бесплатно",84,"соперничество"
"стиль соперничества в конфликте",84,"соперничество"
"жаркое соперничество смотреть бесплатно 2 серия",84,"соперничество"
"дружеское соперничество смотреть 2 серия",84,"соперничество"
"соперничество сиблингов",84,"соперничество"
"heated rivalry жаркое соперничество смотреть онлайн",84,"соперничество"
"дружеское соперничество смотреть 4",84,"соперничество"
"дружеское соперничество смотреть 3",84,"соперничество"
"дорама дружеское соперничество 16",84,"соперничество"
"жаркое соперничество сериал 1 сезон 5",84,"соперничество"
"любовное соперничество",83,"соперничество"
"лакорн жаркое соперничество 1",83,"соперничество"
"жаркое соперничество 2 сезон смотреть онлайн",83,"соперничество"
"определение соперничества",83,"соперничество"
"дружеское соперничество манхва",83,"соперничество"
"дорама дружеское соперничество 1 русская озвучка",83,"соперничество"
"дорама дружеское соперничество 1 серия русская озвучка",83,"соперничество"
"жаркое соперничество трой",82,"соперничество"
"дружеское соперничество смотреть 2 сезон",82,"соперничество"
"фото соперничества",82,"соперничество"
"жаркое соперничество 2 серия на русском языке",82,"соперничество"
"жаркое соперничество 1 сезон субтитры",82,"соперничество"
"дорама жаркое соперничество с русской озвучкой",82,"соперничество"
"кип жаркое соперничество",81,"соперничество"
"соперничество в школе",81,"соперничество"
"зависть и соперничество",80,"соперничество"
"дружеское соперничество смотреть 4 серию",80,"соперничество"
"открытое соперничество",80,"соперничество"
"жаркое соперничество сериал без рекламы",80,"соперничество"
"жаркое соперничество сериал смотреть без рекламы",80,"соперничество"
"дружеское соперничество дорама субтитры",80,"соперничество"
"жаркое соперничество 3 серия русская озвучка",80,"соперничество"
"соперничество в отеле дорама 1 серия",80,"соперничество"
"жестокое соперничество сериал",80,"соперничество"
"будет ли 2 сезон дорамы дружеское соперничество",80,"соперничество"
"будет ли второй сезон дружеское соперничество",80,"соперничество"
"дружеское соперничество гг",79,"соперничество"
"драма дружеское соперничество",79,"соперничество"
"дорама соперничество в отеле с русской озвучкой",79,"соперничество"
"жаркое соперничество конор",79,"соперничество"
"жаркое соперничество лакорн 1 серия",78,"соперничество"
"соперничество организаций",78,"соперничество"
"жаркое соперничество смотреть bldub",78,"соперничество"
"смотреть дружеское соперничество 3 серия",78,"соперничество"
"соперничество родителей",78,"соперничество"
"соперничество цитата",78,"соперничество"
"жаркое соперничество 6 серия на русском языке",78,"соперничество"
"дружеское соперничество смотреть субтитры",78,"соперничество"
"симс 4 соперничество на работе",77,"соперничество"
"жаркое соперничество смотреть 1 сезон 2",77,"соперничество"
"жаркое соперничество скачать торрент",77,"соперничество"
"жаркое соперничество сериал 1 смотреть онлайн",77,"соперничество"
"мезозойское соперничество",77,"соперничество"
"шейн из жаркого соперничества",77,"соперничество"
"жаркое соперничество 2 серия смотреть онлайн",77,"соперничество"
"дружеские соперничества le production",76,"соперничество"
"соперничество футбольных клубов динамо москва",76,"соперничество"
"сериал дружеское соперничество 12",76,"соперничество"
"скотт хантер жаркое соперничество",76,"соперничество"
"дружеское соперничество сериал 3 серия",76,"соперничество"
"жаркое соперничество 2 сезон смотреть бесплатно",76,"соперничество"
"жаркое соперничество сериал 1 сезон 2 серия",76,"соперничество"
"жаркое соперничество сериал илья",76,"соперничество"
"приведите соперничество",75,"соперничество"
"автор книги жаркого соперничества",75,"соперничество"
"жаркое соперничество автор книги",75,"соперничество"
"жаркое соперничество сериал странные миры",75,"соперничество"
"соперничество футбольных клубов спартак и динамо",75,"соперничество"
"спортивное соперничество",75,"соперничество"
"жесткое соперничество смотреть",75,"соперничество"
"дружеское соперничество моменты",75,"соперничество"
"отсутствие соперничества",75,"соперничество"
"жаркое соперничество цикл книг",75,"соперничество"
"конкуренция соперничество хозяйствующих субъектов при котором",74,"соперничество"
"жаркое соперничество 3 серия смотреть онлайн",74,"соперничество"
"песни из сериала жаркое соперничество",74,"соперничество"
"ли хе ри дружеское соперничество",74,"соперничество"
"смотреть соперничество сердец",74,"соперничество"
"конец дорамы дружеское соперничество",74,"соперничество"
"дружеское соперничество дорама 15 серия",74,"соперничество"
"жаркое соперничество смотреть на английском с русскими",74,"соперничество"
"дружеское соперничество 11 серия 1 сезон",74,"соперничество"
"сериал дружеское соперничество 9 серия",74,"соперничество"
"жаркое соперничество сериал 2025 5 серия",74,"соперничество"
"жаркое соперничество актеры илья",74,"соперничество"
"где есть соперничество",74,"соперничество"
"жаркое соперничество смотреть лордфильм",73,"соперничество"
"поцелуй в дораме дружеское соперничество",73,"соперничество"
"сюжет дорамы дружеское соперничество",73,"соперничество"
"политическое соперничество",73,"соперничество"
"жаркое соперничество первая серия",73,"соперничество"
"фильм жаркое соперничество 1",72,"соперничество"
"жаркое соперничество песня тату",72,"соперничество"
"жаркое соперничество актеры и роли",72,"соперничество"
"жаркое соперничество 2 сезон 1 серия смотреть",72,"соперничество"
"где посмотреть жаркое соперничество",72,"соперничество"
"жаркое соперничество порно сцены",72,"соперничество"
"семейное соперничество",71,"соперничество"
"секс из жаркого соперничества",71,"соперничество"
"соперничества сердец смотреть лакорн",71,"соперничество"
"соперничество сердец лакорн русская озвучка смотреть",71,"соперничество"
"жаркое соперничество описание",71,"соперничество"
"жаркое соперничество смотреть все сезоны",70,"соперничество"
"книга про жаркое соперничество",70,"соперничество"
"жаркое соперничество сериал лордфильм",70,"соперничество"
"дружеское соперничество дорама 16 серия",70,"соперничество"
"дружеское соперничество 1 сезон 8 серия",70,"соперничество"
"жаркое соперничество эпизоды",70,"соперничество"
"горячее соперничество смотреть бесплатно",70,"соперничество"
"жаркое соперничество называется",70,"соперничество"
"соперничество между участниками",70,"соперничество"
"жаркое соперничество 4 серия смотреть бесплатно",69,"соперничество"
"жаркое соперничество смотреть лорд",69,"соперничество"
"жаркое соперничество субтитры русские 2",69,"соперничество"
"когда выйдет 2 сезон дорамы дружеское соперничество",69,"соперничество"
"горячее соперничество сериал серии",69,"соперничество"
"жаркое соперничество 2 актеры",69,"соперничество"
"жаркое соперничество кратко",69,"соперничество"
"соперничество уступка избегание компромисс сотрудничество",69,"соперничество"
"жесткое соперничество сериал смотреть",69,"соперничество"
"поведения конфликтной ситуации соперничество",69,"соперничество"
"международное соперничество",69,"соперничество"
"тайное соперничество",69,"соперничество"
"жаркое соперничество читать 2 книга",69,"соперничество"
"жаркое соперничество смотреть бесплатно 3 серия",69,"соперничество"
"сериал жаркое соперничество 1 серия онлайн",69,"соперничество"
"ожесточенное соперничество смотреть",68,"соперничество"
"дружеское соперничество 1 серия софтбокс",68,"соперничество"
"жаркое соперничество 1 серия сколько серий",68,"соперничество"
"дружеское соперничество дорама le production",68,"соперничество"
"жаркое соперничество bl",68,"соперничество"
"фильм жаркое соперничество 1 серия",68,"соперничество"
"жаркое соперничество книга 1",67,"соперничество"
"горячее соперничество сериал смотреть бесплатно",67,"соперничество"
"жаркое соперничество скачать с субтитрами",67,"соперничество"
"жаркое соперничество название",67,"соперничество"
"дружеское соперничество дорама 14",67,"соперничество"
"дружеское соперничество сериал 10 серия",67,"соперничество"
"основы соперничества",67,"соперничество"
"жаркое соперничество трек",67,"соперничество"
"военное соперничество",66,"соперничество"
"жаркое соперничество сериал 1 сезон 4",66,"соперничество"
"жаркое соперничество смотреть бесплатно 6 серия",66,"соперничество"
"жаркое соперничество клуб",66,"соперничество"
"жаркое соперничество оригинальная озвучка",66,"соперничество"
"каст жаркое соперничество",66,"соперничество"
"сфера соперничества",66,"соперничество"
"жаркое соперничество 5 серия русская озвучка",65,"соперничество"
"карта соперничества",65,"соперничество"
"характеристики соперничества",65,"соперничество"
"жаркое соперничество фф",65,"соперничество"
"соперничество сон",65,"соперничество"
"дружеское соперничество 1 сезон 7 серия",65,"соперничество"
"дружеское соперничество 1 серия 7",65,"соперничество"
"соперничество борьба за достижение",65,"соперничество"
"когда выйдет второй сезон дружеское соперничество",65,"соперничество"
"соперники соперничество",65,"соперничество"
"книга жаркое соперничество читать онлайн бесплатно",65,"соперничество"
"музыка из жаркого соперничества",65,"соперничество"
"жаркое соперничество похожие сериалы и фильмы",65,"соперничество"
"жаркое соперничество сериал книга",65,"соперничество"
"дружеское соперничество на английском",64,"соперничество"
"лакорн соперничество сердец с русской озвучкой",64,"соперничество"
"жаркое соперничество сериал bldub",64,"соперничество"
"жаркое соперничество слушать",63,"соперничество"
"жаркое соперничество 1 серия смотреть с субтитрами",63,"соперничество"
"жаркое соперничество книга читать полностью",63,"соперничество"
"жаркое соперничество смотреть 1 серия озвучка",63,"соперничество"
"доминирование соперничество",63,"соперничество"
"жаркое соперничество читать на русском полностью",63,"соперничество"
"соперничество борьба за достижение лучших",63,"соперничество"
"соперничество борьба за достижения лучших результатов",63,"соперничество"
"соперничество за достижение лучшего результата",63,"соперничество"
"форма деятельности борьба соперничество",63,"соперничество"
"принуждение соперничество",62,"соперничество"
"жаркое соперничество 1 сезон 1 серия субтитры",62,"соперничество"
"дружеское соперничество дорама смотреть озвучка софтбокс",62,"соперничество"
"дружеское соперничество смотреть озвучка софтбокс",62,"соперничество"
"жаркое соперничество сериал 2025 2 сезон",62,"соперничество"
"форма деятельности борьба соперничество за достижение",61,"соперничество"
"дружное соперничество",61,"соперничество"
"жаркое соперничество смотреть онлайн 4",61,"соперничество"
"le production озвучка дружеское соперничество",61,"соперничество"
"жаркое соперничество какая озвучка",61,"соперничество"
"жаркое соперничество сериал 1 субтитры",61,"соперничество"
"жаркое соперничество 2025 2 серия",61,"соперничество"
"жаркое соперничество попа",61,"соперничество"
"жаркое соперничество попы",61,"соперничество"
"дорама дружеское соперничество 14 серия",61,"соперничество"
"корейская дорама соперничество",61,"соперничество"
"жаркое соперничество смотреть 7",60,"соперничество"
"дружеское соперничество смотреть 6",60,"соперничество"
"жаркое соперничество 2 серия русские субтитры",60,"соперничество"
"дружеское соперничество поцелуй в какой серии",60,"соперничество"
"эдвин рюдинг жаркое соперничество",60,"соперничество"
"сериалы типа жаркого соперничества",60,"соперничество"
"жаркое соперничество все серии русская озвучка",60,"соперничество"
"сыльги дорама дружеское соперничество",60,"соперничество"
"дружеское соперничество дорама герои",60,"соперничество"
"дружеское соперничество сериал 2025 2",60,"соперничество"
"all the things she said жаркое соперничество",60,"соперничество"
"второй сезон дорамы дружеское соперничество",59,"соперничество"
"сериал дружеское соперничество 1 сезон 9 серия",59,"соперничество"
"жаркое соперничество смотреть 7 серия",59,"соперничество"
"ожесточенное соперничество сериал смотреть",59,"соперничество"
"соперничество компаний",59,"соперничество"
"конкуренция экономическое соперничество",59,"соперничество"
"дружеское соперничество секс",59,"соперничество"
"жаркое соперничество сериал 1 сезон 3 серия",59,"соперничество"
"жаркое соперничество сериал смотреть английские субтитры",59,"соперничество"
"жаркое соперничество сериал скачать на русском",59,"соперничество"
"жаркое соперничество сериал 1 6 серия",58,"соперничество"
"жалкое соперничество смотреть",58,"соперничество"
"18 моменты жаркого соперничества",58,"соперничество"
"жаркое соперничество моменты 18",58,"соперничество"
"дружеское соперничество сериал 8 серия",58,"соперничество"
"конкуренция это соперничество субъектов",58,"соперничество"
"горячее соперничество фильм",58,"соперничество"
"жаркое соперничество сериал трейлер на русском",58,"соперничество"
"яркое соперничество",58,"соперничество"
"жаркое соперничество содержание",58,"соперничество"
"жаркое соперничество смотреть онлайн 4 серию",58,"соперничество"
"фильм жаркое соперничество 2",58,"соперничество"
"жаркое соперничество тесты",57,"соперничество"
"понятие соперничество",57,"соперничество"
"жаркое соперничество сериал 1 серия субтитры",57,"соперничество"
"жаркое соперничество сериал 7",57,"соперничество"
"жаркое соперничество 6 видео от pop corn",57,"соперничество"
"коннор сторри жаркое соперничество",57,"соперничество"
"актеры жаркого соперничества геи",57,"соперничество"
"жаркое соперничество актеры геи",57,"соперничество"
"горячее соперничество актеры",57,"соперничество"
"дорама дружеское соперничество 2 серия 1 сезон",57,"соперничество"
"жаркое соперничество 1 на английском",57,"соперничество"
"книга жаркое соперничество на русском языке",56,"соперничество"
"сериал про хоккеистов жаркое соперничество",56,"соперничество"
"жаркое соперничество перевод сериала",56,"соперничество"
"дружеское соперничество смотреть 5",56,"соперничество"
"горячее соперничество 2",56,"соперничество"
"жаркое соперничество актрисы",56,"соперничество"
"главная героиня дорамы дружеское соперничество",56,"соперничество"
"фильм соперничество 2025",56,"соперничество"
"сериал дружеское соперничество 1 сезон 2 серия",56,"соперничество"
"дружеское соперничество дорама вк",56,"соперничество"
"жаркое соперничество сериал про что",56,"соперничество"
"соперничество на англ",56,"соперничество"
"у сыль ги дружеское соперничество",56,"соперничество"
"жаркое соперничество сериал лорд",56,"соперничество"
"дружеское соперничество 2025 смотреть",55,"соперничество"
"будет ли второй сезон жаркого соперничества",55,"соперничество"
"жаркое соперничество будет ли второй сезон",55,"соперничество"
"дружеское соперничество дорама смотреть 2 серия",55,"соперничество"
"персонажи дорамы дружеское соперничество",55,"соперничество"
"название дружеское соперничество",55,"соперничество"
"дружеское соперничество 18",55,"соперничество"
"жаркое соперничество россия",55,"соперничество"
"жаркое соперничество фото",55,"соперничество"
"жаркое соперничество сериал 2025 2 серия",55,"соперничество"
"соперничество хоккей сериал",55,"соперничество"
"соперничество читать манхва",55,"соперничество"
"когда вышел сериал жаркое соперничество",55,"соперничество"
"дорама смотреть соперничество в отеле",54,"соперничество"
"смотреть соперничество в отеле",54,"соперничество"
"жаркое соперничество 2 сезон актеры",54,"соперничество"
"соперничество суперзвезд",54,"соперничество"
"жаркое соперничество конец",54,"соперничество"
"здоровое соперничество",54,"соперничество"
"предмет соперничества",54,"соперничество"
"фанфики по жаркому соперничеству",54,"соперничество"
"аниме про соперничество",54,"соперничество"
"жаркое соперничество сериал смотреть в оригинале",54,"соперничество"
"сериал жаркое соперничество 7 серия",53,"соперничество"
"соперничество между сестрами",53,"соперничество"
"дружеское соперничество 1 сезон 14 серия",53,"соперничество"
"дружеское соперничество джина",53,"соперничество"
"стиль поведения в конфликте соперничество",53,"соперничество"
"жаркое соперничество сериал секс",53,"соперничество"
"жаркое соперничество 2 сезон смотреть онлайн бесплатно",53,"соперничество"
"порно из жаркого соперничества",53,"соперничество"
"долгое соперничество книга",53,"соперничество"
"жаркое соперничество чем закончилось",53,"соперничество"
"жаркое соперничество читать онлайн на русском бесплатно",53,"соперничество"
"дружеское соперничество смотреть все серии подряд",53,"соперничество"
"соперничество участников рынка",52,"соперничество"
"вторая книга жаркого соперничества",52,"соперничество"
"жаркое соперничество книга вторая",52,"соперничество"
"жаркое соперничество команды",52,"соперничество"
"жаркое соперничество сериал смотреть вк",52,"соперничество"
"дружеское соперничество смотреть 6 серия",52,"соперничество"
"социальное соперничество",52,"соперничество"
"жаркое соперничество книга 2 часть",52,"соперничество"
"корейские дорамы дружеское соперничество",52,"соперничество"
"жаркое соперничество мерч",52,"соперничество"
"жаркое соперничество смотреть онлайн русская озвучка",52,"соперничество"
"дружеское соперничество дорама ю дже и",52,"соперничество"
"жаркое соперничество по какой книге",52,"соперничество"
"жаркое соперничество 3 книга",52,"соперничество"
"дружеское соперничество дорама смотреть 2 сезон",52,"соперничество"
"геополитическое соперничество",52,"соперничество"
"творческое соперничество",52,"соперничество"
"дружеское соперничество 9 серия смотреть",51,"соперничество"
"горячее соперничество 1",51,"соперничество"
"жаркое соперничество русский перевод",51,"соперничество"
"фильм жаркое соперничество 5",51,"соперничество"
"жаркое соперничество 2025 4 серия",51,"соперничество"
"жаркое соперничество скот",51,"соперничество"
"дружеское соперничество первая серия",51,"соперничество"
"розанов из жаркого соперничества",50,"соперничество"
"горячее соперничество сериал смотреть на русском бесплатно",50,"соперничество"
"жаркое соперничество скачать книгу рид",50,"соперничество"
"жаркое соперничество гей порно",50,"соперничество"
"жаркое соперничество сериал 2025 3 серия",50,"соперничество"
"соперничество сша и ссср",50,"соперничество"
"жаркое соперничество 1 сезон 7",50,"соперничество"
"где купить книгу жаркое соперничество",50,"соперничество"
"жаркое соперничество фильм 2025",50,"соперничество"
"стремление к соперничеству",50,"соперничество"
"сколько сезонов в дораме дружеское соперничество",50,"соперничество"
"принципы соперничества",50,"соперничество"
"жаркое соперничество первый сезон",50,"соперничество"
"леннон и маккартни история дружбы и соперничества",50,"соперничество"
"жаркое соперничество лакорн 5",49,"соперничество"
"соперничество москвы и твери",49,"соперничество"
"сотрудничество соперничество конкуренция конфликт",49,"соперничество"
"интересное соперничество",49,"соперничество"
"рейчел рид жаркое соперничество скачать книгу",49,"соперничество"
"рыночное соперничество",49,"соперничество"
"соперничеством между участниками рынка",49,"соперничество"
"жаркое соперничество 1 сезон 7 серия",49,"соперничество"
"жаркое соперничество вк видео",49,"соперничество"
"соперничество фирм",49,"соперничество"
"жаркое соперничество 4 серия русская озвучка",49,"соперничество"
"соперничество между братьями",49,"соперничество"
"соперничество за лучшие условия",48,"соперничество"
"отношения сотрудничества и соперничества",48,"соперничество"
"напряженное соперничество сериал",48,"соперничество"
"соперничество про хоккей",48,"соперничество"
"2 сезон сериал жаркое соперничество смотреть онлайн",48,"соперничество"
"жаркое соперничество смотреть онлайн 6",48,"соперничество"
"дружеское соперничество смотреть 5 серия",48,"соперничество"
"дружеское соперничество на русском 1 серия",47,"соперничество"
"жаркое соперничество смотреть онлайн лордфильм",47,"соперничество"
"скрытое соперничество",47,"соперничество"
"секс сцены из жаркого соперничества",47,"соперничество"
"жаркое соперничество без цензуры",47,"соперничество"
"суть стратегии соперничество",47,"соперничество"
"дружеское соперничество на русском языке",47,"соперничество"
"жаркое соперничество читать скачать",47,"соперничество"
"дружеское соперничество лесбиянки",47,"соперничество"
"жаркое соперничество 1 серия на английском",47,"соперничество"
"жаркое соперничество смотреть бесплатно лордфильм",46,"соперничество"
"жаркое соперничество смотреть онлайн бесплатно лордфильм",46,"соперничество"
"жаркое соперничество книга долгая игра",46,"соперничество"
"жаркое соперничество 6 серия онлайн",46,"соперничество"
"жажда соперничество",46,"соперничество"
"смотреть дораму дружеское соперничество 4",46,"соперничество"
"жаркое соперничество 2 трейлер",46,"соперничество"
"дружеское соперничество дорама актрисы",46,"соперничество"
"фильм жаркое соперничество все серии",46,"соперничество"
"смотреть дораму дружеское соперничество 1 сезон",46,"соперничество"
"дружеское соперничество все серии на русском",46,"соперничество"
"жаркое соперничество 2 серия на английском",45,"соперничество"
"смотреть дораму дружеское соперничество 3",45,"соперничество"
"соперничество в политике",45,"соперничество"
"жаркие моменты из жаркого соперничества",45,"соперничество"
"моменты из жаркого соперничества",45,"соперничество"
"жаркое соперничество смотреть хорошая озвучка",45,"соперничество"
"дружеское соперничество скачать все серии",45,"соперничество"
"дружеское соперничество кратко",45,"соперничество"
"жаркое соперничество 4 серия смотреть с субтитрами",45,"соперничество"
"жаркое соперничество 2025 сколько серий",45,"соперничество"
"жаркое соперничество сериал 2025 сколько серий",45,"соперничество"
"жаркое соперничество смотреть онлайн 6 серия",45,"соперничество"
"дружеское соперничество чем закончилось",45,"соперничество"
"огненное соперничество",45,"соперничество"
"сериал про геев соперничество",45,"соперничество"
"дружеское соперничество дорама смотреть с субтитрами",45,"соперничество"
"стратегия соперничества в конфликтной ситуации",45,"соперничество"
"жаркое соперничество сериал 2025 4 серия",45,"соперничество"
"жаркое соперничество сериал в оригинале с субтитрами",45,"соперничество"
"соперничеств великих держав",44,"соперничество"
"рейчел рид жаркое соперничество на русском",44,"соперничество"
"сколько серий в жарком соперничестве 1 сезон",44,"соперничество"
"жаркое соперничество сериал странные миры озвучка",44,"соперничество"
"соперничество геншин",44,"соперничество"
"соперничество сериал про хоккей",44,"соперничество"
"сериал дружеское соперничество 1 сезон 7",44,"соперничество"
"смотреть фильм жаркое соперничество 1 серия",44,"соперничество"
"дружеское соперничество манга",44,"соперничество"
"жаркое соперничество книги в каком порядке",44,"соперничество"
"жаркое соперничество читать онлайн бесплатно полностью",44,"соперничество"
"дружеское соперничество концовка",44,"соперничество"
"смотреть лакорн дружеское соперничество",44,"соперничество"
"сериал даркое соперничество",44,"соперничество"
"ери дружеское соперничество",44,"соперничество"
"жаркое соперничество lord",44,"соперничество"
"жаркое соперничество 1 серия с русскими субтитрами",44,"соперничество"
"соперничество мужчины и женщины",44,"соперничество"
"дорама жаркое соперничество смотреть",43,"соперничество"
"дружеское соперничество дорама 3 серия смотреть",43,"соперничество"
"смотреть дружеское соперничество 10",43,"соперничество"
"жаркое соперничество имена",43,"соперничество"
"жаркое соперничество смотреть озвучка bldub",43,"соперничество"
"дружелюбно соперничество",43,"соперничество"
"сериалы по типу жаркое соперничество",43,"соперничество"
"холодное соперничество",43,"соперничество"
"жаркое соперничество 3 серия смотреть озвучка",43,"соперничество"
"дружеское соперничество дорама смотреть 4 серия",43,"соперничество"
"смотреть фильм жаркое соперничество все серии",43,"соперничество"
"жарке соперничество актеры",42,"соперничество"
"жаркое соперничество часть читать",42,"соперничество"
"соперничество братьев и сестер",42,"соперничество"
"жаркое соперничество номера",42,"соперничество"
"треки из жаркого соперничества",42,"соперничество"
"dorama соперничество",42,"соперничество"
"дружеское соперничество 1 сезон 15 серия",42,"соперничество"
"вечное соперничество",42,"соперничество"
"мать соперничество",42,"соперничество"
"жаркое соперничество сериал момент",42,"соперничество"
"жаркое соперничество сериал про геев",42,"соперничество"
"соперничество в бизнесе",42,"соперничество"
"соперничество противостояние",41,"соперничество"
"дружеское соперничество смотреть на русском языке",41,"соперничество"
"жаркое соперничество 6 серия русская озвучка",41,"соперничество"
"дружеское соперничество дорама смотреть все серии подряд",41,"соперничество"
"жаркое соперничество сколько лет илье",41,"соперничество"
"дружеское соперничество все серии русская озвучка",41,"соперничество"
"харрис жаркое соперничество",41,"соперничество"
"жаркое соперничество смотреть 1 сезон 5 серия",41,"соперничество"
"выйдет ли 2 сезон дружеское соперничество",41,"соперничество"
"жаркое соперничество цитаты",41,"соперничество"
"жаркое соперничество читать фанфики",41,"соперничество"
"жаркое соперничество скачать полностью",40,"соперничество"
"дружеское соперничество 2 сезон трейлер",40,"соперничество"
"дружеское соперничество 1 сезон 16 серия",40,"соперничество"
"жаркое соперничество 2026",40,"соперничество"
"жаркое соперничество в каком порядке читать",40,"соперничество"
"последствия соперничества",40,"соперничество"
"значение соперничества",40,"соперничество"
"соперничество стратегия поведения в конфликтной ситуации",40,"соперничество"
"жаркое соперничество смотреть тг",40,"соперничество"
"дружеское соперничество посмотреть",40,"соперничество"
"жаркое соперничество лакорн сколько серий",40,"соперничество"
"жаркое соперничество есть ли книга",40,"соперничество"
"соперничество 2 фильм смотреть",40,"соперничество"
"жаркое соперничество оригинал русские субтитры",40,"соперничество"
"дружеское соперничество 10 серия смотреть",39,"соперничество"
"хейден жаркое соперничество",39,"соперничество"
"жаркое соперничество оригинал 4 серия",39,"соперничество"
"признаки соперничества",39,"соперничество"
"жаркое соперничество лакорн 2",39,"соперничество"
"соперничество городов",39,"соперничество"
"ли хе ри дорама дружеское соперничество",39,"соперничество"
"дружеское соперничество сестра",39,"соперничество"
"жаркое соперничество алексей",39,"соперничество"
"долгое соперничество читать",39,"соперничество"
"сколько сезонов в сериале жаркое соперничество",39,"соперничество"
"тест кто ты из дружеское соперничество",39,"соперничество"
"джеи в дораме дружеское соперничество",39,"соперничество"
"дружеское соперничество дорама в каких серий поцелуй",39,"соперничество"
"жаркое соперничество сериал шейн",39,"соперничество"
"главные герои дорамы дружеское соперничество",39,"соперничество"
"жаркое соперничество смотреть перевод",39,"соперничество"
"смотреть дружеское соперничество на русском все серии",39,"соперничество"
"жаркое соперничество снято по книге",39,"соперничество"
"соперничество между людьми",39,"соперничество"
"дружеское соперничество сериал 2025 2 сезон",38,"соперничество"
"илья розанов актер жаркое соперничество",38,"соперничество"
"жаркое соперничество тгк",38,"соперничество"
"жаркое соперничество пары",38,"соперничество"
"фабиан жаркое соперничество",38,"соперничество"
"жаркое соперничество на англ",38,"соперничество"
"жаркое соперничество описание серий",38,"соперничество"
"сериал дружеское соперничество 1 сезон 8 серия",38,"соперничество"
"дорамы 2025 дружеское соперничество",38,"соперничество"
"дружеское соперничество 1 серия смотреть онлайн",38,"соперничество"
"кино жаркое соперничество",38,"соперничество"
"дружеское соперничество песни",38,"соперничество"
"дружеское соперничество описание",38,"соперничество"
"ревность и соперничество",38,"соперничество"
"дружеская соперничество 17",38,"соперничество"
"жаркое соперничество лакорн смотреть 1 серия",38,"соперничество"
"дружественное соперничество",38,"соперничество"
"соперничество за ресурсы",38,"соперничество"
"фильм жаркое соперничество 5 серия",38,"соперничество"
"жаркое соперничество 2 серия в контакте",38,"соперничество"
"жаркое соперничество горячие сцены",37,"соперничество"
"жаркое соперничество смотреть лорд фильм",37,"соперничество"
"дружеское соперничество что за таблетки",37,"соперничество"
"жаркое соперничество 7 серия на русском",37,"соперничество"
"жаркое соперничество 5 серия русские субтитры",37,"соперничество"
"кто играл в дружеское соперничество",37,"соперничество"
"дружеское соперничество смысл",37,"соперничество"
"избегание приспособление соперничество компромисс сотрудничество ответ",37,"соперничество"
"соперничество тайланд",37,"соперничество"
"опасное соперничество",37,"соперничество"
"никакого соперничества",37,"соперничество"
"жаркое соперничество история",37,"соперничество"
"жаркое соперничество новый сезон",37,"соперничество"
"соперничество в паре",37,"соперничество"
"джу йери дружеское соперничество",37,"соперничество"
"лакорн жаркое соперничество 5 серия",37,"соперничество"
"жаркое соперничество 2 сезон трейлер",37,"соперничество"
"соперничество 1 читать",37,"соперничество"
"дружеское соперничество 12 серия смотреть",37,"соперничество"
"жаркое соперничество наподобие",37,"соперничество"
"жаркое соперничество русские актеры",36,"соперничество"
"жаркое соперничество вторая серия",36,"соперничество"
"откровенное соперничество",36,"соперничество"
"дружное соперничество дорама",36,"соперничество"
"дружеское соперничество дорама имена",36,"соперничество"
"жаркое соперничество русские субтитры 4 серия",36,"соперничество"
"дружеское соперничество дорама лесбиянки",36,"соперничество"
"дружеское соперничество смотреть 8",36,"соперничество"
"дружеское соперничество 13 серия смотреть",36,"соперничество"
"сколько смотреть жаркое соперничество",36,"соперничество"
"стикеры жаркое соперничество",36,"соперничество"
"дружеское соперничество 7 серия смотреть",36,"соперничество"
"жаркое соперничество любовь",36,"соперничество"
"рейчел рид жаркое соперничество книги по порядку",36,"соперничество"
"горячие соперничество 1 серия",35,"соперничество"
"сколько идет жаркое соперничество",35,"соперничество"
"дружеское соперничество сериал 2025 2 серия",35,"соперничество"
"жаркое соперничество на реальных",35,"соперничество"
"жаркое соперничество книга скачать бесплатно полностью",35,"соперничество"
"жаркое соперничество скачать книгу полностью",35,"соперничество"
"футболка жаркое соперничество",35,"соперничество"
"жаркое соперничество смотреть онлайн в оригинале",35,"соперничество"
"дорама дружеское соперничество трейлер",35,"соперничество"
"жаркое соперничество смотреть оригинал с русскими субтитрами",35,"соперничество"
"соперничество между женщинами",35,"соперничество"
"фильм жаркое соперничество 1 сезон",35,"соперничество"
"смотреть жаркое соперничество рутуб",35,"соперничество"
"светлана из жаркого соперничества",34,"соперничество"
"соперничество звезд",34,"соперничество"
"истинное образование дружеское соперничество слава",34,"соперничество"
"соперничество между компаниями",34,"соперничество"
"соперничество между девушками",34,"соперничество"
"дружеское соперничество на корейском",34,"соперничество"
"хоккейное соперничество",34,"соперничество"
"дружеское соперничество 17 серия",34,"соперничество"
"хоккей жаркое соперничество",34,"соперничество"
"корейский фильм дружеское соперничество",34,"соперничество"
"жаркое соперничество смотреть 5 серия озвучка",34,"соперничество"
"черты соперничества",34,"соперничество"
"учения о соперничестве",34,"соперничество"
"жаркое соперничество читать 1",34,"соперничество"
"жаркое соперничество долгая игра читать",33,"соперничество"
"жаркое соперничество скачать на английском",33,"соперничество"
"жаркое соперничество сколько частей",33,"соперничество"
"жаркое соперничество вк субтитры",33,"соперничество"
"жаркое соперничество книга продолжение",33,"соперничество"
"соперничество экономика",33,"соперничество"
"жаркое соперничество отрывки",33,"соперничество"
"где можно посмотреть жаркое соперничество",33,"соперничество"
"дружеское соперничество на русском бесплатно",33,"соперничество"
"жаркое соперничество саша",33,"соперничество"
"жаркое соперничество сабы",33,"соперничество"
"жаркое соперничество сериал смотреть с русской озвучкой",33,"соперничество"
"дружеское соперничество дорама смотреть 9 серия",33,"соперничество"
"жаркое соперничество сериал постельные сцены",33,"соперничество"
"жаркое соперничество блдаб",33,"соперничество"
"жаркое соперничество смотреть полностью",33,"соперничество"
"дружеское соперничество актеры и роли",33,"соперничество"
"фильм жаркое соперничество 4",33,"соперничество"
"сельги дружеское соперничество",33,"соперничество"
"шейн холландер жаркое соперничество",33,"соперничество"
"бл жаркое соперничество",33,"соперничество"
"жаркое соперничество поцелуй",33,"соперничество"
"фильм жаркое соперничество 2 сезон",33,"соперничество"
"жаркое соперничество пересказ",32,"соперничество"
"дружеское соперничество смотреть 8 серия",32,"соперничество"
"книги похожие на жаркое соперничество",32,"соперничество"
"соперничество по томасу",32,"соперничество"
"философия о соперничестве",32,"соперничество"
"лакорн жаркое соперничество с русской озвучкой 5",32,"соперничество"
"жаркое соперничество какого года",32,"соперничество"
"как называются книги жаркое соперничество",32,"соперничество"
"жаркое соперничество читать книгу скачать",32,"соперничество"
"дружеское соперничество жанр",32,"соперничество"
"хери дружеское соперничество дорама",32,"соперничество"
"жаркое соперничество на английском языке",32,"соперничество"
"дорама дружеское соперничество на русский язык",32,"соперничество"
"жаркое соперничество книга 1 читать",32,"соперничество"
"дружеская соперничество dorama",31,"соперничество"
"фильм жаркое соперничество 4 серия",31,"соперничество"
"жаркое соперничество смотреть онлайн странные миры",31,"соперничество"
"тест кто ты из жаркого соперничества",31,"соперничество"
"жаркое соперничество сериал 2025 сколько сезонов",31,"соперничество"
"сколько лет шейну жаркое соперничество",31,"соперничество"
"жаркое соперничество эдит",31,"соперничество"
"жаркое соперничество эдиты",31,"соперничество"
"эдит жаркого соперничества",31,"соперничество"
"дружеское соперничество лесби",31,"соперничество"
"исторические соперничество",31,"соперничество"
"дружеское соперничество сколько идет",31,"соперничество"
"жаркое соперничество 2 серия русская озвучка смотреть",31,"соперничество"
"жаркое соперничество светлана актриса",31,"соперничество"
"жаркое соперничество кинопоиск",31,"соперничество"
"жаркое соперничество скачать все серии",31,"соперничество"
"гей соперничество смотреть",31,"соперничество"
"жаркое соперничество смотреть 6 серию субтитры",31,"соперничество"
"жаркое соперничество секс момент",31,"соперничество"
"двойное соперничество",31,"соперничество"
"преимущества соперничества",31,"соперничество"
"жаркое соперничество интервью",31,"соперничество"
"интервью жаркого соперничества",31,"соперничество"
"сериал жаркое соперничество персонажи",31,"соперничество"
"жаркое соперничество сериал когда выйдет 2",31,"соперничество"
"когда выйдет 2 сезон сериала жаркое соперничество",31,"соперничество"
"жаркое соперничество главные актеры",31,"соперничество"
"дружеское соперничество дорама гг",31,"соперничество"
"все части жаркого соперничества",31,"соперничество"
"жаркое соперничество все части",31,"соперничество"
"жаркое соперничество сериал тату",31,"соперничество"
"чжэ и дружеское соперничество",31,"соперничество"
"жаркое соперничество смотреть трейлер",31,"соперничество"
"что значит соперничество",31,"соперничество"
"реакция на жаркое соперничество",31,"соперничество"
"жаркое соперничество смотреть озвучка странные миры",30,"соперничество"
"жаркое соперничество онлайн bldub",30,"соперничество"
"соперничество самцов",30,"соперничество"
"жаркое соперничество epub",30,"соперничество"
"дружеское соперничество русские субтитры",30,"соперничество"
"жаркое соперничество скачать на телефон",30,"соперничество"
"коннор стори жаркое соперничество",30,"соперничество"
"дружеское соперничество дорама смотреть 10",30,"соперничество"
"вторая часть жаркого соперничества",30,"соперничество"
"жаркое соперничество вторая часть",30,"соперничество"
"дружеское соперничество сколько длится",30,"соперничество"
"жаркое соперничество смотреть сцены",30,"соперничество"
"жаркое соперничество сериал озвучка bldub",30,"соперничество"
"как снималось жаркое соперничество",30,"соперничество"
"какие существуют виды соперничества",30,"соперничество"
"жаркое соперничество 2 серия смотреть субтитры",30,"соперничество"
"жаркое соперничество сериал рутуб",30,"соперничество"
"жаркое соперничество 2 серия скачать",30,"соперничество"
"мужское соперничество",30,"соперничество"
"очень жаркое соперничество",30,"соперничество"
"дружеское соперничество дорама 1 софтбокс",30,"соперничество"
"слушать аудиокнигу жаркое соперничество",30,"соперничество"
"е дружеское соперничество",30,"соперничество"
"жаркое соперничество 1 сезон 3 серия смотреть",30,"соперничество"
"жаркое соперничество сериал сюжет",30,"соперничество"
"дружеское соперничество сериал 2025 видео",30,"соперничество"
"соперничество в воспитании",30,"соперничество"
"дружеское соперничество 2025 смотреть онлайн",30,"соперничество"
"дружеское соперничество любовная линия",29,"соперничество"
"жаркое соперничество жанр",29,"соперничество"
"дружеское соперничество сериал 2025 смотреть",29,"соперничество"
"жаркое соперничество смотреть сколько серий",29,"соперничество"
"в какой озвучке смотреть жаркое соперничество",29,"соперничество"
"жаркое соперничество трой баррет",29,"соперничество"
"смотреть фильм жаркое соперничество 5 серия",29,"соперничество"
"торговое соперничество",29,"соперничество"
"жаркое соперничество смотреть вк видео",29,"соперничество"
"дружеское соперничество дорама смотреть 6 серия",29,"соперничество"
"жаркое соперничество 1 часть",29,"соперничество"
"жаркое соперничество душ",29,"соперничество"
"жаркое соперничество книги в каком порядке читать",29,"соперничество"
"горячее соперничество 2 сезон",29,"соперничество"
"будет ли второй сезон дорамы дружеское соперничество",29,"соперничество"
"дружеское соперничество дорама смотреть 10 серия",29,"соперничество"
"жаркое соперничество сколько длится",29,"соперничество"
"лакорн жаркое соперничество 3",29,"соперничество"
"дорамы по типу дружеское соперничество",29,"соперничество"
"джу ери дружеское соперничество",29,"соперничество"
"дорама дружеское соперничество 1 серия софтбокс",29,"соперничество"
"напряженное соперничество смотреть",29,"соперничество"
"скот хантер жаркое соперничество",29,"соперничество"
"дружеское соперничество на русском смотреть бесплатно",29,"соперничество"
"жаркое соперничество краткое содержание",29,"соперничество"
"жаркое соперничество сериал торрент",29,"соперничество"
"жаркое соперничество эротические",29,"соперничество"
"тяжелое соперничество",28,"соперничество"
"жаркое соперничество сериал 2 субтитры",28,"соперничество"
"скачать песню жаркое соперничество",28,"соперничество"
"страстное соперничество смотреть",28,"соперничество"
"соперничество между друзьями",28,"соперничество"
"жаркое соперничество смотреть бесплатно хорошая озвучка",28,"соперничество"
"англия соперничество",28,"соперничество"
"жаркое соперничество сериал вк видео",28,"соперничество"
"ю дже на дружеское соперничество",28,"соперничество"
"как убрать соперничество",28,"соперничество"
"ген соперничества",28,"соперничество"
"особенности соперничества",28,"соперничество"
"жаркое соперничество фильм 2 серии",28,"соперничество"
"ли хери актриса дружеское соперничество",28,"соперничество"
"склонность к соперничеству",28,"соперничество"
"актеры фильма жаркое соперничество",28,"соперничество"
"гг жаркого соперничества",28,"соперничество"
"гг жаркое соперничество",28,"соперничество"
"соперничество картинка",28,"соперничество"
"выход серий жаркого соперничества",28,"соперничество"
"жарко соперничество выход серий",28,"соперничество"
"соперничество борьбы интересов",28,"соперничество"
"по какой книге снимали жаркое соперничество",28,"соперничество"
"по какой книге снят жаркое соперничество",28,"соперничество"
"жаркое соперничество 2 серия оригинал",28,"соперничество"
"манхва честное соперничество",28,"соперничество"
"жаркое соперничество сериал илья розанов",28,"соперничество"
"жаркое соперничество дата серий",28,"соперничество"
"жаркое соперничество рейчел рид читать онлайн",28,"соперничество"
"жаркое соперничество 2025 трейлер",28,"соперничество"
"я сошла с ума жаркое соперничество",28,"соперничество"
"жаркое соперничество субтитры 1 сезон 2 серия",28,"соперничество"
"соперничество проявляется в",28,"соперничество"
"горячее соперничество секс",28,"соперничество"
"жаркое соперничество книги купить на русском языке",28,"соперничество"
"детское соперничество",28,"соперничество"
"соперничество суперзвезд читать",28,"соперничество"
"фильм жаркое соперничество все серии подряд",28,"соперничество"
"соперничество между детьми",28,"соперничество"
"ситуации сотрудничества и соперничества",27,"соперничество"
"чем закончилась дорама дружеское соперничество",27,"соперничество"
"соперничество между видами",27,"соперничество"
"жаркое соперничество смотреть онлайн хорошая озвучка",27,"соперничество"
"читать книгу рид рейчел жаркое соперничество",27,"соперничество"
"сериал жаркое соперничество второй сезон",27,"соперничество"
"гарри поттер и чистокровное соперничество",27,"соперничество"
"песня тату из жаркого соперничество",27,"соперничество"
"жаркое соперничество книга страницы",27,"соперничество"
"соперничество между братом и сестрой",27,"соперничество"
"жаркое соперничество дубляж",27,"соперничество"
"плюсы соперничества",27,"соперничество"
"жаркое соперничество в реальной жизни",27,"соперничество"
"жаркое соперничество сколько страниц",27,"соперничество"
"посмотреть дораму жаркое соперничество с русской озвучкой",27,"соперничество"
"где купить книгу жаркое соперничество на русском",27,"соперничество"
"борьба война соперничество",27,"соперничество"
"аниме жаркое соперничество",27,"соперничество"
"цитата из жаркого соперничества",27,"соперничество"
"жаркое соперничество книга 1 часть",27,"соперничество"
"указания о соперничестве",27,"соперничество"
"дружеское соперничество подруги",27,"соперничество"
"горячее соперничество субтитры",27,"соперничество"
"тест кто ты из дорамы дружеское соперничество",27,"соперничество"
"жаркое соперничество сцена в клубе",27,"соперничество"
"жаркое соперничество лакорн 3 серия",27,"соперничество"
"жаркое соперничество скачать epub",27,"соперничество"
"скачать фильм жаркое соперничество",27,"соперничество"
"жаркое соперничество лакорн 2 серия",27,"соперничество"
"жаркое соперничество лакорн 6",27,"соперничество"
"способы разрешения конфликтов соперничество",27,"соперничество"
"способы разрешения соперничества",27,"соперничество"
"жаркое соперничество 1 серия вк",27,"соперничество"
"как снимали сцены жаркое соперничество",27,"соперничество"
"жаркое соперничество новости",27,"соперничество"
"жаркое соперничество обои",27,"соперничество"
"жаркое соперничество 8",27,"соперничество"
"горячее соперничество моменты",27,"соперничество"
"школьное соперничество дорама",27,"соперничество"
"трудовое соперничество",26,"соперничество"
"жаркое соперничество смотреть с субтитрами 5 серия",26,"соперничество"
"жаркое соперничество страна",26,"соперничество"
"жаркое соперничество голые",26,"соперничество"
"смотреть фильм жаркое соперничество все серии подряд",26,"соперничество"
"соперничество в природе",26,"соперничество"
"жаркое соперничество роуз",26,"соперничество"
"фильмы типа жаркого соперничества",26,"соперничество"
"жаркое соперничество 3 серия оригинал",26,"соперничество"
"дружеское соперничество дорама описание",26,"соперничество"
"дружеское соперничество смотреть онлайн на русском",26,"соперничество"
"соперничество детей в семье",26,"соперничество"
"дружеское соперничество дорама 9 серия 1 сезон",26,"соперничество"
"жаркое соперничество сериал смотреть лордфильм",26,"соперничество"
"дружеское соперничество мбти",26,"соперничество"
"жаркое соперничество сериал 2025 русские субтитры",26,"соперничество"
"где снимали жаркое соперничество",26,"соперничество"
"смотреть жаркое соперничество канада озвучка",26,"соперничество"
"жаркое соперничество смотреть 6 серия озвучка",26,"соперничество"
"горячее соперничество сериал 2",26,"соперничество"
"соперничество в классе",26,"соперничество"
"герои сериала жаркое соперничество",26,"соперничество"
"илья розанов из жаркого соперничества",26,"соперничество"
"жаркое соперничество сериал смотреть лорд",26,"соперничество"
"дружеское соперничество рутуб",26,"соперничество"
"дружеское соперничество дорама смотреть 13 серия",26,"соперничество"
"посмотри сериал жаркое соперничество",26,"соперничество"
"дружеское соперничество сериал 2025 6 серия",26,"соперничество"
"жарке соперничество 1 серия",26,"соперничество"
"жаркое соперничество книга epub",26,"соперничество"
"жаркое соперничество книга скачать epub",26,"соперничество"
"фильм жаркое соперничество смотреть 4 серия",26,"соперничество"
"горячее соперничество сериал субтитры",26,"соперничество"
"что относится к соперничеству",26,"соперничество"
"жаркое соперничество сериал в какой серии",26,"соперничество"
"жаркое соперничество возраст",26,"соперничество"
"вк видео дружеское соперничество",26,"соперничество"
"жаркое соперничество смотреть без цензуры",25,"соперничество"
"фильм жаркое соперничество 6",25,"соперничество"
"соперничество сотрудничество компромисс избегание стили поведения",25,"соперничество"
"буря соперничества",25,"соперничество"
"жаркое соперничество в душе",25,"соперничество"
"дружеское соперничество за кадром",25,"соперничество"
"дружеское соперничество смотреть вк",25,"соперничество"
"напряженное соперничество сериал смотреть",25,"соперничество"
"дружеское соперничество дорама смотреть 8 серия",25,"соперничество"
"жаркое соперничество сериал 2025 трейлер",25,"соперничество"
"жаркое соперничество часть 2 смотреть",25,"соперничество"
"жаркое соперничество книга сколько частей",25,"соперничество"
"жаркое соперничество 2 сезон каст",25,"соперничество"
"жаркое соперничество вырезанные сцены",25,"соперничество"
"жаркое соперничество сериал как снимали",25,"соперничество"
"соперничество между ссср и сша",25,"соперничество"
"жаркое соперничество сериал скачать торрент",25,"соперничество"
"жаркое соперничество 4 серия на английском",25,"соперничество"
"фанко поп жаркое соперничество",25,"соперничество"
"соперничество порно фильм",25,"соперничество"
"будет ли продолжение жаркого соперничества",25,"соперничество"
"жаркое соперничество будет ли продолжение",25,"соперничество"
"жаркое соперничество сериал тг",25,"соперничество"
"жаркое соперничество последняя серия",25,"соперничество"
"последняя серия жаркого соперничества",25,"соперничество"
"конкурентное соперничество",25,"соперничество"
"жаркое соперничество субтитры русские 1 сезон",25,"соперничество"
"песни из жаркого соперничества скачать",25,"соперничество"
"жаркое соперничество 2 серия вк",25,"соперничество"
"дружеское соперничество смотреть онлайн сериал",25,"соперничество"
"дружба без соперничества",25,"соперничество"
"ао3 жаркое соперничество",25,"соперничество"
"смотреть даркое соперничество",25,"соперничество"
"жаркое соперничество сериал субтитры скачать",24,"соперничество"
"жаркое соперничество 2025 6 серия",24,"соперничество"
"фильм про геев соперничество",24,"соперничество"
"как зовут героев жаркого соперничества",24,"соперничество"
"страх соперничества",24,"соперничество"
"жаркое соперничество лакорн 6 серия",24,"соперничество"
"дата выхода серий жаркого соперничества",24,"соперничество"
"жаркое соперничество даты выходы серий",24,"соперничество"
"жаркое соперничество рэйчел рид",24,"соперничество"
"жаркое соперничество 8 серия",24,"соперничество"
"сколько лет илье из жаркого соперничества",24,"соперничество"
"дружеское соперничество продолжение",24,"соперничество"
"жаркое соперничество порно моменты",24,"соперничество"
"жаркое соперничество скотт и кип",24,"соперничество"
"дружеское соперничество дорама все серии смотреть онлайн",24,"соперничество"
"расстройство сиблингового соперничества",24,"соперничество"
"фильм жаркое соперничество 6 серия",24,"соперничество"
"фильм жаркое соперничество 18",24,"соперничество"
"песни про соперничество",24,"соперничество"
"жаркое соперничество сериал скачать бесплатно",24,"соперничество"
"ли хери дорама дружеское соперничество",24,"соперничество"
"жаркое соперничество 1 серия с английскими субтитрами",24,"соперничество"
"смотреть фильм дружеское соперничество",24,"соперничество"
"жаркое соперничество без озвучки",24,"соперничество"
"жаркое соперничество 4 сезон смотреть",24,"соперничество"
"смотреть гей фильм жаркое соперничество",24,"соперничество"
"фильм жаркое соперничество 3",24,"соперничество"
"фильм жаркое соперничество 3 серия",24,"соперничество"
"джерси жаркое соперничество",24,"соперничество"
"сериалы наподобие жаркого соперничества",24,"соперничество"
"сериалы наподобие жаркое соперничество",24,"соперничество"
"конфронтация соперничество конкуренция",24,"соперничество"
"жаркое соперничество обзор",24,"соперничество"
"скачать дораму дружеское соперничество все серии",24,"соперничество"
"горячее соперничество скачать",24,"соперничество"
"монополия соперничества",24,"соперничество"
"жаркое соперничество сериал смотреть вк видео",24,"соперничество"
"суть соперничества в конфликте",24,"соперничество"
"честное соперничество читать",24,"соперничество"
"жареное соперничество",24,"соперничество"
"жаркое соперничество сериал смотреть bldub",24,"соперничество"
"жаркое соперничество смотреть онлайн bldub",24,"соперничество"
"жаркое соперничество сериал в контакте",24,"соперничество"
"жаркое соперничество гей сцены",23,"соперничество"
"смотреть дораму жаркое соперничество с русской",23,"соперничество"
"соперничество сканворд",23,"соперничество"
"жаркое соперничество в оригинале с английскими субтитрами",23,"соперничество"
"стратегическое соперничество",23,"соперничество"
"дружеское соперничество объяснение",23,"соперничество"
"все части жаркого соперничества книги",23,"соперничество"
"жертва соперничества",23,"соперничество"
"жаркое соперничество сериал субтитры 4 серия",23,"соперничество"
"дружеское соперничество 14 серия смотреть",23,"соперничество"
"жаркое соперничество серия rivarly",23,"соперничество"
"dragon age 2 дружба и соперничество",23,"соперничество"
"в дружеском соперничестве сцена поцелуя",23,"соперничество"
"жаркое соперничество самые жаркие сцены",23,"соперничество"
"смотреть бесплатно дораму соперничество в отеле",23,"соперничество"
"жаркое соперничество субтитры русские скачать",23,"соперничество"
"дорама жаркое соперничество 1",23,"соперничество"
"ген дружеское соперничество",23,"соперничество"
"чхве ген дружеское соперничество",23,"соперничество"
"жаркое соперничество где смотреть",23,"соперничество"
"дружеское соперничество 4 серия озвучка",23,"соперничество"
"жаркое соперничество кто актив",23,"соперничество"
"дружеское соперничество дорама смотреть 12 серия",23,"соперничество"
"сколько лет шейну из жаркого соперничества",23,"соперничество"
"франсуа жаркое соперничество",23,"соперничество"
"соперничество аристократов симс 4",23,"соперничество"
"жаркое соперничество аудиокнига на русском",23,"соперничество"
"жаркое соперничество сериал смотреть онлайн 1 сезон",23,"соперничество"
"жаркое соперничество смотреть похожие",23,"соперничество"
"секс геи жаркое соперничество",23,"соперничество"
"майлз жаркое соперничество",23,"соперничество"
"энтони юлай жаркое соперничество",23,"соперничество"
"жаркое соперничество режиссер",23,"соперничество"
"режиссер жаркого соперничества",23,"соперничество"
"дорама жесткое соперничество 2 серия",23,"соперничество"
"дружеское соперничество последняя серия",23,"соперничество"
"соперничество между мужчинами",23,"соперничество"
"рейчел рид жаркое соперничество читать на русском",23,"соперничество"
"жаркое соперничество 1 серия озвучка лучень",23,"соперничество"
"дружеское соперничество смотреть 11 серия",22,"соперничество"
"дружеское соперничество содержание",22,"соперничество"
"жаркое соперничество сериал 1 серия озвучка",22,"соперничество"
"жаркое соперничество первый сезон смотреть",22,"соперничество"
"жаркое соперничество книга сколько страниц",22,"соперничество"
"жаркое соперничество смотреть 3 серия субтитры",22,"соперничество"
"жаркое соперничество сериал субтитры 5",22,"соперничество"
"жаркое соперничество обложка",22,"соперничество"
"жаркое соперничество смотреть сколько сезонов",22,"соперничество"
"жаркое соперничество состав",22,"соперничество"
"дорама дружеское соперничество 1 сезон 4 серия",22,"соперничество"
"соперничество фикбук",22,"соперничество"
"вид деятельности являющийся предметом соперничества",22,"соперничество"
"жаркое соперничество фильм или сериал",22,"соперничество"
"сколько лет персонажам жаркого соперничества",22,"соперничество"
"сколько лет персонажам жаркое соперничество",22,"соперничество"
"соперничество правит миром",22,"соперничество"
"жаркое соперничество 2025 вк",22,"соперничество"
"жаркое соперничество сериал скачать на телефон",22,"соперничество"
"жаркое соперничество сериал 2025 смотреть озвучка",22,"соперничество"
"чем закончился сериал жаркое соперничество",22,"соперничество"
"горячее соперничество 3",22,"соперничество"
"дружеское соперничество похожие сериалы",22,"соперничество"
"дружественное соперничество дорама",22,"соперничество"
"жаркое соперничество эротические сцены",22,"соперничество"
"сыльги дружеское соперничество актриса",22,"соперничество"
"жаркое соперничество смотреть 4 серия озвучка",22,"соперничество"
"дружеское соперничество кто снимался",22,"соперничество"
"жаркое соперничество 3 часть",22,"соперничество"
"жаркое соперничество 1080",22,"соперничество"
"жаркое соперничество какие команды",22,"соперничество"
"дружеское соперничество читать",22,"соперничество"
"фильм жаркое соперничество смотреть 6 серия",22,"соперничество"
"сериал дружеское соперничество дорама",22,"соперничество"
"смотреть фильм жаркое соперничество 2 сезон",22,"соперничество"
"как снимали дружеское соперничество",22,"соперничество"
"соперничество животных",22,"соперничество"
"фильмы по типу жаркое соперничество",21,"соперничество"
"опасное соперничество сериал",21,"соперничество"
"жаркое соперничество сериал смотреть странные миры",21,"соперничество"
"постельные сцены из жаркого соперничества",21,"соперничество"
"дружеское соперничество юри",21,"соперничество"
"жаркое соперничество смотреть отзывы",21,"соперничество"
"жаркое соперничество сериал продолжение",21,"соперничество"
"соперничество бл сериал",21,"соперничество"
"фильм жаркое соперничество смотреть 2 серия",21,"соперничество"
"жаркое соперничество момент в клубе",21,"соперничество"
"жаркое соперничество лакорн 4",21,"соперничество"
"жаркое соперничество дорама смотреть онлайн",21,"соперничество"
"сериал горячее соперничество 1 серия",21,"соперничество"
"короткометражка полицейский и художник соперничество",21,"соперничество"
"мотив соперничества",21,"соперничество"
"жаркое соперничество сериал субтитры 2 серия",21,"соперничество"
"рейчел рид жаркое соперничество купить",21,"соперничество"
"страстное соперничество сериал",21,"соперничество"
"стратегии выхода из конфликта соперничество",21,"соперничество"
"жаркое соперничество сериал 2025 вк",21,"соперничество"
"внутривидовое соперничество",21,"соперничество"
"где посмотреть сериал жаркое соперничество",21,"соперничество"
"е ри дружеское соперничество",21,"соперничество"
"громовая поступь буря соперничества",21,"соперничество"
"идеальное соперничество",21,"соперничество"
"су бин дружеское соперничество",21,"соперничество"
"деловое соперничество",21,"соперничество"
"жаркое соперничество эпизод 1",21,"соперничество"
"молодежка жаркое соперничество дата выхода",21,"соперничество"
"дружеское соперничество торрент",21,"соперничество"
"дружеское соперничество 2 серия озвучка",21,"соперничество"
"как убрать соперничество в симс 4",21,"соперничество"
"жаркое соперничество лгбт",20,"соперничество"
"жаркое соперничество русский перевод сериал",20,"соперничество"
"жаркое соперничество 4 серия странные миры",20,"соперничество"
"жаркое соперничество сериал содержание",20,"соперничество"
"ю чжэ и дружеское соперничество",20,"соперничество"
"космическое соперничество",20,"соперничество"
"соперничество на балканах",20,"соперничество"
"дорама жаркое соперничество 3",20,"соперничество"
"название дружеское соперничество дорама",20,"соперничество"
"дружеское соперничество лордфильм",20,"соперничество"
"рейчел рид жаркое соперничество продолжение",20,"соперничество"
"жаркое соперничество девушки",20,"соперничество"
"дружеское соперничество пересказ",20,"соперничество"
"жаркое соперничество сериал 2 серия озвучка",20,"соперничество"
"коннор из жаркого соперничества",20,"соперничество"
"жаркое соперничество скачать онлайн",20,"соперничество"
"жаркое соперничество книга когда вышла",20,"соперничество"
"жаркое соперничество дорама смотреть бесплатно",20,"соперничество"
"дружеское соперничество будут ли вместе",20,"соперничество"
"жаркое соперничество с титрами",20,"соперничество"
"жаркое соперничество смотреть русский перевод",20,"соперничество"
"горячие соперничество 3 серия",20,"соперничество"
"жаркое соперничество яой",20,"соперничество"
"фильм жаркое соперничество субтитры",20,"соперничество"
"жарское соперничество",20,"соперничество"
"дружеское соперничество дорама смотреть 7 серия",20,"соперничество"
"жаркое соперничество откровенные сцены",19,"соперничество"
"дружеское соперничество скачать торрент",19,"соперничество"
"дружеское соперничество дорама смотреть 5",19,"соперничество"
"дружеское соперничество дорама смотреть 5 серия",19,"соперничество"
"жаркое соперничество 2 книга скачать",19,"соперничество"
"жаркое соперничество первая серия первого сезона",19,"соперничество"
"жаркое соперничество первый сезон первая серия",19,"соперничество"
"соперничество между странами",19,"соперничество"
"жаркое соперничество смотреть вк субтитры",19,"соперничество"
"конкуренция соперничество между участниками",19,"соперничество"
"жестокое соперничество 2 серия",19,"соперничество"
"треки из сериала жаркое соперничество",19,"соперничество"
"где можно посмотреть жаркое соперничество на русском",19,"соперничество"
"дорама первая серия дружеское соперничество",19,"соперничество"
"жаркое соперничество сериал оригинальная озвучка",19,"соперничество"
"хадсон актер жаркое соперничество",19,"соперничество"
"очень жаркое соперничество смотреть",19,"соперничество"
"жаркое соперничество 1 серия странные",19,"соперничество"
"горячее соперничество книга скачать",19,"соперничество"
"конор из жаркого соперничества",19,"соперничество"
"дружеское соперничество сцена в ванне",19,"соперничество"
"дружеское соперничество сцена в ванной",19,"соперничество"
"порно из сериала жаркое соперничество",19,"соперничество"
"жаркое соперничество сериал смотреть онлайн оригинал",19,"соперничество"
"жаркое соперничество смотреть секс",19,"соперничество"
"жаркое соперничество сериал по какой книге",19,"соперничество"
"когда выйдет молодежка жаркое соперничество",19,"соперничество"
"жаркое соперничество 3 серия субтитры русские",19,"соперничество"
"сериал жаркое соперничество 5 серия субтитры",19,"соперничество"
"соперничество между продавцами",19,"соперничество"
"2025 жаркое соперничество сериал 6",19,"соперничество"
"жаркое соперничество манхва",19,"соперничество"
"смотреть бесплатно соперничество сердец",19,"соперничество"
"соперничество как пишется",19,"соперничество"
"горячее соперничество 5",19,"соперничество"
"кто играл розанова в жарком соперничестве",19,"соперничество"