дата,slug,тема,частота,блок,cta,тип_вопроса,ключи
2026-09-09,vospitanie-rebenka,воспитание ребенка,177728,Дети и подростки,/artterapy,обзор,воспитание ребенка · процесс воспитания ребенка · воспитание ребенка является · условия воспитания ребенка · вопросы воспитания ребенка · социальное воспитание ребенка · целью воспитания ребенка является · воспитание ребенка 1 · результат воспитания ребенка · воспитание и формирование ребенка · основной целью воспитания ребенка является · воспитание ребенка 2 · воспитание ребенка человеком · воспитание ребенка рф · вид воспитания ребенка · секреты воспитания ребенка · развитие воспитания образования ребенка · основа воспитания ребенка · воспитание добра в детях · создание условий для воспитания ребенка · воспитание ребенка отцом · направления развития и воспитания ребенка · роль воспитании ребенка · содержание воспитания ребенка · воспитание ребенка взрослыми · воспитание ребенка без · культура воспитания ребенка · совместное воспитание ребенка · воспитание ребенка 7 · воспитание ребенка матерью · включи воспитание ребенка · воспитание ребенка 6 · воспитание ребенка поведение · среда воспитания ребенка · развивающее воспитание ребенка · участвовать в воспитании ребенка · средства воспитания ребенка · участие в воспитании ребенка · воспитание ребенка 2 3 · общество в воспитании ребенка
2026-09-09,posle-rasstavaniya,после расставания,105594,Отношения и близость,/artterapy,обзор,после расставания · парни после расставания · люди после расставания · время после расставания · после долго расставания · став после расставания · стоит после расставания · жена после расставания · нарцисс после расставания · мужу после расставания · общаться после расставания · чувство после расставания · утешил после расставания · могут ли после расставания · сошлись после расставания · хорошо после расставания · избегающий после расставания · как ведут себя после расставания · как вести себя после расставания · молитва после расставания · помириться после расставания · инициатива после расставания · боль после расставания · как после расставания перестать · видео после расставания · советы после расставания · плохо после расставания · после расставания остались · сделать после расставания · после расставания будет другая · ребенок после расставания · после расставания звонит · фото после расставания · расставание после абьюзером · после расставания онлайн · тяжело после расставания · вопросы после расставания · появиться после расставания · слова после расставание · даже после расставания
2026-09-09,perehodnyy-vozrast,переходный возраст,98000,Дети и подростки,/artterapy,обзор,переходный возраст · орел переходной возраст · переходный возраст сергей · переходный возраст лет · переходной возраст онлайн · концерт переходный возраст · переходный возраст бесплатно · переходный возраст онлайн бесплатно · переходный возраст 2026 · переходный возраст в хорошем качестве · переходный возраст бесплатно в хорошем качестве · переходный возраст у детей · есть ли переходный возраст · переходный возраст у подростков · переходный возраст 1968 · периоды переходного возраста · лицо переходного возраста · переходный возраст длится · время переходного возраста · мужской переходный возраст · женский переходный возраст · мужское женское переходный возраст · переходный возраст 12 · видео переходный возраст · переходный возраст 13 лет · переходный возраст 14 · переходный возраст 1981 · переходный возраст у мужчин · переходный возраст спектакль · переходный возраст 2 · переходный возраст начало · переходный возраст гспд · переходный возраст 1 · переходный возраст у парней · переходный возраст без цензуры · переходный возраст у девушек · переходный возраст в 13 · переходный возраст 4 · переходный возраст у собак · gspd переходный возраст
2026-09-09,psihologicheskiy-rebenok,психологический ребенок,46047,Дети и подростки,/artterapy,обзор,психологический ребенок · эмоциональный ребенок · вопросы ребенку психолог · диагностика ребенка психолог · психолог ребенку 4 лет · помощь психолога ребенку · рекомендации психолога ребенку · психолог помогает ребенку · психолог ребенку 7 лет · центр ребенка психолог · воспитание ребенка психолог · психолог онлайн для ребенка · согласия на работу с психологом ребенка · индивидуальный план работы психолога с ребенком · результат работы психолога с ребенком · отчет психолога о работе с ребенком · задачи психолога в работе с ребенком
2026-09-09,zakroy-geshtalt,закрой гештальт,37977,Словарь и термины,/artterapy,обзор,закрой гештальт · закроем гештальт что это значит · закроем гештальт что это простыми · закрой гештальт видео
2026-09-09,u-detey-bez-simptomov,у детей без симптомов,34887,Дети и подростки,/artterapy,признаки,признаки ребенка · у детей без симптомов · признаки воспитания детей
2026-09-09,izbegayuschaya-privyazannost,избегающая привязанность,33389,Отношения и близость,/artterapy,обзор,избегающая привязанность · избегающий тип привязанности · мужчина избегает привязанности · люди избегающие привязанности · избегающий тип привязанности у мужчин · избегающая привязанность женщины · избегающий тип привязанности у женщин · избегающий тип привязанности просто · слова избегающего типа привязанности · как ведет себя избегающий тип привязанности · надежно избегающая привязанность · надежно избегающий тип привязанности · книга избегающая привязанность · избегающий тип привязанности после расставания · избегающая привязанность у девушки · избегающий тип привязанности у девушки · парень избегает привязанности · влюбить избегающий тип привязанности · избегающий тип привязанности вернуть · избегающий тип привязанности описание · избегающая привязанность ребенка · избегающий тип привязанности форум · избегающий вид привязанности · избегающий тип привязанности вернется · психотерапия избегающей привязанности · избегающий тип привязанности и другие · любовь избегающей привязанности · избегающее чувство привязанности · избегающий тип привязанности что чувствует · избегание привязанности
2026-09-09,sereznye-otnosheniya-s-muzhchinoy,серьезные отношения с мужчиной,27351,Отношения и близость,/artterapy,обзор,серьезные отношения с мужчиной · бесплатная регистрация серьезные отношения с мужчинами · сайт для серьезные отношения с мужчиной · познакомиться с мужчиной для серьезных отношений · мужчину для серьезных отношений с фото · где познакомиться с мужчиной для серьезных отношений · хочу серьезных отношений с мужчиной · серьезные отношения с мужчиной саратов · серьезные ли отношения с мужчиной · где знакомиться с мужчинами для серьезных отношений · томск познакомиться с мужчиной для серьезных отношений · серьезный мужчина в отношении с женщинами · хочу познакомиться для серьезных отношений с мужчиной · серьезные отношения с богатыми мужчинами · ищу серьезные отношения с мужчиной · найти серьезные отношения с мужчиной · познакомиться с православным мужчиной для серьезных отношений · серьезные отношения с турецким мужчиной
2026-09-09,emotsionalnoe-vygoranie,эмоциональное выгорание,25440,Выгорание и работа,/coach,обзор,эмоциональное выгорание · синдром эмоционального выгорания · эмоциональное выгорание ответ · вопросы эмоциональное выгорание · эмоциональное истощение выгорание · хроническое эмоциональное выгорание · эмоциональное выгорание слово · эмоциональное выгорание состояние · эмоциональное выгорание на работе · эмоциональное выгорание апатия · диагностика эмоционального выгорания · эмоциональное выгорание сотрудников · эмоциональное выгорание в отношениях · факторы эмоционального выгорания · развитие эмоционального выгорания · эмоциональное выгорание это простыми · эмоциональное выгорание чувства · эмоциональное выгорание онлайн · эмоциональное выгорание специалиста · эмоциональное выгорание темы · тренинг эмоциональное выгорание · эмоциональное выгорание работников · эмоциональное и физическое выгорание · эмоциональное выгорание последствия · эмоционально 4 выгорание · эмоциональное выгорание ребенка · метод эмоционального выгорания · эмоциональное выгорание проходит · эмоции эмоциональное выгорание · эмоциональное выгорание проблема · снижение эмоционального выгорания · программа эмоционального выгорания · длительное эмоциональное выгорание · синдром эмоционального выгорания вопросы · эмоциональное выгорание родителей · депрессия эмоциональное выгорание · эмоциональное выгорание в общении · эмоциональное рабочее выгорание · развитие синдрома эмоционального выгорания · эмоциональное выгорание социальных
2026-09-09,muzhchina-v-otnosheniyah-s-zhenschinoy,мужчина в отношениях с женщиной,22625,Отношения и близость,/artterapy,обзор,мужчина в отношениях с женщиной · абьюзер мужчина в отношениях с женщиной · мужчина и женщина отношения любовь с · нарцисс мужчина в отношениях с женщиной · мужчина в отношениях с другой женщиной · женщина с ребенком мужчина отношения · мужчины не хотят отношений с женщинами · мужчина лев в отношениях с женщиной · ведомый мужчина в отношениях с женщиной · мужчины овны в отношениях с женщиной · мужчины раки в отношениях с женщинами · женщина про отношения с мужчиной · женщина строит отношения с мужчиной · отношение женщины с женатым мужчиной · отношения женщины с молодым мужчиной · женщина без отношений с мужчиной · мужчина познакомится с женщиной для отношений · женщина в отношениях общается с мужчиной · женщина разрывает отношения с мужчиной · советы отношений женщин с мужчинами · жадный мужчина в отношениях с женщиной · женщина в начале отношений с мужчиной · понимающая женщина в отношениях с мужчиной · отношения мужчины с двумя женщинами · кризисы в отношениях мужчины и женщины · мужчина манипулятор в отношениях с женщиной · отношения мужчин 8 с женщинами · отношения с женщиной старше мужчины · мужчины 50 лет отношение с женщиной · близкие отношения женщине с мужчиной · мужчина скрывает отношения с женщиной · кризисы в отношениях между мужчиной и женщиной · отношения сильного мужчины с женщиной · качество мужчины в отношениях с женщиной · потребности мужчины в отношениях с женщиной · психопаты мужчины отношения с женщинами · эмоциональная женщина в отношениях с мужчиной · отношения замужней женщины с мужчиной · отношения мужчины с несколькими женщинами · юмор отношение женщины с мужчиной
2026-09-09,trevozhnaya-privyazannost,тревожная привязанность,20078,Отношения и близость,/artterapy,обзор,тревожная привязанность · тревожный тип привязанности · тревожная привязанность в отношениях · тревожный тип привязанности в отношениях · люди с тревожной привязанностью · тревожно надежный тип привязанности · люди с тревожным типом привязанности · тревожно вовлеченная привязанность · тревожно вовлеченный тип привязанности · тревожная привязанность у женщин · тревожный тип привязанности у женщин · тревожная привязанность у мужчины · тревожный тип привязанности у мужчин · тревога привязанности · тревожно амбивалентная привязанность · тревожный тип привязанности в отношениях у женщин · тревожная привязанность книги · тревожность привязанность · девушка с тревожным типом привязанности · тревожно амбивалентный тип привязанности · тревожная и надежная привязанность · тревожный тип привязанности книги · тревожная привязанность ребенка · тревожная привязанность как проработать · как проработать тревожный тип привязанности · тревожная привязанность в отношениях у мужчин · как ведет себя тревожный тип привязанности · тревожный тип привязанности как вести себя · тревожный тип привязанности в отношениях у мужчины · тревожно дезорганизованная привязанность · партнер с тревожной привязанностью · расслабленно тревожная привязанность · расслабленно тревожный тип привязанности · тревожный вид привязанности · тревожно дезорганизованный тип привязанности
2026-09-09,muzhchina-posle-rasstavaniya,мужчина после расставания,18741,Отношения и близость,/artterapy,обзор,мужчина после расставания · бывший мужчина после расставания · мужчина вернется после расставания · мужчины возвращаются после расставания · мужчины и женщины после расставания · мужчины после расставания по его инициативе · мужчина пишет после расставания · как ведут себя мужчины после расставания · мужчина месяц после расставания · психология мужчины после расставания · вернется ли мужчина после расставания · мужчина после расставания с любимой · вернуть мужчину после расставания молитва · после долгого расставания мужчина · сильный мужчина после расставания · как забыть мужчину после расставания · чувства мужчин после расставания · как себя вести после расставания с мужчиной · возвращаются ли мужчины после расставания · когда после расставания мужчина начинает · мужчина переживает после расставания · мужчина общается после расставания · мужчина лев после расставания · мужчина после расставания что делает · звонить мужчине после расставания · мужчины после расставания думают · год после расставания с мужчиной · девушки и мужчины после расставания · мужчины после расставания как переживают · мужчина избегает после расставания · мужчина после расставания нашел другую · мужчины после ссоры и расставания · жизнь мужчины после расставания · мужчина после расставания с любовницей · вопросы мужчине после расставания · вернуть любимого мужчину после расставания сильная · мужчина через месяц после расставания · мужчина оскорбляет после расставания · тишина после расставания с мужчиной · мужчина смотрит после расставания
2026-09-09,poslerodovaya-depressiya,послеродовая депрессия,17802,Тревога и депрессия,/artterapy,обзор,послеродовая депрессия · послеродовая депрессия длится · прошла послеродовая депрессия · послеродовая депрессия форум · послеродовая депрессия роды · послеродовая депрессия лечение · послеродовая депрессия через · когда начинается послеродовая депрессия · есть ли послеродовая депрессия · послеродовая депрессия у мужчин · послеродовая депрессия матери · послеродовая депрессия у скольких женщин · психолог послеродовой депрессии · послеродовая депрессия жены · послеродовая депрессия кесарево · послеродовая депрессия через год · антидепрессанты при послеродовой депрессии · послеродовая депрессия врач · послеродовая депрессия статистика
2026-09-09,perezhitoe-rasstavanie,пережитое расставание,17747,Отношения и близость,/artterapy,обзор,пережитое расставание · начало расставания · время расставания · хорошее расставание · расставания любя · русские расставания · расставания 1984 · расставание онлайн · расставание с другом · день расставание · расставание со · расставание женой · расставание 2 · видео расставания · став расставание · стали расставания · расставание что значит · расставание с мужем · чувство расставания · расставание онлайн бесплатно · расставание детей · без расставания · где расставания · не хочу расставания · слова при расставании · перед расставанием · расставание 5 · тяжелое расставание · первое расставание · избегающий расставание · расставание петь · красиво расставание · расставание с подругой · думать о расставании · плохое расставание · расставание во сне · расставание пар · расставания пары · расставания 2026 · пришло расставание
2026-09-09,emotsionalnye-otnosheniya,эмоциональные отношения,17495,Отношения и близость,/artterapy,обзор,эмоциональные отношения · тревожные отношения
2026-09-09,depressiya-posle-depressii,депрессия после депрессии,16844,Тревога и депрессия,/artterapy,обзор,депрессия после депрессии · депрессия после родов · депрессия после лета · депрессия после алкоголя · люди после депрессии · депрессия после смерти · депрессия после 40 · депрессия после 50 · депрессия после лечения · депрессия после отпуска · депрессия у женщин после 40 · депрессия после 60 · жизнь после депрессии · депрессия после развода · после депрессии форум · день после депрессии · депрессия после стресса · депрессия у женщин после 60 · депрессия после 30 · депрессия прошла после · депрессия у женщин после 50 · депрессия после работы · депрессия после тревоги · состояние после депрессии · депрессия после антидепрессантов · депрессия после смерти человека · депрессия после запоя · депрессия после отказа · после депрессии стала · депрессия после инсульта · депрессия у женщин после родов · депрессия после потери · депрессия у женщин после 30 · депрессии после операции
2026-09-09,vospitanie-rebenka-vozrastu,воспитание ребенка возрасту,16527,Дети и подростки,/artterapy,обзор,воспитание ребенка возрасту · воспитание ребенка раннего возраста · воспитание ребенка школьного возраста · физическое воспитание ребенка раннего возраста · задачи воспитания ребенка раннего возраста · воспитание ребенка различного возраста · эстетическое воспитание и возраст ребенка · возраст воспитания самостоятельности ребенка
2026-09-09,bulling-v-shkole,буллинг в школе,15853,Отношения и близость,/artterapy,обзор,буллинг в школе · буллинг детей в школе · буллинг в школе видео · буллинг подростков в школе · буллинг в школе 2026 · буллинг учителей в школе · жертвы буллинга в школе · буллинг в корее в школе · буллинг в школе буллинг в классе · буллинг родителей в школе · буллинг драка в школе · буллинг в новой школе · книга буллинг в школе · буллинг в школе психологи · ролик буллинг в школе · статья за буллинг в школе · тема буллинга в школе · буллинг в японской школе · травля и буллинг в школе · социальный буллинг в школе · буллинг в школе в россии · истории буллинга в школе · после буллинга в школе · буллинг в школе симс 4 · лпшка буллинг в школе · лпшки буллинг в школе · программа буллинга в школе · симс 4 мод буллинг в школе · проблема буллинга в школе · книга про буллинг в школе · подвергалась буллингу в школе · буллинг педагога в школе · буллинг в школе одноклассники · жестокий буллинг в школе · буллинг ситуации в школе · случай буллинга в школе · буллинг в начальной школе · буллинг в школе социальный ролик
2026-09-09,vospitanie-rebenka-roditelyami,воспитание ребенка родителями,15716,Дети и подростки,/artterapy,обзор,воспитание ребенка родителями · семья родители и дети воспитание · родителей вопросам воспитания ребенка · воспитание и развитие дети и родители · воспитание взаимодействии между родителями и детьми · деятельность родителей воспитание ребенка · право родителя на воспитание ребенка · консультации родителям воспитание ребенка · цель родителей в воспитании ребенка · неисполнение родителем обязанностей по воспитанию ребенка · ребенок родители школа воспитание · физическое воспитание ребенка родители · в воспитании ребенка поведение родителей · воспитанием ребенка должны родители · воспитание ребенка через воспитание родителя · ошибки воспитание родители ребенок · подготовка родителей воспитанию ребенка в семье · дети влияют на воспитание родителей
2026-09-09,isterika-u-rebenka,истерика у ребенка,15277,Дети и подростки,/artterapy,обзор,истерика у ребенка · истерики у ребенка 2 · истерики у ребенка 2 года · истерика у ребенка 3 · истерики у ребенка 3 года · истерики у ребенка 5 · у ребенка сильная истерика · истерики у ребенка 5 лет · истерика у ребенка 1 · у ребенка начались истерики · истерика у ребенка перед сном · у ребенка постоянная истерика · истерика у ребенка 6 · у ребенка часто истерики · как успокоить истерику у ребенка · истерики у ребенка 6 лет · истерики у ребенка 1.5 · истерики у ребенка 10 · у ребенка случаются истерики · у ребенка истерика по любому поводу · у ребенка истерика хочу не хочу · истерика у ребенка 7 лет · истерики в 4 года у ребенка · истерики во сне у ребенка · истерики у ребенка 1 5 · истерики у ребенка 2 5 · приступ истерики у ребенка · у ребенка истерика в саду · истерики у ребенка 2.5 · истерика крики у ребенка · у ребенка бывают истерики · истерика и агрессия у ребенка · истерики у ребенка 9 лет · истерики у ребенка 1 5 лет · истерики у ребенка 2.5 года · у ребенка истерика час · истерика у месячного ребенка · у ребенка истерика каждый день · сильные истерики у ребенка 2 года · истерика у ребенка видео
2026-09-09,chuvstvo-trevogi,чувство тревоги,15134,Тревога и депрессия,/artterapy,обзор,чувство тревоги · атаки тревожности · снятие тревожности · тревожность 2 · онлайн тревожность · тревожность во время · тревожность врача · тревожность форум · лучшее от тревожности · прошла тревожность · тревожность пройдет · чувство тревожности · состояние тревожности · день тревожности · против тревожности · вопросы тревожности · лечение тревожности · тревожность женщины · сепарационная тревога · навязчивая тревожность · тревожность бесплатно · проблема тревожность · работа с тревожностью · часто тревожность · антидепрессанты от тревоги · тревожность и боли · тревожность возраст · тревожность напряжение · повысилась тревожность · антидепрессанты от тревожности · тревога и тревожность · тревожность раздражительность · средство от тревожности · фон тревожность · началась тревожность · низкая тревожность · тревожность из за бывшего · ситуативная тревожность · хроническая тревожность · как называется тревожность
2026-09-09,kognitivnye-iskazheniya,когнитивные искажения,14713,Словарь и термины,/artterapy,обзор,когнитивные искажения · влияние когнитивных искажений · механизм когнитивного искажения · когнитивные искажения человека · когнитивное искажение эффект · когнитивные искажения примеры · когнитивное искажение ошибки · когнитивные искажения книга · когнитивные искажения список · когнитивные искажения мышления · когнитивное искажение это простыми · когнитивные искажения в психологии · когнитивные искажения мыслей · как называется когнитивное искажение · когнитивное искажение восприятия · эмоциональное когнитивное искажение · когнитивное искажение решение · когнитивное искажение личности · когнитивное искажение мозга · когнитивные искажения канеман · когнитивное искажение информации · когнитивные психологические искажения · книги про когнитивные искажения · когнитивное искажение подтверждения · когнитивные искажения относятся к · работа с когнитивными искажениями · когнитивных иллюзий искажений · описание когнитивных искажений · когнитивные искажения в кпт · когнитивное искажение персонализация
2026-09-09,rozhdenie-vospitanie-rebenka,рождение воспитание ребенка,14329,Дети и подростки,/artterapy,обзор,рождение воспитание ребенка · с рождением и воспитания ребенком выплаты · правила воспитания ребенка с рождения
2026-09-09,programma-vospitaniya-detey,программа воспитания детей,14104,Дети и подростки,/artterapy,обзор,программа воспитания детей · программа воспитания и развития детей · программы воспитания детей раннего возраста · программа воспитания детей дополнительное образование · возраст детей рабочей программы воспитания · программы воспитания детей в школе · программа воспитания детей 3 лет · программа воспитания детей до года · программы физического воспитания детей · программа воспитания для детей с овз · программа воспитания детей в доу · рабочая программа по воспитанию детей · примерная программа воспитания детей · эстетическое воспитание детей программа · программа воспитания отдыха и оздоровления детей · программа эмоционального воспитания детей
2026-09-09,rossiyskoe-vospitanie-detey,российское воспитание детей,13633,Дети и подростки,/artterapy,обзор,российское воспитание детей · россия воспитание детей · российская система воспитания детей · цель воспитания детей в российской федерации · развития воспитания детей россии · воспитание детей в российских семьях · народы россии воспитание детей · правила воспитания детей в россии · воспитание и образование детей в россии · семья и воспитание детей в россии · системы воспитания детей россия
2026-09-10,chuvstvo-straha,чувство страха,13400,Тревога и депрессия,/artterapy,обзор,чувство страха · страх тревожность · психология страха · психологические страхи · эмоциональный страх · тревожный страх · страх терапия
2026-09-10,otnoshenie-prichiny,отношение причины,12830,Отношения и близость,/artterapy,причины,отношение причины · психология отношений почему · психология отношений почему мужчина · зачем мужчине отношения с женщиной · зачем мужчине отношения с бывшей · зачем мне отношения с мужчиной
2026-09-10,emotsionalnye-kacheli,эмоциональные качели,12765,Эмоции и состояния,/artterapy,обзор,эмоциональные качели · эмоциональные качели в отношениях · эмоциональные качели человека · эмоциональные качели парню · эмоциональные качели это простыми · эмоциональные качели женщин · бывший и эмоциональные качели · люблю эмоциональные качели · мужчина устраивает эмоциональные качели · эмоциональные качели мужа · постоянные эмоциональные качели · эмоциональные качели книга · качать на эмоциональных качелях · эмоциональные качели как называется · сильные эмоциональные качели · эмоциональные качели belame · без эмоциональных качелей · эмоциональные качели текст · эмоциональные качели видео · эмоциональные качели ребенок
2026-09-10,glubokaya-privyazannost,глубокая привязанность,12764,Отношения и близость,/artterapy,обзор,глубокая привязанность · глубокая привязанность озвучка · глубокая привязанность русская озвучка · глубокая привязанность 1 · чувство глубокой привязанности · глубокая привязанность к человеку · любовь это глубокая привязанность · глубокая эмоциональная привязанность · глубокая привязанность к другому человеку · любовь это глубокое чувство привязанности · глубокая привязанность к объекту · чувство глубокой привязанности симпатии · глубокая привязанность все серии · чувство свойственное человеку глубокая привязанность · глубокая привязанность 2 · любовь чувство свойственное человеку глубокая привязанность · глубокое и сильное чувство привязанности · чувство глубокой привязанности и заботы · глубокая привязанность 3
2026-09-10,otnosheniya-s-byvshim-muzhchinoy,отношения с бывшим мужчиной,12484,Отношения и близость,/artterapy,обзор,отношения с бывшим мужчиной · новые отношения с бывшим мужчиной · как строить отношения с бывшим мужчиной · как начать отношения с бывшим мужчиной · вернуть бывшие отношения с мужчиной
2026-09-10,god-otnosheniy-s-muzhchinoy,год отношений с мужчиной,12453,Отношения и близость,/artterapy,обзор,год отношений с мужчиной · год без отношений с мужчиной · отношения год с женатым мужчиной · год отношений с любимым мужчиной · отношения с мужчиной моложе на год
2026-09-10,rasstavanie-s-devushkoy,расставание с девушкой,11908,Отношения и близость,/artterapy,обзор,расставание с девушкой · расставание парни девушки · девушка не хочет расставания · расставание с любимой девушкой · красивое расставание с девушкой · девушка избегает расставания · письмо расставания девушке · девушка перед расставанием · расставание с девушкой лучше · две девушки расставание · прощальные слова девушке при расставании · прощальное письмо девушке при расставании · расставание по инициативе девушки · расставания с девушкой видео · инициатор расставания девушка · расставание как помириться с девушкой · девушки во время расставания · слова девушке до слез при расставании · фото расставание с девушкой · долгое расставание с девушкой · девушка говорит о расставании · прощальные слова девушке при расставании до слез · грустная расставания с девушкой · как сказать девушке о расставании · подарок девушке на расставание · тяжелое расставание с девушкой · первое расставание с девушкой · расставание с первой девушкой · слова любимой девушке при расставании · девушка поет про расставание · девушка думает о расставании · слова девушке при расставании письмо · прощальное письмо девушке при расставании своими словами · письмо расставания любимой девушке · прощальные любимой девушке при расставании · письмо девушке при расставании до слез · прощальное письмо девушке при расставании до слез · смс девушке расставанием
2026-09-10,rasstavaniya-pochemu,расставания почему,11787,Отношения и близость,/artterapy,причины,расставания почему · зачем расставания · после расставания зачем · причина расставания аркан · причины расставания матрица · вы как причина расставания · возможная причина расставания · причина расставания в совместимости · зачем мужчина после расставания · причина расставания в матрице совместимости · зачем писать после расставания · зачем девушки после расставания · возможная причина расставания матрица · бородина причина расставания · терехин и бородина причина расставания · зачем парень после расставания · зачем бывшие пишут после расставания · причины расставания с парнем · причины расставания с девушкой · михаил терехин и ксения бородина причина расставания · расставание почему 2 · причина расставания 10 · причины расставания людей
2026-09-10,bez-trevozhnost,без тревожность,11552,Тревога и депрессия,/artterapy,обзор,без тревожность · от тревожности без рецепта · успокоительное от тревожности без рецептов · чувство тревоги без · работа без тревожности · от тревожности и стресса без рецептов · от тревожности и беспокойства без рецептов · хорошие успокоительные без рецептов от тревожности · успокоительное от тревожности и переживаний без рецептов · без антидепрессантов тревога · успокоительные без рецепта эффективные от тревожности · тревожность без антидепрессантов · сильные успокоительные без рецептов от тревожности · тревожность что попить без рецепта · аутотренинг при тревожности слушать без рекламы · средства от тревожности без рецепта · против тревожности без рецепта · тревожность без повода
2026-09-10,rasstavanie-s-parnem,расставание с парнем,10974,Отношения и близость,/artterapy,обзор,расставание с парнем · расставание с парнем во сне к чему · переписка с парнем расставание · видео расставание с парнем · расставание с хорошим парнем
2026-09-10,effekt-danninga-kryugera,эффект даннинга-крюгера,10370,Словарь и термины,/artterapy,обзор,эффект даннинга-крюгера · эффект даннинга крюгера · эффект даннинга крюгера что это такое простыми
2026-09-10,povyshennaya-trevozhnost,повышенная тревожность,10158,Тревога и депрессия,/artterapy,обзор,повышенная тревожность · повышение тревожность · повышена тревожность у взрослого · повышенная тревожность у взрослых · повышенная эмоциональная тревожность · лечение повышенной тревожности · повышенная тревожность у взрослых лечение · повышенный стресс и тревожность · люди с повышенной тревожностью · повышенная тревожность врач · может ли быть повышенная тревожность · состояние повышенная тревожность · повышенная тревожность страхи · повышенная тревожность форум · синдром повышенной тревожности · ситуация повышенной тревожности · постоянная повышенная тревожность · повышенная тревожность к какому врачу · повышенная тревожность работа · чувства повышенной тревожности · расстройство повышенная тревожность · кофе повышает тревожность · сон и повышенная тревожность · повышенный тип тревожности · повышенная тревожность витамины
2026-09-10,zaschitnye-mehanizmy-2,защитные механизмы,9972,Словарь и термины,/artterapy,обзор,защитные механизмы · защитные механизмы личности · защитные механизмы вопросы · защитный механизм 3 · защитный механизм организма · каска защитная с храповым механизмом · розетки с защитными механизмами · защитный механизм 2 · механизм защитной шторки · система защитных механизмов · механизмы защитного действия · защитные механизмы подростков · защитные механизмы стресса · индивидуальные защитные механизмы · чувство защитный механизм · проекция защитный механизм · механизмы защитных реакций · защитный механизм 5 · развитие защитных механизмов · работа с защитными механизмами · отрицание защитный механизм · вытеснение защитный механизм · защитный механизм читать · к защитным механизмам относится · как называется защитный механизм · рационализация защитный механизм · защитные механизмы клетки · защитные механизмы сознания · бессознательный защитный механизм · защитные механизмы поведения · собственного защитного механизма · каска защитная белая с храповым механизмом · защитные механизмы по фрейду · защитные ограждения механизмов · защитные механизмы крови · защитные механизмы анны фрейд · защитный корпус механизма · эмоциональный защитный механизм · понятие защитных механизмов · возможные защитные механизмы
2026-09-10,vospitanie-detey-otvety,воспитание детей ответы,9795,Дети и подростки,/artterapy,обзор,воспитание детей ответы · воспитание детей вопросы ответы · ответственность за воспитание детей · воспитание детей один правильный ответ · гигиеническое воспитание детей ответы · ответственность за ненадлежащее воспитание детей · воспитания детей в семье с ответами · ответственное воспитание детей · ответственность семьи за воспитание детей · приоритет ответ воспитания детей
2026-09-10,povyshennaya-samootsenka,повышенная самооценка,9733,Самооценка и личность,/artterapy,обзор,повышенная самооценка · повышение самооценки · книга повышающая самооценку · повышение самооценки и уверенности в себе · повышение самооценки женщин · как повышать самооценку женщине психология · повышенная самооценка человека · книги для повышения самооценки · женщина с повышенной самооценкой · как начать повышать самооценку · повышение самооценки и уверенности в себе женщинам · повышение самооценки и уверенности книга · как психолог повышает самооценку · как начать повышать самооценку женщине · аффирмация для повышения самооценки · книги повышающие самооценку женщин · работа повышаем самооценку · книги повышающие самооценку и уверенность в себе · самооценка повышается · аффирмации для женщин для повышения самооценки · медитация повышение самооценки · слушать повышение самооценки · тренинги повышение самооценки · вопросы повышающие самооценку · психология самооценка повышение · курсы повышения самооценки
2026-09-10,rasstavanie-s-muzhchinoy,расставание с мужчиной,9700,Отношения и близость,/artterapy,обзор,расставание с мужчиной · мужчина и женщина расставание · расставание инициативе мужчины · расставания с любимым мужчиной · месяц расставания с мужчиной · психология расставания мужчины · слезы мужчины при расставании · год расставания с мужчиной · мужчина лев расставание · прощальные слова мужчине при расставании своими · девушка и мужчина расставание · мужчины страдают расставании · как сказать мужчине о расставании · тельцы мужчины расставание · как мужчина переживает расставание с женщиной · расставание с женатым мужчиной · письмо мужчине расставание своими словами · сообщения мужчине расставания · письмо расставания любимому мужчине · любовь расставание мужчины · как написать мужчине о расставании · слова при расставании с мужчиной · переживают ли мужчины расставание · мужчина инициатор расставания · слова любимому мужчине при расставании · расставание между мужчиной и женщиной · прощальное письмо любимому мужчине расставание · мужчина говорит о расставании · психолог расставание с мужчиной · как ведет себя мужчина при расставании · письмо расставания мужчине своими словами до слез · расставание мужчины через месяц · мужчины тяжелее расставания · прощальные слова любимой при расставании мужчине · день расставания с мужчиной · психология расставания женщины и мужчины · смс мужчине при расставании · письмо мужчине о расставании · правильное расставание с мужчиной · как сказать мужчине о расставании тактично
2026-09-10,depressiya-bez-depressii,депрессия без депрессии,9424,Тревога и депрессия,/artterapy,обзор,депрессия без депрессии · депрессия без таблеток · от депрессии без рецепта · антидепрессанты без депрессии · депрессия без людей · стресс без депрессии
2026-09-10,tyazhelaya-depressiya,тяжелая депрессия,9270,Тревога и депрессия,/artterapy,обзор,тяжелая депрессия · человек тяжелом депрессии · антидепрессанты при тяжелой депрессии · самые тяжелые депрессии · тяжелая форма депрессии · тяжелая меланхолическая депрессия · сильные антидепрессанты при тяжелой депрессии · тяжелая клиническая депрессия · диагноз тяжелая депрессия · очень тяжелая депрессия
2026-09-10,nizkaya-samootsenka,низкая самооценка,9232,Самооценка и личность,/artterapy,обзор,низкая самооценка · низкая самооценка вопросы · тревожность низкая самооценка · очень низкая самооценка · низкая социальная самооценка · низкая самооценка у мужчин · низкая самооценка психологической · низкая самооценка и неуверенность в себе · психолог низкая самооценка · низкая самооценка приводит · низкая самооценка у подростка · низкая самооценка в отношениях · лучше низкая самооценка · низкая самооценка особенности · низкая самооценка страх · как называется низкая самооценка · самая низкая самооценка · низкая самооценка помогите · низкая самооценка и депрессия
2026-09-10,depressiya-kak-vyshli,депрессия как вышли,9130,Тревога и депрессия,/artterapy,обзор,депрессия онлайн · бесплатный депрессия · депрессия как вышли · у бывшего депрессия · депрессия самостоятельно · слово депрессия · депрессия пациент · депрессия форум · депрессия st · хроническая депрессия · самой депрессии · состояние депрессии · день депрессии · впала в депрессию · депрессия рецепты · глубокая депрессия · депрессия а это был муж · эндогенная депрессия · как лечить депрессию · рекуррентная депрессия · где депрессия · депрессия видео · депрессия принятие · депрессия 1 · легкая депрессия · само депрессия · торги депрессия принятие · депрессия длится · депрессия это простыми · депрессия ассоциации · стали депрессии · скрывать депрессию · скрытая депрессия · биполярная депрессия · большая депрессия · давай депрессия · борюсь с депрессией · фон депрессия · часто депрессия · постоянная депрессия
2026-09-10,depressiya-u-zhenschin,депрессия у женщин,8922,Тревога и депрессия,/artterapy,обзор,депрессия у женщин · как лечить депрессию у женщин · лучший депрессия для для женщин
2026-09-10,muzhchiny-poznakomyatsya-s-muzhchinami-dlya-otnosheniy,мужчины познакомятся с мужчинами для отношений,8917,Отношения и близость,/artterapy,обзор,мужчины познакомятся с мужчинами для отношений · где познакомиться с мужчиной для отношений · хочу познакомиться с мужчиной для отношений
2026-09-10,professionalnoe-vygoranie,профессиональное выгорание,8809,Выгорание и работа,/coach,обзор,профессиональное выгорание · профессиональное выгорание педагога · синдром профессионального выгорания · профессиональное выгорание вопросы · профессиональная деформация выгорание · развитие профессионального выгорания · профессиональный стресс и выгорание · профессиональное выгорание профессиональной деятельности · профессиональное выгорание человек человек · выгорание в профессии · профессиональные выгорания сотрудников · факторы профессионального выгорания · профессиональное выгорание работника · работа с профессиональным выгоранием · проблема профессиональное выгорание · профессиональное выгорание профессии · снижение профессионального выгорания · профессиональным выгоранием является · наличие профессионального выгорания · состояние профессионального выгорания · диагностика профессионального выгорания · помогающие профессии выгорание · тема профессионального выгорания · методы профессионального выгорания · профессиональное выгорание медицинских · тренинги профессионального выгорания · профессиональное выгорание личности · профессиональное выгорание врача · профессиональное выгорание социальных · усталость и профессиональное выгорание · профессиональное выгорание исследования · условия профессионального выгорания · выгорание какие профессии · профессионально личностное выгорание · здоровье профессионального выгорания · профессиональное выгорание помощь · профессиональное т выгорание · профессиональное выгорание самодиагностика · профессиональное выгорание помогающих профессий · процесс профессионального выгорания
2026-09-10,tipy-privyazannosti-v-otnosheniyah,типы привязанности в отношениях,8727,Отношения и близость,/artterapy,сколько,типы привязанности в отношениях · типы привязанности женщин · типы привязанности у мужчин · виды привязанности · типы привязанности в психологии · уровни привязанности · типы привязанности книга · типы привязанности ребенка · типы привязанности в дружбе · типы привязанности взрослых · книга про типы привязанности · типы привязанности кратко · типы любви привязанности · есть ли типы привязанности · типы привязанности к людям · стадии привязанности · лучшие типы привязанности · типы эмоциональной привязанности · виды типов привязанности · сколько типов привязанности · глубокая привязанность сколько серий · типы привязанности существуют · типы привязанности uquiz · типы привязанности персонажей · привязанность степень · типы привязанности и их описание · этапы привязанности · типы привязанности на английском · виды привязанности в психологии · типы привязанности гибсон · разные типы привязанности · типы привязанности по боулби · типы привязанности детство · типы привязанности в отношениях и их описание
2026-09-10,oshibka-vyzhivshego,ошибка выжившего,8555,Словарь и термины,/artterapy,обзор,ошибка выжившего · выжить работа над ошибками · ошибка выжившего книга · панченко работа над ошибками выжить · систематическая ошибка выжившего · работа над ошибками выжить книга · андрей панченко работа над ошибками выжить · аудиокниги ошибка выжившего · ошибка выжившего примеры
2026-09-11,tsennost-vospitaniya-detey,ценность воспитания детей,8306,Дети и подростки,/artterapy,обзор,ценность воспитания детей · ценностное воспитание детей · традиционные ценности в воспитании детей · ценности и цели в воспитании детей · ценности семьи и воспитание детей · семейные ценности воспитание детей · система ценностей в воспитании детей
2026-09-11,trevozhno-izbegayuschaya-privyazannost,тревожно избегающая привязанность,8287,Отношения и близость,/artterapy,обзор,тревожно избегающая привязанность · тревожно избегающий тип привязанности · тревожно избегающая привязанность в отношениях · тревожно избегающий тип привязанности в отношениях · человек с тревожно избегающим типом привязанности · тревожно надежно избегающий тип привязанности · тревожно избегающий тип привязанности у женщин · тревожно избегающая привязанность у мужчины · тревожно избегающий тип привязанности у мужчин · тревожно избегающий тип привязанности партнер · девушка с тревожно избегающим типом привязанности
2026-09-11,depressiya-proshla,депрессия прошла,7894,Тревога и депрессия,/artterapy,обзор,депрессия прошла · депрессия прошла сама · прошлой ночью у меня была депрессия
2026-09-11,vospitaniya-lichnosti-rebenka,воспитания личности ребенка,7829,Дети и подростки,/artterapy,обзор,воспитания личности ребенка · воспитание и развитие личности ребенка · воспитание личностного развития ребенка · воспитания формирования личности ребенка · социальное воспитание личности ребенка · личность ребенка в процессе воспитания · условия воспитания личности ребенка · развитие личности ребенка в процессе воспитания · развитие воспитание и формирование личности ребенка · семья в воспитании личности ребенка · принципы воспитания личности ребенка · процесс воспитания и формирования личности ребенка · воспитание личностных качеств ребенка · личность ребенка субъект воспитания · воспитание качеств личности ребенка · личность ребенка в физическом воспитании · личность общение ребенок воспитание · влияние воспитания на личность ребенка · свободное воспитание личности ребенка · методы воспитания личности ребенка · концепция воспитания личности ребенка
2026-09-11,pedagogicheskoe-vospitanie-detey,педагогическое воспитание детей,7514,Дети и подростки,/artterapy,обзор,педагогическое воспитание детей · педагогика воспитания детей · социально педагогическое воспитание детей · психолого педагогическое воспитание детей · педагогические системы воспитания детей · педагогические условия воспитания детей · педагоги о воспитании детей · педагогика наука о воспитании детей · педагогические методы воспитания детей · задача педагога в воспитании детей · психологическое педагогическое воспитание детей · педагогические проблемы в воспитании детей · педагогика и воспитание детей с отклонениями · педагогические технологии в воспитании детей · педагогические средства воспитания детей · педагогические подходы в воспитании детей · роль педагога в воспитании детей · педагогическая ситуация воспитании детей · педагогика рассматривает воспитание детей · вопросы по воспитанию детей педагогу · формы воспитания детей педагогика · методы воспитание детей педагогика · современный педагог в воспитании детей · педагогическая культура в воспитании детей · психолого педагогическая поддержка в воспитании детей · проблема воспитания детей педагогика
2026-09-11,rasstavanie-s-lyubimym,расставание с любимым,7428,Отношения и близость,/artterapy,обзор,расставание с любимым · слова расставания любимому · расставание с любимым человеком советы · расставание с любимым женщиной · расставание с любимым психолог · расставание с любимым советы психолога · расставание с любимым человеком советы психолога · видео расставание любимых · расставание с любимым до слез · расставание с любимым парнем · прощальное письмо любимому при расставании · боль расставания с любимой · расставание с любимым человеком это · прощальные слова любимому при расставании · слова до слез любимому при расставании · сон расставание с любимым · письмо любимому при расставании своими словами · боль расставания с любимым человеком · стихи о расставании с любимым · пережить расставание с любимой женщиной · сказать любимому при расставании · сон расставание с любимым человеком
2026-09-11,separatsiya-ot-roditeley,сепарация от родителей,7386,Отношения и близость,/artterapy,обзор,сепарация от родителей · сепарация от родителей возраст · сепарация от родителей взрослым · сепарация от родителей во взрослом возрасте · сепарация детей от родителей · сепарация от родителей что это простыми · подростковая сепарация от родителей · кризис сепарации от родителей · в чем заключается сепарация от родителей · родительская сепарация · как проходит сепарация от родителей
2026-09-11,vospitanie-detey-ogranichivaya,воспитание детей ограничивая,7348,Дети и подростки,/artterapy,обзор,воспитание детей ограничивая · воспитание детей с ограниченными возможностями · воспитания детей с ограниченными возможностями здоровья
2026-09-11,depressiya-proydet,депрессия пройдет,7263,Тревога и депрессия,/artterapy,обзор,депрессия пройдет · пройдет ли депрессия · депрессия пройдет сама
2026-09-11,rasstavanie-s-byvshey,расставание с бывшей,7226,Отношения и близость,/artterapy,обзор,расставание с бывшей · расставание и ребенок бывшей · расставания с бывшей сон
2026-09-11,bessoznatelnoe-sostoyanie,бессознательное состояние,7188,Словарь и термины,/artterapy,обзор,бессознательное состояние · бессознательных людей · ответ бессознательного · бессознательное вопросы · бессознательная жизнь · бессознательное архетип · бессознательное находиться · находился в бессознательном состоянии · обнаружена в бессознательном состоянии · бессознательное книги · бессознательное дыхание · дыхание в бессознательном состоянии · бессознательное поведение · бессознательных процессов · теория бессознательного · бессознательное положение · бессознательное эго · карл густав бессознательное · бессознательное тело · бессознательное действие · бессознательное читать · структура бессознательного · слово бессознательный · бессознательные чувства · сделать бессознательное · понятие бессознательный · бессознательное деятельность · концепции бессознательного · бессознательная травма · проблема бессознательного · цель бессознательного · бессознательное по юнгу · работа с бессознательным · развитие бессознательного · методы бессознательное · бессознательный конфликт · механизмы бессознательного · бессознательный обморок · бессознательного 5 · бессознательное социальное
2026-09-11,lyubimomu-posle-rasstavaniya,любимому после расставания,7162,Отношения и близость,/artterapy,обзор,любимому после расставания · вернуть любимого после расставания · расставание с любимым человеком после · как забыть любимого после расставания · молитва вернуть любимого после расставания · любимой женщине после расставания · как забыть любимого человека после расставания · как забыть любимую после расставания навсегда · молитва о возвращении любимой после расставания · любим друг друга после расставания
2026-09-11,klinicheskaya-depressiya,клиническая депрессия,7065,Тревога и депрессия,/artterapy,обзор,клиническая депрессия · депрессия клинические рекомендации · клинически выраженная депрессия
2026-09-11,samootsenka-zhenschiny,самооценка женщины,6788,Самооценка и личность,/artterapy,обзор,самооценка женщины · повысить самооценку и уверенность в себе женщине · психология самооценка женщины · самооценка женщины с мужчинами · женщина с низкой самооценкой · психолог самооценка женщины · самооценка женщины аффирмации · самооценка женщины советы психолога · книга для женщины для поднятия самооценки · высокая самооценка женщины · самооценка женщин в 45 · поднять самооценку женщине советы · самооценка женщины в отношениях
2026-09-11,otnosheniya-posle-rasstavaniy,отношения после расставаний,6769,Отношения и близость,/artterapy,обзор,отношения после расставаний · вернуть отношения после расставания · новые отношения после расставания · не хочу отношений после расставания · расставание после года отношений · расставание после долгих отношений · отношения после расставания с бывшим · отношения сразу после расставания · будут ли отношения после расставания · расставание после месяца отношений · начало новых отношений после расставания · вернуть ли отношения после расставания · расставание после длительных отношений · заместительные отношения после расставания · новые отношения сразу после расставания · возобновить отношения после расставания · хорошие отношения после расставания · как начать отношения после расставания · отношения после расставания возможны · расставание после 5 лет отношений
2026-09-11,posle-rasstavaniya-s-devushkoy,после расставания с девушкой,6266,Отношения и близость,/artterapy,обзор,после расставания с девушкой · после расставания девушка парни · девушка пишет после расставания · будут ли девушки после расставания · после расставания девушка любит · девушка вернулась после расставания · девушка после года расставания · девушка общается после расставания · девушкой друга после расставания · новая девушка после расставания · девушка после расставания избегает · скучает девушка после расставания · месяц после расставания с девушкой · чувства девушки после расставания · девушка отвечает после расставания · девушка после расставания нашла другого · хочу вернуть девушку после расставания · девушка заблокировала после расставания · фото девушек после расставания · после расставания с любимой девушкой · вернется ли девушка после расставания · девушка переживает после расставания · подарок девушке после расставания · утешить девушку после расставания · девушка начала скучать после расставания · девушка через месяц после расставания · как ведет себя девушка после расставания · девушка возвращается после расставания · девушке плохо после расставания · писать ли девушке после расставания · как помириться с девушкой после расставания · девушка нашла парня после расставания · советы девушкам после расставания · как добиться девушку после расставания · как девушка переживает после расставания · девушка хочет общаться после расставания · выложил фото девушки после расставания · девушка после расставания продолжает · время после расставания с девушкой · после расставания с первой девушкой
2026-09-11,samootsenka-i-uverennost-v-sebe,самооценка и уверенность в себе,6182,Самооценка и личность,/artterapy,обзор,самооценка и уверенность в себе · уверенная самооценка · книги для поднятия самооценки и уверенности · самооценка и уверенность в себе мужчине · психология самооценка уверенность в себе · медитация самооценка и уверенность в себе · станете увереннее и повысите самооценку · книги по самооценке и уверенности в себе · аффирмации самооценка и уверенность · самооценка и уверенность в себе психолог · развитие уверенности и самооценки · развить самооценку и уверенность в себе
2026-09-11,psihologiya-otnosheniy-knigi,психология отношений книги,6117,Отношения и близость,/artterapy,обзор,психология отношений книги · книги про психологию отношений · психология отношений книги читать · книги онлайн психология отношений · лучшие книги по психологии отношений · психология отношений книги читать онлайн · психология отношений книги онлайн бесплатно · психология отношений книги читать онлайн бесплатно
2026-09-11,pravila-vospitaniya-detey,правила воспитания детей,5975,Дети и подростки,/artterapy,обзор,правила воспитания детей · правильное воспитание детей · главные правила воспитания детей · новые правила воспитания детей · какими правилами воспитания детей · постановление правительства о воспитании детей · правильные методы воспитания детей · основные правила воспитания детей · фомичева воспитание у детей правильного · принципы правильного воспитания детей · воспитание у детей правильного произношения
2026-09-11,god-v-depressii,год в депрессии,5812,Тревога и депрессия,/artterapy,обзор,год в депрессии · ребенку год депрессия · депрессия год делать · год жила в депрессии
2026-09-11,trevozhnost-bespokoystvo,тревожность беспокойство,5805,Тревога и депрессия,/artterapy,обзор,тревожность беспокойство · чувство беспокойства · терапия беспокойства · чувство тревоги и беспокойства · терапия беспокойства бернс · терапия беспокойства дэвид · дэвид бернс терапия беспокойства · внутреннее беспокойство и тревожность · тревожное беспокойство · постоянная тревожность и беспокойство · постоянное чувство беспокойства · терапия беспокойства книга · эмоциональное беспокойство · постоянное чувство тревоги и беспокойства · терапия беспокойства читать · терапия беспокойства бернс читать · чувство беспокойства внутри · тревожность и беспокойство у взрослых · терапия беспокойства онлайн · чувство страха беспокойства · психологическое беспокойство · страх тревожность беспокойство · книга терапия беспокойства бернс · беспокоит тревожность · витамины от тревожности и беспокойства · терапия беспокойства читать онлайн · книга терапия беспокойства дэвид бернс · дэвид бернс терапия беспокойства читать · средства от тревожности и беспокойства · д бернс терапия беспокойства · тревожное состояние беспокойство · терапия беспокойства бернс читать онлайн
2026-09-11,samootsenka-cheloveka,самооценка человека,5802,Самооценка и личность,/artterapy,обзор,самооценка человека · человек с низкой самооценкой · самооценка человека ответ · человек занижает самооценку · человек с высокой самооценкой · человек с завышенной самооценкой · самооценка в жизни человека · самооценка и поведение человека · качество человека самооценка · самооценка человека влияет на · психологическая самооценка человека · проблемы самооценки человека · зависимость человека от самооценки · развитие самооценки человека · человеческая самооценка · самооценка человека что делает · формирование самооценки человека · самооценка человека психология
2026-09-11,samootsenka-kniga,самооценка книга,5718,Самооценка и личность,/artterapy,обзор,самооценка книга · самооценка вопросы · поднятие самооценки · завысь самооценку · самооценка мужчина · самооценка 5 · самооценка развитие · самооценка деятельности · самооценка выполнена · самооценка состояний · хорошая самооценка · самооценка слова · самооценка онлайн · бесплатно самооценка · борис самооценка · социальная самооценка · варианты самооценки · самооценка результатов · самооценка качества · работа с самооценкой · итоговая самооценка · со самооценке · самооценка жизни · самооценка что делает · самооценка влияет · самооценка цель · особенности самооценки · тип самооценки · самооценка относится к · диагностика самооценки · процесс самооценки · собственная самооценка · самооценка 6 · чувство самооценки · внутренняя самооценка · самооценка родителя · задачи самооценки · депрессия самооценка · исследование самооценка · ошибки в самооценке
2026-09-11,panicheskaya-trevozhnost,паническая тревожность,5662,Тревога и депрессия,/artterapy,обзор,паническая тревожность · тревожность и панические атаки · панические атаки тревожность страхи · лечение паническая тревожность · тревожность после панической атаки · средство от тревожности и панических атак · антидепрессанты от тревожности и панических · антидепрессанты от тревожности и панических атак
2026-09-11,uprazhnenie-otnoshenie,упражнение отношение,5632,Отношения и близость,/artterapy,упражнения,упражнение отношение · как научиться отношениям с мужчиной · техники отношений с мужчиной
2026-09-12,emotsionalnaya-labilnost,эмоциональная лабильность,5628,Словарь и термины,/artterapy,обзор,эмоциональная лабильность · слово лабильность · лабильность простейших · интеллектуальная лабильность · вегетативная лабильность · лабильность в психологии · лабильность ребенка · лабильность системы · лабильность настроения · эмоциональная лабильность это простыми · эмоциональная лабильность у детей · повышена лабильность · повышенная лабильность · нарушение лабильности · лабильность артериального · синдром лабильности · аффективная лабильность · состояние лабильности · лабильность процессов · психическая лабильность · снижение лабильности · лабильность ад · лабильность психики · повышенная эмоциональная лабильность · лабильность человека · лабильность подвижность · лабильность свойство · синдром эмоциональной лабильности · нарушение эмоциональной лабильность · выраженная лабильность · лабильность внимания · лабильность поведения · психологическая лабильность · лабильность мышления · b эмоциональная лабильность
2026-09-12,nezakrytyy-geshtalt,незакрытый гештальт,5607,Словарь и термины,/artterapy,обзор,незакрытый гештальт · незакрытый гештальт что это такое простыми · незакрытый гештальт как пишется · незаконченный гештальт
2026-09-12,sensornaya-deprivatsiya,сенсорная депривация,5593,Словарь и термины,/artterapy,обзор,сенсорная депривация · камера сенсорной депривации · сенсорная депривация что это простыми · сенсорная депривация хентай
2026-09-12,silnaya-trevozhnost,сильная тревожность,5487,Тревога и депрессия,/artterapy,обзор,сильная тревожность · сильное чувство тревоги · очень сильная тревожность · сильная тревожность и страх · сильная тревожность ночью · постоянная сильная тревожность · сильная тревожность форум · сильное сердцебиение тревожность · сильная слабость и тревожность
2026-09-12,psihologiya-otnosheniya-mezhdu,психология отношения между,5257,Отношения и близость,/artterapy,обзор,психология отношения между · книги по психологии отношений между · психология отношений между людьми · психология отношений между детьми
2026-09-12,perehodnyy-vozrast-u-devochek,переходный возраст у девочек,5055,Дети и подростки,/artterapy,обзор,переходный возраст у девочек · переходный возраст у лет девочек · переходный возраст у девочек со · когда начинается переходный возраст у девочек · когда заканчивается переходный возраст у девочек · девочки подростки подростки переходного возраста · девочка 11 лет переходный возраст · переходный возраст девочке 12 лет · переходный возраст 10 лет девочке · переходной возраст у девочек 13 · переходный возраст у девочек 12
2026-09-12,silnaya-depressiya,сильная депрессия,5009,Тревога и депрессия,/artterapy,обзор,сильная депрессия · депрессия сильных людей · самая сильная депрессия · очень сильная депрессия
2026-09-12,perehodnyy-vozrast-u-malchikov,переходный возраст у мальчиков,4959,Дети и подростки,/artterapy,обзор,переходный возраст у мальчиков · когда начинается переходный возраст у мальчиков · когда заканчивается переходный возраст у мальчиков · переходный возраст мальчика 13 лет · переходный возраст у мальчиков 14
2026-09-12,tselevye-orientiry-vospitaniya-detey,целевые ориентиры воспитания детей,4867,Дети и подростки,/artterapy,обзор,целевые ориентиры воспитания детей · ориентиры в воспитании детей · цель задачи целевые ориентиры воспитания детей
2026-09-12,refleksiya-otvet,рефлексия ответ,4841,Словарь и термины,/artterapy,обзор,рефлексия ответ · рефлексия выбрать ответ · рефлексия ответь · рефлексия выбор ответа · рефлексия ответственности
2026-09-12,privyazannosti-rebenka,привязанности ребенка,4794,Отношения и близость,/artterapy,обзор,привязанности ребенка · привязанность в жизни ребенка · привязанность ребенка к матери · привязанности ребенка к родителям · тайные привязанности в жизни ребенка · тайна опоры привязанность в жизни ребенка · тайная опора привязанность в жизни ребенка · петрановская привязанность в жизни ребенка · петрановская тайная опора привязанность ребенка · петрановская тайная привязанность в жизни ребенка · эмоциональная привязанность ребенка · сильная привязанность ребенка · привязанность ребенка формирование · людмилу петрановскую привязанность в жизни ребенка · развитие привязанности ребенка · аффективная привязанность ребенка что это · привязанность ребенка книга · любовь и привязанность ребенка · психологическая привязанность ребенка · надежная привязанность ребенка · привязанность между ребенком и родителем · теория привязанности ребенка · экспертиза привязанности ребенка · привязанность ребенка к взрослому · привязанность формируется у ребенка
2026-09-12,kollektivnoe-bessoznatelnoe,коллективное бессознательное,4742,Словарь и термины,/artterapy,обзор,коллективное бессознательное · коллективное бессознательное юнга · карл юнг коллективное бессознательное · коллективное бессознательное карла юнга · густав юнг коллективное бессознательное · карл густав юнг коллективное бессознательное · коллективное бессознательное книга · юнг коллективное бессознательное книга · концепцию коллективного бессознательного · коллективное бессознательное по юнгу · коллективное бессознательное г юнга · к г юнг коллективное бессознательное · коллективное бессознательное читать · карл юнг коллективное бессознательное книга · коллективное бессознательное фрейда · коллективное бессознательное просто · понятие коллективное бессознательное · коллективная бессознательная теория · коллективное бессознательное юнга читать · юнг коллективное бессознательное читать · структура коллективного бессознательного · концепция коллективного бессознательного юнга · юнг концепция коллективного бессознательного · кто сформулировал концепцию коллективного бессознательного
2026-09-12,onemenie-chuvstv,онемение чувств,4733,Эмоции и состояния,/artterapy,обзор,онемение чувств · чувство онемения · подавленные эмоции · подавляющие эмоции · как проживать эмоции · чувство онемения в ногах · человек подавляет эмоции · человек подавляющий эмоции · чувство онемения в левой · подавленные чувства и эмоции · эмоции подавлять управлять · чувство онемения в пальце · чувство онемения языка · чувство онемения пальцев ног · чувство онемения в голове · чувство онемения и покалывания · чувство онемения в стопе · чувство онемения в левой руке · чувство онемения конечностей · как правильно проживать эмоции · человек с подавленными эмоциями · подавленные негативные эмоции · чувство онемения в колене · чувство онемения в пальцах рук · чувство онемения бедра
2026-09-12,traditsionnoe-vospitanie-detey,традиционное воспитание детей,4688,Дети и подростки,/artterapy,обзор,традиционное воспитание детей · традиции воспитания детей · воспитание детей в традиционном обществе · традиции семьи воспитания детей · традиции и культура воспитания детей · национальные традиции воспитания детей · воспитание детей через традиции · семейные традиции воспитания детей · воспитание детей на основе традиций · народные традиции воспитания детей · традиции народов в воспитании детей · традиционная семья воспитание детей
2026-09-12,rasstavanie-mesyatsa,расставание месяца,4651,Отношения и близость,/artterapy,обзор,расставание месяца · расставание через месяц · два месяца расставания · расставание 6 месяцев · прошел месяц с расставания · месяц расставания что значит · месяца расставаний что значат · стал месяцем расставания · расставание спустя 2 месяца
2026-09-12,vospitanie-sosedskih-detey,воспитание соседских детей,4549,Дети и подростки,/artterapy,обзор,воспитание соседских детей · секреты воспитания соседских детей · воспитание соседских детей мужское женское · секреты воспитания соседских детей мужское · секреты воспитания соседских детей мужское женское · выпуск секрет воспитания соседских детей · мужское женское выпуск воспитание соседских детей · мужское женское секреты воспитания соседских детей выпуск · секреты воспитания соседских детей 17.02 2021
2026-09-12,koping-strategii,копинг стратегии,4505,Словарь и термины,/artterapy,обзор,копинг стратегии · копинг стратегии в психологии · копинг стратегии лазаруса · копинг стратегии вопросы · копинг стратегии стресса · копинг стратегий ситуации · стратегия копинг поведение · психологические копинг стратегии · эмоциональные копинг стратегии · копинг стратегии совладание · копинг стратегии личности · особенности копинг стратегий · копинг стратегии со стрессом · копинг стратегии подростков
2026-09-12,hochu-otnosheniy-s-muzhchinoy,хочу отношений с мужчиной,4426,Отношения и близость,/artterapy,обзор,хочу отношений с мужчиной · не хочу отношений с мужчинами после · очень хочу отношений с мужчиной · хочу хороших отношений с мужчиной · не хочу больше отношений с мужчинами · хочу отношений с женатым мужчиной · не хочу строить отношения с мужчинами · не хочу продолжать отношения с мужчиной
2026-09-12,psihologiya-otnosheniy-mezhdu-muzhchinoy,психология отношений между мужчиной,4416,Отношения и близость,/artterapy,обзор,психология отношений между мужчиной · психология мужчины в отношениях · психология отношений с мужчиной · психология отношений между мужчиной книги · советы психолога отношения с мужчинами · психология про отношения между мужчиной · психология мужчины в отношении брака · читать психологию мужчин отношений · читать психологию отношений между мужчиной · психолог в отношении с мужчиной · женская психология в отношениях с мужчиной · психология отношений старше мужчина · психолог отношения с женатым мужчиной · психология мужчина свободные отношения · мужчина после 40 психология отношений · год отношений с мужчиной психология · отношения с женатым мужчиной советы психолога · читать книгу психология отношений между мужчиной · отношения с женатым мужчиной психология · мужчине 40 лет психология отношений · книги психология отношений с мужчиной · слушать психологию отношений между мужчиной · психология отношений между мужчиной книги онлайн · книги про отношения психология для мужчин
2026-09-12,profilaktika-vygoraniya,профилактика выгорания,4407,Выгорание и работа,/coach,обзор,профилактика выгорания · профилактика выгорания педагогов · профилактика синдрома выгорания · профилактика выгорания сотрудников · психологическое выгорание профилактика · методы профилактики выгорания · тренинг профилактика выгорания · программа профилактики выгорания · профилактика медицинского выгорания · профилактика выгорания психолога · профилактика социального выгорания · профилактика стрессов и выгорания · профилактика выгорания самодиагностика и профилактика · профилактика выгорания педагогов тренинг · профилактика выгорания на работе · профилактика психологического выгорания педагогов · мероприятия по профилактике выгорания · синдром выгорания диагностика и профилактика
2026-09-12,otnosheniya-mezhdu-zhenschinami-psihologiya,отношения между женщинами психология,4382,Отношения и близость,/artterapy,обзор,отношения между женщинами психология · психология женщины в отношениях · психология женщины отношения книга · мужская психология в отношении с женщинами · читать психологию отношений женщины · психология отношений женщины бесплатно · психология свободных отношений женщины · психология женщины после 40 в отношениях · женщина 40 лет психология отношений · психология отношений женщина старше · психология отношений с замужними женщинами
2026-09-12,god-posle-rasstavaniya,год после расставания,4337,Отношения и близость,/artterapy,обзор,год после расставания · спустя год после расставания · через год после расставания · прошло год после расставания · прошел год после расставания · бывший через год после расставания · год после расставания с мужем · год после расставания с парнем · год много после расставания
2026-09-12,snizhenie-trevozhnosti,снижение тревожности,4295,Тревога и депрессия,/artterapy,обзор,снижение тревожности · работа по снижению тревожности · снижение тревожности методы · занятие снижение тревожности · снижение тревожности родителей · программа снижение тревожности
2026-09-12,shkolnyy-bulling,школьный буллинг,4284,Отношения и близость,/artterapy,обзор,школьный буллинг · буллинг школьники · спецназовец в теле школьника буллинг отменяется · корейский школьный буллинг · школьницы буллинг · симс 4 школьный буллинг · мод на школьный буллинг · школьникам про буллинг · мод на школьный буллинг симс 4 · школьная травля буллинг
2026-09-12,posle-rasstavaniya-nachal,после расставания начал,4249,Отношения и близость,/artterapy,обзор,после расставания начал · начала скучать после расставания · начали встречаться после расставания · начали общаться после расставания
2026-09-13,vzroslaya-trevozhnost,взрослая тревожность,4208,Тревога и депрессия,/artterapy,обзор,взрослая тревожность · афобазол что лучше взрослому при тревожности · лечение тревожности у взрослых · снятие тревожности у взрослых
2026-09-13,vyuchennaya-bespomoschnost,выученная беспомощность,4176,Эмоции и состояния,/artterapy,обзор,выученная беспомощность · синдром выученной беспомощности · выученная беспомощность это в психологии · теория выученной беспомощности · выученной беспомощностью ребенка · выученная беспомощность эксперимент · селигман выученная беспомощность
2026-09-13,depressiya-v-ssha,депрессия в сша,4172,Тревога и депрессия,/artterapy,обзор,депрессия в сша · годы депрессии в сша · депрессия сша 1929 · депрессия в сша 1929 1933 · время депрессии в сша · время великой депрессии в сша
2026-09-13,silnaya-privyazannost,сильная привязанность,4095,Отношения и близость,/artterapy,обзор,сильная привязанность · сильная привязанность к бывшей · сильная эмоциональная привязанность · очень сильная привязанность · сильное чувство привязанности · как называется сильная привязанность · самая сильная привязанность · сильный тип привязанности · сильная привязанность к маме · сильная привязанность к матери
2026-09-13,vysokaya-samootsenka,высокая самооценка,4083,Самооценка и личность,/artterapy,обзор,высокая самооценка · высокие и низкие самооценки · высокая самооценка развития · высокая самооценка подростков · имеет высокую самооценку · чувства высокой самооценки · высокая самооценка девушки · черты высокой самооценки
2026-09-13,samootsenki-rebenka,самооценки ребенка,4055,Дети и подростки,/artterapy,обзор,самооценки ребенка · самооценка ребенка · повышенная самооценка ребенка · низкая самооценка ребенка · развитие самооценки ребенка · формирование самооценки ребенка · самооценка родителей и детей · самооценка ребенка в школе · влияние самооценки на ребенка · высокая самооценка ребенка · самооценка ребенка младшего · положительная самооценка ребенка · заниженная самооценка ребенка · адекватная самооценка ребенка · завышенная самооценка детей · самооценка личности ребенка · повышение самооценки ребенка · самооценка ребенка книга · на самооценку ребенка влияет · влияние самооценки родителя на самооценку ребенка · самооценка ребенка в деятельности · психологи самооценка ребенка · самооценка ребенка 7 лет · самооценка детей и подростков · самооценка детей проблемы · самооценка ребенка школьного возраста · тревожность и самооценка ребенка · особенности самооценки ребенка · нарушения самооценки детей · самооценка детей младшего школьного · самооценка ребенка младшего школьного возраста
2026-09-13,perehodnoy-vozrast-skolkih-vozrast,переходной возраст скольких возраст,4035,Дети и подростки,/artterapy,обзор,переходной возраст скольких возраст · со скольки переходный возраст · со скольки лет переходный возраст · переходный возраст до скольки лет · переходный возраст у девочек со скольки · переходный возраст у мальчиков со скольки · со скольки начинается переходный возраст · до скольки переходный возраст у мальчиков · до скольки переходный возраст у девочек · скольки лет начинается переходный возраст · со скольки лет начинается переходный возраст · со скольки лет переходный возраст у девочек · со скольки лет переходный возраст у мальчиков · до скольки лет переходный возраст у мальчиков · до скольки лет переходный возраст у девочек · со скольки начинается переходный возраст у девочек · до скольки длится переходный возраст · до скольки идет переходный возраст · со скольки начинается переходный возраст у мальчиков
2026-09-13,semeynoe-vospitanie-rebenka,семейное воспитание ребенка,4032,Дети и подростки,/artterapy,обзор,семейное воспитание ребенка · семейное воспитание в развитии ребенка · стили семейного воспитания ребенка · условия семейного воспитания ребенка · цель семейного воспитания ребенка · роль семейного в воспитании ребенка
2026-09-13,rasstavanie-s-zhenschinoy,расставание с женщиной,4027,Отношения и близость,/artterapy,обзор,расставание с женщиной · психология расставания женщины · расставание по инициативе женщины · расставание рака женщины · женщина нарцисс расставание
2026-09-13,emotsionalnaya-privyazannost,эмоциональная привязанность,3999,Отношения и близость,/artterapy,обзор,эмоциональная привязанность · эмоциональная привязанность к бывшему · эмоциональная привязанность другу · социальная эмоциональная привязанность
2026-09-13,diagnoz-depressiya,диагноз депрессия,3908,Тревога и депрессия,/artterapy,обзор,диагноз депрессия · диагностика депрессии · как диагностировать депрессию · диагностически значимой депрессии · есть ли диагноз депрессия · диагностически значимая депрессия st
2026-09-13,fizicheskoe-vospitanie-rebenka,физическое воспитание ребенка,3907,Дети и подростки,/artterapy,обзор,физическое воспитание ребенка · вопросы физического воспитания ребенка · задачи физического воспитания ребенка · система физического воспитание ребенка · физическая культура воспитания ребенка · цель физического воспитания ребенка · развитие ребенка в процессе физического воспитания · воспитание физически здорового ребенка · спортивное физическое воспитание ребенка
2026-09-13,chuvstvo-obidy,чувство обиды,3876,Отношения и близость,/artterapy,обзор,чувство обиды · эмоциональные обиды · обида психологом · обида это в психологии · чувство обиды 6 · психосоматика обиды · психологическая обида · чувство вины обиды · чувство обиды 6 букв · психология обиды книги · обида это эмоция или чувство · обиды советы психолога · обида как чувство человека · обида человека психология · чувство обиды в отношениях · обида депрессия · как отпускать обиды психология · чувство обиды 6 букв сканворд
2026-09-13,depressiya-segmenta,депрессия сегмента,3853,Тревога и депрессия,/artterapy,обзор,депрессия сегмента · депрессия сегмента st · экг депрессия сегмента · депрессия сегмента st в отведениях · депрессия сегмента ст · значимая депрессия сегмента st · горизонтальная депрессия сегмент · косонисходящая депрессия сегмента · депрессия сегмента т · косонисходящая депрессия сегмента st · депрессия сегмента st на экг что это · эпизоды депрессии сегмента st · депрессия сегмента st avf · депрессия сегмента st до 1 мм · депрессия сегмента на холтере · депрессия сегмента st 0 · ишемическая депрессия сегмента · депрессия сегмента st на холтере · диагностически значимой депрессии сегмента · косовосходящая депрессия сегмента · реципрокная депрессия сегмента
2026-09-13,chuvstvo-grusti,чувство грусти,3844,Эмоции и состояния,/artterapy,обзор,чувство грусти · чувство тоски · чувство тоски и уныния · чувство печали · чувство грусть настроение · чувство тоски и уныния кроссворд · грусть депрессия · чувство тоски и уныния 6 · антидепрессанты и грусть · чувство тоски и уныния кроссворд 6 · чувство грусть настроение ассоциации · среди грусти стань мне антидепрессантом · депрессия тоска · вечной грусти стань мне антидепрессантом · среди вечной грусти стань мне антидепрессантом · чувство тоски и уныния 6 букв · чувство печали переживания · чувство тоски и уныния кроссворд 6 букв · чувство печали 9 · чувство печали переживания 9 · чувство печали 9 букв · чувство печали переживания 9 букв · эмоциональная тоска · печаль депрессия · чувство тоски по человеку · тоска уныние депрессия
2026-09-13,metod-ratsionalizatsii,метод рационализации,3820,Словарь и термины,/artterapy,обзор,метод рационализации · метод рационализации логарифмических · метод рационализации логарифмических неравенств · метод рационализации логарифмов · метод рационализации математика · решение методом рационализации · метод рационализации формулы · решение неравенств методом рационализации · метод рационализации задания · метод рационализации 15
2026-09-13,bulling-detey,буллинг детей,3810,Отношения и близость,/artterapy,обзор,буллинг детей · буллинг бывшего · корейский буллинг · буллинг человека · буллинг на работе · буллинг видео · буллинг 2026 · буллинг где · статья за буллинг · социальный буллинг · буллинг драка · тема буллинга · буллинг что это такое простыми · буллинг девочки · конфликт буллинг · стороны буллинга · буллинг стать · был ли буллинг · буллинг педагогов · буллинг девушки · после буллинга · буллинг россии · подвергался буллингу · мода на буллинг · буллинг истории · детский буллинг · буллинг учеников · буллинг со стороны · моббинга буллинга · буллинг ситуация · насилие буллинг · скачай буллинг · буллинг рф · план буллинг · буллинг унижение · буллинг несовершеннолетних · буллинг кибербуллинг · буллинг друзей · без буллинга · программа буллинга
2026-09-13,depressiya-u-muzhchin,депрессия у мужчин,3731,Тревога и депрессия,/artterapy,обзор,депрессия у мужчин · мужчина вышедший из депрессии · депрессия мужчины 40
2026-09-13,kak-nazyvaetsya-depressiya,как называется депрессия,3705,Тревога и депрессия,/artterapy,обзор,как называется депрессия · депрессией называют · как называется состояние депрессии
2026-09-13,postoyannaya-trevozhnost,постоянная тревожность,3689,Тревога и депрессия,/artterapy,обзор,постоянная тревожность · постоянное чувство тревоги · постоянное чувство тревожности · постоянных страх и тревожность
2026-09-13,depressiya-simptomy-u-zhenschin,депрессия симптомы у женщин,3655,Тревога и депрессия,/artterapy,признаки,депрессия симптомы у женщин · признаки депрессии у женщин · как проявляется депрессия у женщин · депрессия симптомы у женщин после 40 · депрессия симптомы и лечение у женщин · депрессия симптомы и признаки у женщин · депрессия симптомы у женщин после 60 · как проявляется депрессия у женщин симптомы · депрессия симптомы у женщин после 50
2026-09-13,psihologiya-otnosheniy-rasskazy,психология отношений рассказы,3604,Отношения и близость,/artterapy,обзор,психология отношений рассказы · рассказы психология отношений на дзене · читать психология отношений рассказы · рассказы канала психология отношений · психология отношений читать рассказы бесплатно · психология отношений рассказы навигация по каналу
2026-09-13,refleksiya-udarenie,рефлексия ударение,3601,Словарь и термины,/artterapy,обзор,рефлексия ударение · ударение в слове рефлексия · ударение в слове рефлексия как правильно
2026-09-13,teoriya-privyazannosti,теория привязанности,3589,Отношения и близость,/artterapy,обзор,теория привязанности · боулби теория привязанности · джон теории привязанности · теория привязанности джона боулби · теория привязанности книга · подходим друг другу как теория привязанности · теорию привязанности создал · хеллер теория привязанности · боулби теория привязанности книга · теория привязанности эйнсворт · теория привязанности читать · теория привязанности дж боулби · теория типов привязанности · теория привязанности в психологии · джон боулби теория привязанности книга
2026-09-13,antidepressanty-pri-depressii,антидепрессанты при депрессии,3554,Тревога и депрессия,/artterapy,обзор,антидепрессанты при депрессии · депрессия какие антидепрессанты · депрессия пью антидепрессанты · хорошие антидепрессанты при депрессии · тревожная депрессия антидепрессанты
2026-09-14,metody-vospitaniya-detey,методы воспитания детей,3543,Дети и подростки,/artterapy,обзор,методы воспитания детей · формы методы воспитания детей · методы и средства воспитания детей · физические методы воспитания детей · условия и методы воспитания детей · принципы и методы воспитания детей · система методов воспитания детей · методы социального воспитания детей · воспитание детей методом б · методы семейного воспитания детей · методы воспитание детей убеждения · примеры методов воспитание детей · воспитание детей методы и подход · метод воспитания детей с овз · методы физического воспитания и развития детей · формы методы и средства воспитания детей
2026-09-14,vernetsya-posle-rasstavaniya,вернется после расставания,3524,Отношения и близость,/artterapy,обзор,вернется после расставания · вернется ли бывший после расставания · парень вернется после расставания · вернется ли он ко мне после расставания · вернется ли женщина после расставания
2026-09-14,byvshaya-devushka-posle-rasstavaniya,бывшая девушка после расставания,3413,Отношения и близость,/artterapy,обзор,бывшая девушка после расставания · бывшая девушка пишет после расставания · девушка бывшая после расставания вернется
2026-09-14,nachalo-otnosheniy-s-muzhchinoy,начало отношений с мужчиной,3361,Отношения и близость,/artterapy,обзор,начало отношений с мужчиной · начало новых отношений с мужчиной · став начало отношений с мужчиной
2026-09-14,formy-vospitaniya-detey,формы воспитания детей,3310,Дети и подростки,/artterapy,обзор,формы воспитания детей · формы семейного воспитания детей · формы физического воспитания детей · формы воспитания детей оставшихся · формы воспитания детей оставшихся без · формы содержания и воспитания детей · формы воспитания детей в школе · иные формы воспитания детей · формы трудового воспитания детей · основные формы воспитания детей · формы воспитания детей в доу
2026-09-14,otnoshenie-k-dengam,отношение к деньгам,3270,Выгорание и работа,/coach,обзор,отношение к деньгам · какое отношение к деньгам · отношение людей к деньгам · деньги по отношению к рублю · отношение ребенка к деньгам · правильное отношение к деньгам · вопросы отношения к деньгам
2026-09-14,vals-rasstavaniya,вальс расставания,3267,Отношения и близость,/artterapy,обзор,вальс расставания · френкель вальс расставания · вальс расставания ян · ян френкель вальс расставания · яна френкеля вальс расставания · вальс расставания текст · вальс расставания слушать · вальс расставания бесплатно · френкель вальс расставание слушать · вальс расставание раиса · неменова вальс расставания · раиса неменова вальс расставания · вальс расставания ноты
2026-09-14,bezmolvnoe-rasstavanie,безмолвное расставание,3259,Отношения и близость,/artterapy,обзор,безмолвное расставание · безмолвное расставание озвучка · безмолвное расставание 2015 · безмолвное расставание русская озвучка · онлайн безмолвное расставание · безмолвное расставание бесплатно · безмолвное расставание русская озвучка бесплатно
2026-09-14,mesyatsy-posle-rasstavaniya,месяцы после расставания,3249,Отношения и близость,/artterapy,обзор,месяцы после расставания · бывший месяц после расставания · через месяц после расставания · спустя месяц после расставания · прошел месяц после расставания · парень после месяца расставания · после расставания месяц не проходит · два месяца после расставания · прошло 2 месяца после расставания · месяц после расставания не пишет · женщина месяц после расставания · три месяца после расставания
2026-09-14,kak-izbavitsya-ot-razdrazheniya,как избавиться от раздражения,3226,Эмоции и состояния,/artterapy,что делать,как избавиться от раздражения · как избавиться от раздражения после · раздражение от бритья как избавиться · как избавиться от раздражения после бритья · как избавится от раздражения в зоне · как справиться с раздражением · как избавиться от раздражения на ногах · как избавиться от раздражения бикини · как избавиться от раздражения после бритья ног · раздражение под мышками что делать если покраснение · как избавиться от раздражения в зоне бикини · как избавиться от раздражения на лице · как избавиться от раздражения после бритья бикини
2026-09-14,ot-trevozhnosti-i-stressa,от тревожности и стресса,3187,Тревога и депрессия,/artterapy,обзор,от тревожности и стресса · снижение стресса и тревожности · сильный стресс и тревожность · тревожность после стресса · магний от тревожности и стресса · снятие стресса и тревожности · тревога тревожность стресс · стресс страх тревожность · постоянный стресс и тревожность · хронический стресс и тревожность · тревожность стресс выгорание · бессонница стресс тревожность · тревожность на фоне стресса
2026-09-14,vylechu-depressiyu,вылечу депрессию,3181,Тревога и депрессия,/artterapy,обзор,вылечу депрессию · как вылечить депрессию · как вылечить депрессию самостоятельно · вылечивается ли депрессия
2026-09-14,privyazannost-zhenschiny,привязанность женщины,3157,Отношения и близость,/artterapy,обзор,привязанность женщины · привязанность между женщинами · гормон привязанности у женщин
2026-09-14,prichiny-perenosa-otpuska,причины переноса отпуска,3083,Словарь и термины,/artterapy,причины,причина переноса · причины переноса отпуска · причина переноса рейса
2026-09-14,otnosheniya-s-zhenatym-muzhchinoy,отношения с женатым мужчиной,3032,Отношения и близость,/artterapy,обзор,отношения с женатым мужчиной · отношения с женатым мужчиной советы · отношения с женатым мужчиной с ребенком · свободные отношения с женатым мужчиной
2026-09-14,nachalo-depressii,начало депрессии,3008,Тревога и депрессия,/artterapy,обзор,начало депрессии · начальная депрессия · начало великой депрессии
2026-09-14,vospitanie-detey-cherez,воспитание детей через,3008,Дети и подростки,/artterapy,обзор,воспитание детей через · воспитание детей через культуру · воспитание детей через сказки · воспитание детей через народные игры · воспитание детей через семью · воспитание детей через природу
2026-09-14,samootsenka-podrostka,самооценка подростка,2978,Самооценка и личность,/artterapy,обзор,самооценка подростка · подростковая самооценка · самооценка девочки подростка · развитие самооценки подростков · самооценка подростков книга · особенности самооценки подростков · заниженная самооценка подростков · формирование самооценки подростков · влияние самооценки на подростков · диагностика самооценки подростков · поднятие самооценки подростку
2026-09-14,lyubit-posle-rasstavaniya,любить после расставания,2948,Отношения и близость,/artterapy,обзор,любить после расставания · любить человека после расставания · любит ли после расставания · после расставания говорит что любит
2026-09-14,rasstavanie-pomogaet,расставание помогает,2932,Отношения и близость,/artterapy,обзор,расставание помогает · помогите пережить расставание · помогает ли расставание
2026-09-14,rasstavanie-zabyt,расставание забыть,2916,Отношения и близость,/artterapy,обзор,расставание забыть · как быстро забыть расставание · как забыть и пережить расставание
2026-09-14,sovremennoe-vospitanie-detey,современное воспитание детей,2906,Дети и подростки,/artterapy,обзор,современное воспитание детей · современное воспитание и развитие детей · условия воспитания современных детей · современные подходы воспитания детей · воспитание личности современных детей · современные технологии воспитания детей · воспитание детей в современном мире · современные принципы воспитания детей · современные системы воспитания детей · современное воспитание детей в школе
2026-09-14,emotsionalnaya-empatiya,эмоциональная эмпатия,2853,Отношения и близость,/artterapy,обзор,эмоциональная эмпатия · чувство эмпатии · эмпатия в психологии · психологическая эмпатия · эмпатия эмоциональное другому человеку · эмпатия психолога · эмпатия и эмоциональный интеллект · эмоциональный человек и эмпатия · эмоциональное состояние эмпатия · человек с чувством эмпатии · эмпатия в психологии кратко · когнитивная и эмоциональная эмпатия · выгорание эмпатии · эмпатия постижение эмоционального · психологический центр эмпатия · эмпатия развитие эмоционального интеллекта · эмпатия терапия · развивать чувство эмпатии · развитое чувство эмпатии · высокое чувство эмпатии · эмпатия что это в психологии простыми · эмпатия с точки зрения психологии · эмоциональная идентификация эмпатия · отсутствие эмоциональной эмпатии · психолог без эмпатии · эмпатия и самооценка · эмпатия чувствовать другого человека
2026-09-14,podrostkovyy-vozrast-u-devochek,подростковый возраст у девочек,2849,Дети и подростки,/artterapy,обзор,подростковый возраст у девочек · мальчик девочка подросткового возраста · грудь девочек подросткового возраста · когда начинается подростковый возраст у девочек
2026-09-14,pisat-posle-rasstavaniya,писать после расставания,2846,Отношения и близость,/artterapy,обзор,писать после расставания · писать ли после расставания · после расставания не писать первой
2026-09-15,buduschee-otnosheniya-s-muzhchinoy,будущее отношения с мужчиной,2838,Отношения и близость,/artterapy,обзор,будущее отношения с мужчиной · ближайшее будущее отношения с мужчиной · онлайн на будущее отношений с мужчиной
2026-09-15,lyubov-i-otnosheniya-s-muzhchinoy,любовь и отношения с мужчиной,2804,Отношения и близость,/artterapy,обзор,любовь и отношения с мужчиной · отношения мужчин с любовницей · любовные отношения с мужчиной · аффирмация на любовь и отношения с мужчиной · медитация на отношения с мужчиной и любовь · отношения женатого мужчины с любовницей · отношения с мужчиной любовником
2026-09-15,zavyshennaya-samootsenka,завышенная самооценка,2803,Самооценка и личность,/artterapy,обзор,завышенная самооценка · эрудит с завышенной самооценкой · как называется завышенная самооценка · эрудит с завышенной самооценкой 9 · адекватно завышенная самооценка · эрудит с завышенной самооценкой 9 букв
2026-09-15,napisal-posle-rasstavaniya,написал после расставания,2792,Отношения и близость,/artterapy,обзор,написал после расставания · после расставания написал через · после расставания хочу написать · после расставания написала первая
2026-09-15,pomosch-bessoznatelnogo,помощь бессознательного,2778,Словарь и термины,/artterapy,обзор,помощь бессознательного · помощь бессознательном состоянии · помощь человеку в бессознательном состоянии · помощь пострадавшему в бессознательном состоянии · помощь пострадавшему находящемуся в бессознательном состоянии · первая помощь бессознательное состояние · первая помощь пострадавшим в бессознательном состоянии · первая помощь находящемуся в бессознательном состоянии
2026-09-15,otsenka-samootsenka,оценка самооценка,2759,Самооценка и личность,/artterapy,обзор,оценка самооценка · оценка результатов самооценка · методы оценки самооценки · действия оценки самооценки · оценка и самооценка учебной · влияние оценки на самооценку · самоконтроль оценка самооценка самоконтроль · самооценка критерии оценка · оценка и самооценка работы · контроль самооценка и оценка
2026-09-15,trevozhnost-mysli,тревожность мысли,2748,Тревога и депрессия,/artterapy,обзор,тревожность мысли · навязчивые мысли тревожность · тревожность плохие мысли · тревожность какие мысли · в голове тревожность мысли
2026-09-15,grud-v-podrostkovom-vozraste,грудь в подростковом возрасте,2732,Дети и подростки,/artterapy,обзор,грудь в подростковом возрасте · как уменьшить грудь в подростковом возрасте · как сделать грудь больше в подростковом возрасте · как отрастить грудь в подростковом возрасте · болит грудь в подростковом возрасте
2026-09-15,shagov-k-stabilnoy-samootsenke,шагов к стабильной самооценке,2704,Самооценка и личность,/artterapy,обзор,шагов к стабильной самооценке · самооценка 7 шагов · шагов стабильной самооценки книга · книга 7 шагов к самооценке · книга 7 шагов к стабильной самооценке · семь шагов к самооценке · семь шагов к стабильной самооценке · шагов к стабильной самооценке аудиокнига · здоровая самооценка 10 шагов · здоровая самооценка 10 шагов бернс · самооценка бернс 10 шагов
2026-09-15,bessoznatelnom-sostoyanii-postradavshego,бессознательном состоянии пострадавшего,2684,Словарь и термины,/artterapy,обзор,бессознательном состоянии пострадавшего · пострадавший находится в бессознательном состоянии · пострадавшего в бессознательном состоянии необходимо · бессознательное состояние положение пострадавшего · транспортировки пострадавших в бессознательном · транспортировка пострадавших в бессознательном состоянии · пострадавшему находящемуся в бессознательном состоянии необходимо · транспортировка пострадавшего в бессознательном состоянии осуществляется · осмотр пострадавшего в бессознательном состоянии · как проверяется пульс при бессознательном состоянии пострадавшего · положение пострадавшего в бессознательном состоянии ответ
2026-09-15,grustnoe-rasstavanie,грустное расставание,2669,Отношения и близость,/artterapy,обзор,грустное расставание · грусть расставание · грустное расставание до слез · грустное видео расставание · самые грустные расставания
2026-09-15,profilaktika-bullinga,профилактика буллинга,2656,Отношения и близость,/artterapy,обзор,профилактика буллинга · буллинг план профилактики · программы профилактика буллинга · мероприятия по профилактике буллинга · профилактика буллинга подростков · работа по профилактике буллинга · профилактика буллинга детям · профилактика буллинга психолог · профилактика травли буллинга · профилактика буллинга в классе · занятие профилактики буллинга · профилактика буллинга темы · профилактика буллинга кибербуллинга · социальная профилактика буллинга · педагог и профилактика буллинга · психологическая профилактика буллинга · профилактика буллинга несовершеннолетних · план мероприятий по профилактике буллинга · профилактика моббинга и буллинга · правила профилактики буллинга · план работы профилактика буллинга · классные часы профилактика буллинга · классный час буллинг профилактика · профилактика буллинга цель
2026-09-15,trevozhnost-hanina,тревожность ханина,2616,Тревога и депрессия,/artterapy,обзор,тревожность ханина · ханин тревожность · ю ханин тревожность · ю л ханин тревожность · ю л ханина тревожности · диагностика тревожности ханина · самооценка тревожности ханина
2026-09-15,srednyaya-depressiya,средняя депрессия,2603,Тревога и депрессия,/artterapy,обзор,средняя депрессия · депрессия средней тяжести · выраженная депрессия средней · выраженная депрессия средней тяжести
2026-09-15,vysokaya-trevozhnost,высокая тревожность,2601,Тревога и депрессия,/artterapy,обзор,высокая тревожность · высокая тревожность людей · высокая социальная тревожность
2026-09-15,stress-vygoraniya,стресс выгорания,2601,Выгорание и работа,/coach,обзор,стресс выгорания · хронический стресс и выгорание · стресс истощение выгорание · выгорание избавлению от стресса · стрессоустойчивость выгорание · выгорание новый подход к избавлению от стресса · стресс выгорание депрессия · усталость стресс выгорание · стрессовое выгорание · стресс и выгорание на работе
2026-09-15,v-protsesse-vospitaniya-rebenok-tsennosti,в процессе воспитания ребенок ценности,2565,Дети и подростки,/artterapy,обзор,в процессе воспитания ребенок ценности · основные ценности воспитания ребенка · ценности основа воспитания ребенка
2026-09-15,zanizhennaya-samootsenka,заниженная самооценка,2550,Самооценка и личность,/artterapy,обзор,заниженная самооценка · заниженная самооценка депрессия · неадекватная заниженная самооценка · родители занижают самооценку · завышенная и заниженная самооценка
2026-09-15,otnosheniya-s-muzhchinoy-posle-50,отношения с мужчиной после 50,2540,Отношения и близость,/artterapy,обзор,отношения с мужчиной после 50 · отношения с мужчиной после 40 · отношения с мужчиной после 60 лет · отношения после расставания с мужчиной · отношения с мужчинами после развода · отношение с мужчиной после 50 лет · после разрыва отношений с мужчиной · отношения с женатым мужчиной после · отношения с мужчиной после 40 лет
2026-09-15,perehodnyy-vozrast-stendap,переходный возраст стендап,2535,Дети и подростки,/artterapy,обзор,переходный возраст стендап · переходный возраст стендап сергей · стендап концерт переходный возраст
2026-09-15,devushka-v-otnosheniyah-s-muzhchinoy,девушка в отношениях с мужчиной,2515,Отношения и близость,/artterapy,обзор,девушка в отношениях с мужчиной · девушки не хотят отношений с мужчиной · девушка с ребенком отношения с мужчиной · отношения взрослого мужчины с девушкой
2026-09-15,kak-perezhit-razvod-s-muzhem,как пережить развод с мужем,2494,Отношения и близость,/artterapy,что делать,как пережить развод с мужем · как пережить развод с женой · как пережить развод советы · как пережить развод мужчине · как пережить развод психолог · как пережить развод советы психолога · как пережить развод после · как пережить развод с мужем советы · как пережить развод с мужем психолог · как пережить развод с мужем советы психолога · развод как пережить женщине · как пережить развод форум · как пережить развод родителей · как пережить развод люблю · как пережить развод с любимой · как пережить развод с любимым мужем · как пережить развод с мужем форум · книга как пережить развод · как пережить развод с мужем которого любишь · курпатов как пережить развод · развод с мужем как пережить ребенку · как пережить развод сына · как пережить развод с женой и детьми · как пережить измену и развод · предательство развод как пережить · как помочь ребенку пережить развод · как пережить развод с мужем после · как пережить развод в 40 лет · как пережить предательство мужа и развод · как пережить расставание развод · развод с детьми как пережить мужчине · как пережить развод с двумя
2026-09-15,bulling-podrostkov,буллинг подростков,2442,Отношения и близость,/artterapy,обзор,буллинг подростков · подростковый буллинг · буллинг в подростковой среде · буллинг среди подростков
2026-09-15,psihologicheskoe-vygoranie,психологическое выгорание,2435,Выгорание и работа,/coach,обзор,психологическое выгорание · синдром психологического выгорания · психологические факторы выгорания · социально психологическое выгорание · психологического выгорания личности
2026-09-15,otritsanie-depressiya,отрицание депрессия,2432,Словарь и термины,/artterapy,обзор,отрицание депрессия · отрицание торг депрессия · отрицание депрессия принятие · отрицание депрессия торги принятие · отрицание торг депрессия принятие · отрицание в психологии · психологическое отрицание · чувство отрицания · психология отрицание принятие · принятие смирение отрицание депрессия · отрицание гнев торг депрессия смирение · механизмы психологической отрицание · отрицание гнев торг депрессия принятие смирение · отрицание депрессия принятие смирение торг · отрицание механизм психологической защиты
2026-09-16,privyazannost-u-muzhchiny,привязанность у мужчины,2370,Отношения и близость,/artterapy,обзор,привязанность у мужчины · привязанность мужчины к женщине · привязанность мужчины к бывшей · привязанность мужчины и любовь · эмоциональная привязанность к мужчине · привязанность между мужчинами
2026-09-16,samootsenka-lichnosti,самооценка личности,2367,Самооценка и личность,/artterapy,обзор,самооценка личности · личностной самооценки · самооценка качества личности · самосознание личности самооценка личности · развитие личности самооценки · формирование личности самооценка · самооценка психических состояний личности · личностные особенности самооценка · самооценка личностные качества · высокая самооценка личности · айзенка самооценка психических состояний личности · личностно профессиональная самооценка · притязание личности самооценка · оценка и самооценка личности · внутренняя самооценка личности · структура самооценки личности · особенности самооценки личности · диагностика самооценка личности
2026-09-16,muzhchina-s-detmi-otnosheniya,мужчина с детьми отношения,2334,Отношения и близость,/artterapy,обзор,мужчина с детьми отношения · отношения с мужчиной живущего с детьми · строю отношения с мужчиной с детьми · отношения с мужчиной с 2 детьми · отношения с мужчиной с двумя детьми
2026-09-16,terapiya-trevogi,терапия тревоги,2329,Тревога и депрессия,/artterapy,обзор,терапия тревоги · терапия тревожности · бернс терапия тревоги · терапия тревоги дэвид бернс · когнитивная терапия тревоги · тревожность арт терапия · когнитивная терапия тревожности
2026-09-16,roditelskoe-vospitanie-detey,родительское воспитание детей,2314,Дети и подростки,/artterapy,обзор,родительское воспитание детей · работа родителей и воспитание детей · формы воспитания детей родителями · воспитание детей несовершеннолетние родители · родители ненадлежащее воспитание детей · роль родителей в воспитании детей · задачи воспитания родителями детей · особенности воспитания детей родителями · педагоги и родители в воспитании детей · пример родителей в воспитании детей · помощь родителям в воспитании детей · проблема воспитание детей родителями · методы воспитания родителями детей · участие родителей в воспитании детей · отношение родителей к воспитанию детей · поддержка родителей в воспитании детей · беседа с родителями воспитание детей · личность родителей в воспитании детей · воспитание детей советы родителям · темы воспитания детей для родителей · воспитание детей с овз родителями · рекомендация родителям по воспитанию детей · семейный кодекс воспитание детей родителями · компетентность родителей в воспитании детей · культура родителей в воспитании детей · родители не занимаются воспитанием детей · подготовка родителей к воспитанию детей · воспитание детей родители бабушки · мероприятия по воспитанию детей с родителями · родители не участвующие в воспитании детей · педагогическая помощь родителям в воспитании детей · какова роль родителей в воспитании детей · закон о воспитании детей родителями · книги о воспитании детей для родителей · благодарность родителю за воспитание детей · просвещение родителя по вопросам воспитания детей
2026-09-16,bessoznatelnoe-sostoyanie-cheloveka,бессознательное состояние человека,2307,Словарь и термины,/artterapy,обзор,бессознательное состояние человека · бессознательная жизнь человека · сознательный бессознательный человек · сознание человека бессознательное · бессознательного поведения человека · человеческое бессознательное · бессознательная психика человека · бессознательное психическое человека · сознательное бессознательное поведение человека · модель человека бессознательного · бессознательные процессы человека · бессознательное в личности человека · бессознательное в психологии человека · психика человека сознание бессознательное
2026-09-16,vygoranie-pedagoga,выгорание педагога,2305,Выгорание и работа,/coach,обзор,выгорание педагога · педагогическое выгорание · психологическое выгорание педагогов · тренинги выгорание педагогов · выгорание педагогов доу · программа выгорание педагогов · синдром выгорания педагогов · педагогическое выгорание педагога
2026-09-16,psihologicheskaya-depressiya,психологическая депрессия,2302,Тревога и депрессия,/artterapy,обзор,психологическая депрессия · депрессия психолог совет · психолог при депрессии · выйти депрессия психолог
2026-09-16,detskaya-psihologiya-knigi,детская психология книги,2298,Дети и подростки,/artterapy,обзор,детская психология книги · детский психолог книги · книги про детскую психологию · книги по детской психологии для родителей · лучшие книги по детской психологии · детской психологии детям книги
2026-09-16,elektroliticheskaya-dissotsiatsiya,электролитическая диссоциация,2278,Словарь и термины,/artterapy,обзор,электролитическая диссоциация · диссоциация электролитов · теория электролитической диссоциации · электромеханическая диссоциация · электрическая диссоциация · электролитическая диссоциация электролита · раствор электролитическая диссоциация · теме электролитической диссоциации · диссоциация слабых электролитов · электролитическая диссоциация 9 · электролитической диссоциации солей · электролитической диссоциации 2 · электролитической диссоциацией 3 · электролитическая диссоциация ионы · уравнение электролитической диссоциации · урок электролитическая диссоциация · растворы электролитов диссоциация · электролитическая диссоциация химические · реакция электролитической диссоциации · электролитическая диссоциация 11 · химия 9 электролитическая диссоциация · урок химии электролитическая диссоциация · химия тема электролитическая диссоциация · электролитическая диссоциация оснований · тема урока электролитическая диссоциация · электролитическая диссоциация свойства · электролитическая диссоциация основные · электролитическая диссоциация гидролиз · ионные электролитические диссоциации · электромеханическая диссоциация сердца
2026-09-16,depressiyu-pobedit,депрессию победит,2262,Тревога и депрессия,/artterapy,обзор,депрессию победит · как победить депрессию · лихи победи депрессию · победи депрессию роберт · победить депрессию прежде · роберт лих победи депрессию · роберт лихи победи депрессию · победи депрессию прежде чем она победит тебя · роберт лихи победи депрессию прежде чем
2026-09-16,magniy-ot-trevozhnosti,магний от тревожности,2241,Тревога и депрессия,/artterapy,обзор,магний от тревожности · магний помогает от тревожности · помогает ли магний от тревожности · пить магний при тревожности · магний при тревожности какой лучше · лучший магний от тревожности · при тревожности принимать магний · тревожность от магния б6 · магний б6 помогает от тревожности · магний убирает тревожность · помогает ли магний б6 от тревожности · магний от тревожности какая форма · магний снимает тревожность
2026-09-16,psihologiya-privyazannosti,психология привязанности,2224,Отношения и близость,/artterapy,обзор,психология привязанности · психологический тип привязанности · психологическая привязанность это · психология привязанности книга
2026-09-16,vospitanie-detey-s-narusheniyami,воспитание детей с нарушениями,2204,Дети и подростки,/artterapy,обзор,воспитание детей с нарушениями · воспитание детей с нарушениями развития · воспитание детей с нарушениями речи · воспитание детей нарушением зрения · воспитание детей с нарушениями интеллекта · воспитание детей с интеллектуальными нарушениями · воспитание детей с речевыми нарушениями · воспитание детей с нарушением психического развития · особенности воспитания детей с нарушениями развития · система воспитания детей с нарушениями · семейное воспитание детей с нарушением
2026-09-16,posle-rasstavaniya-stal,после расставания стал,2181,Отношения и близость,/artterapy,обзор,после расставания стал · после расставания стал другим · стал лучше после расставания
2026-09-16,tsentr-vospitaniya-detey,центр воспитания детей,2181,Дети и подростки,/artterapy,обзор,центр воспитания детей · центр эстетического воспитания детей · центр развития и воспитания детей
2026-09-16,sindrom-vygoraniya-ozvuchka,синдром выгорания озвучка,2147,Выгорание и работа,/coach,обзор,синдром выгорания озвучка · синдром выгорания русская озвучка · синдром выгорания 5 озвучка · синдром выгорания 10 10 озвучка
2026-09-16,lichnostnaya-trevozhnost,личностная тревожность,2144,Тревога и депрессия,/artterapy,обзор,личностная тревожность · тревожность личности · ситуативная и личностная тревожность · личностная тревожность прихожан · реактивная личностная тревожность · личностной тревожности а м прихожан · высокая личностная тревожность · реактивной и личностной тревожности ч · личностная тревожность подростков · низкая личностная тревожность · тревожность тип личности · особенности личностной тревожности
2026-09-16,listok-samootsenki,листок самооценки,2139,Самооценка и личность,/artterapy,обзор,листок самооценки · дата листок самооценки верно · листок самооценки выполнено верно · дата листок самооценки верно 3 · листок самооценки выполнено верно 2 · листок самооценки верно дата 2 3 · листок самооценки выполнено верно 3 2 · листок самооценки верно неверно дата · неверно верно листок самооценки 3 2
2026-09-16,byvshego-parnya-posle-rasstavaniya,бывшего парня после расставания,2119,Отношения и близость,/artterapy,обзор,бывшего парня после расставания · вернуть бывшего после расставания · хочу бывшего после расставания · вопросы бывшему после расставания · чувствую бывшего после расставания · как забыть бывшего после расставания · бывшей после расставания плохо · не отвечайте бывшей после расставания · думаю о бывшем после расставания · слова бывшему после расставания · письмо бывшему после расставания
2026-09-16,druzyami-posle-rasstavaniya,друзьями после расставания,2118,Отношения и близость,/artterapy,обзор,друзьями после расставания · остаться друзьями после расставания · лучшие друзья после расставания
2026-09-16,depressiya-slushat,депрессия слушать,2113,Тревога и депрессия,/artterapy,обзор,депрессия слушать · депрессия слушать онлайн · депрессия онлайн слушать бесплатно
2026-09-16,zabyt-posle-rasstavaniya,забыть после расставания,2112,Отношения и близость,/artterapy,обзор,забыть после расставания · как забыть человека после расставания · как забыть человека после расставания навсегда · как быстро забыть человека после расставания · забыть женщину после расставания
2026-09-16,den-posle-rasstavaniya,день после расставания,2107,Отношения и близость,/artterapy,обзор,день после расставания · день рождения после расставание · на следующий день после расставания
2026-09-16,isteriki-u-rebenka-v-god,истерики у ребенка в год,2104,Дети и подростки,/artterapy,обзор,истерики у ребенка в год · истерики у ребенка в 1 год · у ребенка в год ночью истерика · ночная истерика у ребенка в год · истерики у ребенка в год форум
2026-09-17,trudovoy-vospitanie-detey,трудовой воспитание детей,2099,Дети и подростки,/artterapy,обзор,трудовой воспитание детей · задача трудовое воспитание детей · трудовая деятельность в воспитании детей · содержание трудового воспитания детей · цель трудового воспитания детей · условия трудового воспитания детей · трудовое воспитание детей в доу
2026-09-17,tihoe-rasstavanie,тихое расставание,2094,Отношения и близость,/artterapy,обзор,тихое расставание · тихое расставание озвучка · тихое расставание русская озвучка · тихое расставание бесплатно · ты мое солнце тихое расставание
2026-09-17,esteticheskoe-vospitanie-detey,эстетическое воспитание детей,2081,Дети и подростки,/artterapy,обзор,эстетическое воспитание детей · эстетическое воспитание и развитие детей · задачи эстетического воспитания детей · цель эстетического воспитания детей · художественно эстетического развития и воспитания детей
2026-09-17,profilaktika-emotsionalnogo-vygoraniya,профилактика эмоционального выгорания,2080,Выгорание и работа,/coach,обзор,профилактика эмоционального выгорания · профилактика эмоционального выгорания педагогов · профессиональное выгорание профилактика эмоционального выгорания · профилактика синдрома эмоционального выгорания · профилактика эмоционального профессионального выгорания педагогов · психологическая профилактика эмоционального выгорания · профилактика эмоционального выгорания сотрудников · профилактика профессиональных деформаций эмоционального выгорания · программу профилактики эмоционального выгорания · метод профилактики эмоционального выгорания · к профилактике эмоционального выгорания относится · тренинг профилактика эмоционального выгорания · профилактика профессиональной деформации эмоционального выгорания педагогов · индивидуальная профилактика профессиональной деформации эмоционального выгорания · профилактика эмоционального выгорания работников · профилактике эмоционального выгорания педагогов относятся
2026-09-17,devochka-depressiya,девочка депрессия,2057,Тревога и депрессия,/artterapy,обзор,девочка депрессия · девочка подросток депрессия · девочка депрессия не переживай
2026-09-17,zhertva-bullinga,жертва буллинга,2046,Отношения и близость,/artterapy,обзор,жертва буллинга · жертвами буллинга становятся · бывшая жертва буллинга · буллинг жертва агрессор · дети жертв буллинга
2026-09-17,sublimatsiya-v-psihologii,сублимация в психологии,2003,Словарь и термины,/artterapy,обзор,сублимация в психологии · сублимация в психологии простыми · психологическая сублимация · психологические защиты сублимация
2026-09-17,kak-povysit-samootsenku-i-uverennost-v-sebe,как повысить самооценку и уверенность в себе,2003,Самооценка и личность,/artterapy,что делать,как повысить самооценку и уверенность в себе · как поднять самооценку и уверенность в себе · как повысить самооценку и уверенность женщине · как поднять самооценку и стать уверенной · как поднять самооценку и уверенность женщине · как стать уверенным как повысить самооценку · как повысить самооценку обрести уверенность · как повысить самооценку и уверенность подростку · как поднять самооценку и уверенность мужчине · как повысить самооценку и уверенность мужчине · книга как повысить самооценку и уверенность · как вернуть себе уверенность и самооценку · психология как повысить самооценку и уверенность · как поднять самооценку и уверенность подростку · как поднять самооценку и уверенность девушке
2026-09-17,krizis-separatsii,кризис сепарации,1997,Отношения и близость,/artterapy,обзор,кризис сепарации · кризис сепарации у ребенка · кризис сепарации в год · кризис сепарации в 6 месяцев
2026-09-17,vstrechaemsya-posle-rasstavaniya,встречаемся после расставания,1994,Отношения и близость,/artterapy,обзор,встречаемся после расставания · встреча после расставания · снова встречаться после расставания
2026-09-17,chelovek-podrostkovogo-vozrasta,человек подросткового возраста,1990,Дети и подростки,/artterapy,обзор,человек подросткового возраста · подростковый возраст в жизни человека · развития человека в подростковом возрасте
2026-09-17,skolko-dlitsya-depressiya,сколько длится депрессия,1983,Тревога и депрессия,/artterapy,сколько,стадии депрессии · виды депрессии · сколько длится депрессия · степени депрессии · типы депрессии · фазы депрессии · стадии принятия депрессии · сколько от депрессии · депрессия сколько людей · стадии депрессии торг · торг депрессия принятие стадии · определение уровня депрессии · сколько лечится депрессия · средняя степень депрессии · насколько депрессия · этапы депрессии · стадии депрессии 5 стадий · маниакальная фаза депрессии · сколько процентов депрессии · депрессия тяжелой степени · легкая степень депрессии · степени тяжести депрессии · тяжелая стадия депрессии · депрессия сколько дней · депрессия несколько лет · фаза цикла депрессия · депрессия сколько живут
2026-09-17,litvak-samootsenka,литвак самооценка,1981,Самооценка и личность,/artterapy,обзор,литвак самооценка · стабильная самооценка литвак · литвак шагов к стабильной самооценке · литвак 7 шагов к самооценке · литвак 7 шагов к стабильной самооценке · борис литвак самооценка · борис литвак стабильная самооценка · шагов к стабильной самооценке борис литвак · борис литвак 7 самооценки · борис литвак 7 шагов к самооценке · борис литвак 7 шагов к стабильной самооценке · литвак самооценка читать · литвак стабильная самооценка читать · литвак самооценка книга · литвак самооценка читать онлайн · стабильная самооценка литвак читать онлайн · литвак самооценка слушать · литвак аудиокнига самооценка · стабильная самооценка литвак аудиокнига · литвак 7 шагов к стабильной самооценке слушать · борис литвак самооценка книга · литвак самооценка читать онлайн бесплатно · литвак семь шагов к стабильной самооценке · литвак 7 шагов к самооценке аудиокнига · литвак 7 шагов к стабильной самооценке аудиокнига · борис литвак стабильная самооценка слушать
2026-09-17,normalnyy-podrostkovyy-vozrast,нормальный подростковый возраст,1971,Дети и подростки,/artterapy,обзор,нормальный подростковый возраст · нормально ли в подростковом возрасте · норма подросткового возраста
2026-09-17,podrostkovyy-vozrast-chto-delat,подростковый возраст что делать,1971,Дети и подростки,/artterapy,что делать,подростковый возраст что делать · как избавиться от подросткового возраста · как пережить подростковый возраст · как пережить переходный возраст · подростковый возраст как бороться · как справляться с подростковым возрастом · как справиться с переходным возрастом · как избавится от переходного возраста · подростковый возраст как помочь · переходный возраст как помочь
2026-09-17,emotsionalnaya-trevozhnost,эмоциональная тревожность,1970,Тревога и депрессия,/artterapy,обзор,эмоциональная тревожность · эмоциональная тревога · тревога эмоциональное состояние · эмоциональное состояние тревожности · диагностика эмоциональной тревожности · эмоциональная сфера и тревожность · эмоциональный интеллект и тревожность
2026-09-17,rasstavanie-sovety,расставание советы,1966,Отношения и близость,/artterapy,обзор,расставание советы · советы пережить расставание · советы людей переживших расставание
2026-09-17,rasstavaniya-slushat,расставания слушать,1965,Отношения и близость,/artterapy,обзор,расставания слушать · расставание слушать бесплатно · расставание слушать онлайн · расставание слушать онлайн бесплатно
2026-09-17,psihologicheskaya-trevozhnost,психологическая тревожность,1935,Тревога и депрессия,/artterapy,обзор,психологическая тревожность · тревога психологический · психолог при тревожности · тревожность советы психолога · психологические особенности тревожности · тревожность и страхи психолог · тревожность занятие психолога · психологи работающие с тревожностью · психологические факторы тревожности · книги про тревожность психология · психологическая диагностика тревожности · тревожный психолог · психолог работа с тревожностью · психолог работа с тревожными
2026-09-17,podrostkovyy-vozrast-do-skolki,подростковый возраст до скольки,1932,Дети и подростки,/artterapy,обзор,подростковый возраст до скольки · подростковые возраст скольки начинается · со скольки начинается подростковый возраст · до скольки лет подростковый возраст · подростковый возраст со скольки до скольки · со скольки лет начинается подростковый возраст · подростковый возраст со скольки до скольки лет · подростковый возраст у девочек со скольки · подростковый возраст у девочек со скольки лет · скольких лет начинается подростковый возраст · со скольки начинается подростковый возраст у девочек · подростковый возраст у мальчиков со скольки · подростковый возраст у мальчиков со скольки лет · подростковый возраст до скольки у девочек · со скольки начинается подростковый возраст у мальчиков · до скольки длится подростковый возраст · подростковый возраст до скольки у мальчиков · подростковый возраст со скольки в россии
2026-09-17,polovoe-vospitanie-detey,половое воспитание детей,1924,Дети и подростки,/artterapy,обзор,половое воспитание детей · половое воспитание детей лет · книга о половом воспитании для детей
2026-09-17,mladshiy-podrostkovyy-vozrast,младший подростковый возраст,1921,Дети и подростки,/artterapy,обзор,младший подростковый возраст · младший школьный возраст подростковый возраст · дети младшего подросткового возраста · развитие младшего подросткового возраста · ведущая деятельность младшего подросткового возраста · младший и старший подростковый возраст · младший подростковый возраст 12 15 лет · новообразования младшего подросткового возраста · младший школьный возраст подростковый возраст юность
2026-09-17,kak-perezhit-rasstavanie-s-lyubimym,как пережить расставание с любимым,1915,Отношения и близость,/artterapy,что делать,как пережить расставание с любимым · расставание с любимым как пережить советы · психолог как пережить расставания с любимым · как справиться с расставанием с любимым · как пережить расставание с любимым мужчиной · как пережить расставание любимая женщина · как пережить расставание с любимой девушкой · как пережить долгое расставание с любимым · расставание с любимой что делать
2026-09-17,katarsis-novgorod,катарсис новгород,1915,Словарь и термины,/artterapy,обзор,катарсис новгород · катарсис великий новгород · катарсис великий новгород яковлева · яковлева 18 великий новгород катарсис · яковлево 18 катарсис великий новгород · катарсис великий новгород официальный · сайт катарсиса великий новгород · новгородский катарсис · катарсис великий новгород официальный сайт · диспансер катарсис новгородский · катарсис новгородский областной · работа великий новгород катарсис · катарсис великий новгород режим · катарсис великий новгород режим работы · катарсис новгород режим работы
2026-09-17,psihologiya-rasstavaniya,психология расставания,1908,Отношения и близость,/artterapy,обзор,психология расставания · расставание с людьми психолог · психологическое расставание · психология пережить расставание · книга психология расставания
2026-09-18,dissotsiatsiya-v-psihologii,диссоциация в психологии,1899,Словарь и термины,/artterapy,обзор,диссоциация в психологии · диссоциацией 3 · диссоциация моли · константа диссоциации · ав диссоциация · диссоциация слова · при диссоциации каких · диссоциация в химии · диссоциация солей · диссоциация это простыми · калий диссоциация · теория диссоциаций · уравнение диссоциации · записать диссоциацию · диссоциация воды · катионы при диссоциации · анионы при диссоциации · при диссоциации каких двух · диссоциация личности · диссоциация железа · диссоциация реакций · диссоциация на экг · сильные диссоциации · диссоциация 9 · тема диссоциации · процесс диссоциации · кривая диссоциации · диссоциация расстройство · диссоциация в психологии простыми · диссоциация оснований · аммоний диссоциация · диссоциация бария · слабая диссоциация · диссоциация меди · диссоциация железа 3 · диссоциация магния · травма диссоциации · диссоциация катионы и анионы · диссоциацию оксигемоглобина · формулы диссоциации
2026-09-18,srazu-posle-rasstavaniya,сразу после расставания,1894,Отношения и близость,/artterapy,обзор,сразу после расставания · нашел сразу после расставания · после расставания сразу нашел другую · после расставания сразу с другой · нашла парня сразу после расставания
2026-09-18,emotsionalnaya-deprivatsiya,эмоциональная депривация,1885,Словарь и термины,/artterapy,обзор,эмоциональная депривация · эмоциональная депривация детей · социально эмоциональная депривация · эмоциональная депривация это в психологии · эмоция депривация
2026-09-18,podrostkovyy-vozrast-devushek,подростковый возраст девушек,1878,Дети и подростки,/artterapy,обзор,подростковый возраст девушек · подростковый возраст парни и девушки · как найти себе девушку в подростковом возрасте
2026-09-18,katarsis-velikiy,катарсис великий,1863,Словарь и термины,/artterapy,обзор,катарсис великий · яковлева 18 великий катарсис · катарсис великий режим работы
2026-09-18,depressiya-na-ekg,депрессия на экг,1853,Тревога и депрессия,/artterapy,обзор,депрессия на экг · депрессия st на экг · депрессия ст на экг · значимые депрессии на экг
2026-09-18,chuvstvo-razdrazheniya,чувство раздражения,1830,Эмоции и состояния,/artterapy,обзор,чувство раздражения · чувствовать раздражение · эмоциональное раздражение · чувство обиды и раздражения · чувство обиды и раздражения кроссворд · раздражение психологическое · раздражение депрессия · чувство раздражения и неудовольствия · психосоматика раздражения · терапия раздражения · чувство раздражения 6 · чувство раздражения и неудовольствия кроссворд · чувство сильного раздражения
2026-09-18,metodika-samootsenki,методика самооценки,1829,Самооценка и личность,/artterapy,упражнения,методика самооценки · способность самооценки · способы самооценки · упражнение для самооценки · методика диагностика самооценки · самооценка практики · самооценка способности человека · инструменты самооценки · самооценка способностей личности · способы повысить самооценку · методика исследование самооценки · методики самооценка личности · методика самооценки психических состояний · упражнения для повышения самооценки · методика айзенка самооценка · определение самооценки методики · методика айзенка самооценка психических · методика айзенка самооценка психических состояний · методика самооценки состояния айзенка · любовь к себе 50 способов повысить самооценку · самооценка техники работы · методики оценки самооценки · методики изучения самооценки · методика прихожан самооценка · техника повышения самооценки · методики лесенка самооценка
2026-09-18,refleksiya-cheloveka,рефлексия человека,1828,Словарь и термины,/artterapy,обзор,рефлексия человека · рефлексия другого человека · механизм рефлексии другого человека · рефлексия поведения человека
2026-09-18,kak-vernut-devushku-posle-rasstavaniya,как вернуть девушку после расставания,1810,Отношения и близость,/artterapy,что делать,как вернуть девушку после расставания · как вернуть мужчину после расставания · как пережить после расставания · как справиться после расставания · как вернуть парня после расставания · как отпустить человека после расставания · как перестать думать после расставания · как вернуть женщину после расставания · как вернуть бывшую девушку после расставания · как отпустить любимого человека после расставания · как перестать думать о человеке после расставания · как вернуть человека после расставания · как отпустить человека после расставания которого любишь · как вернуть любимого мужчину после расставания · как вернуть любимого человека после расставания · как перестать любить после расставания · как пережить расставание после долгих отношений · как перестать любить человека после расставания · как вернуть бывшего парня после расставания · как пережить расставание после года · как вернуть жену после расставания · как выйти после расставания · как вернуть любимую женщину после расставания · как вернуть себе себя после расставания · как восстановиться после расставания · как вернуть жену после расставания советы · как справиться с болью после расставания · как отпустить мужчину после расставания · как вернуть чувства после расставания · как вернуть отношения с парнем после расставания · как отпустить любимого мужчину после расставания · как отпустить мужчину которого любишь после расставания · как восстановить отношения после расставания · как справиться после расставания с любимым · молитва как вернуть любимого мужчину после расставания · как вернуть отношения с девушкой после расставания · как вернуть парня после расставания девушка · как вернуть любимую девушку после расставания · как избавиться от человека после расставания
2026-09-18,vospitanie-detey-v-drugom,воспитание детей в другом,1810,Дети и подростки,/artterapy,обзор,воспитание детей в другом · воспитание детей в другом мире · воспитание детей в другом мире будучи · приключения другом мире воспитание детей
2026-09-18,samootsenka-devushka,самооценка девушка,1803,Самооценка и личность,/artterapy,обзор,самооценка девушка · девушка с низкой самооценкой · поднятие самооценки девушки
2026-09-18,mesyats-otnosheniyam-s-muzhchinoy,месяц отношениям с мужчиной,1786,Отношения и близость,/artterapy,обзор,месяц отношениям с мужчиной · отношения с мужчиной через месяц · отношения с мужчиной 3 месяца
2026-09-18,diagnostika-trevozhnosti,диагностика тревожности,1785,Тревога и депрессия,/artterapy,обзор,диагностика тревожности · диагностика школьной тревожности · диагностику тревожности детей · диагностика прихожан тревожность · диагностика тревожности филлипса · диагностика прихожан школьная тревожность · диагностика школьной тревожности филлипса · диагностика тревожности а м прихожан
2026-09-18,bulling-travlya,буллинг травля,1782,Отношения и близость,/artterapy,обзор,буллинг травля · буллинг травля ребенка · буллинг травля насилие · травля человека буллинг
2026-09-18,rezka-perepada-nastroeniya,резка перепада настроения,1759,Эмоции и состояния,/artterapy,обзор,резка перепада настроения · перепады настроения у женщин · перепады настроения как называется · сильные перепады настроения · расстройство перепады настроения · частые перепады настроения · постоянные перепады настроения · перепады настроения у людей · перепад настроения у девушки · перепады настроения болезнь · ребенок перепады настроения · перепады настроения агрессия · перепады настроение психическое · перепады настроения у мужчин · перепады настроения у подростков · перепады настроения тревожность · эмоциональный перепад настроения · перепады настроения раздражительность · гормоны перепады настроения · задержка перепады настроения · сонливость перепады настроения · перепады настроения как называется болезнь · перепады настроения пмс · перепады настроения при климаксе · перепады настроения апатия · перепады настроения у девочек · перепады настроения при беременности · перепады настроения врач · перепад настроения циклами · перепады настроения заболевания · перепады настроения болит грудь · перепады настроения плаксивость · перепады настроения слабость · перепады настроения форум · перепады настроения у беременных · перепады настроения диагноз · проблемы с перепадами настроения
2026-09-18,rezkie-perepady-nastroeniya,резкие перепады настроения,1756,Эмоции и состояния,/artterapy,обзор,резкие перепады настроения · резкие перепады настроения расстройство · резкие перепады настроения психическое · как называются резкие перепады настроения · резкие перепады настроения психическое расстройство · резкие перепады настроения агрессия
2026-09-18,vygoranie-depressiya,выгорание депрессия,1748,Выгорание и работа,/coach,обзор,выгорание депрессия · депрессивное выгорание · депрессия и выгорание клаус · бернхардт депрессия и выгорание · клаус бернхардт депрессия и выгорание · депрессия и выгорание книга
2026-09-18,proektsiya-v-psihologii,проекция в психологии,1739,Словарь и термины,/artterapy,обзор,проекция в психологии · проекция психолога · проекция психологическая защита · проекция в психологии простыми · проекция психологический механизм · эмоциональная проекция · терапии проекции
2026-09-18,initsiativa-rasstavaniya,инициатива расставания,1734,Отношения и близость,/artterapy,обзор,инициатива расставания · инициаторы расставания · парень инициатор расставания
2026-09-18,refleksiya-na-uroke,рефлексия на уроке,1729,Словарь и термины,/artterapy,обзор,рефлексия на уроке · рефлексия деятельности на уроке · начальная рефлексия на уроке · рефлексия работы на уроке · рефлексия знаний на уроке · рефлексия на уроке в начальной школе
2026-09-18,vyrazhennaya-depressiya,выраженная депрессия,1707,Тревога и депрессия,/artterapy,обзор,выраженная депрессия · депрессия субклинически выражена · субклинически выраженная депрессия
2026-09-18,kulturnoe-vospitanie-detey,культурное воспитание детей,1691,Дети и подростки,/artterapy,обзор,культурное воспитание детей · народная культуры в воспитании детей · русская культура и воспитание детей · воспитание культуры поведения детей · социально культурное воспитание детей · культура деятельности в воспитании детей · воспитание и культура личности детей · культурно историческое воспитание детей · цель культурного воспитания детей
2026-09-18,formirovaniya-samootsenki,формирования самооценки,1681,Самооценка и личность,/artterapy,обзор,формирования самооценки · формирование и развитие самооценки · формирование адекватная самооценка · формирование самоконтроль и самооценка · формирование самооценки возраст · формирование умения самооценки · понятие и формирование самооценки · проблема формирования самооценки · формирование самооценки обучающихся · влияние на формирование самооценки · процесс формирования самооценки · формирование навыков самооценки · как формируется самооценка · формирование самосознания и самооценки · формирование самооценки учащихся
2026-09-18,svyazannyh-s-vospitaniem-detey,связанных с воспитанием детей,1671,Дети и подростки,/artterapy,обзор,связанных с воспитанием детей · спор связанный с воспитанием детей · разрешение споров связанных с воспитанием детей · постановление пленума связанное с воспитанием детей · вопросы связанные с воспитанием детей
2026-09-19,professionalnoe-emotsionalnoe-vygoranie,профессиональное эмоциональное выгорание,1668,Выгорание и работа,/coach,обзор,профессиональное эмоциональное выгорание · профессиональный синдром эмоционального выгорания · профессии эмоционального выгорания · профессиональная деформация эмоциональное выгорание · профессиональный стресс эмоциональное выгорание · синдром эмоционального выгорания в профессиональном общении · эмоционального выгорания в профессиональной деятельности · профессиональное и эмоциональное выгорание педагогов · профессиональные факторы эмоционального выгорания · эмоциональное выгорание помогающих профессий
2026-09-19,kak-izbavitsya-ot-bespokoystva,как избавиться от беспокойства,1651,Тревога и депрессия,/artterapy,что делать,как избавиться от беспокойства · как справиться с беспокойством · тревожность и беспокойство как избавиться · как избавиться от внутреннего беспокойства · как избавиться от тревожности и внутреннего беспокойства · как избавиться от тревоги и беспокойства · как справиться с тревогой и беспокойством · как справиться с тревожностью и беспокойством · беспокойство чувство как избавиться · как справиться с беспокойством самостоятельно · как убрать тревожность внутри себя беспокойство · терапия беспокойства как справляться со страхами · тревога как справиться со страхом и беспокойством · беспокойство без причины как избавиться · как справиться с тревожностью и беспокойством самостоятельно · постоянная тревога и беспокойство как избавиться · как избавиться от чувства тревоги и беспокойства · как избавиться от беспокойства внутри · как справиться с тревогой и беспокойством самостоятельно · чувство беспокойства что делать · постоянная тревожность и беспокойство что делать · беспокойство без причины что делать · беспокойство тревога на душе как избавиться
2026-09-19,podrostkovyy-shkolnyy-vozrast,подростковый школьный возраст,1650,Дети и подростки,/artterapy,обзор,подростковый школьный возраст · период школьного подросткового возраста · школьник подросткового возраста · подростковый и старший школьный возраст
2026-09-19,individualnoe-vospitanie-rebenka,индивидуальное воспитание ребенка,1645,Дети и подростки,/artterapy,обзор,индивидуальное воспитание ребенка · индивидуальный подход в воспитании ребенка · воспитание индивидуальности ребенка · учет индивидуальных особенностей в воспитании ребенка
2026-09-19,transformery-geshtalty,трансформеры гештальты,1630,Словарь и термины,/artterapy,обзор,трансформеры гештальты · трансформеры войны гештальтов · трансформеры роботы гештальты · трансформеры под прикрытием под гештальт · трансформеры игрушки гештальт · трансформеры роботы под прикрытием гештальты
2026-09-19,trigger-v-psihologii,триггер в психологии,1628,Словарь и термины,/artterapy,обзор,триггер в психологии · эмоциональные триггеры · слова триггеры в психологии · триггер в психологии простыми · чувство триггера
2026-09-19,vnutrennyaya-trevozhnost,внутренняя тревожность,1623,Тревога и депрессия,/artterapy,обзор,внутренняя тревожность · тревожность внутри · внутри чувство тревоги
2026-09-19,kak-spravitsya-s-obidoy,как справиться с обидой,1609,Отношения и близость,/artterapy,что делать,как справиться с обидой · как избавиться от обиды · как пережить обиду · как перестать обида · обида на мужа как справиться · как справиться с обидой на человека · как избавиться от обиды на человека
2026-09-19,trevozhnost-golova,тревожность голова,1603,Тревога и депрессия,/artterapy,обзор,тревожность голова · тревожность из головоломки · тревожность и головокружение · тревожность из головоломки 2 · кружится голова тревожность · радость тревожность головоломка · тревожность туман в голове · страх тревожность головоломка · тревожность головокружение слабость
2026-09-19,psihologicheskaya-samootsenka,психологическая самооценка,1597,Самооценка и личность,/artterapy,обзор,психологическая самооценка · психология повысить самооценку · психолог повысить самооценку · самооценка это в психологии · психолог поднять самооценку · психолог по самооценке · самооценка с чего начать психология · психологические особенности самооценки · самооценка психологических состояний · повысить самооценку советы психолога · психолог самооценка подростка · вопросы самооценка психологу
2026-09-19,samootsenka-povedeniya,самооценка поведения,1580,Самооценка и личность,/artterapy,обзор,самооценка поведения · самооценка и социальное поведение · особенности поведения самооценки · самооценка собственного поведения
2026-09-19,profilaktika-professionalnogo-vygoraniya,профилактика профессионального выгорания,1574,Выгорание и работа,/coach,обзор,профилактика профессионального выгорания · профилактика профессионального выгорания педагогов · профилактика профессионального выгорания относится к · профилактика профессионального выгорания сотрудников · профессиональное выгорание самодиагностика и профилактика · профилактика профессионального выгорания вопросы · психологическая профилактика профессионального выгорания · синдром профессионального выгорания профилактика · методы профилактики профессионального выгорания
2026-09-19,pravilnye-otnosheniya-s-muzhchinoy,правильные отношения с мужчиной,1573,Отношения и близость,/artterapy,обзор,правильные отношения с мужчиной · как вести правильные отношения с мужчиной · правила отношений с мужчиной · как правильно выстраивать отношения с мужчиной
2026-09-19,proschalnoe-rasstavanie,прощальное расставание,1566,Отношения и близость,/artterapy,обзор,прощальное расставание · прощальные слова при расставании · прощание расставание · прощальное письмо при расставании · прощай расставание · прощальное письмо своими словами при расставании · смс прощальное расставания
2026-09-19,geshtalt-v-psihologii,гештальт в психологии,1558,Словарь и термины,/artterapy,обзор,гештальт в психологии · гештальт психология простыми · гештальт психологическая · гештальт подход в психологии · психология направление гештальт · гештальт психология психоанализ · психолог гештальт подход · гуманистическая психология гештальт · психология гештальт бихевиоризм психоанализ
2026-09-19,vzroslye-podrostkovogo-vozrasta,взрослые подросткового возраста,1555,Дети и подростки,/artterapy,обзор,взрослые подросткового возраста · подростковый возраст чувство взрослости · взрослость в подростковом возрасте
2026-09-19,psihologiya-semeynyh-otnosheniy,психология семейных отношений,1548,Отношения и близость,/artterapy,обзор,психология семейных отношений · психология семьи и семейных отношений · психология семейных отношений жены · школа семейных отношений и психологии · психология семейных отношений жены и мужа · академия семейных отношений и психологии
2026-09-19,psihologiya-vospitaniya-detey,психология воспитания детей,1547,Дети и подростки,/artterapy,обзор,психология воспитания детей · воспитание детей на психолого · книги по воспитанию детей психология
2026-09-19,pedagogicheskoe-soprovozhdenie-vospitaniya-rebenka,педагогическое сопровождение воспитания ребенка,1546,Дети и подростки,/artterapy,обзор,педагогическое сопровождение воспитания ребенка · психолого педагогическое сопровождение воспитания ребенка · педагогическое сопровождение ребенка в процессе воспитания · личность ребенка в воспитании педагогика · воспитание ребенка в семье педагогов · педагогическая поддержка ребенка в воспитании · педагогические принципы воспитания ребенка · педагогика особенности воспитания ребенка · психолого педагогические условия воспитания ребенка · воспитание ребенка как педагогический процесс · педагогические теории воспитания ребенка · психология и педагогика в воспитании ребенка · правильно воспитание ребенка педагогика · воспитание ребенка в системе педагогики
2026-09-19,dissotsiatsiya-kislot,диссоциация кислот,1543,Словарь и термины,/artterapy,обзор,диссоциация кислот · константы диссоциации кислот · диссоциация растворов кислот · диссоциация кислот солей · диссоциация кислот оснований · диссоциация кислоты соли основания · диссоциация 5 кислот · диссоциация серной кислоты · диссоциация уксусной кислоты · кислотная диссоциация · кислота уравнение диссоциации · кислород диссоциация · свойство диссоциации кислот · диссоциация кислот реакция
2026-09-19,narodnoe-vospitanie-detey,народное воспитание детей,1533,Дети и подростки,/artterapy,обзор,народное воспитание детей · народные сказки в воспитании детей · русские народные сказки в воспитании детей
2026-09-19,serdechnaya-privyazannost,сердечная привязанность,1519,Отношения и близость,/artterapy,обзор,сердечная привязанность · сердечная привязанность 2003 · сердечная привязанность индийский · привязанность сердец
2026-09-19,depressiya-chitat,депрессия читать,1506,Тревога и депрессия,/artterapy,обзор,депрессия читать · читать онлайн депрессия · депрессия читать бесплатно · читать книгу депрессия
2026-09-19,otnoshenie-podrostkov-v-podrostkovom-vozraste,отношение подростков в подростковом возрасте,1500,Дети и подростки,/artterapy,обзор,отношение подростков в подростковом возрасте · отношения в подростковом возрасте · социальные отношения в подростковом возрасте · подростковые отношения в каком возрасте
2026-09-19,trevozhnost-nochyu,тревожность ночью,1498,Тревога и депрессия,/artterapy,обзор,тревожность ночью · чувство тревоги ночью · тревожность ночью просыпаюсь
2026-09-20,rasstavanie-lyubyaschih-lyudey,расставание любящих людей,1491,Отношения и близость,/artterapy,обзор,расставание любящих людей · расставание двух людей · молитва на расставание людей · расставание людей форум
2026-09-20,geshtalty-dubtsova,гештальты дубцова,1485,Словарь и термины,/artterapy,обзор,гештальты дубцова · дубцову гештальты · ирина дубцова гештальты · дубцова гештальты слушать · слушать дубцову гештальты · дубцова гештальты текст
2026-09-20,tehnika-snizheniya-trevozhnosti,техника снижения тревожности,1478,Тревога и депрессия,/artterapy,упражнения,техника снижения тревожности · снижение тревожности упражнения · методики снижения тревожности · тревожность техники и упражнения · дыхательные упражнения для снижения тревожности · диагностика тревожности методики · упражнения от тревоги · методика уровня тревожности · практика тревожности · методики школьной тревожности · методики на тревожность · упражнения для успокоения при тревожности · методика ханина тревожность · методики тревожности детей · дыхательные упражнения для успокоения при тревожности · методика тревожности прихожан · упражнения от тревожности · методики оценки тревожности · методика диагностики школьной тревожности · проективные методики тревожности · методики личностной тревожности · методики диагностики уровня тревожности · упражнения для снятия тревожности · методика выявление тревожности · упражнения при панических атаках и тревожности · методика тревожности прихожан а м · как побороть тревожность 4 проверенных способа · способы побороть тревожность · методика филлипса тревожность · психологические методики тревожности · детская тревожность методики · методика тревожность подростков · проективные методики диагностики тревожности · методика школьная тревожность филлипса · методика диагностики уровня школьной тревожности
2026-09-20,refleksiya-znaniy,рефлексия знаний,1471,Словарь и термины,/artterapy,обзор,рефлексия знаний · урок открытия нового знания урок рефлексии · урок рефлексия урок закрепления знаний
2026-09-20,privyazannost-priznaki,привязанность признаки,1468,Отношения и близость,/artterapy,признаки,привязанность признаки · типы привязанности признаки · избегающая привязанность признаки · признаки избегающего типа привязанности · признаки привязанности мужчины · как проявляется привязанность · избегающая привязанность у мужчины признаки · избегающий тип привязанности у мужчин признаки · тревожная привязанность признаки · проявления привязанности · тревожный тип привязанности признаки · привязанность в отношениях признаки · признаки привязанности женщины · избегающий тип привязанности как проявляется · тревожно избегающая привязанность признаки · тревожно избегающий тип привязанности признаки · признаки избегающей привязанности в отношениях · привязанность симптомы · признаки избегающего типа привязанности в отношениях · избегающая привязанность у женщин признаки · избегающий тип привязанности у женщин признаки
2026-09-20,pri-dissotsiatsii-obrazuyutsya,при диссоциации образуются,1465,Словарь и термины,/artterapy,обзор,при диссоциации образуются · ион образуется при диссоциации · два иона образуются при диссоциации · два катиона образуется при диссоциации · при диссоциации образуются гидроксид · при диссоциации которых образуются катионы · диссоциации кислот образуются · при диссоциации фосфата кальция образуется · при диссоциации гидроксида кальция образуется
2026-09-20,samootsenka-emotsionalnyh,самооценка эмоциональных,1464,Самооценка и личность,/artterapy,обзор,самооценка эмоциональных · самооценка эмоции · самооценки эмоциональных состояний
2026-09-20,gigienicheskoe-vospitanie-detey,гигиеническое воспитание детей,1451,Дети и подростки,/artterapy,обзор,гигиеническое воспитание детей · санитарно гигиеническое воспитание детей · гигиена воспитания детей · воспитание гигиенических навыков детей
2026-09-20,razvitie-fizicheskogo-vospitaniya-detey,развитие физического воспитания детей,1443,Дети и подростки,/artterapy,обзор,развитие физического воспитания детей · особенности физического воспитания детей · процесс физического воспитания детей · основы физического воспитания детей · физическое воспитание детей раннего · средство физического воспитания детей · физическое воспитание детей год · условия физического воспитания детей · теория физического воспитания детей · адаптивное физическое воспитание детей · основа физического воспитания и развития детей · задачи физического воспитания и развития детей · условия физического развития и воспитания детей · группы физического воспитания детей · закономерности физического воспитания детей · закономерности физического воспитания и развития детей · физическое воспитание детей в семьи · принцип физического воспитания детей · физическое воспитание детей в игре · содержание физического воспитания детей
2026-09-20,samootsenka-psihicheskih,самооценка психических,1443,Самооценка и личность,/artterapy,обзор,самооценка психических · самооценка психических состояний · айзенка самооценка психических · самооценка психических состояний айзенка · диагностика самооценки психических · диагностика самооценка психических состояний · самооценка психических состояний онлайн · самооценка психических состояний айзенка онлайн
2026-09-20,depressiya-pered,депрессия перед,1428,Тревога и депрессия,/artterapy,обзор,депрессия перед · депрессия перед днем · депрессия перед днем рождения · депрессия передается · депрессия передается по наследству · передается ли депрессия · депрессия перед днем рождения и плохое настроение
2026-09-20,predstaviteli-bessoznatelnogo,представители бессознательного,1423,Словарь и термины,/artterapy,обзор,представители бессознательного · бессознательное представление · бессознательное предсознательное
2026-09-20,chem-depressiya-otlichaetsya-ot-depressii,чем депрессия отличается от депрессии,1413,Тревога и депрессия,/artterapy,отличия,чем депрессия отличается от депрессии · отличие депрессии · как отличить депрессию
2026-09-20,rasscheplenie-v-psihologii,расщепление в психологии,1399,Словарь и термины,/artterapy,обзор,расщепление в психологии · расщепление личности в психологии
2026-09-20,dissotsiatsiyu-veschestv,диссоциацию веществ,1397,Словарь и термины,/artterapy,обзор,диссоциацию веществ · диссоциация какого вещества · выберите два вещества при диссоциации · нитраты диссоциации веществ · выберите два вещества при полной диссоциации · при полной диссоциации какого вещества · выбери 2 вещества при полной диссоциации · диссоциация веществ сульфат натрия · диссоциация веществ нитрат калия · выберите 2 вещества при диссоциации которых · запишите диссоциацию веществ · диссоциация вещества хлорид натрия · диссоциация веществ хлорид калия · диссоциация веществ нитрат кальция · диссоциацию веществ сульфат алюминия · диссоциация веществ фосфат калия · диссоциация веществ фосфат натрия · электролитическая диссоциация веществ · диссоциации веществ карбонат калия · диссоциация веществ карбонат натрия · диссоциация веществ гидроксид натрия · диссоциация веществ сульфат магния · диссоциация веществ гидроксид калия · диссоциация вещества хлорид магния · диссоциация веществ фосфат кальция · диссоциация веществ хлорид бария · диссоциация веществ в растворе · диссоциация вещества гидроксид кальция · запишите диссоциацию веществ нитрата кальция · запишите диссоциацию веществ сульфат алюминия · диссоциация вещества бромид калия
2026-09-20,psihologiya-otnosheniy-chitat,психология отношений читать,1391,Отношения и близость,/artterapy,обзор,психология отношений читать · психология отношений читать бесплатно · психология отношений читать онлайн · психология отношений читать онлайн бесплатно · книга психология отношений читать бесплатно · читать психологию про отношения · книга про психологию отношений читать
2026-09-20,byvshaya-posle-goda-rasstavaniya,бывшая после года расставания,1389,Отношения и близость,/artterapy,обзор,бывшая после года расставания · бывшая пишет после расставания · после расставания бывшая с другим · бывшая будет скучать после расставания · бывшая возвращалась после расставания · как ведет себя бывшая после расставания · бывшая блокирует после расставания
2026-09-20,prihozhan-trevozhnost,прихожан тревожность,1387,Тревога и депрессия,/artterapy,обзор,прихожан тревожность · прихожанин школьная тревожность · прихожан явная тревожность · школьной тревожности а м прихожан · прихожан тревожность подростков · cmas тревожность прихожан
2026-09-20,horoshiy-geshtalt,хороший гештальт,1383,Словарь и термины,/artterapy,обзор,хороший гештальт · закрыть гештальт бесплатно в хорошем · закрытый гештальт в хорошем качестве · закрыть гештальт бесплатно в хорошем качестве · закрыть гештальт в хорошем качестве · закрыть гештальт онлайн бесплатно в хорошем
2026-09-20,nachalnoe-vospitanie-rebenka,начальное воспитание ребенка,1382,Дети и подростки,/artterapy,обзор,начальное воспитание ребенка · начало воспитания ребенка · воспитание ребенка начальной школы
2026-09-20,refleksiya-deystviy,рефлексия действий,1370,Словарь и термины,/artterapy,обзор,рефлексия действий · рефлексия внутренний план действий · произвольность рефлексия внутренний план действий · рефлексия собственных действий · рефлексия действий и результатов · рефлексия процесса и действий
2026-09-20,emotsionalnoe-vygoranie-simptomy,эмоциональное выгорание симптомы,1352,Выгорание и работа,/coach,признаки,симптомы выгорания · эмоциональное выгорание симптомы · выгорание на работе признаки · признаки эмоционального выгорания · синдром эмоционального выгорания проявляется · признаки профессионального выгорания · как выглядит выгорание · признаки выгорания что делать · выгорание симптомы у женщины · выгорание на работе признаки что делать · как проявляется выгорание · эмоциональное выгорание симптомы у женщины · симптомы профессионального выгорания · профессиональное выгорание проявляется · выгорание проявления · признаки выгорания человека · симптомы выгорания на работе · выгорание у женщин признаки · симптомами эмоционального выгорания являются · синдром выгорания симптомы · признаки профессионального выгорания ответ · синдром профессионального выгорания проявляется · выгорание симптомы лечение
2026-09-20,kak-perezhit-rasstavanie-s-chelovekom,как пережить расставание с человеком,1349,Отношения и близость,/artterapy,что делать,как пережить расставание с человеком · как пережить расставание и отпустить человека · как пережить расставание с любимым человеком · как пережить расставание с любимым человеком советы · как справиться с расставанием с человеком · как справиться с расставанием с любимым человеком · как отпустить расставание с любимым человеком · как пережить расставание и отпустить человека любимого · как пережить расставание и отпустить человека психология
2026-09-20,razvitie-vospitanie-detey-v-igre,развитие воспитание детей в игре,1345,Дети и подростки,/artterapy,обзор,развитие воспитание детей в игре · задачи воспитания детей в игре · воспитание детей сюжетно ролевой игре · воспитание детей в игре вопросы
2026-09-20,perenos-v-psihologii,перенос в психологии,1344,Словарь и термины,/artterapy,обзор,перенос в психологии
2026-09-21,psihologicheskoe-emotsionalnoe-vygoranie,психологическое эмоциональное выгорание,1337,Выгорание и работа,/coach,обзор,психологическое эмоциональное выгорание · синдром эмоционально психологического выгорания · эмоциональное выгорание психологи
2026-09-21,druzhba-privyazannost,дружба привязанность,1327,Отношения и близость,/artterapy,обзор,дружба привязанность · привязанностей дружбы любви · дружба это взаимная привязанность
2026-09-21,bez-vygoraniya,без выгорания,1326,Выгорание и работа,/coach,обзор,без выгорания · работа без выгорания · жизнь без выгорания · без выгорания книга
2026-09-21,otnoshenie-muzhchin-posle-rasstavaniya,отношение мужчин после расставания,1312,Отношения и близость,/artterapy,обзор,отношение мужчин после расставания · расставание с мужчиной после долгих отношений · мужчины новые отношения после расставания
2026-09-21,privyazannost-mezhdu,привязанность между,1312,Отношения и близость,/artterapy,обзор,привязанность между · привязанность между людьми · привязанность между детьми
2026-09-21,zdorovaya-samootsenka,здоровая самооценка,1309,Самооценка и личность,/artterapy,обзор,здоровая самооценка · самооценка здоровья · здоровая самооценка бернс · дэвид бернс здоровая самооценка · шаги к здоровой самооценке
2026-09-21,zhizn-posle-rasstavaniya,жизнь после расставания,1308,Отношения и близость,/artterapy,обзор,жизнь после расставания · начать жизнь после расставания · новая жизнь после расставания · совместная жизнь после расставания
2026-09-21,kak-perezhit-rasstavanie-s-muzhchinoy,как пережить расставание с мужчиной,1308,Отношения и близость,/artterapy,что делать,как пережить расставание с мужчиной · как пережить расставания забыть мужчину боль · как пережить расставание советы мужчине · расставание с мужчиной что делать
2026-09-21,trevozhnost-opredelenie,тревожность определение,1302,Тревога и депрессия,/artterapy,определение,тревожность определение · определение тревоги и депрессии · тревожность это простыми словами · тревожность значение
2026-09-21,metod-refleksii,метод рефлексии,1271,Словарь и термины,/artterapy,обзор,метод рефлексии · новые методы рефлексии · методы рефлексии деятельности · методы обучения рефлексия · рефлексия методов c · методы профессиональной рефлексии · методы развития рефлексии · урок рефлексии методы
2026-09-21,smert-rasstavaniya,смерть расставания,1270,Отношения и близость,/artterapy,обзор,смерть расставания · расставание маленькая смерть · пугачева расставание маленькая смерть
2026-09-21,kak-pishetsya-depressiya,как пишется депрессия,1257,Тревога и депрессия,/artterapy,обзор,как пишется депрессия · как правильно пишется депрессия · как пишется слово депрессия · как правильно пишется дипрессия или депрессия · как правильно пишется слово депрессия · как пишется слово депрессия или дипрессия · дипрессия или депрессия как правильно пишется слово
2026-09-21,chuvstvo-nelovkosti,чувство неловкости,1252,Эмоции и состояния,/artterapy,обзор,чувство неловкости · человек неловкость · без неловкостей · чувствовала неловкость · испытанная неловкость · испытать неловкость · социальная неловкость · моторная неловкость · чувство неловкости 8 букв · неловкость после · неловкость предложения · смятение и неловкость · неловкость ребенка · неловкость синоним · чувство неловкости застенчивости · чувство неловкости и смятения · неловкости и родители · чувство неловкости перед человеком · чувство неловкости и смятения перед человеком · чувство неловкости застенчивости 8 · стыд неловкость · первая неловкость · неловкость кроссворд · вызывающие неловкость · чувство неловкости кроссворд · неловкость рук · чувство неловкости и смятения перед человеком кроссворд · чувство неловкости застенчивости 8 букв · неловкость 2 · чувство неловкости на сленге · неловкость движения · неловкость в общении · эмоция неловкости · неловкость сканворд · избежать неловкости · неловкость отношений · неловкость ситуации · звук неловкости · неловкости вопроса · боитесь неловкости
2026-09-21,chelovek-s-izbegayuschim-tipom-privyazannosti,человек с избегающим типом привязанности,1245,Отношения и близость,/artterapy,обзор,человек с избегающим типом привязанности · бывшая с избегающим типом привязанности · как себя вести с избегающим типом привязанности · расставание с избегающим типом привязанности · партнер с избегающим типом привязанности · парень с избегающим типом привязанности
2026-09-21,podrostkovom-vozraste-veduschey-yavlyaetsya,подростковом возрасте ведущей является,1231,Дети и подростки,/artterapy,обзор,подростковом возрасте ведущей является · ведущая деятельность в подростковом возрасте · общение ведущая деятельность в подростковом возрасте · в подростковом возрасте ведущая деятельность учебная · ведущий вид деятельности в подростковом возрасте · подростковый возраст ведущая деятельность эльконин
2026-09-21,sotsialnye-otnosheniya-psihologiya,социальные отношения психология,1218,Отношения и близость,/artterapy,обзор,социальные отношения психология · социальная психология групп социальные отношения · общественные отношения социальная психология · проблема отношений в социальной психологии · структура социальных отношений психология · социальная психология изучает отношения · психология социальных отношений общения
2026-09-21,vospitaniya-detey-bez-roditeley,воспитания детей без родителей,1209,Дети и подростки,/artterapy,обзор,воспитания детей без родителей · воспитание детей оставшихся без родителей · формы воспитания детей без родителей · форма воспитания детей оставшихся без родителей
2026-09-21,polnoy-dissotsiatsii,полной диссоциации,1204,Словарь и термины,/artterapy,обзор,полной диссоциации · при полной диссоциации 1 · полной диссоциации гидроксидов · количество ионов при полной диссоциации · катионы и анионы при полной диссоциации
2026-09-21,kak-pravilno-depressiya,как правильно депрессия,1203,Тревога и депрессия,/artterapy,обзор,как правильно депрессия · как правильно депрессия или дипрессия · как правильно дипрессия или депрессия слово
2026-09-21,dissotsiatsiya-rastvora,диссоциация раствора,1200,Словарь и термины,/artterapy,обзор,диссоциация раствора · диссоциация раствора в воде · диссоциация водного раствора · диссоциация растворов солей · раствор фтороводорода диссоциация · константа диссоциации раствора
2026-09-21,stepen-dissotsiatsii,степень диссоциации,1191,Словарь и термины,/artterapy,сколько,степень диссоциации · степень диссоциации растворов · степени диссоциации кислоты · виды диссоциации · степень диссоциации 0 · степень диссоциации воды · ионы в степени диссоциации · электролиты степень диссоциации · степень электролитической диссоциации · степень диссоциации фтороводорода · отрицательная степень диссоциации · степень диссоциации кислоты в растворе · степень диссоциации концентрация · степень диссоциации равна
2026-09-21,vospitanie-dopolnitelnoe-obrazovanie-detey,воспитание дополнительное образование детей,1191,Дети и подростки,/artterapy,обзор,воспитание дополнительное образование детей · вопросы образования и воспитания детей · воспитание детей в системе образования · образы в воспитании детей · закон об образовании воспитание детей · образование и воспитание современных детей · воспитание и образование детей в рф · центр дополнительного образования и воспитания детей · воспитание в системе дополнительного образования детей · проблема воспитания и образования детей
2026-09-21,emotsionalnaya-depressiya,эмоциональная депрессия,1188,Тревога и депрессия,/artterapy,обзор,эмоциональная депрессия · эмоциональные состояния депрессия · эмоциональную депрессию ответ
2026-09-21,vozrastnoe-vospitanie-detey,возрастное воспитание детей,1185,Дети и подростки,/artterapy,обзор,возрастное воспитание детей · целевые ориентиры воспитания детей раннего возраста · воспитание детей старшего возраста · направления воспитания детей раннего возраста · воспитание детей младшего возраста · возрастные особенности воспитания детей · воспитание развитие детей раннего возраста · воспитание детей с какого возраста · воспитание детей младшего школьного возраста · воспитание детей среднего возраста · учет возрастных особенностей в воспитании детей · основы воспитания детей раннего возраста · физической воспитание детей школьного возраста · цели воспитания детей по возрастам · возрастные индивидуальные особенности детей и воспитание · воспитание детей разного возраста · теоретические основы воспитания детей раннего возраста · вопросы воспитания детей раннего возраста · процесс воспитания детей раннего возраста · воспитание детей группы раннего возраста · возрастная психология воспитание детей · социальное воспитание детей раннего возраста · цель воспитания детей раннего возраста · формы воспитания детей по возрастам · трудовое воспитание детей раннего возраста · экологическое воспитание детей старшего возраста
2026-09-21,polovoe-bessilie,половое бессилие,1177,Эмоции и состояния,/artterapy,обзор,половое бессилие · насилие половое бессилие · наркотики насилие половое бессилие
2026-09-22,psihologiya-odinochestva,психология одиночества,1176,Отношения и близость,/artterapy,обзор,психология одиночества · терапия одиночества · эмоциональное одиночество · испытываю чувство одиночества · терапии одиночества бернса · психологическое одиночество · терапия одиночества дэвид · дэвид бернс терапия одиночества · чувство одиночества и ненужности · чувство одиночества изложение · испытывают чувство одиночества изложение · одиночество самооценка · чувство страха одиночества · чувство пустоты и одиночества · постоянное чувство одиночества · чувство одиночества в семье · чувство одиночества в отношениях · возникающее чувство одиночества · чувство сильного одиночества · чувство одиночества и тоски · одиночество лучшее чувство · человек испытывает чувство одиночества · чувство полного одиночества · чувство одиночества изложение огэ · одиночество и чувство изоляции · внутри чувство одиночества · чувства одиночества текст
2026-09-22,bulling-v-klasse,буллинг в классе,1175,Отношения и близость,/artterapy,обзор,буллинг в классе · буллинг классный · классные часы буллинг · классный час буллинг · буллинг ребенка в классе · буллинг классного руководителя · буллинг 5 класс · буллинг 1 класс · класс час буллинг
2026-09-22,pravilnaya-samootsenka,правильная самооценка,1170,Самооценка и личность,/artterapy,обзор,правильная самооценка · правила самооценки · правильный ответ о самооценке
2026-09-22,posle-rasstavaniya-nachinayu-skuchat,после расставания начинаю скучать,1166,Отношения и близость,/artterapy,обзор,после расставания начинаю скучать · женщина скучает после расставания · женщина начнет скучать после расставания · скучаю по тебе после расставания · скучает ли бывший после расставания · после расставания парень скучает · скучаю по человеку после расставания
2026-09-22,detskaya-trevozhnost,детская тревожность,1164,Тревога и депрессия,/artterapy,обзор,детская тревожность · многомерная детской тревожности · явная детская тревожность
2026-09-22,trevozhnost-serdtsa,тревожность сердца,1163,Тревога и депрессия,/artterapy,обзор,тревожность сердца · сердцебиения тревожность · тревожность болит сердце · тревожность и учащенное сердцебиение
2026-09-22,trevozhnost-k-kakomu-vrachu,тревожность к какому врачу,1159,Тревога и депрессия,/artterapy,обзор,тревожность к какому врачу · к какому врачу обращаться с тревожностью · к какому врачу идти с тревожностью
2026-09-22,uchebnaya-refleksiya,учебная рефлексия,1150,Словарь и термины,/artterapy,обзор,учебная рефлексия · учебная деятельность рефлексия · задача учебной рефлексии · рефлексия учебной деятельности цель · рефлексия учебного процесса · рефлексия учебного проекта · рефлексия учебного занятия · рефлексия учебной деятельности на уроке · учебная ситуация рефлексия · рефлексия учебного материала
2026-09-22,refleksiya-klass,рефлексия класс,1148,Словарь и термины,/artterapy,обзор,рефлексия класс · класс урок рефлексия · рефлексия 1 класс · рефлексии мастер класс · рефлексия 5 класс
2026-09-22,frustratsiya-v-psihologii,фрустрация в психологии,1140,Словарь и термины,/artterapy,обзор,фрустрация в психологии · психологические фрустрации · психологическое состояние фрустрации
2026-09-22,psihologiya-podrostkovogo-vozrasta,психология подросткового возраста,1139,Дети и подростки,/artterapy,обзор,психология подросткового возраста · психологический подростковый возраст · психологические особенности подросткового возраста · психолог подростковый возраст · психологическое развитие подросткового возраста · психология подросткового и юношеского возраста · психология подростковый возраст годы · психология развития подросткового возраста · возрастная психология подростковый возраст · психологические новообразования в подростковом возрасте
2026-09-22,semya-rabochaya-vospitaniya-detey,семья рабочая воспитания детей,1131,Дети и подростки,/artterapy,обзор,семья рабочая воспитания детей · семья рождение и воспитание детей · многодетная семья воспитание детей
2026-09-22,vmeste-posle-rasstavaniya,вместе после расставания,1129,Отношения и близость,/artterapy,обзор,вместе после расставания · будем ли мы вместе после расставания · после расставания снова вместе · будем мы вместе после расставания онлайн · будем ли вместе после расставания онлайн
2026-09-22,suitsidalnaya-depressiya,суицидальная депрессия,1126,Тревога и депрессия,/artterapy,обзор,суицидальная депрессия · депрессия и суицид · депрессия с суицидальными мыслями
2026-09-22,formirovanie-refleksii,формирование рефлексии,1125,Словарь и термины,/artterapy,обзор,формирование рефлексии · рефлексия формирует · формирования социальной рефлексии · формирования рефлексии учащихся
2026-09-22,psihologicheskoe-vospitanie-rebenka,психологическое воспитание ребенка,1125,Дети и подростки,/artterapy,обзор,психологическое воспитание ребенка · психологические особенности воспитания ребенка · воспитание ребенка советы психолога · ребенку год психология воспитания · психологическая помощь в воспитании ребенка
2026-09-22,vremena-velikoy-depressii,времена великой депрессии,1121,Тревога и депрессия,/artterapy,обзор,времена великой депрессии · великой экономической депрессии · период великой депрессии · великая американская депрессия · история великой депрессии · кризис великой депрессии
2026-09-22,u-rebenka-isterika-posle,у ребенка истерика после,1117,Дети и подростки,/artterapy,обзор,у ребенка истерика после · истерика у ребенка после года · сон после истерики у ребенка
2026-09-22,samootsenka-vozrasta,самооценка возраста,1112,Самооценка и личность,/artterapy,обзор,самооценка возраста · возрастная самооценка · самооценка младшего школьного возраста · возрастные особенности самооценки · самооценка в школьном возрасте · самооценка юношеский возраст
2026-09-22,stress-emotsionalnoe-vygoranie,стресс эмоциональное выгорание,1112,Выгорание и работа,/coach,обзор,стресс эмоциональное выгорание · хронический стресс эмоциональное выгорание · последствия хронического стресса эмоциональное выгорание · хронический стресс эмоциональное выгорание конспект · последствия хронического стресса эмоциональное выгорание конспект · последствия стресс эмоциональное выгорание мчс · последствия хронического стресса эмоциональное выгорание мчс
2026-09-22,privyazannosti-v-zhizni,привязанности в жизни,1107,Отношения и близость,/artterapy,обзор,привязанности в жизни · опора в жизни привязанность · тайна опора привязанность в жизни · тайная опора привязанность в жизни · петрановская привязанность в жизни · петрановская тайная опора привязанность в жизни · людмила петрановская тайная опора привязанность в жизни
2026-09-22,chitat-samootsenka,читать самооценка,1100,Самооценка и личность,/artterapy,обзор,читать самооценка · самооценка читать онлайн · читать 7 самооценки · самооценка книга читать · к стабильной самооценке читать онлайн · столпов самооценки читать · шесть столпов самооценки читать
2026-09-22,skuchat-posle-rasstavaniya-muzhchina,скучать после расставания мужчина,1084,Отношения и близость,/artterapy,обзор,скучать после расставания мужчина · после расставания мужчина скучать по женщине · когда мужчины начинают скучать после расставания · скучает ли мужчина после расставания
2026-09-22,bulling-uchiteley,буллинг учителей,1082,Отношения и близость,/artterapy,обзор,буллинг учителей · буллинг учитель ученик · буллинг детьми учителя · буллинг в сторону учителя
2026-09-22,ratsionalizatsiya-neravenstv,рационализация неравенств,1073,Словарь и термины,/artterapy,обзор,рационализация неравенств · решение неравенств рационализацией · рационализация показательных неравенств
2026-09-23,psihologiya-posle-rasstavaniya,психология после расставания,1066,Отношения и близость,/artterapy,обзор,психология после расставания · психолог после расставания · советы психолога после расставания
2026-09-23,refleksiya-pedagoga,рефлексия педагога,1064,Словарь и термины,/artterapy,обзор,рефлексия педагога · рефлексия деятельности педагога · профессиональная рефлексия педагога · рефлексия педагогической деятельности · педагогическая рефлексия педагогов · развитие педагогической рефлексии · формирование педагогической рефлексии · анализ педагогической рефлексии · профессионально педагогическая рефлексия · развитие рефлексии педагогов · метод педагогической рефлексии · педагогическая рефлексия это · рефлексия педагогического взаимодействия · педагогическая рефлексия родителей · рефлексия профессиональной деятельности педагогов · педагогическая рефлексия учителя · собственная педагогическая рефлексия
2026-09-23,odinochestvo-prichiny,одиночество причины,1062,Отношения и близость,/artterapy,причины,одиночество причины · изложение почему многое испытывают чувство одиночества
2026-09-23,s-depressiey-berut-v-armiyu,с депрессией берут в армию,1062,Тревога и депрессия,/artterapy,обзор,с депрессией берут в армию · берут ли с депрессией · берут ли в армию с депрессией
2026-09-23,zanyatie-refleksiya,занятие рефлексия,1058,Словарь и термины,/artterapy,обзор,занятие рефлексия · итоги занятия рефлексия · вопросы рефлексии занятия · рефлексия подведение итогов занятия · рефлексия занятия детьми · рефлексия в конце занятия · цель рефлексии занятия
2026-09-23,detskaya-psihologiya-rebenka,детская психология ребенка,1051,Дети и подростки,/artterapy,обзор,детская психология ребенка · детский психолог 3 года ребенку · детский психолог ребенку 5 лет · детская психология развития ребенка · детский психолог 4 года ребенку · вопросы детских психологов ребенку · детский психолог 2 года ребенку · вопросы детской психологии ребенка · детский психолог диагностика ребенка · детский психолог помогите ребенку
2026-09-23,kak-vyyti-iz-depressii-zhenschine,как выйти из депрессии женщине,1046,Тревога и депрессия,/artterapy,что делать,как выйти из депрессии женщине · как выйти из депрессии самостоятельно женщине · как выйти из депрессии самостоятельно женщине советы · как справиться с депрессией женщине · как справиться с депрессией самостоятельно женщине · как бороться с депрессией женщине · как бороться с депрессией самостоятельно у женщин
2026-09-23,poslerodovaya-depressiya-skolko,послеродовая депрессия сколько,1046,Тревога и депрессия,/artterapy,сколько,послеродовая депрессия сколько · послеродовая депрессия сколько длится
2026-09-23,kak-nazyvaetsya-bulling,как называется буллинг,1044,Отношения и близость,/artterapy,обзор,как называется буллинг · буллингом называют · буллинг на работе как называется
2026-09-23,emotsionalnoe-vygoranie-pedagogov,эмоциональное выгорание педагогов,1041,Выгорание и работа,/coach,обзор,эмоциональное выгорание педагогов · эмоциональное выгорания педагогов тренинги · эмоциональное выгорание среди педагогов · эмоциональное педагогическое выгорание
2026-09-23,trevozhnost-agressiya,тревожность агрессия,1040,Тревога и депрессия,/artterapy,обзор,тревожность агрессия · тревожность агрессивность · агрессивная тревожность
2026-09-23,hronicheskoe-vygoranie,хроническое выгорание,1034,Выгорание и работа,/coach,обзор,хроническое выгорание · выгорание хроническая усталость · синдром хронического выгорания
2026-09-23,chuvstvo-nenuzhnosti,чувство ненужности,1032,Отношения и близость,/artterapy,обзор,чувство ненужности · одиночество ненужность · ощущение ненужности · ненужность людей · чувствую ненужность · ненужность синоним · слово ненужность
2026-09-23,travma-privyazannosti,травма привязанности,1027,Отношения и близость,/artterapy,обзор,травма привязанности · травматическая привязанность · исцеление травмы привязанности
2026-09-23,professionalnoy-samootsenki,профессиональной самооценки,1013,Самооценка и личность,/artterapy,обзор,профессиональной самооценки · самооценка профессиональной деятельности · самооценка профессии · самооценка профессиональные качества · профессиональная самооценка педагога
2026-09-23,rasslablenno-izbegayuschaya-privyazannost,расслабленно избегающая привязанность,1012,Отношения и близость,/artterapy,обзор,расслабленно избегающая привязанность · расслабленно избегающий тип привязанности · расслабляющий избегающий тип привязанности · расслаблено избегающая привязанность
2026-09-23,psihologiya-otnosheniy-posle,психология отношений после,1004,Отношения и близость,/artterapy,обзор,психология отношений после · психология отношений после 40 · психология отношений после года отношений · психология отношений после расставания · отношения после 40 лет психология
2026-09-23,starshiy-podrostkovyy-vozrast,старший подростковый возраст,1003,Дети и подростки,/artterapy,обзор,старший подростковый возраст · старший подростковый возраст лет · старший подростковый возраст 15 лет · период старшего подросткового возраста · средний старший подростковый возраст
2026-09-23,preodolenie-trevozhnosti,преодоление тревожности,997,Тревога и депрессия,/artterapy,обзор,преодоление тревожности · преодоление социальной тревожности · преодоление застенчивости и социальной тревожности · преодоление тревожности книга · как преодолеть тревожность · книга преодоление застенчивости и социальной тревожности · батлер преодоление социальной тревожности и застенчивости · преодоление застенчивости и социальной тревожности джиллиан батлер
2026-09-23,chuvstvo-paniki,чувство паники,996,Тревога и депрессия,/artterapy,обзор,чувство паники · тревожность паника · психологическая паника · тревожная паника · паника депрессия · эмоциональная паника · чувство паники страха · чувство паники и тревоги · психолог паника
2026-09-23,obestsenivanie-cheloveka,обесценивание человека,995,Эмоции и состояния,/artterapy,обзор,обесценивание человека · как называется обесценивание · обесценивание бывшего · обесценивание другими · обесценивание цен · обесценивание женщины · будет ли обесценивание · обесценивание труда · обесценивание в отношениях · после обесценивания · процесс обесценивания · обесценивание мужчины · обесценивание опыта · обесценивание нарцисса · обесценивание мужем · обесценивание в россии · идеализация и обесценивание · происходит обесценивание · ребенок обесценивание · обесценивание взрослых · след бесценный опыт обесценивания · обесценивание защита · обесценивание жизни · обесценивание фразы · обесценивание проблем · процесс обесценивания денег · обесценивание чувств это · чужое обесценивание · обесценивание ситуации · обесценивание синоним · обесценивание личности · обесценивание на работе · обесценивание слов это · обесценивание помощи · обесценивание времени · обесценивание другого человека · пример обесценивания · обесценивание женщин мужчинами · как реагировать на обесценивание · обесценивание жены
2026-09-23,irina-geshtalt-geshtalt,ирина гештальт гештальт,993,Словарь и термины,/artterapy,обзор,ирина гештальт гештальт · ирина нужненкова гештальт · ирина нужненкова ростов на дону гештальт
2026-09-23,nedelya-posle-rasstavaniya,неделя после расставания,987,Отношения и близость,/artterapy,обзор,неделя после расставания · через неделю после расставания · две недели после расставания · прошла неделя после расставания
2026-09-23,privyazannost-chitat,привязанность читать,982,Отношения и близость,/artterapy,обзор,привязанность читать · привязанности читать онлайн · читать книгу привязанность
2026-09-23,sposob-depressiya,способ депрессия,981,Тревога и депрессия,/artterapy,упражнения,способ депрессия · депрессия методики · депрессия способы выхода · депрессия причины признаки и способы · техники депрессия · депрессия причины признаки и способы выхода · способы победить депрессию
2026-09-24,kak-napisat-o-rasstavanii,как написать о расставании,980,Отношения и близость,/artterapy,обзор,как написать о расставании · написать слова расставания · как написать парню о расставании · как правильно написать расставания
2026-09-24,sobstvennaya-refleksiya,собственная рефлексия,980,Словарь и термины,/artterapy,обзор,собственная рефлексия · рефлексия собственной деятельности · рефлексия собственного опыта
2026-09-24,sotsialnaya-deprivatsiya,социальная депривация,974,Словарь и термины,/artterapy,обзор,социальная депривация · социальная депривация детей · социально педагогическая депривация · факторы социальной депривации · социально психологическая депривация
2026-09-24,bulling-chto-eto-takoe-prostymi-slovami,буллинг что это такое простыми словами,970,Отношения и близость,/artterapy,определение,буллинг что это такое простыми словами · буллинг это простыми словами в школе · определение буллинга · буллинг что означает · буллинг простыми словами для детей
2026-09-24,hudozhestvennoe-vospitanie-detey,художественное воспитание детей,964,Дети и подростки,/artterapy,обзор,художественное воспитание детей · воспитание детей художественной литературой · задачи художественного воспитания детей
2026-09-24,depressiya-rasstroystvo-simptomy,депрессия расстройство симптомы,957,Тревога и депрессия,/artterapy,признаки,депрессия расстройство симптомы · симптомы депрессии и тревожного расстройства · депрессия расстройство симптомы и лечение
2026-09-24,privyazannost-k-materi,привязанность к матери,953,Отношения и близость,/artterapy,обзор,привязанность к матери · материальная привязанность · тип привязанности матери · материнская привязанность
2026-09-24,pri-dissotsiatsii-veschestv-obrazuetsya,при диссоциации веществ образуется,951,Словарь и термины,/artterapy,обзор,при диссоциации веществ образуется · при диссоциации 1 моль вещества образовалось · при диссоциации какого вещества образуются · при диссоциации вещества образуются ионы · при диссоциации каких веществ образуются ионы · вещество образующееся при диссоциации сульфат ионы · нитрат ион образуется при диссоциации вещества · хлорид ионы образуются при диссоциации вещества · хлорид анион образуется при диссоциации вещества · гидроксид ионы образуются при диссоциации вещества · вещество при диссоциации которого образуются катионы · вещество при диссоциации которого образуются гидроксид
2026-09-24,kak-pishetsya-geshtalt,как пишется гештальт,948,Словарь и термины,/artterapy,обзор,как пишется гештальт · как правильно пишется гештальт · как пишется слово гештальт · закрыть гештальт как пишется
2026-09-24,podrostkovyy-vozrast-u-detey,подростковый возраст у детей,946,Дети и подростки,/artterapy,обзор,подростковый возраст у детей · особенности детей подросткового возраста · поведение детей подросткового возраста
2026-09-24,depressiya-robert,депрессия роберт,945,Тревога и депрессия,/artterapy,обзор,депрессия роберт · роберт лихи депрессия · роберт сапольски депрессия
2026-09-24,privyazannost-k-drugomu-cheloveku,привязанность к другому человеку,943,Отношения и близость,/artterapy,обзор,привязанность к другому человеку · чувство привязанности к человеку · сильная привязанность к человеку · эмоциональная привязанность к человеку · привязанность к человеку или любовь · любовь это чувство привязанности к человеку · привязанность к человеку это простыми · как называется привязанность к человеку · привязанность в жизни человека · человек без привязанностей · эмоциональная привязанность к человеку это любовь · сильная эмоциональная привязанность к человеку · чувствую привязанность к человеку · привязанность к человеку это хорошо · привязанность к любимому человеку это · привязанность к определенному человеку · человек боится привязанности · психология привязанности к человеку · психологическая привязанность к человеку
2026-09-24,ruminatsiya-eto-v-psihologii,руминация это в психологии,942,Словарь и термины,/artterapy,обзор,руминация это в психологии · руминация это простыми · руминация мыслей · руминация новорожденного · навязчивые мысли руминация · человек с руминацией · руминация в психологии это простыми
2026-09-24,separatsiya-vzroslogo,сепарация взрослого,939,Отношения и близость,/artterapy,обзор,сепарация взрослого · сепарация во взрослом возрасте · взрослые дети сепарация · сепарация от матери взрослого · сепарация взрослого сына
2026-09-24,professionalnaya-refleksiya,профессиональная рефлексия,938,Словарь и термины,/artterapy,обзор,профессиональная рефлексия · рефлексия профессионального развития · рефлексия профессиональной деятельности · личностно профессиональная рефлексия · рефлексия профессиональных умений
2026-09-24,diagnostika-vygoraniya,диагностика выгорания,936,Выгорание и работа,/coach,обзор,диагностика выгорания · диагностика выгорания бойко · водопьянова выгорание диагностика · диагностика синдрома выгорания
2026-09-24,otsenka-refleksii,оценка рефлексии,935,Словарь и термины,/artterapy,обзор,оценка рефлексии · рефлексия оценка деятельности · рефлексия оценка результатов · контроль оценка рефлексия
2026-09-24,otsenka-trevozhnosti,оценка тревожности,924,Тревога и депрессия,/artterapy,обзор,оценка тревожности · оценка детской тревожности · многомерная оценка тревожности · многомерная оценка детской тревожности
2026-09-24,psihologiya-mezhlichnostnyh-otnosheniy,психология межличностных отношений,923,Отношения и близость,/artterapy,обзор,психология межличностных отношений · межличностные отношения социальная психология · психология межличностных отношений психология конфликта · проблема межличностных отношений в психологии · изучение межличностных отношений психология · психология групп и межличностных отношений · психология общения межличностных отношений · психология социальных групп и межличностных отношений · межличностные отношения психология личности · психология малых групп межличностные отношения · психология межличностных и межгрупповых отношений · проблема межличностных отношений в социальной психологии · предмет психологии межличностных отношений
2026-09-24,vygoranie-na-solntse,выгорание на солнце,923,Выгорание и работа,/coach,обзор,выгорание на солнце · выгорание волос на солнце · выгорание цветов на солнце · спрей для выгорания волос на солнце
2026-09-24,samokontrol-samootsenka,самоконтроль самооценка,920,Самооценка и личность,/artterapy,обзор,самоконтроль самооценка · самоконтроль и самооценка задачи · действия самоконтроля и самооценки · самоконтроль и самооценка учебной деятельности · учебных действий самооценки и самоконтроля · самоконтроль и самооценка учащихся · методы самоконтроля и самооценки
2026-09-24,isteriki-u-detey-4,истерики у детей 4,905,Дети и подростки,/artterapy,обзор,истерики у детей 4 · истерики у детей форум · истерики у детей 8 лет · возраст истерик у детей · истерики у детей 2 5 лет · истерики у детей 10 лет · истерика у маленьких детей
2026-09-24,stolpov-samootsenki,столпов самооценки,905,Самооценка и личность,/artterapy,обзор,столпов самооценки · шесть столпов самооценки · натаниэль бранден столпы самооценки · шесть столпов самооценки бранден · шесть столпов самооценки натаниэль · натаниэль бранден шесть столпов самооценки
2026-09-24,bessoznatelnaya-lichnost,бессознательная личность,901,Словарь и термины,/artterapy,обзор,бессознательная личность · личного бессознательного · структура бессознательного личности · бессознательное развитие личности
2026-09-24,chuvstvo-trevogi-posle,чувство тревоги после,901,Тревога и депрессия,/artterapy,обзор,чувство тревоги после · тревожность после алкоголя · тревожность после сна · после кофе тревожность · тревожность после родов · тревожность после еды · тревожность после запоя
2026-09-25,pri-polnoy-dissotsiatsii-1-mol-obrazuetsya,при полной диссоциации 1 моль образуется,895,Словарь и термины,/artterapy,обзор,при полной диссоциации 1 моль образуется · образуется при полной диссоциации 2 аниона · образуется при полной диссоциации 2 катиона · при полной диссоциации фосфата натрия образуется
2026-09-25,sposobnost-k-refleksii,способность к рефлексии,889,Словарь и термины,/artterapy,упражнения,способность к рефлексии · рефлексия способ · рефлексия практика · рефлексия упражнения · инструмент рефлексии · рефлексия методики · рефлексия способствует · рефлексия способность человека · техники рефлексии · рефлексия способов деятельности · развитие способности к рефлексии · рефлексия способа действия
2026-09-25,vospitanie-detey-avtor,воспитание детей автор,889,Дети и подростки,/artterapy,обзор,воспитание детей автор · воспитание детей авторы книг · авторитарный стиль воспитания детей
2026-09-25,metody-samootsenka,методы самооценка,884,Самооценка и личность,/artterapy,обзор,методы самооценка · метод самооценки деятельности · методы контроля самооценки
2026-09-25,kontakt-geshtalt,контакт гештальт,881,Словарь и термины,/artterapy,обзор,контакт гештальт · гештальт прерывание контакта · цикл контакта гештальт
2026-09-25,kak-izbavitsya-ot-vnutrenney-trevozhnosti,как избавиться от внутренней тревожности,881,Тревога и депрессия,/artterapy,что делать,как избавиться от внутренней тревожности · как убрать тревожность внутри себя · как убрать тревожность внутри себя самостоятельно
2026-09-25,vospitanie-aktivnyh-detey,воспитание активных детей,880,Дети и подростки,/artterapy,обзор,воспитание активных детей · воспитание активности детей · воспитания познавательной активности детей
2026-09-25,katarsis-slushat,катарсис слушать,878,Словарь и термины,/artterapy,обзор,катарсис слушать · катарсис слушать онлайн · группа катарсис слушать · катарсис слушать бесплатно · катарсис слушать онлайн бесплатно
2026-09-25,otnosheniya-s-muzhchinoy-starshe,отношения с мужчиной старше,876,Отношения и близость,/artterapy,обзор,отношения с мужчиной старше · отношения с мужчиной старше на 20 · отношения с мужчиной старше на 20 лет
2026-09-25,bessoznatelnaya-psihika,бессознательная психика,876,Словарь и термины,/artterapy,обзор,бессознательная психика · бессознательное психическое · бессознательных психических процессов · бессознательное состояние психические состояния
2026-09-25,samootsenka-slushat,самооценка слушать,874,Самооценка и личность,/artterapy,обзор,самооценка слушать · самооценка слушать онлайн · самооценка аудиокнига слушать · аудиокниги самооценка слушать онлайн
2026-09-25,depressiya-povedenie,депрессия поведение,873,Тревога и депрессия,/artterapy,обзор,депрессия поведение · поведенческая депрессия · когнитивно поведенческая депрессия
2026-09-25,silnaya-samootsenka,сильная самооценка,868,Самооценка и личность,/artterapy,обзор,сильная самооценка · сильные стороны самооценки · сильно сниженная самооценка
2026-09-25,krizis-podrostkovogo-vozrasta,кризис подросткового возраста,865,Дети и подростки,/artterapy,обзор,кризис подросткового возраста · кризис развития подросткового возраста · подростковый возраст возрастной кризис · периоды кризиса подросткового возраста
2026-09-25,bessoznatelnoe-otnoshenie,бессознательное отношение,855,Словарь и термины,/artterapy,обзор,бессознательное отношение · отношения между эго и бессознательным · остроумие и его отношение к бессознательному
2026-09-25,perlz-geshtalt,перлз гештальт,852,Словарь и термины,/artterapy,обзор,перлз гештальт · гештальт фредерик перлз · гештальт перлз книги · ф перлз гештальт · гештальт фриц перлз · гештальт теория перлза
2026-09-25,regressiya-v-psihologii,регрессия в психологии,845,Словарь и термины,/artterapy,обзор,регрессия в психологии · психологическая регрессия · эмоциональная регрессия · психологическая защита регрессия · регрессия в психологии это простыми
2026-09-25,effektivnaya-depressiya,эффективная депрессия,845,Тревога и депрессия,/artterapy,обзор,эффективная депрессия · эффект депрессия · депрессия побочный эффект
2026-09-25,klassicheskoe-vospitanie-detey,классическое воспитание детей,845,Дети и подростки,/artterapy,обзор,классическое воспитание детей · мастер класс воспитание детей · воспитание детей начальных классов
2026-09-25,samootsenka-ayzenka,самооценка айзенка,842,Самооценка и личность,/artterapy,обзор,самооценка айзенка · самооценка состояния айзенка · самооценка г айзенк · самооценка состояний г айзенка · айзенк самооценка онлайн
2026-09-25,kompleks-sindrom-samozvantsa,комплекс синдром самозванца,841,Выгорание и работа,/coach,обзор,комплекс синдром самозванца · синдром провинциала и синдром самозванца · комплекс провинциала и синдром самозванца · синдром самозванца в психологии · книга синдром самозванца · синдром самозванца текст · синдром самозванца щенки · щенки синдром самозванца комплекс · комплекс провинциала и синдром самозванца щенки · комплекс провинциала и синдром самозванца текст · синдром самозванца что это такое простыми · синдром самозванца сэнди · синдром самозванца манн · синдром самозванца сэнди манн · сэнди манна синдром самозванца · синдром самозванца джессами
2026-09-25,samootsenka-opredelenie,самооценка определение,838,Самооценка и личность,/artterapy,определение,самооценка определение · самооценка это простыми словами · значение самооценки · определение понятия самооценка · самооценка самоопределение
2026-09-25,sovremennye-kontseptsii-vospitaniya-rebenka,современные концепции воспитания ребенка,836,Дети и подростки,/artterapy,обзор,современные концепции воспитания ребенка · современные концепции воспитания и развития ребенка · тема современное воспитание ребенка · проблемы современного воспитания ребенка · цели воспитания современного ребенка · воспитание ребенка в современном обществе
2026-09-25,obrazovanie-detskiy-psiholog,образование детский психолог,834,Дети и подростки,/artterapy,обзор,образование детский психолог · образование детская психология · детский психолог высшее образование · детский психолог какое образование · высокий детский образование психология
2026-09-25,bulling-v-koreyskih-shkolah,буллинг в корейских школах,833,Отношения и близость,/artterapy,обзор,буллинг в корейских школах · буллинг в русских школах · буллинг в американских школах · школа против буллинга · буллинг в школах 2025 · школа без буллинга · буллинг в российских школах · девочка и школа буллинг · старшая школа буллинга
2026-09-26,osvobozhdenie-ot-sozavisimosti,освобождение от созависимости,831,Отношения и близость,/artterapy,обзор,освобождение от созависимости · уайнхолд освобождение от созависимости · освобождение от созависимости берри · освобождение от созависимости берри уайнхолд · дженей уайнхолд освобождение от созависимости · книга освобождение от созависимости
2026-09-26,samootsenka-pomogaet,самооценка помогает,829,Самооценка и личность,/artterapy,обзор,самооценка помогает · поднять самооценку помогут · помогу повысить самооценку
2026-09-26,posle-rasstavaniya-nashel-druguyu,после расставания нашел другую,825,Отношения и близость,/artterapy,обзор,после расставания нашел другую · после расставания быстро нашел · парень после расставания нашел другую
2026-09-26,sozavisimost-uaynhold,созависимость уайнхолд,824,Отношения и близость,/artterapy,обзор,созависимость уайнхолд · зависимость и созависимость · созависимость это простыми · лекция созависимость · фишер созависимость · созависимость берри · психолог созависимость · берри уайнхолд созависимость · москаленко созависимость · созависимость онлайн · спанн фишер созависимость · созависимость шаги · созависимость 12 · созависимость ежедневники · созависимость с алкоголиком · границы созависимости · созависимость видео · созависимость умение · созависимость от человека · созависимость умение любить · созависимость в семье · джекман созависимость · тетрадь созависимости · роберт джекман созависимость · работа с созависимостями · психологическая созависимость · выход из созависимости · созависимость преодоление · эмоциональная созависимость · созависимость рабочая тетрадь · слушать созависимость · свобода от созависимости · созависимость женщины · созависимость лечение · семейная созависимость · личные границы созависимость · созависимость родителей · треугольник созависимости · сергей созависимость · любовь и созависимость
2026-09-26,trevozhnost-v-grudi,тревожность в груди,824,Тревога и депрессия,/artterapy,обзор,тревожность в груди · чувство тревоги в груди · боль в груди тревожность
2026-09-26,adekvatnaya-samootsenka,адекватная самооценка,824,Самооценка и личность,/artterapy,обзор,адекватная самооценка · адекватная самооценка развитие · адекватность самооценки
2026-09-26,metod-introspektsii,метод интроспекции,822,Словарь и термины,/artterapy,обзор,метод интроспекции · метод интроспекции в психологии · наблюдение интроспекция · интроспекция в психологии это · метод наблюдения интроспекция · интроспекция c · интроспекция самонаблюдение · интроспекция сознания · слово интроспекция · методы психологии интроспекция наблюдение · интроспекция эксперименты · интроспекция это простыми · методы исследования интроспекция · интроспекция научный метод · психология сознания метод интроспекции · самонаблюдение метод интроспекции · наблюдение интроспекция в психологии · интроспекция в науке · интроспекция вундта
2026-09-26,gruppy-bullinga,группы буллинга,821,Отношения и близость,/artterapy,обзор,группы буллинга · группы риска буллинга · кто входит в группу риска при буллинге
2026-09-26,lazarus-kopingi,лазарус копинги,814,Словарь и термины,/artterapy,обзор,лазарус копинги · фолкман лазарус копинг · копинга р лазаруса
2026-09-26,formirovanie-podrostkovogo-vozrasta,формирование подросткового возраста,809,Дети и подростки,/artterapy,обзор,формирование подросткового возраста · подростковом возрасте формируется · подростковый возраст формирование личности
2026-09-26,lyubovnitsa-posle-rasstavaniya,любовница после расставания,806,Отношения и близость,/artterapy,обзор,любовница после расставания · любовник после расставания · любовь после расставания это
2026-09-26,kak-perezhit-rasstavanie-s-devushkoy,как пережить расставание с девушкой,804,Отношения и близость,/artterapy,что делать,как пережить расставание с девушкой · расставание с девушкой как вернуть · как пережить расставание с девушкой которую любишь
2026-09-26,refleksiya-myshlenie,рефлексия мышление,803,Словарь и термины,/artterapy,обзор,рефлексия мышление · рефлексия критического мышления · технология развития критического мышления рефлексия
2026-09-26,vliyanie-samootsenka,влияние самооценка,797,Самооценка и личность,/artterapy,обзор,влияние самооценка · влияние родителей на самооценку · влияние семьи на самооценку
2026-09-26,proverka-ekrana-na-vygoranie,проверка экрана на выгорание,790,Выгорание и работа,/coach,обзор,проверка экрана на выгорание · видео от выгорания экрана · проверить экран на выгорание · защита от выгорания экрана
2026-09-26,depressiya-ritma,депрессия ритма,788,Тревога и депрессия,/artterapy,обзор,депрессия ритма · депрессия альфа ритма · депрессия синусового ритма
2026-09-26,lichnost-podrostkovyy-vozrast,личность подростковый возраст,779,Дети и подростки,/artterapy,обзор,личность подростковый возраст · развитие личности подростковом возрасте · личность особенность подросткового возраста
2026-09-26,puls-v-bessoznatelnom-sostoyanii,пульс в бессознательном состоянии,778,Словарь и термины,/artterapy,обзор,пульс в бессознательном состоянии · как проверяется пульс при бессознательном · как проверяется пульс при бессознательном состоянии
2026-09-26,zadanie-refleksiya,задание рефлексия,775,Словарь и термины,/artterapy,обзор,задание рефлексия · рефлексия домашнего задания · рефлексия задание 1
2026-09-26,kontrperenos-v-psihologii,контрперенос в психологии,775,Словарь и термины,/artterapy,обзор,контрперенос в психологии · контрперенос клиент · перенос и контрперенос в психологии · таблица контрпереноса · контрперенос акцентуации · таблица контрпереноса и акцентуации · контрперенос психолога · соответствие контрпереноса и акцентуации · таблица соответствия контрпереносов · конкордантный контрперенос · таблица соответствия контрпереноса и акцентуации
2026-09-26,samoaktualizatsiya-lichnosti,самоактуализация личности,773,Словарь и термины,/artterapy,обзор,самоактуализация это · самоактуализация личности · потребность в самоактуализации · самоактуализация человека · развитие самоактуализация · социальная самоактуализация · стремление к самоактуализации · самоактуализации личности человека · самоактуализация является · потребности самоактуализации человека · процесс самоактуализации · самоактуализация самореализация · гуманистическая психология самоактуализация · высокая самоактуализация · личностная самоактуализация · безопасность уважение самоактуализации · самоактуализация 1 · развитие личности самоактуализация · пирамида самоактуализации · самоактуализация саморазвитие · теория самоактуализации · самоактуализация личности психология · пирамида маслоу самоактуализация · пирамида потребностей самоактуализация · направления самоактуализации · самоактуализация в деятельности · концепция самоактуализации · самоактуализация поведение · профессиональной самоактуализации · самоактуализация и самовыражение · самоактуализации высшая потребность самоактуализации · любовь и самоактуализация · самоактуализация cat · творческая самоактуализация · понятие самоактуализация · самоактуализация это в психологии · процесс самоактуализации личности · пирамида маслоу потребность в самоактуализации · пути самоактуализации
2026-09-26,nochnye-isteriki-u-rebenka,ночные истерики у ребенка,769,Дети и подростки,/artterapy,обзор,ночные истерики у ребенка · ночные истерики у ребенка 2 · ночные истерики у ребенка 2 года · ночные истерики у ребенка 3
2026-09-26,protiv-bullinga,против буллинга,765,Отношения и близость,/artterapy,обзор,против буллинга · как противостоять буллингу · противодействия буллингу · противостояние буллингу
2026-09-26,kak-nazyvaetsya-perehodnyy-vozrast,как называется переходный возраст,764,Дети и подростки,/artterapy,обзор,как называется переходный возраст · как называется переходный возраст у подростков · как называется переходный возраст у мужчин
2026-09-26,isterika-u-rebenka-nochyu,истерика у ребенка ночью,763,Дети и подростки,/artterapy,обзор,истерика у ребенка ночью · истерика ночью у ребенка 2 · истерика ночью у ребенка 2 года
2026-09-27,privyazannost-simpatiya,привязанность симпатия,760,Отношения и близость,/artterapy,обзор,привязанность симпатия · чувство привязанности и симпатии · симпатия привязанность влюбленность
2026-09-27,refleksiya-uchaschihsya,рефлексия учащихся,757,Словарь и термины,/artterapy,обзор,рефлексия учащихся · рефлексия деятельность учащихся · цель рефлексии учащихся
2026-09-27,privyazannost-levin,привязанность левин,753,Отношения и близость,/artterapy,обзор,привязанность левин · привязанность амир левин · привязанность амира левина · привязанность левин хеллер · амир левин рэйчел хеллер привязанность · книга привязанность амир левин · привязанность амир левин читать
2026-09-27,bulling-psihologi,буллинг психологи,749,Отношения и близость,/artterapy,обзор,буллинг психологи · психологический буллинг · буллинг психология · социально психологический буллинг
2026-09-27,muzhskoe-bessilie,мужское бессилие,749,Эмоции и состояния,/artterapy,обзор,мужское бессилие · бессилие слабость · бессилие человека · сила бессилие · бессилие мужчины · бессилие насилия · чувство бессилия · год бессилия · усталость бессилие · бессилие чувствовать · шаг бессилие · слово бессилье · бессилия апатия · боль бессилия · бессилие помочь · бессилие женщина · плачу от бессилия · бессилие перед · состояние бессилия · плачет от бессилия · плачущий от бессилия · бессилие сильных · путь бессилия · бессилие рук · день бессилия · полное бессилие · наркотики бессилие · бессилии 1 · страх бессилия · бессилие синоним · бессилие ног · гнев бессилия · бессилие 6 · ощущение бессилия · лечение бессилия · бессилие дота · постоянно бессилие · злость бессилия · собственное бессилие · плохо бессилие
2026-09-27,zaschitnye-mehanizmy-cheloveka,защитные механизмы человека,745,Словарь и термины,/artterapy,обзор,защитные механизмы человека · психологические защитные механизмы человека · защитные механизмы психики человека
2026-09-27,est-li-u-menya-depressiya,есть ли у меня депрессия,742,Тревога и депрессия,/artterapy,обзор,есть ли у меня депрессия · у меня депрессия ведь · у меня депрессия ведь запрещают · у меня депрессия ведь запрещают говорить · у меня депрессия мне запрещают говорить про · у меня депрессия ведь запрещают говорить про · у меня синдром бога тебя депрессия
2026-09-27,kak-vyyti-iz-depressii-posle,как выйти из депрессии после,740,Тревога и депрессия,/artterapy,что делать,как выйти из депрессии после · после депрессия что делать · как справится с депрессией после
2026-09-27,rasstroystvo-privyazannosti,расстройство привязанности,739,Отношения и близость,/artterapy,обзор,расстройство привязанности · реактивное расстройство привязанности · тип расстройства привязанности
2026-09-27,refleksiya-lichnosti,рефлексия личности,736,Словарь и термины,/artterapy,обзор,рефлексия личности · личностная рефлексия · развития рефлексии личности · развитие личностной рефлексии
2026-09-27,kak-izbavitsya-ot-straha-i-trevogi,как избавиться от страха и тревоги,734,Тревога и депрессия,/artterapy,что делать,как избавиться от страха и тревоги · как справиться со страхом и тревогой · страхи тревожность как справляться
2026-09-27,bulling-v-internete,буллинг в интернете,733,Отношения и близость,/artterapy,обзор,буллинг в интернете · статья за буллинг в интернете · буллинг интервью
2026-09-27,bazovoe-doverie,базовое доверие,728,Отношения и близость,/artterapy,обзор,базовое доверие · базовое доверие к миру · базовое доверие к людям · базовое доверие к жизни · базовое доверие эриксон
2026-09-27,dissotsiatsiya-natriy,диссоциация натрий,728,Словарь и термины,/artterapy,обзор,диссоциация натрий · диссоциации хлорид натрия · диссоциации фосфата натрия · фосфат натрия полная диссоциация · гидроксид натрия диссоциации · диссоциация карбоната натрия · диссоциация натрия алюминия · полная диссоциация карбоната натрия · диссоциация натрия магния · диссоциация натрия бария · диссоциация калия гидроксида натрия · диссоциация бромида натрия
2026-09-27,iony-1-obrazuyutsya-pri-dissotsiatsii,ионы 1 образуются при диссоциации,727,Словарь и термины,/artterapy,обзор,ионы 1 образуются при диссоциации · нитрат ионы образуются при диссоциации · ионы калия образуются при диссоциации · гидроксид ионы образуются при диссоциации · фосфат ионы образуются при диссоциации · ионы бария образуются при диссоциации · при диссоциации фосфата калия образуются ионы
2026-09-27,novoobrazovanie-podrostkovogo-vozrasta,новообразование подросткового возраста,727,Дети и подростки,/artterapy,обзор,новообразование подросткового возраста · новообразование подросткового возраста является · центральное новообразование подросткового возраста
2026-09-27,uchebnaya-samootsenka,учебная самооценка,723,Самооценка и личность,/artterapy,обзор,учебная самооценка · самооценка учебной деятельности · учебные действия самооценки · самооценка в учебном процессе
2026-09-27,separatsiya-v-psihologii,сепарация в психологии,720,Отношения и близость,/artterapy,обзор,сепарация в психологии · психологическая сепарация · психолог сепарация · сепарация в психологии это простыми
2026-09-27,podrostkovyy-vozrast-obschenie,подростковый возраст общение,720,Дети и подростки,/artterapy,обзор,подростковый возраст общение · подростковый возраст общение со сверстниками · развитие общения в подростковом возрасте
2026-09-27,podarok-posle-rasstavaniya,подарок после расставания,719,Отношения и близость,/artterapy,обзор,подарок после расставания · вернуть подарок после расставания · подарок парню после расставания
2026-09-27,dissotsiatsiya-sulfatov,диссоциация сульфатов,718,Словарь и термины,/artterapy,обзор,диссоциация сульфатов · диссоциация сульфата натрия · калий сульфаты диссоциации · диссоциации сульфат ион диссоциация · диссоциация сульфата алюминия · полная диссоциация сульфата натрия · сульфат натрия хлорид натрия диссоциация · сульфат калия полная диссоциация · диссоциации сульфата железа · диссоциация сульфата кальция · сульфат алюминия полная диссоциация · диссоциация сульфата бария · при полной диссоциации 1 сульфата алюминия · сульфат меди диссоциация · диссоциации сульфат железа 3 · диссоциация сульфата калия алюминия · диссоциация сульфата магния · сульфат железа два диссоциация · диссоциация сульфата железа 2 · аммоний сульфат диссоциация · сульфат меди ii диссоциация · диссоциация сульфат меди 1 · сульфат анион при диссоциации · сульфат железа ii диссоциация · полная диссоциация сульфата железа · записать диссоциацию сульфат калия · сульфат магния полная диссоциация · диссоциация сульфата железа iii · ионы при диссоциации сульфата алюминия · диссоциация сульфата меди 2 · хлорид натрия диссоциация сульфат алюминия · полная диссоциация сульфат аммония · полная диссоциация сульфата железа 2 · сульфат меди 3 диссоциация · полная диссоциация сульфата железа 3 · сульфат железа 2 натрия диссоциация · записать диссоциацию сульфат алюминия · диссоциация сульфида
2026-09-27,depressiya-otchayaniya,депрессия отчаяния,717,Тревога и депрессия,/artterapy,обзор,депрессия отчаяния · чувство отчаяния · молитва от депрессии и отчаяния · уныние отчаяние депрессия · молитвы от депрессии и уныния отчаяния · эмоциональное отчаяние
2026-09-27,kogda-zakanchivaetsya-perehodnyy-vozrast,когда заканчивается переходный возраст,714,Дети и подростки,/artterapy,обзор,когда заканчивается переходный возраст · когда пройдет переходный возраст · когда проходит переходный возраст
2026-09-27,separatsiya-ot-materi,сепарация от матери,713,Отношения и близость,/artterapy,обзор,сепарация от матери · сепарация сына от матери · сепарация дочери от матери · сепарация ребенка от матери
2026-09-27,professionalnoe-vygoranie-spetsialistov,профессиональное выгорание специалистов,713,Выгорание и работа,/coach,обзор,профессиональное выгорание специалистов · выгорание специалистов помогающих профессий · профессиональное выгорание специалистов помогающих профессий
2026-09-28,esli-zhenschina-posle-rasstavaniya,если женщина после расставания,712,Отношения и близость,/artterapy,обзор,если женщина после расставания · женщина после расставания психология · как ведет женщина после расставания · как вести женщине после расставания · женщина возвращается после расставания · женщина пишет после расставания
2026-09-28,dorki-trevozhnost,дорки тревожность,710,Тревога и депрессия,/artterapy,обзор,дорки тревожность · тревожность дорки амен · тэммл дорки тревожность · тэммл дорки амен тревожность · тревожности р тэммл м дорки · тревожность темпл дорки
2026-09-28,pravovoe-vospitanie-detey,правовое воспитание детей,709,Дети и подростки,/artterapy,обзор,правовое воспитание детей · православное воспитание детей · правое воспитание детей · правовое воспитание права детей · воспитание детей православие · вопросы правового воспитания детей
2026-09-28,rol-semi-v-vospitanii-rebenka,роль семьи в воспитании ребенка,707,Дети и подростки,/artterapy,обзор,роль семьи в воспитании ребенка · возможности семьи в воспитании ребенка · функции семьи в воспитании ребенка · какого роль семьи в воспитании ребенка
2026-09-28,separatsiya-ot-detey,сепарация от детей,705,Отношения и близость,/artterapy,обзор,сепарация от детей · период сепарации у детей · сепарация у детей до года
2026-09-28,autotrening-pri-trevozhnosti,аутотренинг при тревожности,701,Тревога и депрессия,/artterapy,обзор,аутотренинг при тревожности · аутотренинг по шульцу при тревожности · аутотренинг по шульцу при тревожности слушать
2026-09-28,privyazannost-k-drugu,привязанность к другу,688,Отношения и близость,/artterapy,обзор,привязанность к другу · привязанности людей друг к другу · привязанность к лучшему другу
2026-09-28,samootsenka-lyubov-k-sebe,самооценка любовь к себе,688,Самооценка и личность,/artterapy,обзор,самооценка любовь к себе · аффирмация самооценка и любовь к себе · любовь к себе повысить самооценку · представление о себе самооценка
2026-09-28,plohoe-nastroenie-depressiya,плохое настроение депрессия,686,Тревога и депрессия,/artterapy,обзор,плохое настроение депрессия · от депрессии для настроения · хорошее настроение депрессия · от депрессии для поднятия настроения
2026-09-28,vospitanie-detey-znachenie,воспитание детей значение,679,Дети и подростки,/artterapy,определение,воспитание детей значение · воспитание ребенка это определение · значение семьи в воспитании ребенка
2026-09-28,vneshniy-lokus-kontrolya,внешний локус контроля,677,Словарь и термины,/artterapy,обзор,внешний локус контроля · внутренний локус контроля · локус контроля ответы · локус контроля вопросы · роттер локус контроля · локус контроля в психологии · локус контроль личности · локус контроль понятие · экстернальный локус контроля · интернальный локус контроля · теории локуса контроля · локус контроля дж роттера · внешний и внутренний локус контроля · локус контроля в теории личности · кто первый использовал понятие локус контроля · тип локуса контроля · внешний локус контроля фактор · высокий локус контроля · локус контроля ответственность · теория роттера локус контроля
2026-09-28,izbegayu-otnosheniy-s-muzhchinami,избегаю отношений с мужчинами,673,Отношения и близость,/artterapy,обзор,избегаю отношений с мужчинами · отношения с мужчиной избегающего типа · отношения с избегающим типом привязанности мужчиной
2026-09-28,psiholog-kak-perezhit-rasstavanie,психолог как пережить расставание,673,Отношения и близость,/artterapy,что делать,психолог как пережить расставание · советы психологов как пережить расставание · как пережить расставание психология
2026-09-28,psihologiya-otnosheniya-lichnostey,психология отношения личностей,672,Отношения и близость,/artterapy,обзор,психология отношения личностей · психология психология человека отношения психология личности · структура личности и психология отношений · психология отношения личности и общества · психология личностных отношений
2026-09-28,dissotsiatsiya-nitratov,диссоциация нитратов,672,Словарь и термины,/artterapy,обзор,диссоциация нитратов · нитрат натрия диссоциация · нитрат калия диссоциации · полная диссоциация нитрата натрия · нитрат калия полная диссоциация · диссоциация нитрата алюминия · диссоциации нитрата кальция · нитрат кальция полная диссоциация · полная диссоциация нитрата алюминия · диссоциация нитрата железа · диссоциация нитрата магния · диссоциация нитрата меди · диссоциации нитрат бария · диссоциация нитрата меди ii · нитрат аммония диссоциация · полная диссоциация нитрата магния · полная диссоциация нитрата меди · нитрат меди 1 диссоциация · диссоциация нитрата меди два · полная диссоциация нитрата бария · нитрат железа 2 диссоциация · диссоциации нитрат железа 3 · нитрат меди 2 диссоциация · полная диссоциация нитрата меди 2 · нитрата железа iii диссоциация · нитрат меди 3 диссоциация · диссоциации нитрата железа ii · диссоциации нитрат цинка
2026-09-28,tayna-privyazannosti,тайна привязанности,668,Отношения и близость,/artterapy,обзор,тайна привязанности · тайная привязанность · тайная опора привязанность · тайна привязанности петрановская · тайная привязанность петрановская · людмила петрановская тайная опора привязанность · людмила петрановская тайная привязанность
2026-09-28,derealizatsiya-prohodit,дереализация проходит,666,Словарь и термины,/artterapy,обзор,дереализация проходит · дереализация прохождение · дереализация роблокс прохождение
2026-09-28,dissotsiatsiya-hloridov,диссоциация хлоридов,664,Словарь и термины,/artterapy,обзор,диссоциация хлоридов · диссоциации хлорид калия · хлорид железа диссоциация · диссоциация хлорид ионов · диссоциации хлорид алюминия · диссоциация хлорида кальция · хлорид железа 3 диссоциации · полная диссоциация хлорида железа · диссоциации хлорида железа 2 · хлорид железа iii диссоциация · полная диссоциация хлорида кальция · диссоциация хлорида бария · диссоциация хлорида алюминия 3 · диссоциации хлорид магния · полная диссоциация хлорида железа 3 · хлорид железа ii диссоциация · хлорид алюминия полная диссоциация · хлорид меди диссоциация · диссоциации хлорида аммония · хлорида меди ii диссоциация · полная диссоциация хлорида бария · диссоциация хлорида меди 2 · хлорид меди 3 диссоциация
2026-09-28,refleksiya-v-kontse,рефлексия в конце,663,Словарь и термины,/artterapy,обзор,рефлексия в конце · концепции рефлексии · рефлексия вопросы в конце
2026-09-28,ratsionalizatsiya-logarifmicheskih,рационализация логарифмических,663,Словарь и термины,/artterapy,обзор,рационализация логарифмических · рационализация логарифмических неравенств · рационализация логарифмов
2026-09-28,meditatsiya-ot-trevozhnosti,медитация от тревожности,660,Тревога и депрессия,/artterapy,обзор,медитация от тревожности · слушать медитацию от тревожности · медитация для снятия тревожности
2026-09-28,detskaya-psihologiya-pedagogika,детская психология педагогика,658,Дети и подростки,/artterapy,обзор,детская психология педагогика · детская педагогическая психология · педагог психолог детского дома · циклограмма педагога психолога в детском · справочник педагога психолога детский · консультация детского психолога педагога · документация педагога психолога в детском · педагог психолог в детском для родителей · педагогу психологу доу детского сада · детская психология для педагогов · педагог психолог в детском окз · центр детских педагогов психологов · тема для детского педагога психолога · занятия с детским педагогом психологом · кабинет педагога психолога в детском
2026-09-28,vygoranie-meditsinskih,выгорание медицинских,656,Выгорание и работа,/coach,обзор,выгорание медицинских · выгорание медицинских работников · синдром выгорания у медицинских
2026-09-28,bogatye-deti-v-depressii,богатые дети в депрессии,655,Тревога и депрессия,/artterapy,обзор,богатые дети в депрессии · жирные дети в депрессии · футболка дети в депрессии · жирные дети в депрессии футболка
2026-09-28,kak-pravilno-geshtalt,как правильно гештальт,654,Словарь и термины,/artterapy,обзор,как правильно гештальт · гельштат или гештальт как правильно · как правильно слово гештальт
2026-09-29,posle-rasstavaniya-hochetsya,после расставания хочется,651,Отношения и близость,/artterapy,обзор,после расставания хочется · хочет общаться после расставания · после расставания хочет вернуться
2026-09-29,samootsenka-shkolnika,самооценка школьника,650,Самооценка и личность,/artterapy,обзор,самооценка школьника · самооценка младший школьник · школьная самооценка · самооценка в младшем школьном
2026-09-29,otnosheniya-s-devushkoy-posle-rasstavaniya,отношения с девушкой после расставания,648,Отношения и близость,/artterapy,обзор,отношения с девушкой после расставания · девушка не хочет отношений после расставания · девушка хочет вернуть отношения после расставания
2026-09-29,devushka-posle-rasstavaniya-srazu,девушка после расставания сразу,646,Отношения и близость,/artterapy,обзор,девушка после расставания сразу · девушка после расставания сразу нашла · девушка после расставания сразу нашла другого
2026-09-29,samootsenka-pedagoga,самооценка педагога,646,Самооценка и личность,/artterapy,обзор,самооценка педагога · педагогическая самооценка · самооценка педагогической деятельности · самооценка деятельности педагога
2026-09-29,kak-postroit-otnosheniya-s-muzhchinoy,как построить отношения с мужчиной,645,Отношения и близость,/artterapy,обзор,как построить отношения с мужчиной · построение отношений с мужчиной · не получается построить отношения с мужчинами
2026-09-29,geshtalt-terapiya-perlz-terapii,гештальт терапия перлз терапии,645,Словарь и термины,/artterapy,обзор,гештальт терапия перлз терапии · перлз гештальт терапия книга · фредерик перлз гештальт терапия · гештальт терапия ф перлза · гештальт терапия фрица перлза
2026-09-29,vospolzovalsya-bespomoschnostyu,воспользовался беспомощностью,641,Эмоции и состояния,/artterapy,обзор,воспользовался беспомощностью · сын воспользовался беспомощностью · сын воспользовался беспомощностью мамы · русский сын воспользовался беспомощностью мамы · русский сын воспользовался беспомощностью застрявшей мамы
2026-09-29,proekt-refleksii,проект рефлексии,640,Словарь и термины,/artterapy,обзор,проект рефлексии · проектная рефлексия · рефлексия деятельности проекта · рефлексия проектные деятельности · вопросы рефлексии проекта · проектирование рефлексии · рефлексия проектной задачи · рефлексия проектная работа
2026-09-29,formirovanie-privyazannostey,формирование привязанностей,634,Отношения и близость,/artterapy,обзор,формирование привязанностей · как формируется привязанность · тип привязанности формируется · формировать привязанности
2026-09-29,katarsis-ptitsu,катарсис птицу,632,Словарь и термины,/artterapy,обзор,катарсис птицу · катарсис птицу емъ · катарсис птицу емъ текст
2026-09-29,otets-ne-uchastvuet-v-vospitanii-rebenka,отец не участвует в воспитании ребенка,630,Дети и подростки,/artterapy,обзор,отец не участвует в воспитании ребенка · отец не принимает участие в воспитании ребенка · воспитание ребенка отец и мать · отец не занимается воспитанием ребенка
2026-09-29,prichiny-velikoy-depressii,причины великой депрессии,629,Тревога и депрессия,/artterapy,причины,причины депрессии · причины великой депрессии · зачем депрессия · откуда депрессия · причины депрессии у женщин · депрессия без причины · тяжелая депрессия почему тяжелая · депрессия причина выход · причины депрессии сша · причины великой депрессии в сша · великой депрессией почему
2026-09-29,refleksiya-gruppy,рефлексия группы,627,Словарь и термины,/artterapy,обзор,рефлексия группы · групповая рефлексия · рефлексия групповой работы
2026-09-29,rasstavanie-v-matritse,расставание в матрице,626,Отношения и близость,/artterapy,обзор,расставание в матрице · расставание в матрице совместимости · аркан расставание арканы в матрице
2026-09-29,vospitanie-rebenka-s-sdvg,воспитание ребенка с сдвг,626,Дети и подростки,/artterapy,обзор,воспитание ребенка с сдвг · воспитание ребенка с сдвг 12 принципов · баркли воспитание ребенка с сдвг · воспитание ребенка с сдвг 12 принципов баркли
2026-09-29,depressiya-sostoyanie-cheloveka,депрессия состояние человека,625,Тревога и депрессия,/artterapy,обзор,депрессия состояние человека · умер человек депрессия · может ли человек с депрессией · депрессия в жизни человека · как вывести человека из депрессии · как выводить человека из депрессии · человек впал в депрессию · человек страдающий депрессией · человек во время депрессии · как человеку выйти из депрессии · человек находящийся в депрессии · человек в глубокой депрессии · депрессия помощь человеку · человек болезни депрессия · поведение человека в депрессии · как называется человек в депрессии · человек болеет депрессией
2026-09-29,rasstavanie-s-chelovekom-eto,расставание с человеком это,616,Отношения и близость,/artterapy,обзор,расставание с человеком это · расставание с молодым человеком · расставание с человеком которого любишь · сон расставание с человеком · расставании с хорошим человеком · слова человеку при расставании
2026-09-29,psihologicheskaya-refleksiya,психологическая рефлексия,613,Словарь и термины,/artterapy,обзор,психологическая рефлексия · рефлексия это в психологии · рефлексия психологов · рефлексия это в психологии простыми · социально психологической рефлексии · психологические механизмы рефлексии
2026-09-29,samootsenka-kak-povysit-psihologiya,самооценка как повысить психология,613,Самооценка и личность,/artterapy,что делать,самооценка как повысить психология · психология как полюбить себя и повысить самооценку · как повысить самооценку психология книги · психология как поднять самооценку · как повысить самооценку советы психологов
2026-09-29,buzova-geshtalt,бузова гештальт,608,Словарь и термины,/artterapy,обзор,бузова гештальт · ольга бузова гештальт · кологривый бузова гештальт
2026-09-29,narushenie-privyazannosti,нарушение привязанности,607,Отношения и близость,/artterapy,обзор,нарушение привязанности · нарушения привязанности детей · нарушая привязанности · терапия нарушений привязанности
2026-09-29,bolshe-grudi-v-podrostkovom-vozraste,больше груди в подростковом возрасте,603,Дети и подростки,/artterapy,обзор,больше груди в подростковом возрасте · боли в груди в подростковом возрасте · рост груди в подростковом возрасте
2026-09-29,stress-frustratsiya,стресс фрустрация,596,Словарь и термины,/artterapy,обзор,стресс фрустрация · аффект стресс фрустрация · эмоциональные состояния стресс фрустрации · стресс фрустрация тревога · состояние стресса и фрустрации · эмоциональный стресс и фрустрация · эмоциональные состояния стресс аффект фрустрация
2026-09-29,metody-vytesneniya,методы вытеснения,590,Словарь и термины,/artterapy,обзор,методы вытеснения · замена масла методом вытеснения · метод вытеснения воды
2026-09-30,vozvraschayutsya-li-posle-rasstavaniya,возвращаются ли после расставания,588,Отношения и близость,/artterapy,обзор,возвращаются ли после расставания · возвращение после расставания · возврат после расставания · после расставания не возвращаются
2026-09-30,posle-perehodnogo-vozrasta,после переходного возраста,588,Дети и подростки,/artterapy,обзор,после переходного возраста · переходный возраст после 40 · переходный возраст у мужчин после 40
2026-09-30,sovety-detskogo-psihologa,советы детского психолога,588,Дети и подростки,/artterapy,обзор,советы детского психолога · советы детского психолога родителям · советские детские психологи
2026-09-30,shkolnaya-trevozhnost-fillipsa,школьная тревожность филлипса,587,Тревога и депрессия,/artterapy,обзор,школьная тревожность филлипса · тревожность младших школьников · тревожность у школьников · школьная тревожность младший школьный возраст
2026-09-30,sindrom-bespomoschnosti,синдром беспомощности,587,Эмоции и состояния,/artterapy,обзор,синдром беспомощности · чувство беспомощности · психология беспомощности · беспомощность человека · ощущение беспомощности · страх беспомощности · беспомощность ребенка · слово беспомощность · теория беспомощности · состояние беспомощности · беспомощность 2012 · ситуации беспомощности · беспомощность в жизни · беспомощность перед · беспомощность синоним · беспомощность 3 · селигман беспомощность · собственная беспомощность · полное беспомощность · психологическая беспомощность · эмоциональная беспомощность · приобретенная беспомощность
2026-09-30,tsentr-detskoy-psihologii,центр детской психологии,587,Дети и подростки,/artterapy,обзор,центр детской психологии · психолог в детский центр · центр детской психологии тула · психологи детская дети центр
2026-09-30,bulling-pravilnyy,буллинг правильный,579,Отношения и близость,/artterapy,обзор,буллинг правильный · правила буллинга · булинг или буллинг как правильно · буллинг правила игры
2026-09-30,bitti-sozavisimost,битти созависимость,574,Отношения и близость,/artterapy,обзор,битти созависимость · созависимость мелоди битти · битти день за днем из созависимости · день за днем из созависимости мелоди битти · созависимость мелоди битти ежедневник
2026-09-30,kak-izbavitsya-ot-navyazchivoy-trevozhnosti,как избавиться от навязчивой тревожности,571,Тревога и депрессия,/artterapy,что делать,как избавиться от навязчивой тревожности · как избавиться от тревожности и навязчивых мыслей · как избавиться от навязчивой тревоги · как справиться с тревожностью и навязчивыми мыслями · как побороть тревожность и навязчивые мысли
2026-09-30,sulfat-obrazuetsya-pri-dissotsiatsii,сульфат образуется при диссоциации,567,Словарь и термины,/artterapy,обзор,сульфат образуется при диссоциации · образуются при диссоциации сульфата натрия · при диссоциации сульфата калия образуются · при диссоциации сульфатов образуется ион · образуются при диссоциации сульфата алюминия · сульфат ион образуется при полной диссоциации · при диссоциации натрий сульфата образуются ионы · диссоциации сульфата магния образуется · сульфат анионы образуются при диссоциации · ионов образуются при диссоциации сульфата алюминия · при полной диссоциации сульфата аммония образуется · при диссоциации сульфата железа iii образуется
2026-09-30,vospitanie-detey-bez-krikov,воспитание детей без криков,566,Дети и подростки,/artterapy,обзор,воспитание детей без криков · воспитание детей без криков угроз · воспитание детей без крика и истерик · мусихин воспитание детей без криков · мусихин воспитание детей без криков угроз · александр мусихин воспитание детей без криков · воспитание детей без матери
2026-09-30,samootsenka-sovety,самооценка советы,565,Самооценка и личность,/artterapy,обзор,самооценка советы · совет повысить самооценку · советы поднять самооценку
2026-09-30,polgoda-rasstavaniya,полгода расставания,556,Отношения и близость,/artterapy,обзор,полгода расставания · расставание через полгода · расставание спустя полгода
2026-09-30,geshtalt-tehniki,гештальт техники,556,Словарь и термины,/artterapy,упражнения,гештальт техники · гештальт практик · техники гештальт терапии · практика гештальт терапии · гештальт практикум · гештальт упражнения · практикум по гештальт терапии · гештальт теория и практика · практикум гештальт перлз · перлз практикум по гештальт терапии
2026-09-30,prodolzhat-li-otnosheniya-s-muzhchinoy,продолжать ли отношения с мужчиной,554,Отношения и близость,/artterapy,обзор,продолжать ли отношения с мужчиной · продолжение отношений с мужчинами · как продолжать отношения с мужчиной
2026-09-30,privyazannost-k-sobake,привязанность к собаке,549,Отношения и близость,/artterapy,обзор,привязанность к собаке · привязанность собаки к хозяину · видимая привязанность собаки · видимая привязанность собаки к хозяину · видимая привязанность собаки к хозяину кроссворд
2026-09-30,kak-izbavitsya-ot-stressa-i-trevogi,как избавиться от стресса и тревоги,543,Тревога и депрессия,/artterapy,что делать,как избавиться от стресса и тревоги · как справиться со стрессом и тревогой · как снизить стресс и тревожность
2026-09-30,chem-ploha-trevozhnost,чем плоха тревожность,539,Тревога и депрессия,/artterapy,обзор,чем плоха тревожность · тревожность с чем связано · тревожность о чем говорит
2026-09-30,koping-voprosy,копинг вопросы,538,Словарь и термины,/artterapy,обзор,копинг это · копинг вопросы · копинг это в психологии · копинг стресса · копинг механизм · психологический копинг · копинг карточки · эмоциональные копинги · социальный копинг · копинг совладание · выберите копинги · особенности копинга · копинг исследование · копинг защита · копинги подростков · когнитивные копинг · копинг 1 · крюкова копинг · пример копинга · адаптация и копинг · активный копинг · копинг поведение в стрессовых ситуациях · адаптивный копинг · копинг онлайн · копинг действия · диагностика копингов
2026-09-30,formuly-ratsionalizatsii,формулы рационализации,537,Словарь и термины,/artterapy,обзор,формулы рационализации · рационализация математика · механизм рационализация · рационализация решения · защита рационализация · показательная рационализация · процесс рационализации · рационализации производства · рационализация человека · рационализация профиль · простые рационализации · рационализация примеры · рационализация деятельности · рационализация 1 · отрицание рационализация · место рационализации · рационализация труда · рационализация механизм защиты · интеллектуализация рационализация · рационализация 15 · рационализация управления · проблема рационализации · рационализация чувств · рационализация работы · рационализация поведения · рационализация модулей · рационализация 15 задание
2026-09-30,myshlenie-podrostkovyy-vozrast,мышление подростковый возраст,534,Дети и подростки,/artterapy,обзор,мышление подростковый возраст · развитие мышления подростковом возрасте · какое мышление в подростковом возрасте
2026-09-30,detskiy-oblast-psiholog,детский область психолог,533,Дети и подростки,/artterapy,обзор,детский область психолог · психолог детская областная · области детской психологии
2026-09-30,nagoski-vygoranie,нагоски выгорание,532,Выгорание и работа,/coach,обзор,нагоски выгорание · эмили нагоски выгорание · амелия нагоски выгорание · выгорание книга нагоски · эмили нагоски амелия нагоски выгорание · выгорание книга эмили нагоски
2026-09-30,psihicheskoe-vygoranie,психическое выгорание,530,Выгорание и работа,/coach,обзор,психическое выгорание · синдром психического выгорания · выгорание психики
2026-09-30,stadii-depressii-otritsanie,стадии депрессии отрицание,528,Словарь и термины,/artterapy,сколько,стадии депрессии отрицание · стадии депрессии отрицание принятие · стадии отрицание торг депрессия · стадии гнев отрицание принятие депрессия смирение
2026-10-01,sotsialnaya-trevozhnost-zastenchivost,социальная тревожность застенчивость,527,Тревога и депрессия,/artterapy,обзор,социальная тревожность застенчивость · социальная тревожность книга · социальная тревожность и социофобия · либовиц социальная тревожность
2026-10-01,bessoznatelnaya-opredelenie,бессознательная определение,525,Словарь и термины,/artterapy,определение,бессознательная определение · определение бессознательного состояния · коллективное бессознательное простыми словами · определение наличия дыхания при бессознательном состоянии · бессознательное это простыми словами · значение бессознательного
2026-10-01,kak-vyyti-iz-depressii-sovety,как выйти из депрессии советы,525,Тревога и депрессия,/artterapy,что делать,как выйти из депрессии советы · как выйти из депрессии самостоятельно советы · депрессия как выйти советы психологов
2026-10-01,kognitivnaya-terapiya-depressii,когнитивная терапия депрессии,524,Тревога и депрессия,/artterapy,обзор,когнитивная терапия депрессии · терапия при депрессии · дэвид бернс терапия депрессии · поведенческая терапия депрессии · терапия депрессии книга
2026-10-01,geshtalt-genshin,гештальт геншин,522,Словарь и термины,/artterapy,обзор,гештальт геншин · башня гештальта геншин · откачайте воду из башни гештальта геншин
2026-10-01,geshtalt-chitat,гештальт читать,521,Словарь и термины,/artterapy,обзор,гештальт читать · закрыть гештальт читать · гештальт читать онлайн · закрыть гештальт читать онлайн бесплатно · закрыть гештальт шнайдер читать
2026-10-01,pishem-parnyu-rasstavaniya,пишем парню расставания,519,Отношения и близость,/artterapy,обзор,пишем парню расставания · как сказать парню о расставании · подарок на расставание парню
2026-10-01,profilaktika-bullinga-v-shkole,профилактика буллинга в школе,517,Отношения и близость,/artterapy,обзор,профилактика буллинга в школе · план по профилактике буллинга в школе · программа профилактики буллинга в школе
2026-10-01,detskaya-vozrastnaya-psihologiya,детская возрастная психология,517,Дети и подростки,/artterapy,обзор,детская возрастная психология · детская психология возраст · детский психолог возраст · детский психолог возраст детей · психология развития детских возрастов · психология развития возрастной психологии детская психология
2026-10-01,perezhivanie-rasstavaniya,переживание расставания,514,Отношения и близость,/artterapy,обзор,переживание расставания · как бывшая переживает расставание · сильно переживаю расставание · очень переживаю расставание · переживая расставания алим · алим зу переживая расставания
2026-10-01,rasslablennaya-privyazannost,расслабленная привязанность,514,Отношения и близость,/artterapy,обзор,расслабленная привязанность · расслабленный тип привязанности · расслабляющий тип привязанности · расслабленно вовлеченная привязанность · расслабленно вовлеченный тип привязанности
2026-10-01,psihicheskaya-deprivatsiya,психическая депривация,514,Словарь и термины,/artterapy,обзор,психическая депривация · депривация психического развития · психическая депривация детей
2026-10-01,metody-kakie-vospitaniya-rebenka,методы какие воспитания ребенка,514,Дети и подростки,/artterapy,обзор,методы какие воспитания ребенка · основные методы воспитания ребенка · методы индивидуального воспитания ребенка · эффективные методы воспитания ребенка
2026-10-01,trahnul-posle-rasstavaniya,трахнул после расставания,504,Отношения и близость,/artterapy,обзор,трахнул после расставания · трахнул подругу после расставания · трахнул после расставания с парнем
2026-10-01,novye-refleksii-uroka,новые рефлексии урока,504,Словарь и термины,/artterapy,обзор,новые рефлексии урока · вопросы рефлексии урока · целей урока рефлексии · рефлексия в конце урока · тип урока рефлексии · рефлексия на уроках в школе · проект рефлексия урока · рефлексия урока учителем · деятельностная цель урока рефлексии · структура урока рефлексия · рефлексия урока истории · пример рефлексии урока
2026-10-01,geshtalt-vyrazheniya,гештальт выражения,503,Словарь и термины,/artterapy,обзор,гештальт выражения · выражение гештальт закрыт · выражение закрыть гештальт
2026-10-01,izmena-posle-rasstavaniya,измена после расставания,502,Отношения и близость,/artterapy,обзор,измена после расставания · изменил после расставания · изменилась после расставания
2026-10-01,u-rebenka-isterika-chto-delat-2,у ребенка истерика что делать 2,501,Дети и подростки,/artterapy,что делать,у ребенка истерика что делать 2 · истерики у ребенка 2 года что делать · истерики у ребенка 3 что делать · истерика у ребенка 3 лет что делать · как остановить истерику у ребенка · у ребенка истерика как справляться
2026-10-01,v-v-boyko-emotsionalnoe-vygoranie,в в бойко эмоциональное выгорание,500,Выгорание и работа,/coach,обзор,в в бойко эмоциональное выгорание · диагностика эмоционального выгорания бойко · бойко синдром эмоционального выгорания
2026-10-01,pozdravlenie-s-otnoshenie-s-muzhchinoy,поздравление с отношение с мужчиной,498,Отношения и близость,/artterapy,обзор,поздравление с отношение с мужчиной · поздравление мужчине с годовщиной отношений · поздравление с отношениями своими словами мужчине
2026-10-01,katarsis-yakovleva,катарсис яковлева,498,Словарь и термины,/artterapy,обзор,катарсис яковлева · яковлева 18 катарсис · катарсис яковлева ул · ул яковлева 18 катарсис · катарсис яковлева ул 18 софийская сторона
2026-10-01,matritsa-ot-depressii,матрица от депрессии,497,Тревога и депрессия,/artterapy,обзор,матрица от депрессии · гаряев матрицы депрессия · матрица горяева депрессия · матрица гаряева от депрессии
2026-10-01,gormon-trevozhnosti,гормон тревожности,496,Тревога и депрессия,/artterapy,обзор,гормон тревожности · тревожность какие гормоны · гормональная тревожность
2026-10-01,detskiy-semeynyy-psiholog,детский семейный психолог,495,Дети и подростки,/artterapy,обзор,детский семейный психолог · детская и семейная психология · детский психолог семей · детская и семейная психология вк
2026-10-01,dissotsiatsiya-gidroksidov,диссоциация гидроксидов,493,Словарь и термины,/artterapy,обзор,диссоциация гидроксидов · диссоциации гидролиза · гидроксид ионы при диссоциации · диссоциация гидролиз солей · диссоциация барий гидроксид
2026-10-02,lichnoe-vygoranie,личное выгорание,493,Выгорание и работа,/coach,обзор,личное выгорание · выгорание личности · личностное выгорание · личностный фактор выгорания
2026-10-02,emotsionalnye-kacheli-pochemu,эмоциональные качели почему,492,Эмоции и состояния,/artterapy,причины,эмоциональные качели почему · перепады настроения причина · перепады настроения у женщин причины · эмоциональные качели зачем · резкие перепады настроения причины
2026-10-02,izbegayuschiy-tip-privyazannosti-pochemu,избегающий тип привязанности почему,489,Отношения и близость,/artterapy,причины,избегающий тип привязанности почему · причины привязанности · зачем привязанность · типы привязанности причины · тревожный тип привязанности почему · причины избегающей привязанности · избегающий тип привязанности причины
2026-10-02,ploho-ot-depressii,плохо от депрессии,480,Тревога и депрессия,/artterapy,обзор,плохо от депрессии · депрессия состояние плохое · депрессия очень плохо
2026-10-02,klassy-dissotsiatsii,классы диссоциации,477,Словарь и термины,/artterapy,обзор,классы диссоциации · диссоциация 9 класс · диссоциации химия 9 класс · диссоциация 11 класс
2026-10-02,byvshiy-muzh-posle-rasstavaniya,бывший муж после расставания,466,Отношения и близость,/artterapy,обзор,бывший муж после расставания · пишут ли бывшие после расставания · бывший после расставания нашел другую · бывший избегает после расставания · бывший парень пишет после расставания · бывший заблокировал после расставания · общаются ли бывшие после расставания · встречи с бывшим после расставания · живу с бывшим после расставания
2026-10-02,sposoby-frustratsii,способы фрустрации,463,Словарь и термины,/artterapy,упражнения,способы фрустрации · способы разрешения фрустрации · методика фрустрация · методика рисуночных фрустраций · фрустрация методика розенцвейга · методика рисуночной фрустрации розенцвейга
2026-10-02,vodopyanova-vygoranie,водопьянова выгорание,463,Выгорание и работа,/coach,обзор,водопьянова выгорание · н е водопьянова выгорание · водопьянова синдром выгорания · водопьянова н е синдром выгорания · водопьянова н синдром выгорания · водопьяновой н е синдром выгорания · синдром выгорания водопьянова старченкова
2026-10-02,samootsenka-audiokniga,самооценка аудиокнига,462,Самооценка и личность,/artterapy,обзор,самооценка аудиокнига · аудио самооценка · онлайн аудиокнига самооценка
2026-10-02,psihologicheskiy-abyuz,психологический абьюз,457,Отношения и близость,/artterapy,обзор,психологический абьюз · эмоциональный абьюз · абьюз в психологии
2026-10-02,kak-povysit-samootsenku-knigi,как повысить самооценку книги,457,Самооценка и личность,/artterapy,что делать,как повысить самооценку книги · книги как полюбить себя и повысить самооценку · как поднять самооценку книги
2026-10-02,rebenok-obekt-vospitaniya,ребенок объект воспитания,456,Дети и подростки,/artterapy,обзор,ребенок объект воспитания · ребенок является объектом воспитания · ребенок субъект и объект воспитания · ребенок объект процесса воспитания
2026-10-02,sotsialnoe-razvitie-podrostkovogo-vozrasta,социальное развитие подросткового возраста,454,Дети и подростки,/artterapy,обзор,социальное развитие подросткового возраста · подростковый возраст социальная ситуация · социальная ситуация развития в подростковом возрасте · социальные особенности подросткового возраста · социальное развитие ребенка подросткового возраста · подростковый возраст социальные условия
2026-10-02,dissotsiatsiya-alyuminiya,диссоциация алюминия,450,Словарь и термины,/artterapy,обзор,диссоциация алюминия · диссоциация фосфата алюминия · гидроксид алюминия диссоциации
2026-10-02,insayt-v-psihologii,инсайт в психологии,447,Словарь и термины,/artterapy,обзор,инсайт в психологии · психологический инсайт · инсайт психологи · инсайт психологический центр
2026-10-02,vygotskiy-detskaya-psihologiya,выготский детская психология,447,Дети и подростки,/artterapy,обзор,выготский детская психология · выготский вопросы детской психологии · л с выготский детская психология
2026-10-02,vygoranie-emili,выгорание эмили,446,Выгорание и работа,/coach,обзор,выгорание эмили · книга выгорание эмили · выгорание эмили и амелия
2026-10-02,interpretatsiya-depressii,интерпретация депрессии,440,Тревога и депрессия,/artterapy,обзор,интерпретация депрессии · интернет депрессии · депрессия интервью
2026-10-02,osoznannoe-bessoznatelnoe,осознанное бессознательное,433,Словарь и термины,/artterapy,обзор,осознанное бессознательное · осознать бессознательное · осознание бессознательного
2026-10-02,psihiki-depressiya,психики депрессия,433,Тревога и депрессия,/artterapy,обзор,психики депрессия · психическая депрессия это · психические состояния депрессия
2026-10-02,geshtalt-v-otnosheniyah,гештальт в отношениях,432,Словарь и термины,/artterapy,обзор,гештальт в отношениях · закрыли гештальт отношений · гештальт закрыт в отношениях
2026-10-02,geshtalt-perevod,гештальт перевод,430,Словарь и термины,/artterapy,обзор,гештальт перевод · гештальт перевод с немецкого · гештальт переводится как
2026-10-02,kontakt-v-geshtalt-terapii,контакт в гештальт терапии,429,Словарь и термины,/artterapy,обзор,контакт в гештальт терапии · цикл контакта в гештальт терапии · прерывание контакта в гештальт терапии
2026-10-02,psihologicheskie-zaschitnye-mehanizmy,психологические защитные механизмы,427,Словарь и термины,/artterapy,обзор,психологические защитные механизмы · защитные механизмы в психологии · фрейд психология и защитные механизмы
2026-10-02,mobbing-na-rabote,моббинг на работе,424,Отношения и близость,/artterapy,обзор,моббинг на работе · моббинг это простыми · моббинг травля · жертвы моббинга · моббинг в коллективах · профилактика моббинга · моббинг сотрудников · психологический моббинг · моббинг как противостоять · моббинг в рабочих коллективах · как противостоять моббингу в коллективе · как противостоять моббингу в рабочих коллективах
2026-10-03,psihologiya-otnosheniy-slushat,психология отношений слушать,423,Отношения и близость,/artterapy,обзор,психология отношений слушать · психология отношений слушать онлайн · психология отношений слушать бесплатно
2026-10-03,stoit-li-prodolzhat-otnosheniya-s-muzhchinoy,стоит ли продолжать отношения с мужчиной,421,Отношения и близость,/artterapy,можно ли,стоит ли продолжать отношения с мужчиной · стоит ли строить отношения с мужчиной · стоит ли начинать отношения с мужчиной · стоит ли заводить отношения с мужчиной
2026-10-03,tuz-zhezlov-otnosheniya-s-muzhchinoy,туз жезлов отношения с мужчиной,417,Отношения и близость,/artterapy,обзор,туз жезлов отношения с мужчиной · туз кубков отношения с мужчиной · туз пентаклей на отношения с мужчиной
2026-10-03,prichinit-obidu,причинить обиду,416,Отношения и близость,/artterapy,причины,причина обиды · причинить обиду · причина смерти обида · обид асомов причина · причины смерти обида асомова · обид асомов биография причина · обид асомов биография причина смерти · обида чувство почему · причины обиды людей
2026-10-03,dissotsiatsiya-kaltsiya,диссоциация кальция,415,Словарь и термины,/artterapy,обзор,диссоциация кальция · диссоциации гидроксид кальция · диссоциации карбоната кальция · полная диссоциация гидроксида кальция · бромид кальция диссоциация
2026-10-03,vlyubilsya-posle-rasstavaniya,влюбился после расставания,412,Отношения и близость,/artterapy,обзор,влюбился после расставания · пепел подруга детства после расставания влюбилась · как влюбить после расставания
2026-10-03,sozavisimosti-chitat,созависимости читать,411,Отношения и близость,/artterapy,обзор,созависимости читать · созависимость читать онлайн · созависимость читать бесплатно · созависимость книга читать · созависимость читать бесплатно онлайн
2026-10-03,chuvstvo-opustoshennosti,чувство опустошенности,410,Эмоции и состояния,/artterapy,обзор,чувство опустошенности · эмоциональную опустошенность · опустошенность после · ощущение опустошенности · чувство эмоциональной опустошенности · хроническое чувство опустошенности
2026-10-03,ishemicheskaya-depressiya,ишемическая депрессия,407,Тревога и депрессия,/artterapy,обзор,ишемическая депрессия · ишемическая депрессия st · ишемия депрессия
2026-10-03,povyshena-trevozhnost-chto-delat,повышена тревожность что делать,406,Тревога и депрессия,/artterapy,что делать,повышена тревожность что делать · повышенная тревожность что делать · повышенная тревожность как избавиться
2026-10-03,bessoznatelnoe-proyavleniya,бессознательное проявления,396,Словарь и термины,/artterapy,признаки,бессознательное проявления · признаки бессознательного · признаки бессознательного состояния · нет случайных встреч есть проявление бессознательного · признаки бессознательного состояния пострадавшего
2026-10-03,depressiya-pri-beremennosti,депрессия при беременности,392,Тревога и депрессия,/artterapy,обзор,депрессия при беременности · депрессия во время беременности · депрессия у беременных
2026-10-03,klassy-elektroliticheskoy-dissotsiatsii,классы электролитической диссоциации,391,Словарь и термины,/artterapy,обзор,классы электролитической диссоциации · электролитическая диссоциация 9 класс · электролитическая диссоциация 11 класс · химия 9 класс электролитическая диссоциация · электролитическая диссоциация 11 класс химия урок
2026-10-03,kak-podderzhat-posle-rasstavaniya,как поддержать после расставания,387,Отношения и близость,/artterapy,для близких,как поддержать после расставания · как поддержать подругу при расставании · как поддержать парня при расставании · как поддержать человека при расставании · как поддержать подругу при расставании с парнем · если мужчина любит расставание · как поддержать подругу после расставания · как общаться с бывшим после расставания · как поддержать человека после расставания
2026-10-03,vospitanie-detey-tvorchestvom,воспитание детей творчеством,385,Дети и подростки,/artterapy,обзор,воспитание детей творчеством · творческое развитие и воспитание детей · творческая деятельность воспитание детей
2026-10-03,vygoranie-chitat,выгорание читать,384,Выгорание и работа,/coach,обзор,выгорание читать · выгорание читать онлайн · выгорание читать бесплатно · книга выгорание читать · выгорание читать онлайн бесплатно
2026-10-03,otnosheniya-s-manipulyatorom-muzhchinoy,отношения с манипулятором мужчиной,378,Отношения и близость,/artterapy,обзор,отношения с манипулятором мужчиной · манипуляции в отношениях с мужчиной · женские манипуляции в отношениях с мужчиной
2026-10-03,rabota-s-trevozhnostyu-rebenka,работа с тревожностью ребенка,376,Тревога и депрессия,/artterapy,обзор,работа с тревожностью ребенка · тревожность ребенка в школе · тревожность ребенка рекомендации
2026-10-03,mobbing-stadii,моббинг стадии,372,Отношения и близость,/artterapy,сколько,моббинг стадии · стадии развития моббинга · моббинг виды моббинга · количество стадии моббинга · количество стадий развития моббинга
2026-10-03,valentina-sozavisimost,валентина созависимость,371,Отношения и близость,/artterapy,обзор,валентина созависимость · валентин москаленко созависимость · валентина москаленко созависимость
2026-10-03,ratsionalizatsiya-v-psihologii,рационализация в психологии,369,Словарь и термины,/artterapy,обзор,рационализация в психологии · психологическая рационализация · психологическая защита рационализация · рационализация механизм психологической
2026-10-03,plenum-vospitanie-detey,пленум воспитание детей,366,Дети и подростки,/artterapy,обзор,пленум воспитание детей · пленум верховного суда воспитание детей · пленум 10 о воспитании детей
2026-10-03,bessoznatelnoe-sostoyanie-transportirovka,бессознательное состояние транспортировка,364,Словарь и термины,/artterapy,обзор,бессознательное состояние транспортировка · транспортировка в бессознательном состоянии каким образом · транспортировка в бессознательном состоянии осуществляется
2026-10-03,spetsifika-vospitaniya-detey,специфика воспитания детей,363,Дети и подростки,/artterapy,обзор,специфика воспитания детей · специфическое воспитание детей · специалист по воспитанию детей
2026-10-03,pri-dissotsiatsii-nitrata-natriya-obrazuetsya,при диссоциации нитрата натрия образуется,362,Словарь и термины,/artterapy,обзор,при диссоциации нитрата натрия образуется · при диссоциации нитрата кальция образуется · при диссоциации нитрата алюминия образуется · нитрат анион образуется при диссоциации · при диссоциации нитрата магния образуется · ионов образуются при диссоциации нитрата натрия · при диссоциации нитрата алюминия образуется ионов · при диссоциации нитрата железа iii образуются
2026-10-04,detskaya-psihologiya-otvety,детская психология ответы,361,Дети и подростки,/artterapy,обзор,детская психология ответы · ответы детских психологов · вопрос ответ детскому психологу · детская психология вопросы и ответы
2026-10-04,emotsionalnaya-impulsivnost,эмоциональная импульсивность,359,Эмоции и состояния,/artterapy,обзор,эмоциональная импульсивность · импульсивность поведения · импульсивность это простыми · импульсивность у детей · импульсивность агрессия · низкая импульсивность · импульсивность расстройство · импульсивность личности · склонность к импульсивности · гиперактивность импульсивность · импульсивность 1 · повышенная импульсивность · импульсивность действий · эмоциональность импульсивность · импульсивность темперамент · социальная импульсивность · импульсивность барратта · контроль импульсивности
2026-10-04,vospitanie-detey-v-razvode,воспитание детей в разводе,356,Дети и подростки,/artterapy,обзор,воспитание детей в разводе · воспитание детей после развода · воспитание детей в разводе отец
2026-10-04,ignor-posle-rasstavaniya,игнор после расставания,354,Отношения и близость,/artterapy,обзор,игнор после расставания · игнорировать после расставания · после расставания игнорит
2026-10-04,agressor-bullinga,агрессор буллинга,354,Отношения и близость,/artterapy,обзор,агрессор буллинга · агрессия буллинг · агрессивный буллинг
2026-10-04,psihika-podrostkovogo-vozrasta,психика подросткового возраста,353,Дети и подростки,/artterapy,обзор,психика подросткового возраста · психическое развитие подросткового возраста · психические расстройства подросткового возраста
2026-10-04,dissotsiatsiya-fosfata,диссоциация фосфата,352,Словарь и термины,/artterapy,обзор,диссоциация фосфата · фосфат кальция диссоциация · фосфат аммония диссоциация · диссоциация фосфата бария · диссоциация фосфата меди
2026-10-04,tebe-naverno-kazhetsya-chto-nashe-rasstavanie,тебе наверно кажется что наше расставание,349,Отношения и близость,/artterapy,обзор,тебе наверно кажется что наше расставание · скучаю по тебе расставание · я тосковал по тебе в минуты расставания
2026-10-04,glitsin-pomogaet-ot-trevozhnosti,глицин помогает от тревожности,341,Тревога и депрессия,/artterapy,обзор,глицин помогает от тревожности · помогает ли глицин от тревожности · валерьянка помогает от тревожности · помогает ли валерьянка от тревожности
2026-10-04,obestsenivanie-v-psihologii,обесценивание в психологии,339,Эмоции и состояния,/artterapy,обзор,обесценивание в психологии · психологическое обесценивание · психолог обесценивание · обесценивание психологическая защита
2026-10-04,lyublyu-parnya-posle-rasstavaniya,люблю парня после расставания,336,Отношения и близость,/artterapy,обзор,люблю парня после расставания · после расставания с парнем утешить парня · чувства парня после расставания · поддержать парня после расставания · письмо парня после расставания · фото парня после расставания · хочу вернуть парня после расставания
2026-10-04,dissotsiatsiya-karbonata,диссоциация карбоната,336,Словарь и термины,/artterapy,обзор,диссоциация карбоната · диссоциация карбоната магния · карбонат бария диссоциация · диссоциация карбоната аммония · карбонат аммония полная диссоциация
2026-10-04,kak-povysit-samootsenku-podrostku,как повысить самооценку подростку,332,Самооценка и личность,/artterapy,что делать,как повысить самооценку подростку · как поднять самооценку подростку · как поднять самооценку подростку девочке
2026-10-04,novikova-sozavisimost,новикова созависимость,330,Отношения и близость,/artterapy,обзор,новикова созависимость · валентина новикова созависимость · созависимость валентины новиковой · валентин новиков созависимость · лекции новиковой созависимость · новикова лекция созависимость · лекция валентины новиковой созависимость · валентина новикова лекции по созависимости · новикова зависимость и созависимость
2026-10-04,podrostkovaya-trevozhnost,подростковая тревожность,329,Тревога и депрессия,/artterapy,обзор,подростковая тревожность · снятие тревожности подростка · тревожность подростков особенности
2026-10-04,professionalnoe-vygoranie-psihologov,профессиональное выгорание психологов,327,Выгорание и работа,/coach,обзор,профессиональное выгорание психологов · психологическое и профессиональное выгорание · синдром психологического профессионального выгорания
2026-10-04,psihologiya-obschestvennyh-otnosheniy,психология общественных отношений,321,Отношения и близость,/artterapy,обзор,психология общественных отношений · психология отношений в обществе · отношения человек общество психология
2026-10-04,dva-mol-ionov-obrazuyutsya-pri-dissotsiatsii,два моль ионов образуются при диссоциации,312,Словарь и термины,/artterapy,обзор,два моль ионов образуются при диссоциации · какое количество ионов образуется при диссоциации · число ионов образующихся при диссоциации
2026-10-04,priznaki-vysokoy-empatii,признаки высокой эмпатии,302,Отношения и близость,/artterapy,признаки,признаки эмпатии · признаки высокой эмпатии · признаки эмпатии у человека · признаки высокого уровня эмпатии у человека · признаки отсутствия эмпатии
2026-10-04,elkonin-detskaya-psihologiya,эльконин детская психология,302,Дети и подростки,/artterapy,обзор,эльконин детская психология · детская психология эльконин д · эльконин д б детская психология
2026-10-04,ne-hochu-est-posle-rasstavaniya,не хочу есть после расставания,300,Отношения и близость,/artterapy,обзор,не хочу есть после расставания · есть ли шанс после расставания · есть ли после расставания с парнем
2026-10-04,metodiki-kopinga,методики копинга,299,Словарь и термины,/artterapy,упражнения,методики копинга · способ копинга · методика копинг стратегий
2026-10-04,massovaya-skorost-vygoraniya,массовая скорость выгорания,299,Выгорание и работа,/coach,обзор,скорость выгорания это · массовая скорость выгорания · удельная скорость выгорания · удельная массовая скорость выгорания
2026-10-04,konflikt-samootsenki,конфликт самооценки,296,Самооценка и личность,/artterapy,обзор,конфликт самооценки · конфликтная самооценка · тип самооценки конфликтный
2026-10-04,priznaki-abyuza-v-otnosheniyah,признаки абьюза в отношениях,295,Отношения и близость,/artterapy,признаки,признаки абьюза · признаки абьюза в отношениях · признаки женского абьюза · женский абьюз в отношениях признаки · признаки абьюза со стороны · признаки мужчины абьюза
2026-10-05,posle-rasstavaniya-pozdravil,после расставания поздравил,293,Отношения и близость,/artterapy,обзор,после расставания поздравил · поздравила с днем рождения после расставания · поздравлять ли после расставания
2026-10-05,psihologiya-roditelskih-otnosheniy,психология родительских отношений,290,Отношения и близость,/artterapy,обзор,психология родительских отношений · психология отношений дети родители · детско родительские отношения в психологии · психология отношений с родителями
2026-10-05,kak-povysit-samootsenku-rebenku,как повысить самооценку ребенку,288,Дети и подростки,/artterapy,что делать,как повысить самооценку ребенку · как поднять самооценку ребенку · как повысить самооценку и уверенность ребенку
2026-10-05,zaschity-vytesnenie,защиты вытеснение,287,Словарь и термины,/artterapy,обзор,защиты вытеснение · вытеснение защитной · психологическая защита вытеснение · механизмы защиты вытеснение
2026-10-05,kak-perestat-est-ot-skuki,как перестать есть от скуки,286,Эмоции и состояния,/artterapy,что делать,как перестать есть от скуки · как избавиться от скуки · как справиться со скукой
2026-10-05,koroleva-v-otnoshenii-s-muzhchinami,королева в отношении с мужчинами,285,Отношения и близость,/artterapy,обзор,королева в отношении с мужчинами · король кубков на отношения с мужчиной · королева пентаклей на отношения с мужчиной · король мечей на отношения с мужчиной · королева жезлов на отношения с мужчиной · королева кубков на отношения с мужчиной
2026-10-05,pri-dissotsiatsii-hlorida-natriya-obrazuyutsya,при диссоциации хлорида натрия образуются,283,Словарь и термины,/artterapy,обзор,при диссоциации хлорида натрия образуются · при диссоциации фосфата натрия образуется · при диссоциации гидроксида натрия образуется
2026-10-05,fosfat-kaliya-dissotsiatsiya,фосфат калия диссоциация,278,Словарь и термины,/artterapy,обзор,фосфат калия диссоциация · полная диссоциация фосфата калия · диссоциации карбонат калия · диссоциации гидроксида калия · карбонат калия полная диссоциация · гидроксид калия 3 диссоциация · диссоциация бромида калия
2026-10-05,priznaki-zhertvy-bullinga,признаки жертвы буллинга,276,Отношения и близость,/artterapy,признаки,признаки буллинга · признаки жертвы буллинга · буллинг проявления · признаки буллинга в школе
2026-10-05,empatiya-sposobnost-k-emotsionalnomu,эмпатия способность к эмоциональному,274,Отношения и близость,/artterapy,упражнения,эмпатия способность к эмоциональному · упражнение эмпатия · чувство эмпатии это способность
2026-10-05,kolichestvo-ionov-pri-dissotsiatsii,количество ионов при диссоциации,269,Словарь и термины,/artterapy,обзор,количество ионов при диссоциации · диссоциация ионов в воде · число ионов при диссоциации
2026-10-05,sozavisimost-zaytseva,созависимость зайцева,263,Отношения и близость,/artterapy,обзор,созависимость зайцева · зайцев созависимость · зайцев созависимость умение · зайцев созависимость любить · зайцев созависимость умение любить · зайцева созависимость умение любить
2026-10-05,intellektualnye-refleksii,интеллектуальные рефлексии,263,Словарь и термины,/artterapy,обзор,интеллектуальные рефлексии · рефлексия интеллекта · развитие интеллектуальной рефлексии
2026-10-05,pri-dissotsiatsii-hlorida-kaliya-obrazuetsya,при диссоциации хлорида калия образуется,260,Словарь и термины,/artterapy,обзор,при диссоциации хлорида калия образуется · хлорид ион образуется при диссоциации · диссоциации хлорида алюминия образуются · при диссоциации хлорида кальция образуется · хлорид анион образуется при диссоциации · при диссоциации хлорида магния образуется · при диссоциации хлорида калия образуется ионов
2026-10-05,zadachi-vospitaniya-rebenka-v-dou,задачи воспитания ребенка в доу,260,Дети и подростки,/artterapy,обзор,задачи воспитания ребенка в доу · воспитание и развитие ребенка в доу · цель воспитания ребенка в доу
2026-10-05,depressiya-na-samom-dele,депрессия на самом деле,259,Тревога и депрессия,/artterapy,обзор,депрессия на самом деле · как самому выйти из депрессии · как самому выйти из депрессии самые
2026-10-05,razvitie-rebenka-v-podrostkovom-vozraste,развитие ребенка в подростковом возрасте,259,Дети и подростки,/artterapy,обзор,развитие ребенка в подростковом возрасте · воспитание ребенка подросткового возраста · ребенок от рождения до подросткового возраста
2026-10-05,manipulyatsiya-rasstavaniem,манипуляция расставанием,258,Отношения и близость,/artterapy,обзор,манипуляция расставанием · манипулировать расставанием · манипулятор расставание
2026-10-05,kak-povysit-samootsenku-cheloveku,как повысить самооценку человеку,255,Самооценка и личность,/artterapy,что делать,как повысить самооценку человеку · как поднять человеку самооценку · как повысить самооценку другому человеку
2026-10-05,nartsissizm-dissotsiatsiya,нарциссизм диссоциация,254,Словарь и термины,/artterapy,обзор,нарциссизм диссоциация · нарциссизм диссоциация истерия · нарциссизм диссоциация истерия зависимость
2026-10-05,pri-dissotsiatsii-fosfata-kaliya-obrazuyutsya,при диссоциации фосфата калия образуются,250,Словарь и термины,/artterapy,обзор,при диссоциации фосфата калия образуются · при диссоциации карбоната калия образуются · при диссоциации гидроксида калия образуются · при диссоциации фосфата калия образуются катионы · при диссоциации фосфата калия образуется анион
2026-10-05,kak-snizit-trevozhnost-u-vzroslogo,как снизить тревожность у взрослого,250,Тревога и депрессия,/artterapy,что делать,как снизить тревожность у взрослого · как снять тревожность у взрослых · как снять тревожность и напряжение у взрослых · как снять тревожность у взрослых быстро
2026-10-05,podrostkovaya-separatsiya,подростковая сепарация,250,Отношения и близость,/artterapy,обзор,подростковая сепарация · норма сепарации подростков · сепарация у подростков
2026-10-05,geshtalt-detstva,гештальт детства,247,Словарь и термины,/artterapy,обзор,гештальт детства · гештальт детства закрыт · закрываю гештальты из детства
2026-10-05,rigidnost-simptom,ригидность симптом,241,Словарь и термины,/artterapy,признаки,ригидность симптом · ригидность мышц симптомы · признаки ригидности
2026-10-06,kak-zabyt-devushku-posle-rasstavaniya,как забыть девушку после расставания,239,Отношения и близость,/artterapy,обзор,как забыть девушку после расставания · как забыть любимую девушку после расставания · как забыть бывшую девушку после расставания
2026-10-06,golovachev-katarsis,головачев катарсис,238,Словарь и термины,/artterapy,обзор,головачев катарсис · катарсис головачева · василий головачев катарсис
2026-10-06,ratsionalizatsiya-rabochih,рационализация рабочих,237,Словарь и термины,/artterapy,обзор,рационализация рабочих · рационализации рабочих мест · система рационализации рабочего места
2026-10-06,psihologicheskoe-vytesnenie,психологическое вытеснение,233,Словарь и термины,/artterapy,обзор,психологическое вытеснение · вытеснение в психологии · психологический механизм вытеснения
2026-10-06,detskiy-predmet-psihologiya,детский предмет психология,233,Дети и подростки,/artterapy,обзор,детский предмет психология · предмет детской психологии является · детский психолог предметы
2026-10-06,poslerodovaya-depressiya-chto-delat,послеродовая депрессия что делать,231,Тревога и депрессия,/artterapy,что делать,послеродовая депрессия что делать · как справиться с послеродовой депрессией · как избавиться от послеродовой депрессии · послеродовая депрессия как помочь
2026-10-06,elektroliticheskuyu-dissotsiatsiyu-kislot,электролитическую диссоциацию кислот,226,Словарь и термины,/artterapy,обзор,электролитическую диссоциацию кислот · электролитическая диссоциация кислот оснований · электролитическая диссоциация кислот солей
2026-10-06,cherty-nizkoy-samootsenki,черты низкой самооценки,225,Самооценка и личность,/artterapy,обзор,черты низкой самооценки · проблема низкой самооценки · работа с низкой самооценкой
2026-10-06,kak-ponyat-chto-nachalsya-perehodnyy-vozrast,как понять что начался переходный возраст,223,Дети и подростки,/artterapy,как понять,как понять что начался переходный возраст · как понять что у тебя переходный возраст · как понять что у девочки переходный возраст
2026-10-06,detskiy-psiholog-vladivostok,детский психолог владивосток,219,Дети и подростки,/artterapy,обзор,детский психолог владивосток · детский психолог во владимире · детский психолог владикавказ
2026-10-06,poznavatelnoy-refleksii,познавательной рефлексии,217,Словарь и термины,/artterapy,обзор,познавательной рефлексии · рефлексия и познание · рефлексии познавательной деятельности
2026-10-06,rasstavanie-borodiny,расставание бородины,217,Отношения и близость,/artterapy,обзор,расставание бородины · расставание бородиной · расставание бородина и терехин
2026-10-06,yarost-prichina,ярость причина,214,Эмоции и состояния,/artterapy,причины,причины злости · причины гнева · ярость причина · злость без причины
2026-10-06,silnye-elektrolity-dissotsiatsiya,сильные электролиты диссоциация,213,Словарь и термины,/artterapy,обзор,сильные электролиты диссоциация · сильные слабые электролиты диссоциация · электролитическая диссоциация сильные электролиты
2026-10-06,osobennosti-podrostkovogo-vozrasta-otvet,особенности подросткового возраста ответ,212,Дети и подростки,/artterapy,обзор,особенности подросткового возраста ответ · подростковый возраст ответ 1 · подростковый возраст ответ 2
2026-10-06,detskaya-podrostkovaya-psihologiya,детская подростковая психология,212,Дети и подростки,/artterapy,обзор,детская подростковая психология · детский и подростковый психолог · детский психолог для подростка · детская психология подростки
2026-10-06,effekt-rasstavaniya,эффект расставания,211,Отношения и близость,/artterapy,обзор,эффект расставания · эффект щелчка при расставании · эффект щелчка пальцем при расставании
2026-10-06,lebedeva-geshtalt,лебедева гештальт,211,Словарь и термины,/artterapy,обзор,лебедева гештальт · лебедева путешествие в гештальт · гештальт лебедева иванова
2026-10-06,cmas-trevozhnosti-dlya-detey,cmas тревожности для детей,209,Тревога и депрессия,/artterapy,обзор,cmas тревожности для детей · тревожность детей и подростков · тревожность детей с рас · коррекция тревожности детей · проблема тревожности детей · тревожность игры для детей · тревожность детей с зпр · тревожность детей овз
2026-10-06,emotsionalnoe-razocharovanie,эмоциональное разочарование,205,Эмоции и состояния,/artterapy,обзор,эмоциональное разочарование · разочарование психология · самое чувство разочарование
2026-10-06,povedencheskoe-vygoranie,поведенческое выгорание,204,Выгорание и работа,/coach,обзор,поведенческое выгорание · поведение выгорания · когнитивно поведенческая терапия выгорания
2026-10-06,otvergayuschaya-izbegayuschaya-privyazannost,отвергающая избегающая привязанность,203,Отношения и близость,/artterapy,обзор,отвергающая избегающая привязанность · избегающий отвергающий тип привязанности · избегающе отвергающая привязанность · избегающе отвергающий тип привязанности · избегающие отвергаю избегающе отвергающий тип привязанности
2026-10-06,bulling-deviantnoe-povedenie,буллинг девиантное поведение,203,Отношения и близость,/artterapy,обзор,буллинг девиантное поведение · буллинг деструктивное поведение · буллинг и суицидальное поведение
2026-10-06,ellis-samootsenka,эллис самооценка,200,Самооценка и личность,/artterapy,обзор,эллис самооценка · вредная самооценка эллис · альберт эллис самооценка · альберт эллис вредная самооценка
2026-10-06,bessoznatelnoe-eto-v-psihologii,бессознательное это в психологии,200,Словарь и термины,/artterapy,обзор,бессознательное это в психологии · книга психология бессознательного · бессознательное как предмет психологии · бессознательное поведение в психологии · бессознательные психологические механизмы · психология бессознательные процессы
2026-10-07,zakryt-geshtalt-skolko,закрыть гештальт сколько,194,Словарь и термины,/artterapy,сколько,виды гештальта · закрыть гештальт сколько · гештальт сколько серий · закрыт гештальт сколько серий · закрыть гештальт сколько серий · типы гештальтов · виды гештальт терапии · этапы гештальта
2026-10-07,katastrofizatsiya-myshleniya,катастрофизация мышления,192,Словарь и термины,/artterapy,обзор,катастрофизация мышления · катастрофизация в психологии · искажение катастрофизация
2026-10-07,kak-deti-perezhivayut-razvod-roditeley,как дети переживают развод родителей,189,Отношения и близость,/artterapy,обзор,как дети переживают развод родителей · как мужчине пережить развод с женой · развод в 40 как пережили · как люди переживают развод · как легче пережить развод
2026-10-07,separatsiya-kak-perezhit,сепарация как пережить,184,Отношения и близость,/artterapy,что делать,сепарация как пережить · сепарация как перестать · сепарация как перестать зависеть · сепарация как перестать зависеть от других · сепарация как перестать зависеть от других людей · сепарация что делать
2026-10-07,obestsenivanie-negativizm,обесценивание негативизм,181,Эмоции и состояния,/artterapy,обзор,обесценивание негативизм · негативизм обесценивание строптивость · негативизм упрямство обесценивание протест бунт · упрямство негативизм протест бунт своеволие обесценивание
2026-10-07,yanvar-perehodnyy-vozrast,январь переходный возраст,179,Дети и подростки,/artterapy,обзор,январь переходный возраст · переходной возраст 3 январь · переходный возраст 3 январь hydy
2026-10-07,razdrazhenie-slizistoy-simptomy,раздражение слизистой симптомы,177,Эмоции и состояния,/artterapy,признаки,симптомы раздражения · раздражение слизистой симптомы
2026-10-07,kvalifikatsiya-detskogo-psihologa,квалификация детского психолога,177,Дети и подростки,/artterapy,обзор,квалификация детского психолога · психолог детский повышения квалификации · детская психология квалификация
2026-10-07,barton-psihologiya-otnosheniy,бартон психология отношений,176,Отношения и близость,/artterapy,обзор,бартон психология отношений · марк бартон психология отношений · марка психология отношений бартона
2026-10-07,vodopyanova-professionalnoe-vygoranie,водопьянова профессиональное выгорание,174,Выгорание и работа,/coach,обзор,водопьянова профессиональное выгорание · профессиональное выгорание водопьяновой · профессиональное выгорание н е водопьяновой
2026-10-07,slova-parnyu-posle-rasstavaniya,слова парню после расставания,170,Отношения и близость,/artterapy,обзор,слова парню после расставания · вопросы парню после расставания · парню хорошо после расставания
2026-10-07,perehodnyy-pensionnyy-vozrast,переходный пенсионный возраст,156,Дети и подростки,/artterapy,обзор,переходный пенсионный возраст · переходный период пенсионного возраста · переходный возраст пенсия
2026-10-07,detskaya-psihologiya-smirnovoy,детская психология смирновой,148,Дети и подростки,/artterapy,обзор,детская психология смирновой · смирнова детская психология · детский психолог смирнова
2026-10-07,detskiy-psiholog-medvedeva,детский психолог медведева,147,Дети и подростки,/artterapy,обзор,детский психолог медведева · психолог детский медведево · ирина медведева детский психолог
2026-10-07,isterika-u-rebenka-1-mesyats,истерика у ребенка 1 месяц,137,Дети и подростки,/artterapy,обзор,истерика у ребенка 1 месяц · истерика у ребенка 2 месяца · истерика у ребенка 5 месяцев · истерики у ребенка 8 месяцев
2026-10-07,spetsialnost-detskaya-psihologiya,специальность детская психология,134,Дети и подростки,/artterapy,обзор,специальность детская психология · специальная детская психология · специальный детский психолог · специальность детский психолог
2026-10-07,revnost-byvshego-prichiny,ревность бывшего причины,114,Отношения и близость,/artterapy,причины,причины ревности · ревность бывшего причины · ревность без причин
2026-10-07,refleksiya-pravilo,рефлексия правило,106,Словарь и термины,/artterapy,обзор,рефлексия правило · как правильно говорить рефлексия · как правильно обсуждать поступки при рефлексии
