дата,slug,тема,частота,блок,cta,тип_вопроса,ключи
2026-09-09,vospitanie-rebenka,воспитание ребенка,177728,Дети и подростки,/artterapy,обзор,воспитание ребенка · процесс воспитания ребенка · воспитание ребенка является · условия воспитания ребенка · вопросы воспитания ребенка · социальное воспитание ребенка · целью воспитания ребенка является · воспитание ребенка 1 · результат воспитания ребенка · воспитание и формирование ребенка · основной целью воспитания ребенка является · воспитание ребенка 2 · воспитание ребенка человеком · воспитание ребенка рф · вид воспитания ребенка · секреты воспитания ребенка · развитие воспитания образования ребенка · основа воспитания ребенка · воспитание добра в детях · создание условий для воспитания ребенка · воспитание ребенка отцом · направления развития и воспитания ребенка · роль воспитании ребенка · содержание воспитания ребенка · воспитание ребенка взрослыми · воспитание ребенка без · культура воспитания ребенка · совместное воспитание ребенка · воспитание ребенка 7 · воспитание ребенка матерью · включи воспитание ребенка · воспитание ребенка 6 · воспитание ребенка поведение · среда воспитания ребенка · развивающее воспитание ребенка · участвовать в воспитании ребенка · средства воспитания ребенка · участие в воспитании ребенка · воспитание ребенка 2 3 · общество в воспитании ребенка
2026-09-09,posle-rasstavaniya,после расставания,105594,Отношения и близость,/artterapy,обзор,после расставания · парни после расставания · люди после расставания · время после расставания · после долго расставания · став после расставания · стоит после расставания · жена после расставания · нарцисс после расставания · мужу после расставания · общаться после расставания · чувство после расставания · утешил после расставания · могут ли после расставания · сошлись после расставания · хорошо после расставания · избегающий после расставания · как ведут себя после расставания · как вести себя после расставания · молитва после расставания · помириться после расставания · инициатива после расставания · боль после расставания · как после расставания перестать · видео после расставания · советы после расставания · плохо после расставания · после расставания остались · сделать после расставания · после расставания будет другая · ребенок после расставания · после расставания звонит · фото после расставания · расставание после абьюзером · после расставания онлайн · тяжело после расставания · вопросы после расставания · появиться после расставания · слова после расставание · даже после расставания
2026-09-09,perehodnyy-vozrast,переходный возраст,98000,Дети и подростки,/artterapy,обзор,переходный возраст · орел переходной возраст · переходный возраст сергей · переходный возраст лет · переходной возраст онлайн · концерт переходный возраст · переходный возраст бесплатно · переходный возраст онлайн бесплатно · переходный возраст 2026 · переходный возраст в хорошем качестве · переходный возраст бесплатно в хорошем качестве · переходный возраст у детей · есть ли переходный возраст · переходный возраст у подростков · переходный возраст 1968 · периоды переходного возраста · лицо переходного возраста · переходный возраст длится · время переходного возраста · мужской переходный возраст · женский переходный возраст · мужское женское переходный возраст · переходный возраст 12 · видео переходный возраст · переходный возраст 13 лет · переходный возраст 14 · переходный возраст 1981 · переходный возраст у мужчин · переходный возраст спектакль · переходный возраст 2 · переходный возраст начало · переходный возраст гспд · переходный возраст 1 · переходный возраст у парней · переходный возраст без цензуры · переходный возраст у девушек · переходный возраст в 13 · переходный возраст 4 · переходный возраст у собак · gspd переходный возраст
2026-09-09,psihologicheskiy-rebenok,психологический ребенок,46047,Дети и подростки,/artterapy,обзор,психологический ребенок · эмоциональный ребенок · вопросы ребенку психолог · диагностика ребенка психолог · психолог ребенку 4 лет · помощь психолога ребенку · рекомендации психолога ребенку · психолог помогает ребенку · психолог ребенку 7 лет · центр ребенка психолог · воспитание ребенка психолог · психолог онлайн для ребенка · согласия на работу с психологом ребенка · индивидуальный план работы психолога с ребенком · результат работы психолога с ребенком · отчет психолога о работе с ребенком · задачи психолога в работе с ребенком
2026-09-09,zakroy-geshtalt,закрой гештальт,37977,Словарь и термины,/artterapy,обзор,закрой гештальт · закроем гештальт что это значит · закроем гештальт что это простыми · закрой гештальт видео
2026-09-09,u-detey-bez-simptomov,у детей без симптомов,34887,Дети и подростки,/artterapy,признаки,признаки ребенка · у детей без симптомов · признаки воспитания детей
2026-09-09,izbegayuschaya-privyazannost,избегающая привязанность,33389,Отношения и близость,/artterapy,обзор,избегающая привязанность · избегающий тип привязанности · мужчина избегает привязанности · люди избегающие привязанности · избегающий тип привязанности у мужчин · избегающая привязанность женщины · избегающий тип привязанности у женщин · избегающий тип привязанности просто · слова избегающего типа привязанности · как ведет себя избегающий тип привязанности · надежно избегающая привязанность · надежно избегающий тип привязанности · книга избегающая привязанность · избегающий тип привязанности после расставания · избегающая привязанность у девушки · избегающий тип привязанности у девушки · парень избегает привязанности · влюбить избегающий тип привязанности · избегающий тип привязанности вернуть · избегающий тип привязанности описание · избегающая привязанность ребенка · избегающий тип привязанности форум · избегающий вид привязанности · избегающий тип привязанности вернется · психотерапия избегающей привязанности · избегающий тип привязанности и другие · любовь избегающей привязанности · избегающее чувство привязанности · избегающий тип привязанности что чувствует · избегание привязанности
2026-09-09,sereznye-otnosheniya-s-muzhchinoy,серьезные отношения с мужчиной,27351,Отношения и близость,/artterapy,обзор,серьезные отношения с мужчиной · бесплатная регистрация серьезные отношения с мужчинами · сайт для серьезные отношения с мужчиной · познакомиться с мужчиной для серьезных отношений · мужчину для серьезных отношений с фото · где познакомиться с мужчиной для серьезных отношений · хочу серьезных отношений с мужчиной · серьезные отношения с мужчиной саратов · серьезные ли отношения с мужчиной · где знакомиться с мужчинами для серьезных отношений · томск познакомиться с мужчиной для серьезных отношений · серьезный мужчина в отношении с женщинами · хочу познакомиться для серьезных отношений с мужчиной · серьезные отношения с богатыми мужчинами · ищу серьезные отношения с мужчиной · найти серьезные отношения с мужчиной · познакомиться с православным мужчиной для серьезных отношений · серьезные отношения с турецким мужчиной
2026-09-09,emotsionalnoe-vygoranie,эмоциональное выгорание,25440,Выгорание и работа,/coach,обзор,эмоциональное выгорание · синдром эмоционального выгорания · эмоциональное выгорание ответ · вопросы эмоциональное выгорание · эмоциональное истощение выгорание · хроническое эмоциональное выгорание · эмоциональное выгорание слово · эмоциональное выгорание состояние · эмоциональное выгорание на работе · эмоциональное выгорание апатия · диагностика эмоционального выгорания · эмоциональное выгорание сотрудников · эмоциональное выгорание в отношениях · факторы эмоционального выгорания · развитие эмоционального выгорания · эмоциональное выгорание это простыми · эмоциональное выгорание чувства · эмоциональное выгорание онлайн · эмоциональное выгорание специалиста · эмоциональное выгорание темы · тренинг эмоциональное выгорание · эмоциональное выгорание работников · эмоциональное и физическое выгорание · эмоциональное выгорание последствия · эмоционально 4 выгорание · эмоциональное выгорание ребенка · метод эмоционального выгорания · эмоциональное выгорание проходит · эмоции эмоциональное выгорание · эмоциональное выгорание проблема · снижение эмоционального выгорания · программа эмоционального выгорания · длительное эмоциональное выгорание · синдром эмоционального выгорания вопросы · эмоциональное выгорание родителей · депрессия эмоциональное выгорание · эмоциональное выгорание в общении · эмоциональное рабочее выгорание · развитие синдрома эмоционального выгорания · эмоциональное выгорание социальных
2026-09-09,muzhchina-v-otnosheniyah-s-zhenschinoy,мужчина в отношениях с женщиной,22625,Отношения и близость,/artterapy,обзор,мужчина в отношениях с женщиной · абьюзер мужчина в отношениях с женщиной · мужчина и женщина отношения любовь с · нарцисс мужчина в отношениях с женщиной · мужчина в отношениях с другой женщиной · женщина с ребенком мужчина отношения · мужчины не хотят отношений с женщинами · мужчина лев в отношениях с женщиной · ведомый мужчина в отношениях с женщиной · мужчины овны в отношениях с женщиной · мужчины раки в отношениях с женщинами · женщина про отношения с мужчиной · женщина строит отношения с мужчиной · отношение женщины с женатым мужчиной · отношения женщины с молодым мужчиной · женщина без отношений с мужчиной · мужчина познакомится с женщиной для отношений · женщина в отношениях общается с мужчиной · женщина разрывает отношения с мужчиной · советы отношений женщин с мужчинами · жадный мужчина в отношениях с женщиной · женщина в начале отношений с мужчиной · понимающая женщина в отношениях с мужчиной · отношения мужчины с двумя женщинами · кризисы в отношениях мужчины и женщины · мужчина манипулятор в отношениях с женщиной · отношения мужчин 8 с женщинами · отношения с женщиной старше мужчины · мужчины 50 лет отношение с женщиной · близкие отношения женщине с мужчиной · мужчина скрывает отношения с женщиной · кризисы в отношениях между мужчиной и женщиной · отношения сильного мужчины с женщиной · качество мужчины в отношениях с женщиной · потребности мужчины в отношениях с женщиной · психопаты мужчины отношения с женщинами · эмоциональная женщина в отношениях с мужчиной · отношения замужней женщины с мужчиной · отношения мужчины с несколькими женщинами · юмор отношение женщины с мужчиной
2026-09-09,trevozhnaya-privyazannost,тревожная привязанность,20078,Отношения и близость,/artterapy,обзор,тревожная привязанность · тревожный тип привязанности · тревожная привязанность в отношениях · тревожный тип привязанности в отношениях · люди с тревожной привязанностью · тревожно надежный тип привязанности · люди с тревожным типом привязанности · тревожно вовлеченная привязанность · тревожно вовлеченный тип привязанности · тревожная привязанность у женщин · тревожный тип привязанности у женщин · тревожная привязанность у мужчины · тревожный тип привязанности у мужчин · тревога привязанности · тревожно амбивалентная привязанность · тревожный тип привязанности в отношениях у женщин · тревожная привязанность книги · тревожность привязанность · девушка с тревожным типом привязанности · тревожно амбивалентный тип привязанности · тревожная и надежная привязанность · тревожный тип привязанности книги · тревожная привязанность ребенка · тревожная привязанность как проработать · как проработать тревожный тип привязанности · тревожная привязанность в отношениях у мужчин · как ведет себя тревожный тип привязанности · тревожный тип привязанности как вести себя · тревожный тип привязанности в отношениях у мужчины · тревожно дезорганизованная привязанность · партнер с тревожной привязанностью · расслабленно тревожная привязанность · расслабленно тревожный тип привязанности · тревожный вид привязанности · тревожно дезорганизованный тип привязанности
2026-09-09,muzhchina-posle-rasstavaniya,мужчина после расставания,18741,Отношения и близость,/artterapy,обзор,мужчина после расставания · бывший мужчина после расставания · мужчина вернется после расставания · мужчины возвращаются после расставания · мужчины и женщины после расставания · мужчины после расставания по его инициативе · мужчина пишет после расставания · как ведут себя мужчины после расставания · мужчина месяц после расставания · психология мужчины после расставания · вернется ли мужчина после расставания · мужчина после расставания с любимой · вернуть мужчину после расставания молитва · после долгого расставания мужчина · сильный мужчина после расставания · как забыть мужчину после расставания · чувства мужчин после расставания · как себя вести после расставания с мужчиной · возвращаются ли мужчины после расставания · когда после расставания мужчина начинает · мужчина переживает после расставания · мужчина общается после расставания · мужчина лев после расставания · мужчина после расставания что делает · звонить мужчине после расставания · мужчины после расставания думают · год после расставания с мужчиной · девушки и мужчины после расставания · мужчины после расставания как переживают · мужчина избегает после расставания · мужчина после расставания нашел другую · мужчины после ссоры и расставания · жизнь мужчины после расставания · мужчина после расставания с любовницей · вопросы мужчине после расставания · вернуть любимого мужчину после расставания сильная · мужчина через месяц после расставания · мужчина оскорбляет после расставания · тишина после расставания с мужчиной · мужчина смотрит после расставания
2026-09-09,poslerodovaya-depressiya,послеродовая депрессия,17802,Тревога и депрессия,/artterapy,обзор,послеродовая депрессия · послеродовая депрессия длится · прошла послеродовая депрессия · послеродовая депрессия форум · послеродовая депрессия роды · послеродовая депрессия лечение · послеродовая депрессия через · когда начинается послеродовая депрессия · есть ли послеродовая депрессия · послеродовая депрессия у мужчин · послеродовая депрессия матери · послеродовая депрессия у скольких женщин · психолог послеродовой депрессии · послеродовая депрессия жены · послеродовая депрессия кесарево · послеродовая депрессия через год · антидепрессанты при послеродовой депрессии · послеродовая депрессия врач · послеродовая депрессия статистика
2026-09-09,perezhitoe-rasstavanie,пережитое расставание,17747,Отношения и близость,/artterapy,обзор,пережитое расставание · начало расставания · время расставания · хорошее расставание · расставания любя · русские расставания · расставания 1984 · расставание онлайн · расставание с другом · день расставание · расставание со · расставание женой · расставание 2 · видео расставания · став расставание · стали расставания · расставание что значит · расставание с мужем · чувство расставания · расставание онлайн бесплатно · расставание детей · без расставания · где расставания · не хочу расставания · слова при расставании · перед расставанием · расставание 5 · тяжелое расставание · первое расставание · избегающий расставание · расставание петь · красиво расставание · расставание с подругой · думать о расставании · плохое расставание · расставание во сне · расставание пар · расставания пары · расставания 2026 · пришло расставание
2026-09-09,emotsionalnye-otnosheniya,эмоциональные отношения,17495,Отношения и близость,/artterapy,обзор,эмоциональные отношения · тревожные отношения
2026-09-09,depressiya-posle-depressii,депрессия после депрессии,16844,Тревога и депрессия,/artterapy,обзор,депрессия после депрессии · депрессия после родов · депрессия после лета · депрессия после алкоголя · люди после депрессии · депрессия после смерти · депрессия после 40 · депрессия после 50 · депрессия после лечения · депрессия после отпуска · депрессия у женщин после 40 · депрессия после 60 · жизнь после депрессии · депрессия после развода · после депрессии форум · день после депрессии · депрессия после стресса · депрессия у женщин после 60 · депрессия после 30 · депрессия прошла после · депрессия у женщин после 50 · депрессия после работы · депрессия после тревоги · состояние после депрессии · депрессия после антидепрессантов · депрессия после смерти человека · депрессия после запоя · депрессия после отказа · после депрессии стала · депрессия после инсульта · депрессия у женщин после родов · депрессия после потери · депрессия у женщин после 30 · депрессии после операции
2026-09-09,vospitanie-rebenka-vozrastu,воспитание ребенка возрасту,16527,Дети и подростки,/artterapy,обзор,воспитание ребенка возрасту · воспитание ребенка раннего возраста · воспитание ребенка школьного возраста · физическое воспитание ребенка раннего возраста · задачи воспитания ребенка раннего возраста · воспитание ребенка различного возраста · эстетическое воспитание и возраст ребенка · возраст воспитания самостоятельности ребенка
2026-09-09,bulling-v-shkole,буллинг в школе,15853,Отношения и близость,/artterapy,обзор,буллинг в школе · буллинг детей в школе · буллинг в школе видео · буллинг подростков в школе · буллинг в школе 2026 · буллинг учителей в школе · жертвы буллинга в школе · буллинг в корее в школе · буллинг в школе буллинг в классе · буллинг родителей в школе · буллинг драка в школе · буллинг в новой школе · книга буллинг в школе · буллинг в школе психологи · ролик буллинг в школе · статья за буллинг в школе · тема буллинга в школе · буллинг в японской школе · травля и буллинг в школе · социальный буллинг в школе · буллинг в школе в россии · истории буллинга в школе · после буллинга в школе · буллинг в школе симс 4 · лпшка буллинг в школе · лпшки буллинг в школе · программа буллинга в школе · симс 4 мод буллинг в школе · проблема буллинга в школе · книга про буллинг в школе · подвергалась буллингу в школе · буллинг педагога в школе · буллинг в школе одноклассники · жестокий буллинг в школе · буллинг ситуации в школе · случай буллинга в школе · буллинг в начальной школе · буллинг в школе социальный ролик
2026-09-09,vospitanie-rebenka-roditelyami,воспитание ребенка родителями,15716,Дети и подростки,/artterapy,обзор,воспитание ребенка родителями · семья родители и дети воспитание · родителей вопросам воспитания ребенка · воспитание и развитие дети и родители · воспитание взаимодействии между родителями и детьми · деятельность родителей воспитание ребенка · право родителя на воспитание ребенка · консультации родителям воспитание ребенка · цель родителей в воспитании ребенка · неисполнение родителем обязанностей по воспитанию ребенка · ребенок родители школа воспитание · физическое воспитание ребенка родители · в воспитании ребенка поведение родителей · воспитанием ребенка должны родители · воспитание ребенка через воспитание родителя · ошибки воспитание родители ребенок · подготовка родителей воспитанию ребенка в семье · дети влияют на воспитание родителей
2026-09-09,isterika-u-rebenka,истерика у ребенка,15277,Дети и подростки,/artterapy,обзор,истерика у ребенка · истерики у ребенка 2 · истерики у ребенка 2 года · истерика у ребенка 3 · истерики у ребенка 3 года · истерики у ребенка 5 · у ребенка сильная истерика · истерики у ребенка 5 лет · истерика у ребенка 1 · у ребенка начались истерики · истерика у ребенка перед сном · у ребенка постоянная истерика · истерика у ребенка 6 · у ребенка часто истерики · как успокоить истерику у ребенка · истерики у ребенка 6 лет · истерики у ребенка 1.5 · истерики у ребенка 10 · у ребенка случаются истерики · у ребенка истерика по любому поводу · у ребенка истерика хочу не хочу · истерика у ребенка 7 лет · истерики в 4 года у ребенка · истерики во сне у ребенка · истерики у ребенка 1 5 · истерики у ребенка 2 5 · приступ истерики у ребенка · у ребенка истерика в саду · истерики у ребенка 2.5 · истерика крики у ребенка · у ребенка бывают истерики · истерика и агрессия у ребенка · истерики у ребенка 9 лет · истерики у ребенка 1 5 лет · истерики у ребенка 2.5 года · у ребенка истерика час · истерика у месячного ребенка · у ребенка истерика каждый день · сильные истерики у ребенка 2 года · истерика у ребенка видео
2026-09-09,chuvstvo-trevogi,чувство тревоги,15134,Тревога и депрессия,/artterapy,обзор,чувство тревоги · атаки тревожности · снятие тревожности · тревожность 2 · онлайн тревожность · тревожность во время · тревожность врача · тревожность форум · лучшее от тревожности · прошла тревожность · тревожность пройдет · чувство тревожности · состояние тревожности · день тревожности · против тревожности · вопросы тревожности · лечение тревожности · тревожность женщины · сепарационная тревога · навязчивая тревожность · тревожность бесплатно · проблема тревожность · работа с тревожностью · часто тревожность · антидепрессанты от тревоги · тревожность и боли · тревожность возраст · тревожность напряжение · повысилась тревожность · антидепрессанты от тревожности · тревога и тревожность · тревожность раздражительность · средство от тревожности · фон тревожность · началась тревожность · низкая тревожность · тревожность из за бывшего · ситуативная тревожность · хроническая тревожность · как называется тревожность
2026-09-09,kognitivnye-iskazheniya,когнитивные искажения,14713,Словарь и термины,/artterapy,обзор,когнитивные искажения · влияние когнитивных искажений · механизм когнитивного искажения · когнитивные искажения человека · когнитивное искажение эффект · когнитивные искажения примеры · когнитивное искажение ошибки · когнитивные искажения книга · когнитивные искажения список · когнитивные искажения мышления · когнитивное искажение это простыми · когнитивные искажения в психологии · когнитивные искажения мыслей · как называется когнитивное искажение · когнитивное искажение восприятия · эмоциональное когнитивное искажение · когнитивное искажение решение · когнитивное искажение личности · когнитивное искажение мозга · когнитивные искажения канеман · когнитивное искажение информации · когнитивные психологические искажения · книги про когнитивные искажения · когнитивное искажение подтверждения · когнитивные искажения относятся к · работа с когнитивными искажениями · когнитивных иллюзий искажений · описание когнитивных искажений · когнитивные искажения в кпт · когнитивное искажение персонализация
2026-09-09,rozhdenie-vospitanie-rebenka,рождение воспитание ребенка,14329,Дети и подростки,/artterapy,обзор,рождение воспитание ребенка · с рождением и воспитания ребенком выплаты · правила воспитания ребенка с рождения
2026-09-09,programma-vospitaniya-detey,программа воспитания детей,14104,Дети и подростки,/artterapy,обзор,программа воспитания детей · программа воспитания и развития детей · программы воспитания детей раннего возраста · программа воспитания детей дополнительное образование · возраст детей рабочей программы воспитания · программы воспитания детей в школе · программа воспитания детей 3 лет · программа воспитания детей до года · программы физического воспитания детей · программа воспитания для детей с овз · программа воспитания детей в доу · рабочая программа по воспитанию детей · примерная программа воспитания детей · эстетическое воспитание детей программа · программа воспитания отдыха и оздоровления детей · программа эмоционального воспитания детей
2026-09-09,rossiyskoe-vospitanie-detey,российское воспитание детей,13633,Дети и подростки,/artterapy,обзор,российское воспитание детей · россия воспитание детей · российская система воспитания детей · цель воспитания детей в российской федерации · развития воспитания детей россии · воспитание детей в российских семьях · народы россии воспитание детей · правила воспитания детей в россии · воспитание и образование детей в россии · семья и воспитание детей в россии · системы воспитания детей россия
2026-09-10,chuvstvo-straha,чувство страха,13400,Тревога и депрессия,/artterapy,обзор,чувство страха · страх тревожность · психология страха · психологические страхи · эмоциональный страх · тревожный страх · страх терапия
2026-09-10,otnoshenie-prichiny,отношение причины,12830,Отношения и близость,/artterapy,причины,отношение причины · психология отношений почему · психология отношений почему мужчина · зачем мужчине отношения с женщиной · зачем мужчине отношения с бывшей · зачем мне отношения с мужчиной
2026-09-10,emotsionalnye-kacheli,эмоциональные качели,12765,Эмоции и состояния,/artterapy,обзор,эмоциональные качели · эмоциональные качели в отношениях · эмоциональные качели человека · эмоциональные качели парню · эмоциональные качели это простыми · эмоциональные качели женщин · бывший и эмоциональные качели · люблю эмоциональные качели · мужчина устраивает эмоциональные качели · эмоциональные качели мужа · постоянные эмоциональные качели · эмоциональные качели книга · качать на эмоциональных качелях · эмоциональные качели как называется · сильные эмоциональные качели · эмоциональные качели belame · без эмоциональных качелей · эмоциональные качели текст · эмоциональные качели видео · эмоциональные качели ребенок
2026-09-10,glubokaya-privyazannost,глубокая привязанность,12764,Отношения и близость,/artterapy,обзор,глубокая привязанность · глубокая привязанность озвучка · глубокая привязанность русская озвучка · глубокая привязанность 1 · чувство глубокой привязанности · глубокая привязанность к человеку · любовь это глубокая привязанность · глубокая эмоциональная привязанность · глубокая привязанность к другому человеку · любовь это глубокое чувство привязанности · глубокая привязанность к объекту · чувство глубокой привязанности симпатии · глубокая привязанность все серии · чувство свойственное человеку глубокая привязанность · глубокая привязанность 2 · любовь чувство свойственное человеку глубокая привязанность · глубокое и сильное чувство привязанности · чувство глубокой привязанности и заботы · глубокая привязанность 3
2026-09-10,otnosheniya-s-byvshim-muzhchinoy,отношения с бывшим мужчиной,12484,Отношения и близость,/artterapy,обзор,отношения с бывшим мужчиной · новые отношения с бывшим мужчиной · как строить отношения с бывшим мужчиной · как начать отношения с бывшим мужчиной · вернуть бывшие отношения с мужчиной
2026-09-10,god-otnosheniy-s-muzhchinoy,год отношений с мужчиной,12453,Отношения и близость,/artterapy,обзор,год отношений с мужчиной · год без отношений с мужчиной · отношения год с женатым мужчиной · год отношений с любимым мужчиной · отношения с мужчиной моложе на год
2026-09-10,rasstavanie-s-devushkoy,расставание с девушкой,11908,Отношения и близость,/artterapy,обзор,расставание с девушкой · расставание парни девушки · девушка не хочет расставания · расставание с любимой девушкой · красивое расставание с девушкой · девушка избегает расставания · письмо расставания девушке · девушка перед расставанием · расставание с девушкой лучше · две девушки расставание · прощальные слова девушке при расставании · прощальное письмо девушке при расставании · расставание по инициативе девушки · расставания с девушкой видео · инициатор расставания девушка · расставание как помириться с девушкой · девушки во время расставания · слова девушке до слез при расставании · фото расставание с девушкой · долгое расставание с девушкой · девушка говорит о расставании · прощальные слова девушке при расставании до слез · грустная расставания с девушкой · как сказать девушке о расставании · подарок девушке на расставание · тяжелое расставание с девушкой · первое расставание с девушкой · расставание с первой девушкой · слова любимой девушке при расставании · девушка поет про расставание · девушка думает о расставании · слова девушке при расставании письмо · прощальное письмо девушке при расставании своими словами · письмо расставания любимой девушке · прощальные любимой девушке при расставании · письмо девушке при расставании до слез · прощальное письмо девушке при расставании до слез · смс девушке расставанием
2026-09-10,rasstavaniya-pochemu,расставания почему,11787,Отношения и близость,/artterapy,причины,расставания почему · зачем расставания · после расставания зачем · причина расставания аркан · причины расставания матрица · вы как причина расставания · возможная причина расставания · причина расставания в совместимости · зачем мужчина после расставания · причина расставания в матрице совместимости · зачем писать после расставания · зачем девушки после расставания · возможная причина расставания матрица · бородина причина расставания · терехин и бородина причина расставания · зачем парень после расставания · зачем бывшие пишут после расставания · причины расставания с парнем · причины расставания с девушкой · михаил терехин и ксения бородина причина расставания · расставание почему 2 · причина расставания 10 · причины расставания людей
2026-09-10,bez-trevozhnost,без тревожность,11552,Тревога и депрессия,/artterapy,обзор,без тревожность · от тревожности без рецепта · успокоительное от тревожности без рецептов · чувство тревоги без · работа без тревожности · от тревожности и стресса без рецептов · от тревожности и беспокойства без рецептов · хорошие успокоительные без рецептов от тревожности · успокоительное от тревожности и переживаний без рецептов · без антидепрессантов тревога · успокоительные без рецепта эффективные от тревожности · тревожность без антидепрессантов · сильные успокоительные без рецептов от тревожности · тревожность что попить без рецепта · аутотренинг при тревожности слушать без рекламы · средства от тревожности без рецепта · против тревожности без рецепта · тревожность без повода
2026-09-10,rasstavanie-s-parnem,расставание с парнем,10974,Отношения и близость,/artterapy,обзор,расставание с парнем · расставание с парнем во сне к чему · переписка с парнем расставание · видео расставание с парнем · расставание с хорошим парнем
2026-09-10,effekt-danninga-kryugera,эффект даннинга-крюгера,10370,Словарь и термины,/artterapy,обзор,эффект даннинга-крюгера · эффект даннинга крюгера · эффект даннинга крюгера что это такое простыми
2026-09-10,povyshennaya-trevozhnost,повышенная тревожность,10158,Тревога и депрессия,/artterapy,обзор,повышенная тревожность · повышение тревожность · повышена тревожность у взрослого · повышенная тревожность у взрослых · повышенная эмоциональная тревожность · лечение повышенной тревожности · повышенная тревожность у взрослых лечение · повышенный стресс и тревожность · люди с повышенной тревожностью · повышенная тревожность врач · может ли быть повышенная тревожность · состояние повышенная тревожность · повышенная тревожность страхи · повышенная тревожность форум · синдром повышенной тревожности · ситуация повышенной тревожности · постоянная повышенная тревожность · повышенная тревожность к какому врачу · повышенная тревожность работа · чувства повышенной тревожности · расстройство повышенная тревожность · кофе повышает тревожность · сон и повышенная тревожность · повышенный тип тревожности · повышенная тревожность витамины
2026-09-10,zaschitnye-mehanizmy-2,защитные механизмы,9972,Словарь и термины,/artterapy,обзор,защитные механизмы · защитные механизмы личности · защитные механизмы вопросы · защитный механизм 3 · защитный механизм организма · каска защитная с храповым механизмом · розетки с защитными механизмами · защитный механизм 2 · механизм защитной шторки · система защитных механизмов · механизмы защитного действия · защитные механизмы подростков · защитные механизмы стресса · индивидуальные защитные механизмы · чувство защитный механизм · проекция защитный механизм · механизмы защитных реакций · защитный механизм 5 · развитие защитных механизмов · работа с защитными механизмами · отрицание защитный механизм · вытеснение защитный механизм · защитный механизм читать · к защитным механизмам относится · как называется защитный механизм · рационализация защитный механизм · защитные механизмы клетки · защитные механизмы сознания · бессознательный защитный механизм · защитные механизмы поведения · собственного защитного механизма · каска защитная белая с храповым механизмом · защитные механизмы по фрейду · защитные ограждения механизмов · защитные механизмы крови · защитные механизмы анны фрейд · защитный корпус механизма · эмоциональный защитный механизм · понятие защитных механизмов · возможные защитные механизмы
2026-09-10,vospitanie-detey-otvety,воспитание детей ответы,9795,Дети и подростки,/artterapy,обзор,воспитание детей ответы · воспитание детей вопросы ответы · ответственность за воспитание детей · воспитание детей один правильный ответ · гигиеническое воспитание детей ответы · ответственность за ненадлежащее воспитание детей · воспитания детей в семье с ответами · ответственное воспитание детей · ответственность семьи за воспитание детей · приоритет ответ воспитания детей
2026-09-10,povyshennaya-samootsenka,повышенная самооценка,9733,Самооценка и личность,/artterapy,обзор,повышенная самооценка · повышение самооценки · книга повышающая самооценку · повышение самооценки и уверенности в себе · повышение самооценки женщин · как повышать самооценку женщине психология · повышенная самооценка человека · книги для повышения самооценки · женщина с повышенной самооценкой · как начать повышать самооценку · повышение самооценки и уверенности в себе женщинам · повышение самооценки и уверенности книга · как психолог повышает самооценку · как начать повышать самооценку женщине · аффирмация для повышения самооценки · книги повышающие самооценку женщин · работа повышаем самооценку · книги повышающие самооценку и уверенность в себе · самооценка повышается · аффирмации для женщин для повышения самооценки · медитация повышение самооценки · слушать повышение самооценки · тренинги повышение самооценки · вопросы повышающие самооценку · психология самооценка повышение · курсы повышения самооценки
2026-09-10,rasstavanie-s-muzhchinoy,расставание с мужчиной,9700,Отношения и близость,/artterapy,обзор,расставание с мужчиной · мужчина и женщина расставание · расставание инициативе мужчины · расставания с любимым мужчиной · месяц расставания с мужчиной · психология расставания мужчины · слезы мужчины при расставании · год расставания с мужчиной · мужчина лев расставание · прощальные слова мужчине при расставании своими · девушка и мужчина расставание · мужчины страдают расставании · как сказать мужчине о расставании · тельцы мужчины расставание · как мужчина переживает расставание с женщиной · расставание с женатым мужчиной · письмо мужчине расставание своими словами · сообщения мужчине расставания · письмо расставания любимому мужчине · любовь расставание мужчины · как написать мужчине о расставании · слова при расставании с мужчиной · переживают ли мужчины расставание · мужчина инициатор расставания · слова любимому мужчине при расставании · расставание между мужчиной и женщиной · прощальное письмо любимому мужчине расставание · мужчина говорит о расставании · психолог расставание с мужчиной · как ведет себя мужчина при расставании · письмо расставания мужчине своими словами до слез · расставание мужчины через месяц · мужчины тяжелее расставания · прощальные слова любимой при расставании мужчине · день расставания с мужчиной · психология расставания женщины и мужчины · смс мужчине при расставании · письмо мужчине о расставании · правильное расставание с мужчиной · как сказать мужчине о расставании тактично
2026-09-10,depressiya-bez-depressii,депрессия без депрессии,9424,Тревога и депрессия,/artterapy,обзор,депрессия без депрессии · депрессия без таблеток · от депрессии без рецепта · антидепрессанты без депрессии · депрессия без людей · стресс без депрессии
2026-09-10,tyazhelaya-depressiya,тяжелая депрессия,9270,Тревога и депрессия,/artterapy,обзор,тяжелая депрессия · человек тяжелом депрессии · антидепрессанты при тяжелой депрессии · самые тяжелые депрессии · тяжелая форма депрессии · тяжелая меланхолическая депрессия · сильные антидепрессанты при тяжелой депрессии · тяжелая клиническая депрессия · диагноз тяжелая депрессия · очень тяжелая депрессия
2026-09-10,nizkaya-samootsenka,низкая самооценка,9232,Самооценка и личность,/artterapy,обзор,низкая самооценка · низкая самооценка вопросы · тревожность низкая самооценка · очень низкая самооценка · низкая социальная самооценка · низкая самооценка у мужчин · низкая самооценка психологической · низкая самооценка и неуверенность в себе · психолог низкая самооценка · низкая самооценка приводит · низкая самооценка у подростка · низкая самооценка в отношениях · лучше низкая самооценка · низкая самооценка особенности · низкая самооценка страх · как называется низкая самооценка · самая низкая самооценка · низкая самооценка помогите · низкая самооценка и депрессия
2026-09-10,depressiya-kak-vyshli,депрессия как вышли,9130,Тревога и депрессия,/artterapy,обзор,депрессия онлайн · бесплатный депрессия · депрессия как вышли · у бывшего депрессия · депрессия самостоятельно · слово депрессия · депрессия пациент · депрессия форум · депрессия st · хроническая депрессия · самой депрессии · состояние депрессии · день депрессии · впала в депрессию · депрессия рецепты · глубокая депрессия · депрессия а это был муж · эндогенная депрессия · как лечить депрессию · рекуррентная депрессия · где депрессия · депрессия видео · депрессия принятие · депрессия 1 · легкая депрессия · само депрессия · торги депрессия принятие · депрессия длится · депрессия это простыми · депрессия ассоциации · стали депрессии · скрывать депрессию · скрытая депрессия · биполярная депрессия · большая депрессия · давай депрессия · борюсь с депрессией · фон депрессия · часто депрессия · постоянная депрессия
2026-09-10,depressiya-u-zhenschin,депрессия у женщин,8922,Тревога и депрессия,/artterapy,обзор,депрессия у женщин · как лечить депрессию у женщин · лучший депрессия для для женщин
2026-09-10,muzhchiny-poznakomyatsya-s-muzhchinami-dlya-otnosheniy,мужчины познакомятся с мужчинами для отношений,8917,Отношения и близость,/artterapy,обзор,мужчины познакомятся с мужчинами для отношений · где познакомиться с мужчиной для отношений · хочу познакомиться с мужчиной для отношений
2026-09-10,professionalnoe-vygoranie,профессиональное выгорание,8809,Выгорание и работа,/coach,обзор,профессиональное выгорание · профессиональное выгорание педагога · синдром профессионального выгорания · профессиональное выгорание вопросы · профессиональная деформация выгорание · развитие профессионального выгорания · профессиональный стресс и выгорание · профессиональное выгорание профессиональной деятельности · профессиональное выгорание человек человек · выгорание в профессии · профессиональные выгорания сотрудников · факторы профессионального выгорания · профессиональное выгорание работника · работа с профессиональным выгоранием · проблема профессиональное выгорание · профессиональное выгорание профессии · снижение профессионального выгорания · профессиональным выгоранием является · наличие профессионального выгорания · состояние профессионального выгорания · диагностика профессионального выгорания · помогающие профессии выгорание · тема профессионального выгорания · методы профессионального выгорания · профессиональное выгорание медицинских · тренинги профессионального выгорания · профессиональное выгорание личности · профессиональное выгорание врача · профессиональное выгорание социальных · усталость и профессиональное выгорание · профессиональное выгорание исследования · условия профессионального выгорания · выгорание какие профессии · профессионально личностное выгорание · здоровье профессионального выгорания · профессиональное выгорание помощь · профессиональное т выгорание · профессиональное выгорание самодиагностика · профессиональное выгорание помогающих профессий · процесс профессионального выгорания
2026-09-10,tipy-privyazannosti-v-otnosheniyah,типы привязанности в отношениях,8727,Отношения и близость,/artterapy,сколько,типы привязанности в отношениях · типы привязанности женщин · типы привязанности у мужчин · виды привязанности · типы привязанности в психологии · уровни привязанности · типы привязанности книга · типы привязанности ребенка · типы привязанности в дружбе · типы привязанности взрослых · книга про типы привязанности · типы привязанности кратко · типы любви привязанности · есть ли типы привязанности · типы привязанности к людям · стадии привязанности · лучшие типы привязанности · типы эмоциональной привязанности · виды типов привязанности · сколько типов привязанности · глубокая привязанность сколько серий · типы привязанности существуют · типы привязанности uquiz · типы привязанности персонажей · привязанность степень · типы привязанности и их описание · этапы привязанности · типы привязанности на английском · виды привязанности в психологии · типы привязанности гибсон · разные типы привязанности · типы привязанности по боулби · типы привязанности детство · типы привязанности в отношениях и их описание
2026-09-10,oshibka-vyzhivshego,ошибка выжившего,8555,Словарь и термины,/artterapy,обзор,ошибка выжившего · выжить работа над ошибками · ошибка выжившего книга · панченко работа над ошибками выжить · систематическая ошибка выжившего · работа над ошибками выжить книга · андрей панченко работа над ошибками выжить · аудиокниги ошибка выжившего · ошибка выжившего примеры
2026-09-11,tsennost-vospitaniya-detey,ценность воспитания детей,8306,Дети и подростки,/artterapy,обзор,ценность воспитания детей · ценностное воспитание детей · традиционные ценности в воспитании детей · ценности и цели в воспитании детей · ценности семьи и воспитание детей · семейные ценности воспитание детей · система ценностей в воспитании детей
2026-09-11,trevozhno-izbegayuschaya-privyazannost,тревожно избегающая привязанность,8287,Отношения и близость,/artterapy,обзор,тревожно избегающая привязанность · тревожно избегающий тип привязанности · тревожно избегающая привязанность в отношениях · тревожно избегающий тип привязанности в отношениях · человек с тревожно избегающим типом привязанности · тревожно надежно избегающий тип привязанности · тревожно избегающий тип привязанности у женщин · тревожно избегающая привязанность у мужчины · тревожно избегающий тип привязанности у мужчин · тревожно избегающий тип привязанности партнер · девушка с тревожно избегающим типом привязанности
2026-09-11,depressiya-proshla,депрессия прошла,7894,Тревога и депрессия,/artterapy,обзор,депрессия прошла · депрессия прошла сама · прошлой ночью у меня была депрессия
2026-09-11,vospitaniya-lichnosti-rebenka,воспитания личности ребенка,7829,Дети и подростки,/artterapy,обзор,воспитания личности ребенка · воспитание и развитие личности ребенка · воспитание личностного развития ребенка · воспитания формирования личности ребенка · социальное воспитание личности ребенка · личность ребенка в процессе воспитания · условия воспитания личности ребенка · развитие личности ребенка в процессе воспитания · развитие воспитание и формирование личности ребенка · семья в воспитании личности ребенка · принципы воспитания личности ребенка · процесс воспитания и формирования личности ребенка · воспитание личностных качеств ребенка · личность ребенка субъект воспитания · воспитание качеств личности ребенка · личность ребенка в физическом воспитании · личность общение ребенок воспитание · влияние воспитания на личность ребенка · свободное воспитание личности ребенка · методы воспитания личности ребенка · концепция воспитания личности ребенка
2026-09-11,pedagogicheskoe-vospitanie-detey,педагогическое воспитание детей,7514,Дети и подростки,/artterapy,обзор,педагогическое воспитание детей · педагогика воспитания детей · социально педагогическое воспитание детей · психолого педагогическое воспитание детей · педагогические системы воспитания детей · педагогические условия воспитания детей · педагоги о воспитании детей · педагогика наука о воспитании детей · педагогические методы воспитания детей · задача педагога в воспитании детей · психологическое педагогическое воспитание детей · педагогические проблемы в воспитании детей · педагогика и воспитание детей с отклонениями · педагогические технологии в воспитании детей · педагогические средства воспитания детей · педагогические подходы в воспитании детей · роль педагога в воспитании детей · педагогическая ситуация воспитании детей · педагогика рассматривает воспитание детей · вопросы по воспитанию детей педагогу · формы воспитания детей педагогика · методы воспитание детей педагогика · современный педагог в воспитании детей · педагогическая культура в воспитании детей · психолого педагогическая поддержка в воспитании детей · проблема воспитания детей педагогика
2026-09-11,rasstavanie-s-lyubimym,расставание с любимым,7428,Отношения и близость,/artterapy,обзор,расставание с любимым · слова расставания любимому · расставание с любимым человеком советы · расставание с любимым женщиной · расставание с любимым психолог · расставание с любимым советы психолога · расставание с любимым человеком советы психолога · видео расставание любимых · расставание с любимым до слез · расставание с любимым парнем · прощальное письмо любимому при расставании · боль расставания с любимой · расставание с любимым человеком это · прощальные слова любимому при расставании · слова до слез любимому при расставании · сон расставание с любимым · письмо любимому при расставании своими словами · боль расставания с любимым человеком · стихи о расставании с любимым · пережить расставание с любимой женщиной · сказать любимому при расставании · сон расставание с любимым человеком
2026-09-11,separatsiya-ot-roditeley,сепарация от родителей,7386,Отношения и близость,/artterapy,обзор,сепарация от родителей · сепарация от родителей возраст · сепарация от родителей взрослым · сепарация от родителей во взрослом возрасте · сепарация детей от родителей · сепарация от родителей что это простыми · подростковая сепарация от родителей · кризис сепарации от родителей · в чем заключается сепарация от родителей · родительская сепарация · как проходит сепарация от родителей
2026-09-11,vospitanie-detey-ogranichivaya,воспитание детей ограничивая,7348,Дети и подростки,/artterapy,обзор,воспитание детей ограничивая · воспитание детей с ограниченными возможностями · воспитания детей с ограниченными возможностями здоровья
2026-09-11,depressiya-proydet,депрессия пройдет,7263,Тревога и депрессия,/artterapy,обзор,депрессия пройдет · пройдет ли депрессия · депрессия пройдет сама
2026-09-11,rasstavanie-s-byvshey,расставание с бывшей,7226,Отношения и близость,/artterapy,обзор,расставание с бывшей · расставание и ребенок бывшей · расставания с бывшей сон
2026-09-11,bessoznatelnoe-sostoyanie,бессознательное состояние,7188,Словарь и термины,/artterapy,обзор,бессознательное состояние · бессознательных людей · ответ бессознательного · бессознательное вопросы · бессознательная жизнь · бессознательное архетип · бессознательное находиться · находился в бессознательном состоянии · обнаружена в бессознательном состоянии · бессознательное книги · бессознательное дыхание · дыхание в бессознательном состоянии · бессознательное поведение · бессознательных процессов · теория бессознательного · бессознательное положение · бессознательное эго · карл густав бессознательное · бессознательное тело · бессознательное действие · бессознательное читать · структура бессознательного · слово бессознательный · бессознательные чувства · сделать бессознательное · понятие бессознательный · бессознательное деятельность · концепции бессознательного · бессознательная травма · проблема бессознательного · цель бессознательного · бессознательное по юнгу · работа с бессознательным · развитие бессознательного · методы бессознательное · бессознательный конфликт · механизмы бессознательного · бессознательный обморок · бессознательного 5 · бессознательное социальное
2026-09-11,lyubimomu-posle-rasstavaniya,любимому после расставания,7162,Отношения и близость,/artterapy,обзор,любимому после расставания · вернуть любимого после расставания · расставание с любимым человеком после · как забыть любимого после расставания · молитва вернуть любимого после расставания · любимой женщине после расставания · как забыть любимого человека после расставания · как забыть любимую после расставания навсегда · молитва о возвращении любимой после расставания · любим друг друга после расставания
2026-09-11,klinicheskaya-depressiya,клиническая депрессия,7065,Тревога и депрессия,/artterapy,обзор,клиническая депрессия · депрессия клинические рекомендации · клинически выраженная депрессия
2026-09-11,samootsenka-zhenschiny,самооценка женщины,6788,Самооценка и личность,/artterapy,обзор,самооценка женщины · повысить самооценку и уверенность в себе женщине · психология самооценка женщины · самооценка женщины с мужчинами · женщина с низкой самооценкой · психолог самооценка женщины · самооценка женщины аффирмации · самооценка женщины советы психолога · книга для женщины для поднятия самооценки · высокая самооценка женщины · самооценка женщин в 45 · поднять самооценку женщине советы · самооценка женщины в отношениях
2026-09-11,otnosheniya-posle-rasstavaniy,отношения после расставаний,6769,Отношения и близость,/artterapy,обзор,отношения после расставаний · вернуть отношения после расставания · новые отношения после расставания · не хочу отношений после расставания · расставание после года отношений · расставание после долгих отношений · отношения после расставания с бывшим · отношения сразу после расставания · будут ли отношения после расставания · расставание после месяца отношений · начало новых отношений после расставания · вернуть ли отношения после расставания · расставание после длительных отношений · заместительные отношения после расставания · новые отношения сразу после расставания · возобновить отношения после расставания · хорошие отношения после расставания · как начать отношения после расставания · отношения после расставания возможны · расставание после 5 лет отношений
2026-09-11,posle-rasstavaniya-s-devushkoy,после расставания с девушкой,6266,Отношения и близость,/artterapy,обзор,после расставания с девушкой · после расставания девушка парни · девушка пишет после расставания · будут ли девушки после расставания · после расставания девушка любит · девушка вернулась после расставания · девушка после года расставания · девушка общается после расставания · девушкой друга после расставания · новая девушка после расставания · девушка после расставания избегает · скучает девушка после расставания · месяц после расставания с девушкой · чувства девушки после расставания · девушка отвечает после расставания · девушка после расставания нашла другого · хочу вернуть девушку после расставания · девушка заблокировала после расставания · фото девушек после расставания · после расставания с любимой девушкой · вернется ли девушка после расставания · девушка переживает после расставания · подарок девушке после расставания · утешить девушку после расставания · девушка начала скучать после расставания · девушка через месяц после расставания · как ведет себя девушка после расставания · девушка возвращается после расставания · девушке плохо после расставания · писать ли девушке после расставания · как помириться с девушкой после расставания · девушка нашла парня после расставания · советы девушкам после расставания · как добиться девушку после расставания · как девушка переживает после расставания · девушка хочет общаться после расставания · выложил фото девушки после расставания · девушка после расставания продолжает · время после расставания с девушкой · после расставания с первой девушкой
2026-09-11,samootsenka-i-uverennost-v-sebe,самооценка и уверенность в себе,6182,Самооценка и личность,/artterapy,обзор,самооценка и уверенность в себе · уверенная самооценка · книги для поднятия самооценки и уверенности · самооценка и уверенность в себе мужчине · психология самооценка уверенность в себе · медитация самооценка и уверенность в себе · станете увереннее и повысите самооценку · книги по самооценке и уверенности в себе · аффирмации самооценка и уверенность · самооценка и уверенность в себе психолог · развитие уверенности и самооценки · развить самооценку и уверенность в себе
2026-09-11,psihologiya-otnosheniy-knigi,психология отношений книги,6117,Отношения и близость,/artterapy,обзор,психология отношений книги · книги про психологию отношений · психология отношений книги читать · книги онлайн психология отношений · лучшие книги по психологии отношений · психология отношений книги читать онлайн · психология отношений книги онлайн бесплатно · психология отношений книги читать онлайн бесплатно
2026-09-11,pravila-vospitaniya-detey,правила воспитания детей,5975,Дети и подростки,/artterapy,обзор,правила воспитания детей · правильное воспитание детей · главные правила воспитания детей · новые правила воспитания детей · какими правилами воспитания детей · постановление правительства о воспитании детей · правильные методы воспитания детей · основные правила воспитания детей · фомичева воспитание у детей правильного · принципы правильного воспитания детей · воспитание у детей правильного произношения
2026-09-11,god-v-depressii,год в депрессии,5812,Тревога и депрессия,/artterapy,обзор,год в депрессии · ребенку год депрессия · депрессия год делать · год жила в депрессии
2026-09-11,trevozhnost-bespokoystvo,тревожность беспокойство,5805,Тревога и депрессия,/artterapy,обзор,тревожность беспокойство · чувство беспокойства · терапия беспокойства · чувство тревоги и беспокойства · терапия беспокойства бернс · терапия беспокойства дэвид · дэвид бернс терапия беспокойства · внутреннее беспокойство и тревожность · тревожное беспокойство · постоянная тревожность и беспокойство · постоянное чувство беспокойства · терапия беспокойства книга · эмоциональное беспокойство · постоянное чувство тревоги и беспокойства · терапия беспокойства читать · терапия беспокойства бернс читать · чувство беспокойства внутри · тревожность и беспокойство у взрослых · терапия беспокойства онлайн · чувство страха беспокойства · психологическое беспокойство · страх тревожность беспокойство · книга терапия беспокойства бернс · беспокоит тревожность · витамины от тревожности и беспокойства · терапия беспокойства читать онлайн · книга терапия беспокойства дэвид бернс · дэвид бернс терапия беспокойства читать · средства от тревожности и беспокойства · д бернс терапия беспокойства · тревожное состояние беспокойство · терапия беспокойства бернс читать онлайн
2026-09-11,samootsenka-cheloveka,самооценка человека,5802,Самооценка и личность,/artterapy,обзор,самооценка человека · человек с низкой самооценкой · самооценка человека ответ · человек занижает самооценку · человек с высокой самооценкой · человек с завышенной самооценкой · самооценка в жизни человека · самооценка и поведение человека · качество человека самооценка · самооценка человека влияет на · психологическая самооценка человека · проблемы самооценки человека · зависимость человека от самооценки · развитие самооценки человека · человеческая самооценка · самооценка человека что делает · формирование самооценки человека · самооценка человека психология
2026-09-11,samootsenka-kniga,самооценка книга,5718,Самооценка и личность,/artterapy,обзор,самооценка книга · самооценка вопросы · поднятие самооценки · завысь самооценку · самооценка мужчина · самооценка 5 · самооценка развитие · самооценка деятельности · самооценка выполнена · самооценка состояний · хорошая самооценка · самооценка слова · самооценка онлайн · бесплатно самооценка · борис самооценка · социальная самооценка · варианты самооценки · самооценка результатов · самооценка качества · работа с самооценкой · итоговая самооценка · со самооценке · самооценка жизни · самооценка что делает · самооценка влияет · самооценка цель · особенности самооценки · тип самооценки · самооценка относится к · диагностика самооценки · процесс самооценки · собственная самооценка · самооценка 6 · чувство самооценки · внутренняя самооценка · самооценка родителя · задачи самооценки · депрессия самооценка · исследование самооценка · ошибки в самооценке
2026-09-11,panicheskaya-trevozhnost,паническая тревожность,5662,Тревога и депрессия,/artterapy,обзор,паническая тревожность · тревожность и панические атаки · панические атаки тревожность страхи · лечение паническая тревожность · тревожность после панической атаки · средство от тревожности и панических атак · антидепрессанты от тревожности и панических · антидепрессанты от тревожности и панических атак
2026-09-11,uprazhnenie-otnoshenie,упражнение отношение,5632,Отношения и близость,/artterapy,упражнения,упражнение отношение · как научиться отношениям с мужчиной · техники отношений с мужчиной
2026-09-12,emotsionalnaya-labilnost,эмоциональная лабильность,5628,Словарь и термины,/artterapy,обзор,эмоциональная лабильность · слово лабильность · лабильность простейших · интеллектуальная лабильность · вегетативная лабильность · лабильность в психологии · лабильность ребенка · лабильность системы · лабильность настроения · эмоциональная лабильность это простыми · эмоциональная лабильность у детей · повышена лабильность · повышенная лабильность · нарушение лабильности · лабильность артериального · синдром лабильности · аффективная лабильность · состояние лабильности · лабильность процессов · психическая лабильность · снижение лабильности · лабильность ад · лабильность психики · повышенная эмоциональная лабильность · лабильность человека · лабильность подвижность · лабильность свойство · синдром эмоциональной лабильности · нарушение эмоциональной лабильность · выраженная лабильность · лабильность внимания · лабильность поведения · психологическая лабильность · лабильность мышления · b эмоциональная лабильность
2026-09-12,nezakrytyy-geshtalt,незакрытый гештальт,5607,Словарь и термины,/artterapy,обзор,незакрытый гештальт · незакрытый гештальт что это такое простыми · незакрытый гештальт как пишется · незаконченный гештальт
2026-09-12,sensornaya-deprivatsiya,сенсорная депривация,5593,Словарь и термины,/artterapy,обзор,сенсорная депривация · камера сенсорной депривации · сенсорная депривация что это простыми · сенсорная депривация хентай
2026-09-12,silnaya-trevozhnost,сильная тревожность,5487,Тревога и депрессия,/artterapy,обзор,сильная тревожность · сильное чувство тревоги · очень сильная тревожность · сильная тревожность и страх · сильная тревожность ночью · постоянная сильная тревожность · сильная тревожность форум · сильное сердцебиение тревожность · сильная слабость и тревожность
2026-09-12,psihologiya-otnosheniya-mezhdu,психология отношения между,5257,Отношения и близость,/artterapy,обзор,психология отношения между · книги по психологии отношений между · психология отношений между людьми · психология отношений между детьми
2026-09-12,perehodnyy-vozrast-u-devochek,переходный возраст у девочек,5055,Дети и подростки,/artterapy,обзор,переходный возраст у девочек · переходный возраст у лет девочек · переходный возраст у девочек со · когда начинается переходный возраст у девочек · когда заканчивается переходный возраст у девочек · девочки подростки подростки переходного возраста · девочка 11 лет переходный возраст · переходный возраст девочке 12 лет · переходный возраст 10 лет девочке · переходной возраст у девочек 13 · переходный возраст у девочек 12
2026-09-12,silnaya-depressiya,сильная депрессия,5009,Тревога и депрессия,/artterapy,обзор,сильная депрессия · депрессия сильных людей · самая сильная депрессия · очень сильная депрессия
2026-09-12,perehodnyy-vozrast-u-malchikov,переходный возраст у мальчиков,4959,Дети и подростки,/artterapy,обзор,переходный возраст у мальчиков · когда начинается переходный возраст у мальчиков · когда заканчивается переходный возраст у мальчиков · переходный возраст мальчика 13 лет · переходный возраст у мальчиков 14
2026-09-12,tselevye-orientiry-vospitaniya-detey,целевые ориентиры воспитания детей,4867,Дети и подростки,/artterapy,обзор,целевые ориентиры воспитания детей · ориентиры в воспитании детей · цель задачи целевые ориентиры воспитания детей
2026-09-12,refleksiya-otvet,рефлексия ответ,4841,Словарь и термины,/artterapy,обзор,рефлексия ответ · рефлексия выбрать ответ · рефлексия ответь · рефлексия выбор ответа · рефлексия ответственности
2026-09-12,privyazannosti-rebenka,привязанности ребенка,4794,Отношения и близость,/artterapy,обзор,привязанности ребенка · привязанность в жизни ребенка · привязанность ребенка к матери · привязанности ребенка к родителям · тайные привязанности в жизни ребенка · тайна опоры привязанность в жизни ребенка · тайная опора привязанность в жизни ребенка · петрановская привязанность в жизни ребенка · петрановская тайная опора привязанность ребенка · петрановская тайная привязанность в жизни ребенка · эмоциональная привязанность ребенка · сильная привязанность ребенка · привязанность ребенка формирование · людмилу петрановскую привязанность в жизни ребенка · развитие привязанности ребенка · аффективная привязанность ребенка что это · привязанность ребенка книга · любовь и привязанность ребенка · психологическая привязанность ребенка · надежная привязанность ребенка · привязанность между ребенком и родителем · теория привязанности ребенка · экспертиза привязанности ребенка · привязанность ребенка к взрослому · привязанность формируется у ребенка
2026-09-12,kollektivnoe-bessoznatelnoe,коллективное бессознательное,4742,Словарь и термины,/artterapy,обзор,коллективное бессознательное · коллективное бессознательное юнга · карл юнг коллективное бессознательное · коллективное бессознательное карла юнга · густав юнг коллективное бессознательное · карл густав юнг коллективное бессознательное · коллективное бессознательное книга · юнг коллективное бессознательное книга · концепцию коллективного бессознательного · коллективное бессознательное по юнгу · коллективное бессознательное г юнга · к г юнг коллективное бессознательное · коллективное бессознательное читать · карл юнг коллективное бессознательное книга · коллективное бессознательное фрейда · коллективное бессознательное просто · понятие коллективное бессознательное · коллективная бессознательная теория · коллективное бессознательное юнга читать · юнг коллективное бессознательное читать · структура коллективного бессознательного · концепция коллективного бессознательного юнга · юнг концепция коллективного бессознательного · кто сформулировал концепцию коллективного бессознательного
2026-09-12,onemenie-chuvstv,онемение чувств,4733,Эмоции и состояния,/artterapy,обзор,онемение чувств · чувство онемения · подавленные эмоции · подавляющие эмоции · как проживать эмоции · чувство онемения в ногах · человек подавляет эмоции · человек подавляющий эмоции · чувство онемения в левой · подавленные чувства и эмоции · эмоции подавлять управлять · чувство онемения в пальце · чувство онемения языка · чувство онемения пальцев ног · чувство онемения в голове · чувство онемения и покалывания · чувство онемения в стопе · чувство онемения в левой руке · чувство онемения конечностей · как правильно проживать эмоции · человек с подавленными эмоциями · подавленные негативные эмоции · чувство онемения в колене · чувство онемения в пальцах рук · чувство онемения бедра
2026-09-12,traditsionnoe-vospitanie-detey,традиционное воспитание детей,4688,Дети и подростки,/artterapy,обзор,традиционное воспитание детей · традиции воспитания детей · воспитание детей в традиционном обществе · традиции семьи воспитания детей · традиции и культура воспитания детей · национальные традиции воспитания детей · воспитание детей через традиции · семейные традиции воспитания детей · воспитание детей на основе традиций · народные традиции воспитания детей · традиции народов в воспитании детей · традиционная семья воспитание детей
2026-09-12,rasstavanie-mesyatsa,расставание месяца,4651,Отношения и близость,/artterapy,обзор,расставание месяца · расставание через месяц · два месяца расставания · расставание 6 месяцев · прошел месяц с расставания · месяц расставания что значит · месяца расставаний что значат · стал месяцем расставания · расставание спустя 2 месяца
2026-09-12,vospitanie-sosedskih-detey,воспитание соседских детей,4549,Дети и подростки,/artterapy,обзор,воспитание соседских детей · секреты воспитания соседских детей · воспитание соседских детей мужское женское · секреты воспитания соседских детей мужское · секреты воспитания соседских детей мужское женское · выпуск секрет воспитания соседских детей · мужское женское выпуск воспитание соседских детей · мужское женское секреты воспитания соседских детей выпуск · секреты воспитания соседских детей 17.02 2021
2026-09-12,koping-strategii,копинг стратегии,4505,Словарь и термины,/artterapy,обзор,копинг стратегии · копинг стратегии в психологии · копинг стратегии лазаруса · копинг стратегии вопросы · копинг стратегии стресса · копинг стратегий ситуации · стратегия копинг поведение · психологические копинг стратегии · эмоциональные копинг стратегии · копинг стратегии совладание · копинг стратегии личности · особенности копинг стратегий · копинг стратегии со стрессом · копинг стратегии подростков
2026-09-12,hochu-otnosheniy-s-muzhchinoy,хочу отношений с мужчиной,4426,Отношения и близость,/artterapy,обзор,хочу отношений с мужчиной · не хочу отношений с мужчинами после · очень хочу отношений с мужчиной · хочу хороших отношений с мужчиной · не хочу больше отношений с мужчинами · хочу отношений с женатым мужчиной · не хочу строить отношения с мужчинами · не хочу продолжать отношения с мужчиной
2026-09-12,psihologiya-otnosheniy-mezhdu-muzhchinoy,психология отношений между мужчиной,4416,Отношения и близость,/artterapy,обзор,психология отношений между мужчиной · психология мужчины в отношениях · психология отношений с мужчиной · психология отношений между мужчиной книги · советы психолога отношения с мужчинами · психология про отношения между мужчиной · психология мужчины в отношении брака · читать психологию мужчин отношений · читать психологию отношений между мужчиной · психолог в отношении с мужчиной · женская психология в отношениях с мужчиной · психология отношений старше мужчина · психолог отношения с женатым мужчиной · психология мужчина свободные отношения · мужчина после 40 психология отношений · год отношений с мужчиной психология · отношения с женатым мужчиной советы психолога · читать книгу психология отношений между мужчиной · отношения с женатым мужчиной психология · мужчине 40 лет психология отношений · книги психология отношений с мужчиной · слушать психологию отношений между мужчиной · психология отношений между мужчиной книги онлайн · книги про отношения психология для мужчин
2026-09-12,profilaktika-vygoraniya,профилактика выгорания,4407,Выгорание и работа,/coach,обзор,профилактика выгорания · профилактика выгорания педагогов · профилактика синдрома выгорания · профилактика выгорания сотрудников · психологическое выгорание профилактика · методы профилактики выгорания · тренинг профилактика выгорания · программа профилактики выгорания · профилактика медицинского выгорания · профилактика выгорания психолога · профилактика социального выгорания · профилактика стрессов и выгорания · профилактика выгорания самодиагностика и профилактика · профилактика выгорания педагогов тренинг · профилактика выгорания на работе · профилактика психологического выгорания педагогов · мероприятия по профилактике выгорания · синдром выгорания диагностика и профилактика
2026-09-12,otnosheniya-mezhdu-zhenschinami-psihologiya,отношения между женщинами психология,4382,Отношения и близость,/artterapy,обзор,отношения между женщинами психология · психология женщины в отношениях · психология женщины отношения книга · мужская психология в отношении с женщинами · читать психологию отношений женщины · психология отношений женщины бесплатно · психология свободных отношений женщины · психология женщины после 40 в отношениях · женщина 40 лет психология отношений · психология отношений женщина старше · психология отношений с замужними женщинами
2026-09-12,god-posle-rasstavaniya,год после расставания,4337,Отношения и близость,/artterapy,обзор,год после расставания · спустя год после расставания · через год после расставания · прошло год после расставания · прошел год после расставания · бывший через год после расставания · год после расставания с мужем · год после расставания с парнем · год много после расставания
2026-09-12,snizhenie-trevozhnosti,снижение тревожности,4295,Тревога и депрессия,/artterapy,обзор,снижение тревожности · работа по снижению тревожности · снижение тревожности методы · занятие снижение тревожности · снижение тревожности родителей · программа снижение тревожности
2026-09-12,shkolnyy-bulling,школьный буллинг,4284,Отношения и близость,/artterapy,обзор,школьный буллинг · буллинг школьники · спецназовец в теле школьника буллинг отменяется · корейский школьный буллинг · школьницы буллинг · симс 4 школьный буллинг · мод на школьный буллинг · школьникам про буллинг · мод на школьный буллинг симс 4 · школьная травля буллинг
2026-09-12,posle-rasstavaniya-nachal,после расставания начал,4249,Отношения и близость,/artterapy,обзор,после расставания начал · начала скучать после расставания · начали встречаться после расставания · начали общаться после расставания
2026-09-13,vzroslaya-trevozhnost,взрослая тревожность,4208,Тревога и депрессия,/artterapy,обзор,взрослая тревожность · афобазол что лучше взрослому при тревожности · лечение тревожности у взрослых · снятие тревожности у взрослых
2026-09-13,vyuchennaya-bespomoschnost,выученная беспомощность,4176,Эмоции и состояния,/artterapy,обзор,выученная беспомощность · синдром выученной беспомощности · выученная беспомощность это в психологии · теория выученной беспомощности · выученной беспомощностью ребенка · выученная беспомощность эксперимент · селигман выученная беспомощность
2026-09-13,depressiya-v-ssha,депрессия в сша,4172,Тревога и депрессия,/artterapy,обзор,депрессия в сша · годы депрессии в сша · депрессия сша 1929 · депрессия в сша 1929 1933 · время депрессии в сша · время великой депрессии в сша
2026-09-13,silnaya-privyazannost,сильная привязанность,4095,Отношения и близость,/artterapy,обзор,сильная привязанность · сильная привязанность к бывшей · сильная эмоциональная привязанность · очень сильная привязанность · сильное чувство привязанности · как называется сильная привязанность · самая сильная привязанность · сильный тип привязанности · сильная привязанность к маме · сильная привязанность к матери
2026-09-13,vysokaya-samootsenka,высокая самооценка,4083,Самооценка и личность,/artterapy,обзор,высокая самооценка · высокие и низкие самооценки · высокая самооценка развития · высокая самооценка подростков · имеет высокую самооценку · чувства высокой самооценки · высокая самооценка девушки · черты высокой самооценки
2026-09-13,samootsenki-rebenka,самооценки ребенка,4055,Дети и подростки,/artterapy,обзор,самооценки ребенка · самооценка ребенка · повышенная самооценка ребенка · низкая самооценка ребенка · развитие самооценки ребенка · формирование самооценки ребенка · самооценка родителей и детей · самооценка ребенка в школе · влияние самооценки на ребенка · высокая самооценка ребенка · самооценка ребенка младшего · положительная самооценка ребенка · заниженная самооценка ребенка · адекватная самооценка ребенка · завышенная самооценка детей · самооценка личности ребенка · повышение самооценки ребенка · самооценка ребенка книга · на самооценку ребенка влияет · влияние самооценки родителя на самооценку ребенка · самооценка ребенка в деятельности · психологи самооценка ребенка · самооценка ребенка 7 лет · самооценка детей и подростков · самооценка детей проблемы · самооценка ребенка школьного возраста · тревожность и самооценка ребенка · особенности самооценки ребенка · нарушения самооценки детей · самооценка детей младшего школьного · самооценка ребенка младшего школьного возраста
2026-09-13,perehodnoy-vozrast-skolkih-vozrast,переходной возраст скольких возраст,4035,Дети и подростки,/artterapy,обзор,переходной возраст скольких возраст · со скольки переходный возраст · со скольки лет переходный возраст · переходный возраст до скольки лет · переходный возраст у девочек со скольки · переходный возраст у мальчиков со скольки · со скольки начинается переходный возраст · до скольки переходный возраст у мальчиков · до скольки переходный возраст у девочек · скольки лет начинается переходный возраст · со скольки лет начинается переходный возраст · со скольки лет переходный возраст у девочек · со скольки лет переходный возраст у мальчиков · до скольки лет переходный возраст у мальчиков · до скольки лет переходный возраст у девочек · со скольки начинается переходный возраст у девочек · до скольки длится переходный возраст · до скольки идет переходный возраст · со скольки начинается переходный возраст у мальчиков
2026-09-13,semeynoe-vospitanie-rebenka,семейное воспитание ребенка,4032,Дети и подростки,/artterapy,обзор,семейное воспитание ребенка · семейное воспитание в развитии ребенка · стили семейного воспитания ребенка · условия семейного воспитания ребенка · цель семейного воспитания ребенка · роль семейного в воспитании ребенка
2026-09-13,rasstavanie-s-zhenschinoy,расставание с женщиной,4027,Отношения и близость,/artterapy,обзор,расставание с женщиной · психология расставания женщины · расставание по инициативе женщины · расставание рака женщины · женщина нарцисс расставание
2026-09-13,emotsionalnaya-privyazannost,эмоциональная привязанность,3999,Отношения и близость,/artterapy,обзор,эмоциональная привязанность · эмоциональная привязанность к бывшему · эмоциональная привязанность другу · социальная эмоциональная привязанность
2026-09-13,diagnoz-depressiya,диагноз депрессия,3908,Тревога и депрессия,/artterapy,обзор,диагноз депрессия · диагностика депрессии · как диагностировать депрессию · диагностически значимой депрессии · есть ли диагноз депрессия · диагностически значимая депрессия st
2026-09-13,fizicheskoe-vospitanie-rebenka,физическое воспитание ребенка,3907,Дети и подростки,/artterapy,обзор,физическое воспитание ребенка · вопросы физического воспитания ребенка · задачи физического воспитания ребенка · система физического воспитание ребенка · физическая культура воспитания ребенка · цель физического воспитания ребенка · развитие ребенка в процессе физического воспитания · воспитание физически здорового ребенка · спортивное физическое воспитание ребенка
2026-09-13,chuvstvo-obidy,чувство обиды,3876,Отношения и близость,/artterapy,обзор,чувство обиды · эмоциональные обиды · обида психологом · обида это в психологии · чувство обиды 6 · психосоматика обиды · психологическая обида · чувство вины обиды · чувство обиды 6 букв · психология обиды книги · обида это эмоция или чувство · обиды советы психолога · обида как чувство человека · обида человека психология · чувство обиды в отношениях · обида депрессия · как отпускать обиды психология · чувство обиды 6 букв сканворд
2026-09-13,depressiya-segmenta,депрессия сегмента,3853,Тревога и депрессия,/artterapy,обзор,депрессия сегмента · депрессия сегмента st · экг депрессия сегмента · депрессия сегмента st в отведениях · депрессия сегмента ст · значимая депрессия сегмента st · горизонтальная депрессия сегмент · косонисходящая депрессия сегмента · депрессия сегмента т · косонисходящая депрессия сегмента st · депрессия сегмента st на экг что это · эпизоды депрессии сегмента st · депрессия сегмента st avf · депрессия сегмента st до 1 мм · депрессия сегмента на холтере · депрессия сегмента st 0 · ишемическая депрессия сегмента · депрессия сегмента st на холтере · диагностически значимой депрессии сегмента · косовосходящая депрессия сегмента · реципрокная депрессия сегмента
2026-09-13,chuvstvo-grusti,чувство грусти,3844,Эмоции и состояния,/artterapy,обзор,чувство грусти · чувство тоски · чувство тоски и уныния · чувство печали · чувство грусть настроение · чувство тоски и уныния кроссворд · грусть депрессия · чувство тоски и уныния 6 · антидепрессанты и грусть · чувство тоски и уныния кроссворд 6 · чувство грусть настроение ассоциации · среди грусти стань мне антидепрессантом · депрессия тоска · вечной грусти стань мне антидепрессантом · среди вечной грусти стань мне антидепрессантом · чувство тоски и уныния 6 букв · чувство печали переживания · чувство тоски и уныния кроссворд 6 букв · чувство печали 9 · чувство печали переживания 9 · чувство печали 9 букв · чувство печали переживания 9 букв · эмоциональная тоска · печаль депрессия · чувство тоски по человеку · тоска уныние депрессия
2026-09-13,metod-ratsionalizatsii,метод рационализации,3820,Словарь и термины,/artterapy,обзор,метод рационализации · метод рационализации логарифмических · метод рационализации логарифмических неравенств · метод рационализации логарифмов · метод рационализации математика · решение методом рационализации · метод рационализации формулы · решение неравенств методом рационализации · метод рационализации задания · метод рационализации 15
2026-09-13,bulling-detey,буллинг детей,3810,Отношения и близость,/artterapy,обзор,буллинг детей · буллинг бывшего · корейский буллинг · буллинг человека · буллинг на работе · буллинг видео · буллинг 2026 · буллинг где · статья за буллинг · социальный буллинг · буллинг драка · тема буллинга · буллинг что это такое простыми · буллинг девочки · конфликт буллинг · стороны буллинга · буллинг стать · был ли буллинг · буллинг педагогов · буллинг девушки · после буллинга · буллинг россии · подвергался буллингу · мода на буллинг · буллинг истории · детский буллинг · буллинг учеников · буллинг со стороны · моббинга буллинга · буллинг ситуация · насилие буллинг · скачай буллинг · буллинг рф · план буллинг · буллинг унижение · буллинг несовершеннолетних · буллинг кибербуллинг · буллинг друзей · без буллинга · программа буллинга
2026-09-13,depressiya-u-muzhchin,депрессия у мужчин,3731,Тревога и депрессия,/artterapy,обзор,депрессия у мужчин · мужчина вышедший из депрессии · депрессия мужчины 40
2026-09-13,kak-nazyvaetsya-depressiya,как называется депрессия,3705,Тревога и депрессия,/artterapy,обзор,как называется депрессия · депрессией называют · как называется состояние депрессии
2026-09-13,postoyannaya-trevozhnost,постоянная тревожность,3689,Тревога и депрессия,/artterapy,обзор,постоянная тревожность · постоянное чувство тревоги · постоянное чувство тревожности · постоянных страх и тревожность
2026-09-13,depressiya-simptomy-u-zhenschin,депрессия симптомы у женщин,3655,Тревога и депрессия,/artterapy,признаки,депрессия симптомы у женщин · признаки депрессии у женщин · как проявляется депрессия у женщин · депрессия симптомы у женщин после 40 · депрессия симптомы и лечение у женщин · депрессия симптомы и признаки у женщин · депрессия симптомы у женщин после 60 · как проявляется депрессия у женщин симптомы · депрессия симптомы у женщин после 50
2026-09-13,psihologiya-otnosheniy-rasskazy,психология отношений рассказы,3604,Отношения и близость,/artterapy,обзор,психология отношений рассказы · рассказы психология отношений на дзене · читать психология отношений рассказы · рассказы канала психология отношений · психология отношений читать рассказы бесплатно · психология отношений рассказы навигация по каналу
2026-09-13,refleksiya-udarenie,рефлексия ударение,3601,Словарь и термины,/artterapy,обзор,рефлексия ударение · ударение в слове рефлексия · ударение в слове рефлексия как правильно
2026-09-13,teoriya-privyazannosti,теория привязанности,3589,Отношения и близость,/artterapy,обзор,теория привязанности · боулби теория привязанности · джон теории привязанности · теория привязанности джона боулби · теория привязанности книга · подходим друг другу как теория привязанности · теорию привязанности создал · хеллер теория привязанности · боулби теория привязанности книга · теория привязанности эйнсворт · теория привязанности читать · теория привязанности дж боулби · теория типов привязанности · теория привязанности в психологии · джон боулби теория привязанности книга
2026-09-13,antidepressanty-pri-depressii,антидепрессанты при депрессии,3554,Тревога и депрессия,/artterapy,обзор,антидепрессанты при депрессии · депрессия какие антидепрессанты · депрессия пью антидепрессанты · хорошие антидепрессанты при депрессии · тревожная депрессия антидепрессанты
2026-09-14,metody-vospitaniya-detey,методы воспитания детей,3543,Дети и подростки,/artterapy,обзор,методы воспитания детей · формы методы воспитания детей · методы и средства воспитания детей · физические методы воспитания детей · условия и методы воспитания детей · принципы и методы воспитания детей · система методов воспитания детей · методы социального воспитания детей · воспитание детей методом б · методы семейного воспитания детей · методы воспитание детей убеждения · примеры методов воспитание детей · воспитание детей методы и подход · метод воспитания детей с овз · методы физического воспитания и развития детей · формы методы и средства воспитания детей
2026-09-14,vernetsya-posle-rasstavaniya,вернется после расставания,3524,Отношения и близость,/artterapy,обзор,вернется после расставания · вернется ли бывший после расставания · парень вернется после расставания · вернется ли он ко мне после расставания · вернется ли женщина после расставания
2026-09-14,byvshaya-devushka-posle-rasstavaniya,бывшая девушка после расставания,3413,Отношения и близость,/artterapy,обзор,бывшая девушка после расставания · бывшая девушка пишет после расставания · девушка бывшая после расставания вернется
2026-09-14,nachalo-otnosheniy-s-muzhchinoy,начало отношений с мужчиной,3361,Отношения и близость,/artterapy,обзор,начало отношений с мужчиной · начало новых отношений с мужчиной · став начало отношений с мужчиной
2026-09-14,formy-vospitaniya-detey,формы воспитания детей,3310,Дети и подростки,/artterapy,обзор,формы воспитания детей · формы семейного воспитания детей · формы физического воспитания детей · формы воспитания детей оставшихся · формы воспитания детей оставшихся без · формы содержания и воспитания детей · формы воспитания детей в школе · иные формы воспитания детей · формы трудового воспитания детей · основные формы воспитания детей · формы воспитания детей в доу
2026-09-14,otnoshenie-k-dengam,отношение к деньгам,3270,Выгорание и работа,/coach,обзор,отношение к деньгам · какое отношение к деньгам · отношение людей к деньгам · деньги по отношению к рублю · отношение ребенка к деньгам · правильное отношение к деньгам · вопросы отношения к деньгам
2026-09-14,vals-rasstavaniya,вальс расставания,3267,Отношения и близость,/artterapy,обзор,вальс расставания · френкель вальс расставания · вальс расставания ян · ян френкель вальс расставания · яна френкеля вальс расставания · вальс расставания текст · вальс расставания слушать · вальс расставания бесплатно · френкель вальс расставание слушать · вальс расставание раиса · неменова вальс расставания · раиса неменова вальс расставания · вальс расставания ноты
2026-09-14,bezmolvnoe-rasstavanie,безмолвное расставание,3259,Отношения и близость,/artterapy,обзор,безмолвное расставание · безмолвное расставание озвучка · безмолвное расставание 2015 · безмолвное расставание русская озвучка · онлайн безмолвное расставание · безмолвное расставание бесплатно · безмолвное расставание русская озвучка бесплатно
2026-09-14,mesyatsy-posle-rasstavaniya,месяцы после расставания,3249,Отношения и близость,/artterapy,обзор,месяцы после расставания · бывший месяц после расставания · через месяц после расставания · спустя месяц после расставания · прошел месяц после расставания · парень после месяца расставания · после расставания месяц не проходит · два месяца после расставания · прошло 2 месяца после расставания · месяц после расставания не пишет · женщина месяц после расставания · три месяца после расставания
2026-09-14,kak-izbavitsya-ot-razdrazheniya,как избавиться от раздражения,3226,Эмоции и состояния,/artterapy,что делать,как избавиться от раздражения · как избавиться от раздражения после · раздражение от бритья как избавиться · как избавиться от раздражения после бритья · как избавится от раздражения в зоне · как справиться с раздражением · как избавиться от раздражения на ногах · как избавиться от раздражения бикини · как избавиться от раздражения после бритья ног · раздражение под мышками что делать если покраснение · как избавиться от раздражения в зоне бикини · как избавиться от раздражения на лице · как избавиться от раздражения после бритья бикини
2026-09-14,ot-trevozhnosti-i-stressa,от тревожности и стресса,3187,Тревога и депрессия,/artterapy,обзор,от тревожности и стресса · снижение стресса и тревожности · сильный стресс и тревожность · тревожность после стресса · магний от тревожности и стресса · снятие стресса и тревожности · тревога тревожность стресс · стресс страх тревожность · постоянный стресс и тревожность · хронический стресс и тревожность · тревожность стресс выгорание · бессонница стресс тревожность · тревожность на фоне стресса
2026-09-14,vylechu-depressiyu,вылечу депрессию,3181,Тревога и депрессия,/artterapy,обзор,вылечу депрессию · как вылечить депрессию · как вылечить депрессию самостоятельно · вылечивается ли депрессия
2026-09-14,privyazannost-zhenschiny,привязанность женщины,3157,Отношения и близость,/artterapy,обзор,привязанность женщины · привязанность между женщинами · гормон привязанности у женщин
2026-09-14,prichiny-perenosa-otpuska,причины переноса отпуска,3083,Словарь и термины,/artterapy,причины,причина переноса · причины переноса отпуска · причина переноса рейса
2026-09-14,otnosheniya-s-zhenatym-muzhchinoy,отношения с женатым мужчиной,3032,Отношения и близость,/artterapy,обзор,отношения с женатым мужчиной · отношения с женатым мужчиной советы · отношения с женатым мужчиной с ребенком · свободные отношения с женатым мужчиной
2026-09-14,nachalo-depressii,начало депрессии,3008,Тревога и депрессия,/artterapy,обзор,начало депрессии · начальная депрессия · начало великой депрессии
2026-09-14,vospitanie-detey-cherez,воспитание детей через,3008,Дети и подростки,/artterapy,обзор,воспитание детей через · воспитание детей через культуру · воспитание детей через сказки · воспитание детей через народные игры · воспитание детей через семью · воспитание детей через природу
2026-09-14,samootsenka-podrostka,самооценка подростка,2978,Самооценка и личность,/artterapy,обзор,самооценка подростка · подростковая самооценка · самооценка девочки подростка · развитие самооценки подростков · самооценка подростков книга · особенности самооценки подростков · заниженная самооценка подростков · формирование самооценки подростков · влияние самооценки на подростков · диагностика самооценки подростков · поднятие самооценки подростку
2026-09-14,lyubit-posle-rasstavaniya,любить после расставания,2948,Отношения и близость,/artterapy,обзор,любить после расставания · любить человека после расставания · любит ли после расставания · после расставания говорит что любит
2026-09-14,rasstavanie-pomogaet,расставание помогает,2932,Отношения и близость,/artterapy,обзор,расставание помогает · помогите пережить расставание · помогает ли расставание
2026-09-14,rasstavanie-zabyt,расставание забыть,2916,Отношения и близость,/artterapy,обзор,расставание забыть · как быстро забыть расставание · как забыть и пережить расставание
2026-09-14,sovremennoe-vospitanie-detey,современное воспитание детей,2906,Дети и подростки,/artterapy,обзор,современное воспитание детей · современное воспитание и развитие детей · условия воспитания современных детей · современные подходы воспитания детей · воспитание личности современных детей · современные технологии воспитания детей · воспитание детей в современном мире · современные принципы воспитания детей · современные системы воспитания детей · современное воспитание детей в школе
2026-09-14,emotsionalnaya-empatiya,эмоциональная эмпатия,2853,Отношения и близость,/artterapy,обзор,эмоциональная эмпатия · чувство эмпатии · эмпатия в психологии · психологическая эмпатия · эмпатия эмоциональное другому человеку · эмпатия психолога · эмпатия и эмоциональный интеллект · эмоциональный человек и эмпатия · эмоциональное состояние эмпатия · человек с чувством эмпатии · эмпатия в психологии кратко · когнитивная и эмоциональная эмпатия · выгорание эмпатии · эмпатия постижение эмоционального · психологический центр эмпатия · эмпатия развитие эмоционального интеллекта · эмпатия терапия · развивать чувство эмпатии · развитое чувство эмпатии · высокое чувство эмпатии · эмпатия что это в психологии простыми · эмпатия с точки зрения психологии · эмоциональная идентификация эмпатия · отсутствие эмоциональной эмпатии · психолог без эмпатии · эмпатия и самооценка · эмпатия чувствовать другого человека
2026-09-14,podrostkovyy-vozrast-u-devochek,подростковый возраст у девочек,2849,Дети и подростки,/artterapy,обзор,подростковый возраст у девочек · мальчик девочка подросткового возраста · грудь девочек подросткового возраста · когда начинается подростковый возраст у девочек
2026-09-14,pisat-posle-rasstavaniya,писать после расставания,2846,Отношения и близость,/artterapy,обзор,писать после расставания · писать ли после расставания · после расставания не писать первой
2026-09-15,buduschee-otnosheniya-s-muzhchinoy,будущее отношения с мужчиной,2838,Отношения и близость,/artterapy,обзор,будущее отношения с мужчиной · ближайшее будущее отношения с мужчиной · онлайн на будущее отношений с мужчиной
2026-09-15,lyubov-i-otnosheniya-s-muzhchinoy,любовь и отношения с мужчиной,2804,Отношения и близость,/artterapy,обзор,любовь и отношения с мужчиной · отношения мужчин с любовницей · любовные отношения с мужчиной · аффирмация на любовь и отношения с мужчиной · медитация на отношения с мужчиной и любовь · отношения женатого мужчины с любовницей · отношения с мужчиной любовником
2026-09-15,zavyshennaya-samootsenka,завышенная самооценка,2803,Самооценка и личность,/artterapy,обзор,завышенная самооценка · эрудит с завышенной самооценкой · как называется завышенная самооценка · эрудит с завышенной самооценкой 9 · адекватно завышенная самооценка · эрудит с завышенной самооценкой 9 букв
2026-09-15,napisal-posle-rasstavaniya,написал после расставания,2792,Отношения и близость,/artterapy,обзор,написал после расставания · после расставания написал через · после расставания хочу написать · после расставания написала первая
2026-09-15,pomosch-bessoznatelnogo,помощь бессознательного,2778,Словарь и термины,/artterapy,обзор,помощь бессознательного · помощь бессознательном состоянии · помощь человеку в бессознательном состоянии · помощь пострадавшему в бессознательном состоянии · помощь пострадавшему находящемуся в бессознательном состоянии · первая помощь бессознательное состояние · первая помощь пострадавшим в бессознательном состоянии · первая помощь находящемуся в бессознательном состоянии
2026-09-15,otsenka-samootsenka,оценка самооценка,2759,Самооценка и личность,/artterapy,обзор,оценка самооценка · оценка результатов самооценка · методы оценки самооценки · действия оценки самооценки · оценка и самооценка учебной · влияние оценки на самооценку · самоконтроль оценка самооценка самоконтроль · самооценка критерии оценка · оценка и самооценка работы · контроль самооценка и оценка
2026-09-15,trevozhnost-mysli,тревожность мысли,2748,Тревога и депрессия,/artterapy,обзор,тревожность мысли · навязчивые мысли тревожность · тревожность плохие мысли · тревожность какие мысли · в голове тревожность мысли
2026-09-15,grud-v-podrostkovom-vozraste,грудь в подростковом возрасте,2732,Дети и подростки,/artterapy,обзор,грудь в подростковом возрасте · как уменьшить грудь в подростковом возрасте · как сделать грудь больше в подростковом возрасте · как отрастить грудь в подростковом возрасте · болит грудь в подростковом возрасте
2026-09-15,shagov-k-stabilnoy-samootsenke,шагов к стабильной самооценке,2704,Самооценка и личность,/artterapy,обзор,шагов к стабильной самооценке · самооценка 7 шагов · шагов стабильной самооценки книга · книга 7 шагов к самооценке · книга 7 шагов к стабильной самооценке · семь шагов к самооценке · семь шагов к стабильной самооценке · шагов к стабильной самооценке аудиокнига · здоровая самооценка 10 шагов · здоровая самооценка 10 шагов бернс · самооценка бернс 10 шагов
2026-09-15,bessoznatelnom-sostoyanii-postradavshego,бессознательном состоянии пострадавшего,2684,Словарь и термины,/artterapy,обзор,бессознательном состоянии пострадавшего · пострадавший находится в бессознательном состоянии · пострадавшего в бессознательном состоянии необходимо · бессознательное состояние положение пострадавшего · транспортировки пострадавших в бессознательном · транспортировка пострадавших в бессознательном состоянии · пострадавшему находящемуся в бессознательном состоянии необходимо · транспортировка пострадавшего в бессознательном состоянии осуществляется · осмотр пострадавшего в бессознательном состоянии · как проверяется пульс при бессознательном состоянии пострадавшего · положение пострадавшего в бессознательном состоянии ответ
2026-09-15,grustnoe-rasstavanie,грустное расставание,2669,Отношения и близость,/artterapy,обзор,грустное расставание · грусть расставание · грустное расставание до слез · грустное видео расставание · самые грустные расставания
2026-09-15,profilaktika-bullinga,профилактика буллинга,2656,Отношения и близость,/artterapy,обзор,профилактика буллинга · буллинг план профилактики · программы профилактика буллинга · мероприятия по профилактике буллинга · профилактика буллинга подростков · работа по профилактике буллинга · профилактика буллинга детям · профилактика буллинга психолог · профилактика травли буллинга · профилактика буллинга в классе · занятие профилактики буллинга · профилактика буллинга темы · профилактика буллинга кибербуллинга · социальная профилактика буллинга · педагог и профилактика буллинга · психологическая профилактика буллинга · профилактика буллинга несовершеннолетних · план мероприятий по профилактике буллинга · профилактика моббинга и буллинга · правила профилактики буллинга · план работы профилактика буллинга · классные часы профилактика буллинга · классный час буллинг профилактика · профилактика буллинга цель
2026-09-15,trevozhnost-hanina,тревожность ханина,2616,Тревога и депрессия,/artterapy,обзор,тревожность ханина · ханин тревожность · ю ханин тревожность · ю л ханин тревожность · ю л ханина тревожности · диагностика тревожности ханина · самооценка тревожности ханина
2026-09-15,srednyaya-depressiya,средняя депрессия,2603,Тревога и депрессия,/artterapy,обзор,средняя депрессия · депрессия средней тяжести · выраженная депрессия средней · выраженная депрессия средней тяжести
2026-09-15,vysokaya-trevozhnost,высокая тревожность,2601,Тревога и депрессия,/artterapy,обзор,высокая тревожность · высокая тревожность людей · высокая социальная тревожность
2026-09-15,stress-vygoraniya,стресс выгорания,2601,Выгорание и работа,/coach,обзор,стресс выгорания · хронический стресс и выгорание · стресс истощение выгорание · выгорание избавлению от стресса · стрессоустойчивость выгорание · выгорание новый подход к избавлению от стресса · стресс выгорание депрессия · усталость стресс выгорание · стрессовое выгорание · стресс и выгорание на работе
2026-09-15,v-protsesse-vospitaniya-rebenok-tsennosti,в процессе воспитания ребенок ценности,2565,Дети и подростки,/artterapy,обзор,в процессе воспитания ребенок ценности · основные ценности воспитания ребенка · ценности основа воспитания ребенка
2026-09-15,zanizhennaya-samootsenka,заниженная самооценка,2550,Самооценка и личность,/artterapy,обзор,заниженная самооценка · заниженная самооценка депрессия · неадекватная заниженная самооценка · родители занижают самооценку · завышенная и заниженная самооценка
2026-09-15,otnosheniya-s-muzhchinoy-posle-50,отношения с мужчиной после 50,2540,Отношения и близость,/artterapy,обзор,отношения с мужчиной после 50 · отношения с мужчиной после 40 · отношения с мужчиной после 60 лет · отношения после расставания с мужчиной · отношения с мужчинами после развода · отношение с мужчиной после 50 лет · после разрыва отношений с мужчиной · отношения с женатым мужчиной после · отношения с мужчиной после 40 лет
2026-09-15,perehodnyy-vozrast-stendap,переходный возраст стендап,2535,Дети и подростки,/artterapy,обзор,переходный возраст стендап · переходный возраст стендап сергей · стендап концерт переходный возраст
2026-09-15,devushka-v-otnosheniyah-s-muzhchinoy,девушка в отношениях с мужчиной,2515,Отношения и близость,/artterapy,обзор,девушка в отношениях с мужчиной · девушки не хотят отношений с мужчиной · девушка с ребенком отношения с мужчиной · отношения взрослого мужчины с девушкой
2026-09-15,kak-perezhit-razvod-s-muzhem,как пережить развод с мужем,2494,Отношения и близость,/artterapy,что делать,как пережить развод с мужем · как пережить развод с женой · как пережить развод советы · как пережить развод мужчине · как пережить развод психолог · как пережить развод советы психолога · как пережить развод после · как пережить развод с мужем советы · как пережить развод с мужем психолог · как пережить развод с мужем советы психолога · развод как пережить женщине · как пережить развод форум · как пережить развод родителей · как пережить развод люблю · как пережить развод с любимой · как пережить развод с любимым мужем · как пережить развод с мужем форум · книга как пережить развод · как пережить развод с мужем которого любишь · курпатов как пережить развод · развод с мужем как пережить ребенку · как пережить развод сына · как пережить развод с женой и детьми · как пережить измену и развод · предательство развод как пережить · как помочь ребенку пережить развод · как пережить развод с мужем после · как пережить развод в 40 лет · как пережить предательство мужа и развод · как пережить расставание развод · развод с детьми как пережить мужчине · как пережить развод с двумя
2026-09-15,bulling-podrostkov,буллинг подростков,2442,Отношения и близость,/artterapy,обзор,буллинг подростков · подростковый буллинг · буллинг в подростковой среде · буллинг среди подростков
2026-09-15,psihologicheskoe-vygoranie,психологическое выгорание,2435,Выгорание и работа,/coach,обзор,психологическое выгорание · синдром психологического выгорания · психологические факторы выгорания · социально психологическое выгорание · психологического выгорания личности
2026-09-15,otritsanie-depressiya,отрицание депрессия,2432,Словарь и термины,/artterapy,обзор,отрицание депрессия · отрицание торг депрессия · отрицание депрессия принятие · отрицание депрессия торги принятие · отрицание торг депрессия принятие · отрицание в психологии · психологическое отрицание · чувство отрицания · психология отрицание принятие · принятие смирение отрицание депрессия · отрицание гнев торг депрессия смирение · механизмы психологической отрицание · отрицание гнев торг депрессия принятие смирение · отрицание депрессия принятие смирение торг · отрицание механизм психологической защиты
2026-09-16,privyazannost-u-muzhchiny,привязанность у мужчины,2370,Отношения и близость,/artterapy,обзор,привязанность у мужчины · привязанность мужчины к женщине · привязанность мужчины к бывшей · привязанность мужчины и любовь · эмоциональная привязанность к мужчине · привязанность между мужчинами
2026-09-16,samootsenka-lichnosti,самооценка личности,2367,Самооценка и личность,/artterapy,обзор,самооценка личности · личностной самооценки · самооценка качества личности · самосознание личности самооценка личности · развитие личности самооценки · формирование личности самооценка · самооценка психических состояний личности · личностные особенности самооценка · самооценка личностные качества · высокая самооценка личности · айзенка самооценка психических состояний личности · личностно профессиональная самооценка · притязание личности самооценка · оценка и самооценка личности · внутренняя самооценка личности · структура самооценки личности · особенности самооценки личности · диагностика самооценка личности
2026-09-16,muzhchina-s-detmi-otnosheniya,мужчина с детьми отношения,2334,Отношения и близость,/artterapy,обзор,мужчина с детьми отношения · отношения с мужчиной живущего с детьми · строю отношения с мужчиной с детьми · отношения с мужчиной с 2 детьми · отношения с мужчиной с двумя детьми
2026-09-16,terapiya-trevogi,терапия тревоги,2329,Тревога и депрессия,/artterapy,обзор,терапия тревоги · терапия тревожности · бернс терапия тревоги · терапия тревоги дэвид бернс · когнитивная терапия тревоги · тревожность арт терапия · когнитивная терапия тревожности
2026-09-16,roditelskoe-vospitanie-detey,родительское воспитание детей,2314,Дети и подростки,/artterapy,обзор,родительское воспитание детей · работа родителей и воспитание детей · формы воспитания детей родителями · воспитание детей несовершеннолетние родители · родители ненадлежащее воспитание детей · роль родителей в воспитании детей · задачи воспитания родителями детей · особенности воспитания детей родителями · педагоги и родители в воспитании детей · пример родителей в воспитании детей · помощь родителям в воспитании детей · проблема воспитание детей родителями · методы воспитания родителями детей · участие родителей в воспитании детей · отношение родителей к воспитанию детей · поддержка родителей в воспитании детей · беседа с родителями воспитание детей · личность родителей в воспитании детей · воспитание детей советы родителям · темы воспитания детей для родителей · воспитание детей с овз родителями · рекомендация родителям по воспитанию детей · семейный кодекс воспитание детей родителями · компетентность родителей в воспитании детей · культура родителей в воспитании детей · родители не занимаются воспитанием детей · подготовка родителей к воспитанию детей · воспитание детей родители бабушки · мероприятия по воспитанию детей с родителями · родители не участвующие в воспитании детей · педагогическая помощь родителям в воспитании детей · какова роль родителей в воспитании детей · закон о воспитании детей родителями · книги о воспитании детей для родителей · благодарность родителю за воспитание детей · просвещение родителя по вопросам воспитания детей
