блок,название_блока,cta,тема,частота,тип_вопроса,объект,покрыто,ключи
12,Сон и бессонница,/online,снов годом,20267021,обзор,сон11801236,,снов годом · суть снов · ловец снов · книга снов · начать снов · город снов · джой снов · забытых снов · пожиратель снов · по следам своих снов · мир снов · открой снов · баку снов · баку пожиратель снов · тихих снов · закрой снов · желание снов · сад снов · нежных снов · снов осколки · карта снов · домой снов · по следам своих снов дзен · над снов · человек из снов · демон снов · начинается снов · свежих снов · ну снов · пропусти снов · страна снов · каких снов можно · андреев снов · снов день снов ночь · прекрасных снов · теплых снов · вокруг снов · снов пока · д снов · милых снов
12,Сон и бессонница,/online,сны поездов,20256390,обзор,сон11801236,,сны поездов · осенние сны · значимые сны · белые сны · читаем сны · сны утром · черные сны · русские сны · чужие сны · сны мертвых · летние сны · сны сегодня · сны августа · сны леса · сны алисы · сны на понедельник · сны первых · что обозначают сны · какие сны снятся · легкие сны · сны недели · сны со среды · странные сны · кошкам снятся сны · тяжелые сны · маленьким снятся сны · сны саламандры · сны резка · спите дети сны · цветные сны · другие снятся сны · эротические сны · сны каждую ночь · снятся черные сны · сны реальны · сны бывают · сны ростов · сны снятся каждому · розовые сны · сны сталкера
12,Сон и бессонница,/online,взносы по усну,2025478,обзор,как уснуть157766,,взносы по усну · усну первой · основание усну · я без тебя не усну · вдруг усну · усну завтра · усну молодой · сегодня не усну · я сейчас усну · ждешь когда усну · нко усну · чувствую усну · усну или аусн · обратно усну · я не усну урал · урал гайсин я не усну · для перехода в усну · потом ночью не усну · щас усну · если я усну в 00 · усну под утро · никогда никогда не усну · пока я не усну · я без тебя опять не усну · пусть усну · я тоже усну · усну ли я ночью · усну и там проснусь · а дождь никак не усну · я без тебя опять не усну ночь
12,Сон и бессонница,/online,бессонница после школы,2023160,обзор,бессонница379503,,бессонница после школы · бессонница после · бессонница женщины после · бессонница у женщин после · бессонница после магния · бессонница после запоя · бессонница после алкоголя · день после бессонницы · бессонницу после ночи · бессонница после 60 у женщин · сны после бессонницы
12,Сон и бессонница,/online,уснувший пассажир,1993620,обзор,как уснуть157766,,уснувший пассажир · уснувшие мамочки · уснувший мальчик · ебет уснувшую · кончил уснувшей · уснувшее поле · уснувший водитель · уснувшую попу · уснувшая тетя · дал в рот уснувшей · вставил уснувшей · уснувший лес · уснувшее солнце · уснувшая душа · уснувший гей · раздел уснувшую · раздевает уснувшую · уснувшие языки · звезды уснувшая · уснувшая беременность · уснувший присунули · писи уснувшие · уснувшее дитя · выебал уснувшую жену · видео уснувшей жены · в рот уснувшей сестры · уснувшие милфы · трогает уснувшую · уснувшая частное · сунул уснувшую · парень уснувшего друга · лижу уснувшей · пьяные уснувшие анал · выебал уснувшую девушку · гладил уснувшую · уснувший таксист · уснувшая птица · сиськи пьяной уснувшей · уснувшая тайна · уснувшие мышцы
12,Сон и бессонница,/online,видеть во сне,604390,обзор,сон11801236,,видеть во сне · что значить видеть во сне · что значит видеть во сне · видеть во сне быв · видеть во сне живых · видеть во сне день · видеть во сне нея · видеть во сне голы · каждый день видеть тебя во сне · видеть во сне исламский · видеть во сне маму · видеть во сне кошку · видеть во сне другого · видеть со сне · видеть во сне сына · видеть себя голой во сне · видеть во сне замужней · видеть во сне котят · видеть во сне чужие · видеть во сне новое · видеть во сне длинные · видеть во сне очень · видеть во сне отца · видеть во сне медведя · видеть во сне гроб · видеть во сне дочь · видеть во сне крысу · видеть во сне говно · видеть во сне со · видеть во сне лошадь · видеть во сне машину · видеть во сне цветы · во сне видеть грязный · видеть во сне младенца · во сне видеть хотя · видеть во сне жену · видеть во сне цвет · видеть во сне тараканов · видеть во сне чистое · видеть во сне подругу
12,Сон и бессонница,/online,перед сном,468965,обзор,сон11801236,,перед сном · ли перед сном · сказка перед сном · перед сном для детей · молитва перед сном · читаем перед сном · читать перед сном · ела перед сном · перед каким сном · сказки перед сном для детей · секс перед сном · медитация перед сном · перед сном принято · видео перед сном · мультики перед сном · порно перед сном · день перед сном · каждой перед сном · можно на ночь перед сном · перед сном для малышей · сказки перед сном читать · читаем сказки перед сном · читаем сказки перед сном читает · чай перед сном · успокаивающее перед сном · читаем детям перед сном · читать детям перед сном · едят ли перед сном · коран перед сном · вода перед сном · молитва на ночь перед сном · богу перед сном · девушка перед сном · дуа перед сном · сказки перед сном читаем детям · мужчина перед сном · что значит перед сном
12,Сон и бессонница,/online,сон ребенка,420943,обзор,сон11801236,,сон ребенка · сон 2 ребенка · дневной сон ребенка · сон ребенка в год · сон ребенка ночью · сон ребенок бывшего · сон спящий ребенок · сон рожать ребенка · сон маленький ребенок · ночной сон ребенка · сон кормила ребенка · сон делать ребенка · сон голова ребенка · сон ребенка днем · сон месячного ребенка · сон усыплять ребенка · белый сон ребенка · сон и бодрствование ребенка
12,Сон и бессонница,/online,просыпаюсь в,417042,обзор,проснуться1115688,,просыпаюсь в · просыпайся в 6 · просыпаться в 5 · просыпаюсь в 4 · будете просыпаться · часы просыпаются · просыпайся ложись · год просыпается · просыпаюсь в поту · просыпаюсь в 2 · просыпаться в 3 · какие просыпается · просыпаться плачущий · просыпаемся и поем · просыпаюсь в 4 и · болел просыпаюсь · вставай просыпайся · просыпайся друг · скажи просыпайся · просыпаются рот · сын просыпайся · женщины просыпаются · новый просыпаться · мужчина просыпается · просыпаешься лицо · ночами просыпаюсь и плачу · просыпаться от боли · давай просыпайся · тяжело просыпаться · просыпайтесь малыши · комната просыпается · город просыпается · знаешь просыпаешься · я просыпаюсь текст · просыпается вода · просыпаюсь в 3 и · жить просыпаться · просыпаюсь после снов · просыпаюсь среди · кричать просыпаться
12,Сон и бессонница,/online,сон 3,411154,обзор,сон11801236,,сон 3 · сон 2 · бесплатный сон · ли сон · сон 1 · сон можно · добро сон · часы сон часа · сон дне · сон онлайн · сон ели · сон ест · сон спящие · сон живая · сон самому · сон пришла · глубокий сон · сон мама · сон нога · сон убитые · сон новорожденного · сон онлайн бесплатно · сон любимый · усыпляющий сон · сон плачущий · сон сильнее · сон прийди · сон приходит · сон приходят · сон говорящий · найденный сон · плохой сон · сон очень · сон машина · твой сон · болящих сон · нова сон · сон данные · сон дам · дай сон
12,Сон и бессонница,/online,сон бывший,372535,обзор,сон11801236,,сон бывший · сон бывший ест · сон бывший муж · сон бывший парень · сон бывший хочет · сон бывший спящий · сон бывший мужчина · сон бывший дома · сон утром бывший · сон бывший любимый · сон бывший пришел · сон бывший со мной · что значит сон бывший парень · сон приснились бывшие мужчины · сон бывший мужчина с женщиной · сон где бывший мужчина · сон бывший любимый мужчина · сон бывший мужчина с другой
12,Сон и бессонница,/online,сколько нужно спать в,301106,сколько,сколько нужно спать30829,,сколько нужно спать в · сколько нужно спать · сколько нужно спать подростку · сколько нужно спать утром · сон сколько нужно спать · сколько нужно спать в часах · сколько времени нужно спать · сколько нужно спать женщине · сколько нужно спать в сутки · сколько нужно спать взрослому · во сколько лет сколько нужно спать · сколько нужно спать для здорового · сколько нужно спать для здорового сна · сколько нужно спать ночью · сколько нужно спать в день · сколько нужно спать девочке · сколько нужно спать в сутки взрослому · сколько нужно спать мужчине · сколько нужно спать девушке · сколько нужно спать в 14 лет · сколько минимум нужно спать · сколько нужно спать в 12 лет · сколько нужно спать в месяц · сколько детям нужно спать днем
12,Сон и бессонница,/online,проснулась 2,301059,обзор,проснуться1115688,,проснулась 2 · проснуться в 23 · проснуться в 12 · проснуться в 11 · проснуться в · как проснуться в · проснуться бывший · проснуться суть · проснулся в 3 в · что значит проснуться в · проснуться где · проснуться ли · время проснуться · проснуться сильный · нужно проснуться · очень проснулась · проснуться значить · став проснуться · проснешься бесплатно · проснуться увидеть · мужа проснулась · надо проснуться · под проснуться · проснись что значит · тело проснуться · ели проснулась · проснись мал · резко проснуться · луна проснулась · проснуться сниться · сразу проснулась · проснуться говорить · первым проснулся · проснулся первый · сама проснись · проснитесь братья · проснулась вечером · проснись про · проснуться там · вижу проснулись
12,Сон и бессонница,/online,закон бессонницы,283747,обзор,бессонница379503,,закон бессонницы · закон бессонницы глава · читать закон бессонницы · манхва закон бессонницы · закон бессонницы 283 глава
12,Сон и бессонница,/online,после сна,252847,обзор,сон11801236,,после сна · боли после сна · после сна болит · утром после сна · дети после сна · женщины после сна · после сна перед сном · после сна днем · после сна болит голова · утром после сна болит · после сна сильно · человек после сна · после дневного сна · отеки после сна · после сна больно · гимнастика после сна · мужчина после сна
12,Сон и бессонница,/online,толкование снов,238015,обзор,сон11801236,да,толкование снов · толкование снов бесплатно · толкование снов онлайн · толкование снов мужчины · толкование снов онлайн бесплатно · толкование снов и сновидений · толкование снов юноны · толкование снов для мужчин бесплатно · толкование снов бывший · толкование снов по сунне · толкование снов человек · толкование снов и сновидений бесплатно · толкование снов много · толкование снов дети · толкование снов большой · толкование снов волосы · толкование снов змей · мусульманское толкование снов · исламское толкование снов · толкование снов собака · толкование снов маленькая · толкование снов покойных · толкование снов умер · толкование снов без регистрации · толкование снов онлайн бесплатно без регистрации · толкование снов по алфавиту · толкование снов кошки · толкование снов мама · цветков толкование снов · толкование снов жена · толкование снов машина · толкования снов ванга · толкования снов ванги · толкование снов в исламе · толкование снов что значит · толкование снов голова · толкование снов платье · толкование снов пол · толкование снов сын · толкование снов беременных
12,Сон и бессонница,/online,без сна,228152,обзор,сон11801236,,без сна · для сна без рекламы · для сна без рецепта · без сна онлайн · для сна без рекламы успокаивающие · для сна взрослым без рецептов · снотворное для сна без рецепта · шум для сна без рекламы · снотворное без рецепта хорошее для сна · человек без сна · снотворное для сна взрослым без рецепта · снотворное без рецепта хорошее для сна взрослым · женщина без сна · белый шум без сна · белый шум для сна без рекламы · для сна без привыкания · день без сна · часов без сна · часы без сна
12,Сон и бессонница,/online,сон мужчина,205473,обзор,сон11801236,,сон мужчина · сон у мужчин после · сон мужчина девушке · сон взрослый мужчина · сон мужчина что значит · сон целую мужчину · сон увидеть мужчину · сон большой мужчина · сон мужчина обнимает · сон где мужчины · сон сильный мужчина · сон дом мужчины · сон умерший мужчина · сон мужчина без · сон поймал мужчина · сон хотеть мужчину · сон голова мужчины · сон мужчина говорит · сон любовь мужчины · сон кровь мужчины · сон убитый мужчина · сон убила мужчину · сон черный мужчина · сон мужчина дарит · сон мужчина ест · сон про мужчину · сон секс с мужчиной · сон пришел мужчина · сон мужчина который нравится · сон мужчина кольцо · сон приходит мужчина · сон мужчина подарил · сон мужчина делает · сон мужчина смотрит · сон мужчина идет · сон два мужчины · сон молодой мужчина · сон маленький мужчина · танцующие мужчины сон · сон пьяный мужчина
12,Сон и бессонница,/online,что значат сны,198541,обзор,сон11801236,,что значат сны · что значат сны человека · что значат сны где · что значат сны ребенка · что значат сны со · что значат твои сны · что значат сны в исламе · что значат белые сны · что значат сны с парнем · какие сны что значат · сны значащую беременности · что значат хорошие сны · что значат плохие сны · что значат сны с четверга · что значат сны на среду · что значат сны на вторник · что значат страшные сны сны · что значат сны с понедельника · что значат разные сны · что значат сны утром · что значат сны со среды · значат ли что то сны · что значат сны с покойниками · что значат сны с понедельника на вторник · что сегодня значат сны · сны ничего не значат · что значат сны когда тебя убивают · что значат странные сны · сны со среды на четверг что значат · что значат повторяющиеся сны
12,Сон и бессонница,/online,что означает сон,195573,определение,сон11801236,,что означает сон · что означает сон женщина · что означает сон девушка · что означает сон парень · что означает сон мужчина · что означает сон много · что означает черный сон · что означает сон волосы · что означает белый сон · что означает сон пятницу · что означает сон четверг · что означает сон машина · что означает сон подруга · сон что родила что означает · что означает сон без · что означает сон с другом · что означает сон покойник · что означает данный сон · покойный сон что означает · что означает сон выходить · что означает сон жена · что означает сон мальчик · что означает сон девочка · что означает сон отец · что означает сон в руку · что означает сон брат · что означает сон с четверга на пятницу · что означает сон утром · что означает сон бабушка · что означает сон обнять · что означает сон собирать · что означает сон нож · сон лошади что означает · что означает сон кольцо · что означает сон потерять · что означает хороший сон · сон голый что означает · что означает сон любимый человек · что означает сон заниматься · что означает сон со вторника
12,Сон и бессонница,/online,проснулась от члена,182058,обзор,проснуться1115688,,проснулась от члена · секс проснулась от члена · проснулась от члена русские · проснулась от члена домашнее · сестра проснулась от члена · проснулась от члена в попке · мачеха проснулась от члена · русский секс проснулась от члена · мама проснулась от члена · проснулась от члена сводного · проснулась от члена пасынка
12,Сон и бессонница,/online,проснулась от секса,181762,обзор,проснуться1115688,,проснулась от секса · подруга проснулась от секса видео · проснулась от секса домашнее · проснулась от секса домашнее видео · проснулась после секса · сестра проснулась от секса
12,Сон и бессонница,/online,время сна,179803,обзор,сон11801236,,время сна · асмры для сна · много сна · часы сна · дождь для сна · качество сна · медитация для сна · норма сна · ортопедические для сна · маска для сна · рецепт сна · видео для сна · дорога сна · мелатонин для сна · чаще сна · качество сна онлайн · немеют сна · калькулятор сна · лекции для сна · жила сна · автостопом по фазе сна · гипноз для сна · нарушение сна · регресс сна · апноэ сна · снотворное для сна · релакс для сна · мелодия для сна · сила сна · бог сна · код сна · время сна ребенка · во время сна немеет · кубик сна · таймер сна · лучшие снотворные для сна · мультики для сна · не знающие сна · трекер сна · система для сна
12,Сон и бессонница,/online,ребенок во сне,178592,обзор,сон11801236,,ребенок во сне · плачущий ребенок во сне · ребенок плачет во сне · ребенок скрипит во сне · родить ребенка во сне · кормить ребенка во сне · ребенок потеет во сне · кормить ребенка грудью во сне · ребенок во сне сильно · что значит ребенок во сне · во сне видела кормила ребенка грудью · что значит рожать во сне ребенка
12,Сон и бессонница,/online,сон где,176981,обзор,сон11801236,,сон где · к чему сниться сон где · приснился сон где · что значит сон где · сон где человек · сон где девушка · сон где парень · там где сон там · что значит если приснился сон где · что значит сон где парень
12,Сон и бессонница,/online,сон умерший,174217,обзор,сон11801236,,сон умерший · сон умерший умирает · сон умерший жив · сон приснился умерший · сон умершая мама умирает · сон умерший муж · сон умерший отец · сон умершая бабушка умерла · говорит умерший сон · сон где умерший · что значит сон бывшая умершая · что значит сон умерший отец
12,Сон и бессонница,/online,как уснуть,157766,обзор,как уснуть157766,,как уснуть · как быстро уснуть · уснуть за · суть уснуть · какая уснуть · как уснуть за · быстро уснуть за · как уснуть в · где уснуть · надо уснуть · уснуть сильно · уснуть стоя · как быстро уснуть за · уснуть через · смог уснуть · пытаюсь уснуть · как можно уснуть · как уснуть днем · не смогла уснуть · пора уснуть · уснуть или заснуть · став уснуть · как уснуть очень · как уснуть утром · как правильно уснуть · уснуть нормально · никак уснуть · кто уснуть часть · тяжело уснуть · какая быстро уснуть · капли уснуть · детские уснуть · как можно быстро уснуть · невозможно уснуть · уснуть или заснуть как правильно · сон видео уснуть · уснуть прямо сейчас · наебашится уснуть · под что уснуть · как быстро уснуть сейчас
12,Сон и бессонница,/online,асмр для сна,142970,обзор,сон11801236,,асмр для сна · асмр для сна и глубокого · асмр для расслабления и сна · асмр для сна и глубокого расслабления · асмр для сна макияж · асмр шепот для сна · асмр для сна массаж
12,Сон и бессонница,/online,успокаивающее для сна,139856,обзор,сон11801236,,успокаивающее для сна · для сна успокаивающая и усыпляющая · для успокоения сна · для сна ребенка успокаивающая · для сна малышам успокаивающие · успокаивает для малышей для сна · успокаивающие для новорожденных для сна · успокоительное для сна
12,Сон и бессонница,/online,спокойного сна,137057,обзор,сон11801236,,спокойного сна · спокойного сладкого сна картинки · пожелания спокойного сна · открытки спокойной сладкого сна · ложитесь спокойного сна · спокойного доброго сна картинки · спокойного сна мужчины картинки · спокойного сна любимому мужчине · спокойного сна что значит
12,Сон и бессонница,/online,просыпаюсь ночью,136430,обзор,проснуться1115688,,просыпаюсь ночью · просыпаюсь ночью в · просыпаюсь ночью в 2 · просыпаться ночью в 22 · просыпается ночью и плачет · просыпается ночью в год · временами ночью просыпаюсь · просыпалась ночью сны · начала просыпаться ночью · стал просыпаться ночью · постоянно просыпаюсь ночью · просыпаюсь ночью в туалет · просыпаюсь ночью что значит · просыпаться ночью в одно и тоже · просыпается ночью и начинает · просыпаюсь в одно и тоже время ночью · сплю час и просыпаюсь ночью · резко просыпаюсь ночью · просыпаюсь ночью ем · просыпаться ночью от сильной · днем спят ночью просыпаются · малыш просыпается ночью · ночью рано просыпаюсь · просыпается женщина ночью · просыпаюсь пить ночью · ночью просыпаюсь и кричу · форум просыпаюсь ночью · просыпаюсь ночью в поту · новорожденный просыпается ночью · просыпаюсь ночью и ору · много просыпаюсь ночью · просыпаюсь ночью сердце · неделю просыпаюсь ночью · просыпается ночью и плачет 2 года · приметы просыпаться ночью · страшно просыпаться ночью · просыпается ночью в 3 года · просыпаешься ночью стоя · ночью кушать просыпаться · просыпается жена ночью
12,Сон и бессонница,/online,во сне быв,134987,обзор,сон11801236,,во сне быв · собака во сне · убить во сне · плакать во сне · кошка во сне · покойник во сне · вода во сне · порно во сне · спать во сне · во сне рожу · родить во сне · котята во сне · крыса во сне · потерянный во сне · тараканы во сне · кот во сне · мыло во сне · паук во сне · беременность во сне · голая во сне · поле во сне · покупать во сне · хожу во сне · ходящая во сне · младенец во сне · мыши во сне · сестра во сне · мясо во сне · грибы во сне · дергаюсь во сне · обувь во сне · во сне незамужней · целоваться во сне · потею во сне · пожар во сне · полет во сне · стану во сне · снег во сне · яйца во сне · месячные во сне
12,Сон и бессонница,/online,шум для сна,129177,обзор,сон11801236,,шум для сна · белый шум для сна · шум дождя для сна · шум для сна новорожденных · белый шум для новорожденных для сна · шум для сна успокаивающая · шум моря для сна · белый шум сна успокаивающие · шум для новорожденных для сна успокаивающие · белый шум для сна успокаивающие новорожденных · шум для сна ребенка · шум для сна малышам · белый шум для для сна бесплатно · белый шум для сна ребенка
12,Сон и бессонница,/online,подушка для сна,128077,обзор,сон11801236,,подушка для сна · ортопедическая подушка для сна · лучшие подушки для сна · какая подушка для сна · какая подушка лучше для сна · наполнитель для подушек для сна · какой наполнитель подушки для сна · подушка для сна взрослым · лучший наполнитель для подушек для сна · подушки для сна какие лучше наполнители · как выбрать подушку для сна · какую подушку выбрать для сна · подушка для мужчины для сна
12,Сон и бессонница,/online,сон муж,125331,обзор,сон11801236,,сон муж · сон покойный муж · сон муж другой
12,Сон и бессонница,/online,добрых снов,124374,обзор,сон11801236,,добрых снов · добро ночи добрых снов · доброй ночи добрых снов · добрых снов картинки · доброй ночи добрых снов картинки · открытка добрых снов · пожелание добрых снов · открытки доброй ночи добрых снов · приятных добрых снов · добрых снов сладких пожелание · добрых снов картинки красивые · добрый вечер добрых снов · добрых снов женщине · добрых снов мужчине · добрых снов картинка мужчине · добрых снов любимому мужчине · пожелание добрых снов мужчине · открытка мужчине добрых снов
12,Сон и бессонница,/online,молитва на сон,124372,обзор,сон11801236,,молитва на сон · вечерняя молитва на сон · молитва на сон на русском · бесплатно молитва на сон · молитвы на сон на русском языке · молитвы на сон читать на русском · молитва на ночь на сон · сон богородицы молитва
12,Сон и бессонница,/online,сон во сне что значит,121704,обзор,сон11801236,,сон во сне что значит · сон во сне · видящий сон и видимый во сне · сон во сне форум · сон во сне как называется · что значит если приснился сон во сне · видеть во сне сон спать · приснилось что во сне видел сон · часто во сне вижу сон · сон книги видеть во сне · сон во сне видеть домашнюю · видеть во сне цветной сон · понимать во сне что видишь сон · сон смерч видеть во сне · сон видеть доски во сне
12,Сон и бессонница,/online,про сны,119404,обзор,сон11801236,,про сны · снятся сны про · к чему снятся сны про
12,Сон и бессонница,/online,сон час,118041,обзор,сон11801236,,сон час · сон 1 час · что значит сон час
12,Сон и бессонница,/online,увидеть во сне,113585,обзор,сон11801236,,увидеть во сне · что значить увидеть во сне · что значит увидеть во сне человека · что значит увидеть во сне змею · что значит увидеть во сне бывшего
12,Сон и бессонница,/online,на сон грядущий,113029,обзор,сон11801236,,на сон грядущий · на сон гряду · молитвы на сон грядущий · молитва на сон гряду · вечерние на сон грядущим · вечерне молитва на сон грядущий · вечерние молитвы на сон грядущий · на сон грядущий читать · молитвы на сон грядущий читать · молитвы читаемые на сон грядущий · на сон грядущим на русском · молитва на сон грядущий на русском · молитва на сон грядущий бесплатно · на сон грядущий на русском языке · молитвы на сон грядущий на русском языке · молитвы на сон грядущий без рекламы · на сон грядущий читать русском · молитвы на сон грядущим читать русском · на сон грядущий краткий · краткая молитва на сон грядущий
12,Сон и бессонница,/online,сон умирающая,101124,обзор,сон11801236,,сон умирающая · сон умирающая мама · сон умирающая бабушка
12,Сон и бессонница,/online,ребенок просыпается,79077,обзор,проснуться1115688,,ребенок просыпается · ребенок просыпается в · ребенок просыпается утром · ребенок часто просыпается · ребенок 2 года просыпается · ребенок просыпается во сне · ребенок плохо просыпается · ребенок просыпается днем · ребенок засыпает просыпается · ребенок просыпается истерикой · ребенок 3 года просыпается · ребенок 5 лет просыпается · ребенок постоянно просыпается · ребенок просыпается и кричит · ребенок рано просыпается · месячный ребенок просыпается · ребенок 4 года просыпается · ребенок сразу просыпается · ребенок резко просыпается · ребенок 1 5 просыпается · ребенок просыпается и орет · дневной сон ребенка просыпается · ребенок не просыпается на кормление · ребенок просыпается среди · ребенок говорит просыпайся · ребенок просыпается в кроватке
12,Сон и бессонница,/online,дуб соном,77537,обзор,сон11801236,,дуб соном · соном шкаф · соною мидзуно
12,Сон и бессонница,/online,режим сна,76815,обзор,сон11801236,,режим сна · режим сна восстанавливающая · режим сна ребенка
12,Сон и бессонница,/online,можно ли сон,76057,можно ли,сон11801236,,можно ли сон · можно ли пить перед сном
12,Сон и бессонница,/online,красивых снов,73700,обзор,сон11801236,,красивых снов · красивых снов картинки · красивых спокойных снов · красивые картинки ночь красивых снов · пожелание красивых снов · открытки красивых снов
12,Сон и бессонница,/online,для сна малышам,72144,обзор,сон11801236,,для сна малышам · детские для сна малышам · мультики для сна для малышей · видео для сна малыша
12,Сон и бессонница,/online,для сна взрослым,71943,обзор,сон11801236,,для сна взрослым · для хорошего сна взрослым · рецепты для сна взрослым · снотворное для сна взрослым · хорошее снотворное для сна взрослым · апноэ сна у взрослых мужчин
12,Сон и бессонница,/online,во сколько лечь чтобы проснуться в,71569,сколько,проснуться1115688,,во сколько лечь чтобы проснуться в · во сколько спать чтобы проснуться в · сколько спать чтобы проснуться в · во сколько проснуться · во сколько лечь чтобы проснуться · сколько просыпаешься утром · во сколько спать чтобы проснуться · во сколько лечь спать чтобы проснуться · во сколько нужно просыпаться · проснуться несколько · во сколько надо проснуться · во сколько нужно лечь чтобы проснуться · сколько нужно спать чтобы проснуться · во сколько нужно лечь спать чтобы проснуться · сколько просыпается ребенок · во сколько надо лечь чтобы проснуться · во сколько часов просыпаться · во сколько нужно просыпаться утром · просыпалась несколько раз · сколько надо спать чтобы проснуться · сколько человек просыпается · во сколько надо лечь спать чтобы проснуться · просыпаюсь ночью несколько · сколько времени просыпаются · через сколько проснуться · во сколько надо просыпаться утром · чтобы проснуться в 7 во сколько · просыпаюсь ночью несколько раз · во сколько проснуться чтобы выспаться · во сколько лет проснуться · сколько раз просыпается · во сколько просыпаться утром чтобы выспаться · лег в 10 проснуться во сколько · во сколько нужно проснуться чтобы выспаться · сон во сколько проснуться · сколько дети раз просыпаются ночью · сколько раз за ночь просыпается · сколько ребенок просыпается за ночь
12,Сон и бессонница,/online,змей во сне,70411,обзор,сон11801236,,змей во сне · во сне укусил змей · что значит во сне змей · во сне видела много змей · во сне увидеть змей что значит
12,Сон и бессонница,/online,змея во сне,70411,обзор,сон11801236,,змея во сне · во сне укусила змея · что значит змея во сне · что значит если во сне укусила змея
12,Сон и бессонница,/online,видеть во сне женщину,68418,обзор,сон11801236,,видеть во сне женщину · видеть женщину замужней во сне · видеть во сне много женщин · видеть во сне незамужнюю женщину · видеть змею во сне женщине · видеть во сне белую женщину · видеть во сне женщину живую · видеть во сне медведя для женщины · видеть во сне другую женщину · видеть во сне рыбу для женщины · видеть во сне знакомую женщину · видеть во сне грибы женщине · видеть во сне лошадь женщине · сыр видеть во сне женщине · видеть пожар во сне женщине · видеть тараканов во сне женщине · видеть во сне голую женщину · видеть во сне красивую женщину · видеть котят во сне женщине · видеть яйца во сне женщине · видеть во сне собаку для женщины · видеть во сне голову женщины · женщине видеть месячные во сне · видеть во сне кошку для женщины · видеть во сне корову для женщины · видеть крысу во сне для женщины · видеть огонь во сне женщине · видеть во сне чужую женщину · видеть во сне незнакомую женщину · видеть мясо во сне для женщины · видеть во сне женщину в возрасте · видеть во сне родившую женщину · видеть во сне рожающую женщину · во сне видеть мужа с другой женщиной · умирающая женщина видеть во сне · видеть деньги во сне женщине · мясо видеть во сне для женщины сырое · видеть во сне женщину с длинными · море во сне видеть женщине · видеть маленького котенка во сне женщине
12,Сон и бессонница,/online,сон выпали,62667,обзор,сон11801236,,сон выпали · сон выпал · сон выпал волос
12,Сон и бессонница,/online,почему просыпаешься в,61239,причины,проснуться1115688,,почему просыпаешься в · зачем просыпается · почему просыпаюсь раньше · почему просыпаешься и плачешь · почему рано просыпаюсь · почему часто просыпаюсь · почему резко просыпаешься · почему просыпаюсь в 4 утра · почему когда просыпаешься болит · почему плохо просыпаешься · почему каждое утро просыпаюсь · почему постоянно просыпаюсь · ну зачем я просыпаюсь · почему сегодня просыпался · боже ну зачем я просыпаюсь · почему просыпаешься после сна · почему тяжело просыпаться · почему новорожденный просыпается · почему всегда просыпаюсь · почему рано просыпаюсь утром · почему просыпаешься мокрый · просыпаюсь в 4 утра причины · почему мы просыпаемся · почему малыш просыпается · почему просыпаюсь в три · почему просыпаешься в поту · почему просыпаешься уставшим · почему долго просыпаюсь · почему сегодня петя просыпался · почему когда просыпаешься болит голова · почему женщины просыпаются · часто просыпаюсь причины · почему просыпаешься через час · почему не хочешь просыпаться
12,Сон и бессонница,/online,бессонница причины у женщин после,60258,причины,бессонница379503,,бессонница причины у женщин после · причина бессонницы после · причины бессонницы у женщин после · причины бессонницы у женщин · почему бессонница · бессонница причины · почему бессонница после · почему бессонница ночью · причины бессонницы у мужчин · причины бессонницы ночью · почему появляется бессонница · почему бессонница причина · почему мучает бессонница · бессонница причины и лечение · бессонница после 40 причины · почему бывает бессонница · бессонница почему днем
12,Сон и бессонница,/online,сонливость причины у женщин после,60244,причины,сонливость164797,,сонливость причины у женщин после · причины сонливости у мужчин после · постоянная сонливость причины у женщин после · сонливость причины у мужчин после
12,Сон и бессонница,/online,хватай сон,60146,обзор,сон11801236,,хватай сон · хватай сон джей · хватай сон дже · хватай сон джи · хватай сон джей и беги · хватай сон дже и беги · хватай сон джи и беги
12,Сон и бессонница,/online,порно проснулась,57317,обзор,проснуться1115688,,порно проснулась · порно видео проснулась · порно жена проснулась · порно проснулся от минета · порно проснулась трах · порно мачеха проснулась · порно проснулась и увидела · порно спящая не проснулась · порно проснулась от анала · порно проснулась трахнутой · порно 18 проснулась · порно milf проснулась · проснулся от отсоса порно · порно видео проснулся от минета · порно проснулись после · порно проснулась и ебаться · тише а то проснется порно · домашнее порно проснулась · порно муж проснулся · порно рот проснулась · порно мать проснулась · проснулся с другом порно · пока она проснулась порно · порно красивая проснулась · порно потом проснулся · порно инцест проснулась · порно проснулись голые · порно изнасилование проснулась · порно проснулась ебал ее · порно пьяная проснулась · секс порно домашнее проснулись · порно отец проснулся · проснулась с друзьями порно · порно студентка проснулась с членом в попке · порно изнасилование проснулась с членом в попке · порно пизда проснулась · порно пасынок проснулся · порно проснулась от хуя · порно проснулась от ебли · порно спит потом проснусь
12,Сон и бессонница,/online,сон покойный,57176,обзор,сон11801236,,сон покойный · сон покойный отец · сон покойная бабушка · что значит сон покойник
12,Сон и бессонница,/online,порно уснула,56745,обзор,как уснуть157766,,порно уснула · порно видео уснула · порно мама уснула · порно видео уснула пьяную · порно мамочка уснула · дом порно уснула · порно пока уснула · порно девушка уснула · порно подруга уснула · порно секс уснула · уснула на вписке порно · пришла уснула порно · порно брат уснул · порно парень уснул · порно уснула и трахнул · порно мать уснула · порно отец уснул · порно уснула проснулась · порно спящих уснула · порно мамка уснула · порно спящий уснул спит · порно уснула спит · порно дочь уснула · уснула в трусах порно · порно уснула голая · порно уснула без · уснула порно вк · порно анал уснула · бесплатное порно уснула · порно трахает уснула · порно инцест уснула · уснул с другом порно · порно уснула на члене · порно пьяную жену уснула · порно дочка уснула · гей порно уснул · мама уснула порно видео · порно сиськи уснула · порно молодая уснула · уснула порно папа
12,Сон и бессонница,/online,фазы сна,54224,сколько,сон11801236,,фазы сна · сколько часов сна · сон человека сколько · сон несколько · сколько сон ребенка · виды снов · сколько длится сон · сон сколько времени · сколько лет сон · сколько без сна · дневной сон сколько · уровни сна · типы сна · сколько человек может без сна · за сколько до сна пить · видеть во сне несколько · что значит несколько снов во сне · сон несколько мужчин · что значат фазы сна · что значит фазы сна
12,Сон и бессонница,/online,кровь во сне,53023,обзор,сон11801236,да,кровь во сне · что значит кровь во сне · что значить кровь во сне
12,Сон и бессонница,/online,малыш уснет за,52555,обзор,как уснуть157766,,малыш уснет за · малыш уснет за 5 минут · ваш малыш уснет
12,Сон и бессонница,/online,часов просыпайся,52251,обзор,проснуться1115688,,часов просыпайся · просыпаюсь в 6 часов · просыпаюсь в 6 часов утра · сплю 5 часов и просыпаюсь
12,Сон и бессонница,/online,просыпаюсь каждое утро в,51084,обзор,проснуться1115688,,просыпаюсь каждое утро в · просыпаюсь под утро · каждое утро просыпаюсь в 4 утра · утро начинается просыпается · утро просыпается слова · просыпайтесь утро пришло · утро опять просыпайся · утро пора просыпаться · просыпайся утро настало
12,Сон и бессонница,/online,сон жена,51027,обзор,сон11801236,,сон жена · сон жена мужа · сон бывшая жена
12,Сон и бессонница,/online,волосы во сне,50452,обзор,сон11801236,да,волосы во сне · длинные волосы во сне · что значат волосы во сне
12,Сон и бессонница,/online,к чему снятся мужчины во сне,49049,обзор,сон11801236,да,к чему снятся мужчины во сне · к чему снятся змеи во сне мужчине · к чему снятся крысы во сне мужчине · к чему снятся медведи во сне мужчине · к чему снятся тараканы во сне мужчине · к чему снятся пауки во сне мужчине · бриться во сне мужчине к чему · к чему снятся деньги во сне мужчине · к чему снятся мыши во сне мужчине · к чему снятся ножи во сне мужчине
12,Сон и бессонница,/online,каждый сон,48486,обзор,сон11801236,,каждый сон · каждый день сон · каждый день я вижу сон
12,Сон и бессонница,/online,значение снов,47535,определение,сон11801236,да,значение снов · значение снов мужчина · что означает видеть много снов · что означает ловец снов · значение снов и их толкование
12,Сон и бессонница,/online,почему после сна,46999,причины,сон11801236,,почему после сна · почему снятся сны · почему перед сном · почему ребенок во сне · после сна причины · во время сна причины · зачем сны · почему ночью во сне · почему во сне скрипит · почему утром после сна · почему во сне причины · почему дергаешься во сне · ребенок во сне причины · причины сна человека · почему во сне немеют · почему потеешь во сне · почему женщина во сне · почему клонит в сон · почему во сне мужчина · почему вижу сон во сне · потею во сне мужчина причины · причины почему мужчины во сне · почему мужчины во время сна · почему взрослый мужчина во сне · потею ночью во сне мужчины причины · почему во сне видишь человека · почему потеешь во сне мужчины ночью · почему потею во сне у мужчин · причины храпа во сне у мужчин · потливость во сне у мужчин причины · почему потею во время сна мужчина · почему сильно потеешь во сне мужчина · почему снятся мужчины во сне · почему потеют во сне мужчины причины · потею во время сна причина мужчина · сильно потею во сне мужчина причины ночью · сильно потеешь во сне причина у мужчин · почему потеет голова во сне у мужчины
12,Сон и бессонница,/online,день просыпаться,45236,обзор,проснуться1115688,,день просыпаться · просыпайся новый день · день и ночь просыпайся · просыпаюсь первый день · просыпаясь утром начинают день · день просыпается красиво · просыпайтесь день настал
12,Сон и бессонница,/online,расслабление для сна,44567,обзор,сон11801236,,расслабление для сна · для сна и глубокого расслабления · медитация для сна и расслабления
12,Сон и бессонница,/online,сны пушкина,44505,обзор,сон11801236,,сны пушкина · сны пушкина лужники · сны пушкина билеты
12,Сон и бессонница,/online,сну сну с женщинами,43902,обзор,сон11801236,,сну сну с женщинами · через сну сну · сну сайт
12,Сон и бессонница,/online,вещий сон,43316,обзор,сон11801236,,вещий сон · что значит вещий сон · что значить вещий сон
12,Сон и бессонница,/online,сон собрала,42156,обзор,сон11801236,,сон собрала · сон собранная собранная · сон собранные грибы
12,Сон и бессонница,/online,усни моя радость усни,41701,обзор,как уснуть157766,,усни моя радость усни · моя радость усни толкунова · моя радость усни в доме погасли · серии моя радость усни
12,Сон и бессонница,/online,каждый день просыпаюсь в,41447,обзор,проснуться1115688,,каждый день просыпаюсь в · просыпаюсь каждый час · каждый день просыпаясь утром · просыпаюсь каждые 3 часа · просыпаюсь в 3 ночи каждый · каждый раз просыпаясь · просыпается каждый час днем · просыпаюсь каждые 2 часа · каждый день просыпаюсь в час ночи · просыпаюсь каждый день в 4 утра · просыпаюсь каждые 4 часа · просыпаюсь в 3 ночи каждый день · сплю просыпаюсь каждый час · каждый день просыпаюсь в 3 часа · просыпаюсь в 3 часа ночи каждый день · просыпаюсь в 5 утра каждый день
12,Сон и бессонница,/online,спи моя радость усни,41010,обзор,как уснуть157766,,спи моя радость усни · спи моя радость усни текст · спи моя радость усни погасли огни · медведь спи моя радость усни · спи моя радость усни маша и медведь · спи моя радость усни толкунова · спи моя радость усни валентина · валентина толкунова спи моя радость усни · спи моя радость усни в доме · спи моя радость усни в доме погасли · спи моя радость усни мой малыш · спи моя радость усни в морге · спи моя радость усни в морге погасли · спи моя радость усни видео · спи моя радость усни слова · спи моя радость усни завтра · спи моя радость усни завтра проснешься · спи моя радость усни бесплатно · спи моя радость усни камбурова · спи моя радость усни елена · спи моя радость усни елена камбурова · спи моя радость усни засыпайка · текст спи моя радость усни в доме · спи моя радость усни засыпайка текст · спи моя радость усни онлайн · спи моя радость усни ночь · спи моя радость усни моцарт · спи моя радость усни для детей · песенка спи моя радость усни · спи моя радость усни страшная · спи моя радость усни без · спи моя радость усни спокойной · спи моя радость усни онлайн бесплатно · спи моя радость усни в морге текст
12,Сон и бессонница,/online,хорошие качества сна,40679,обзор,сон11801236,,хорошие качества сна · рецепт хорошего сна · хорошей ночи хорошего сна · магний для хорошего сна · шумы для хорошего сна
12,Сон и бессонница,/online,сонливость у мужчин после,40218,обзор,сонливость164797,,сонливость после · сонливость у мужчин после · постоянная сонливость у женщин после · сонливость и слабость после · сонливость после еды · может ли быть сонливость после · сонливость после сна
12,Сон и бессонница,/online,сонливость причины у мужчин,40201,причины,сонливость164797,,сонливость причины у мужчин · усталость и сонливость причины у мужчин · причины постоянной сонливости у мужчин · сонливость днем причины у мужчин · постоянная сонливость и усталость причины у мужчин · слабость сонливость причины у мужчин
12,Сон и бессонница,/online,что означает во сне,40110,определение,сон11801236,,что означает во сне · что означает умерший во сне · что означает бывшего во сне · что означает змей во сне · что означает во сне ребенок · что означает во сне дом · сне означает что пришло · что означает во сне большой · что означает собака во сне · что означает во сне убитая · что означает говорить во сне · что означает во сне выпали · что означает плакать во сне · что означает во сне мама · что означает вода во сне · что означает деньги во сне · что означает во сне маленького · что означает во сне давать · что означает потом во сне · что означает смерть во сне · что означает во сне найти · что означает любимый во сне · что означает рожать во сне · что означает очень во сне · что означает во сне голова · что означает во сне друг · что означает медведь во сне · что означает во сне родственники · что означает платье во сне · что означает крыса во сне · идем во сне что означает · что означает паук во сне · что означает во сне сын · что означает во сне дарить · что означает беременность во сне · что означает котенок во сне · что означает во сне золотые · что означает проснуться во сне · что означает во сне подарили · что означает во сне сестра
12,Сон и бессонница,/online,приятных снов,40027,обзор,сон11801236,,приятных снов · приятных снов спокойной · открытки приятных снов · приятных снов картинки · приятных снов мужчине
12,Сон и бессонница,/online,человек проснулся,39682,обзор,проснуться1115688,,человек проснулся · может ли человек проснуться · человек проснулся рано · резко проснувшийся человек
12,Сон и бессонница,/online,приходящие во снах,39415,обзор,сон11801236,,приходящие во снах · в черных снах · моих мыслях снах · что означают люди во снах · ищи меня во снах · встретимся во снах · вижу во снах твое · значит встретимся во снах · что значат крысы во снах · что значат мыши во снах
12,Сон и бессонница,/online,парень во сне,36872,обзор,сон11801236,,парень во сне · что значит во сне парень · во сне вижу парень · парень видит девушку во сне
12,Сон и бессонница,/online,ребенок просыпается ночью,34956,обзор,проснуться1115688,,ребенок просыпается ночью · ночью чаще просыпается ребенок · ребенок плохо спит ночью просыпается · ребенок стал просыпаться ночью · ребенок 10 просыпается ночью · ребенок 3 года просыпается ночью · ребенок начал просыпаться ночью · ребенок в 2 года просыпается ночью · ребенок 5 лет просыпается ночью · ребенок ночью просыпается и кричит · ребенок просыпается ночью на кормление · ребенок постоянно просыпается ночью · ребенок 4 года просыпается ночью · ребенок просыпается ночью и орет · ребенок спит час и просыпается ночью · ребенок просыпается ночью в одно время · ребенок просыпается ночью форум · месячный ребенок ночью просыпается · ребенок просыпается кушать ночью · ребенок 1.5 просыпается ночью · ребенок 7 лет просыпается ночью · ребенку 6 лет просыпается ночью · ребенок стал чаще просыпаться ночью · ребенок 1 3 просыпается ночью · ребенок 1.5 года просыпается ночью · ребенок 1 5 года просыпается ночью · ребенок просыпается ночью 9 лет · ребенок два года просыпается ночью · годовалый ребенок просыпается ночью · ребенку 8 лет просыпается ночью · ребенок просыпается ночью поесть · ребенок просыпается ночью 3 раза · ребенок 1 4 просыпается ночью
12,Сон и бессонница,/online,матрас для сна,34366,обзор,сон11801236,,матрас для сна · надувной матрас для сна · лучшие матрасы для сна
12,Сон и бессонница,/online,деньги во сне,34326,обзор,сон11801236,да,деньги во сне · бумажные деньги во сне · во сне дали деньги · давать деньги во сне · что значат деньги во сне · что значит во сне деньги
12,Сон и бессонница,/online,сон в руку,34087,обзор,сон11801236,,сон в руку · сон держать руку · что значит сон в руку
12,Сон и бессонница,/online,осознанный сон,33651,обзор,сон11801236,да,осознанный сон · как попасть в осознанный сон · как попасть в осознаваемый сон
12,Сон и бессонница,/online,секс во сне,33423,обзор,сон11801236,да,секс во сне · что значат секс во сне · что значит секс во сне
12,Сон и бессонница,/online,я просыпаюсь в холодном,33044,обзор,проснуться1115688,,я просыпаюсь в холодном · я просыпаюсь в холодном поту · я просыпаюсь в холодном аккорды · я просыпаюсь в холодном поту аккорды · я просыпаюсь в холодном текст · я просыпаюсь в холодном поту текст · я просыпаюсь в холодном поту девушка · я просыпаюсь в холодном бреду · я просыпаюсь в холодном девушка поет · я просыпаюсь в холодном поту девушка поет · я просыпаюсь в холодном гитара · наутилус я просыпаюсь в холодном · наутилус я просыпаюсь в холодном поту
12,Сон и бессонница,/online,просыпаюсь каждую,32839,обзор,проснуться1115688,,просыпаюсь каждую · просыпаюсь каждую ночь · каждую ночь просыпаться в · каждую ночь просыпаюсь в · просыпаюсь каждую ночь в · просыпаюсь каждую ночь в одно время · мама просыпается каждую ночь · каждую ночь просыпаюсь в туалет · просыпаться каждую ночь в 4 часа · просыпаюсь в 4 утра каждую ночь
12,Сон и бессонница,/online,почему человек просыпается в,31578,причины,проснуться1115688,,почему человек просыпается в · почему человек просыпается · почему человек просыпается час ночи · почему человек просыпается в 3 ночи · почему человек просыпается в 3 часа ночи · почему человек просыпается без причины · почему человек просыпается каждую ночь
12,Сон и бессонница,/online,сказка для сна,31499,обзор,сон11801236,,сказка для сна · сказки для детей для сна · сказка для сна читать · читаем сказки для сна · сказка для сна для детей читать
12,Сон и бессонница,/online,малыш уснул за,31473,обзор,как уснуть157766,,малыш уснул за · малыш уснул · малыш уснул за минуту · малыш уснул за 3 минуты · видео малыш уснул · малыш уснул успокаивающая · малышка уснула
12,Сон и бессонница,/online,сон дже,31258,обзор,сон11801236,,сон дже · сон дже джой · беги сон дже
12,Сон и бессонница,/online,джи сон джу,31258,обзор,сон11801236,,джи сон джу · джой и сон джи · сон джи беги
12,Сон и бессонница,/online,диван для сна,30595,обзор,сон11801236,,диван для сна · диван для ежедневного сна · ортопедические диваны для сна
12,Сон и бессонница,/online,толкование сна женщины,30396,обзор,сон11801236,,толкование сна женщины · толкование сна приснилось · толкование сна умершие · толкование сна солнце · толкование сна муж · толкование сна вода · толкование сна змея · толкование сна черный · толкование сна живой · толкование сна умирающие · толкование сна увидеть · толкование сна кровь · толкование сна деньги · поле толкование сна · толкование сна найти · толкование сна девушка · толкование сна новый · толкование сна котята · толкование сна собирать · толкование сна отец · толкование сна красные · толкование сна беременность · толкование сна знакомые · толкование сна девочки · толкование сна убивать · толкование сна идти · толкование сна медведь · толкование сна тараканы · толкование сна говно · толкование сна парень · толкование сна мать · толкование сна лошадь · одежда толкование сна · толкование сна бывший муж · толкование сна золотой · толкование сна снились много женщин · толкование сна покупать · толкование сна сестра · окна толкование сна · толкование сна кот
12,Сон и бессонница,/online,сонливость причины у женщин,30144,причины,сонливость164797,,сонливость причины у женщин · усталость и сонливость причины у женщин · постоянная сонливость причины у женщин · постоянная сонливость и усталость причины у женщин · слабость и сонливость причины у женщин · сильная сонливость причины у женщин · сонливость днем причины у женщин · сонливость утомляемость причины у женщин
12,Сон и бессонница,/online,сон на пятницу,29668,обзор,сон11801236,,сон на пятницу · сон с четверга на пятницу · сон с пятницы на субботу · сон с четверга на пятницу что значит · сон с пятницы на субботу что значит
12,Сон и бессонница,/online,сон бабушка,29427,обзор,сон11801236,,сон бабушка · сон умерла бабушка · что значит сон бабушка умерла
12,Сон и бессонница,/online,сон замужней женщине,29246,обзор,сон11801236,,сон замужней женщине · сон много женщин · сон бывшая женщина · сон приснилась женщина · ночь женщина сон · сон крысы к чему женщине · сон маленькая женщина · сон большая женщина · сон женщина родила · время сон женщине · сон другая женщина · сон увидеть женщину · сон плачущая женщина · сон грибы к чему снятся женщине видеть · сон живые цветы к чему снятся женщине · сон беременность для женщины что значит · сон мыши маленькие к чему снятся женщине · сон щенки маленькие женщине к чему снятся · сон к чему снятся голые женщины · что значит сон приснилась женщина · сон красные помидоры к чему снятся женщине
12,Сон и бессонница,/online,рожать во сне,28154,обзор,сон11801236,,рожать во сне · что значит рожать во сне · что значить рожать во сне
12,Сон и бессонница,/online,проснуться начало,28127,обзор,проснуться1115688,,проснуться начало · проснулся начал болеть · проснулась и начала плакать · секс проснулся и начал · проснулись и начали секс
12,Сон и бессонница,/online,девушка просыпается,27859,обзор,проснуться1115688,,девушка просыпается · просыпается спящая девушка · девушки спят просыпаются · девушка просыпается видео · просыпайся девушка поет · девушка просыпается в кровати · красивая девушка просыпается
12,Сон и бессонница,/online,сон на четверг,26815,обзор,сон11801236,,сон на четверг · сон со среды на четверг · сон на четверг что значит · сон со среды на четверг что значит
12,Сон и бессонница,/online,во сне укусила,26607,обзор,сон11801236,,во сне укусила · значит во сне укусила · что значит если во сне укусил
12,Сон и бессонница,/online,сон на субботу,25938,обзор,сон11801236,,сон на субботу · сон с субботы на воскресенье · сон с субботы на воскресенье что значит
12,Сон и бессонница,/online,к чему снятся много снов,25868,обзор,сон11801236,,к чему снятся много снов · очень много снов · приснилось много снов
12,Сон и бессонница,/online,почему просыпаешься ночью,25804,причины,проснуться1115688,,почему просыпаешься ночью · почему человек просыпается ночью · причины почему просыпаешься ночью · почему просыпаешься ночью в · почему просыпаюсь ночью одно время · почему просыпаюсь ночью в одно и тоже · почему плохо просыпаться ночью · почему ночью просыпаешься и не спишь · почему ночью плохо сплю просыпаюсь · почему человек ночью просыпаюсь причины · почему постоянно просыпаешься ночью · почему начал просыпаться ночью · почему стал просыпаться ночью · почему ночью резко просыпаешься · почему ночью просыпаются пожилые · почему ночью просыпаюсь в туалет · почему ночью час сплю и просыпаюсь · ночью просыпаюсь причины у женщин · постоянно просыпаюсь ночью причины · почему пожилые люди просыпаются ночью · почему женщины просыпаются ночью · почему дети просыпаются ночью 1 год · почему рано просыпаюсь ночью
12,Сон и бессонница,/online,магний для сна,25499,обзор,сон11801236,,магний для сна · какой магний для сна · какой магний лучше для сна · магний для мужчин для сна · какой магний для мужчин для сна · лучший магний для мужчин для сна
12,Сон и бессонница,/online,медведь во сне,25195,обзор,сон11801236,да,медведь во сне · что значат медведи во сне · что значит медведь во сне
12,Сон и бессонница,/online,открытка ночь сон,24977,обзор,сон11801236,,открытка ночь сон · ночь сон красиво · сон в летнюю ночь · сон ночь спит · ночь сон любимая
12,Сон и бессонница,/online,змей во сне к чему снятся,24963,обзор,сон11801236,,змей во сне к чему снятся · умершие во сне к чему снятся · тараканы во сне к чему снятся · покойники во сне к чему снятся · к чему снятся ели во сне · к чему снятся мыши во сне · к чему снятся деньги во сне · к чему снятся вши во сне · к чему снятся месячные во сне · к чему снятся знакомые во сне · к чему снятся коровы во сне · к чему во сне снятся найти · к чему снятся блохи во сне · к чему снятся гробы во сне · черви во сне к чему снятся · к чему снятся пчелы во сне · к чему снятся много тараканы во сне · к чему снятся цыгане во сне · к чему снятся клопы во сне · яйца куриные во сне к чему снятся · к чему снятся птицы во сне · к чему снятся цвета во сне · к чему снятся парни во сне девушке · к чему снятся роды во сне · к чему снятся друзья во сне · глисты во сне к чему снятся · к чему снятся свиньи во сне · к чему снятся похороны во сне · кролики во сне к чему снятся · к чему снятся клещи во сне · к чему снятся крокодилы во сне · к чему снятся ключи во сне · ногти во сне к чему снятся · к чему снятся цыплята во сне · к чему снятся монеты во сне · к чему снятся сережки во сне · букеты во сне к чему снятся · покойники во сне к чему снятся родственники · блины во сне к чему снятся · к чему снятся серьги во сне
12,Сон и бессонница,/online,умерший человек во сне,23261,обзор,сон11801236,,умерший человек во сне · видим во сне умерших · умершая мама во сне · умерший родственник во сне · что значит во сне умерший · умершая бабушка во сне · что значит во сне умерший человек · во сне видит умерший человек умер · во сне видела умершего бывшего · что значит умерший родственник во сне · что значит увидеть во сне умершего
12,Сон и бессонница,/online,проснуться без,22926,обзор,проснуться1115688,,проснуться без · сегодня я проснулась без тебя · проснулась без трусов · как проснуться без отеков
12,Сон и бессонница,/online,сон на воскресенье,22904,обзор,сон11801236,,сон на воскресенье · сон с воскресенья на понедельник · что значит сон с воскресенья на понедельник
12,Сон и бессонница,/online,во сне мыть,22629,обзор,сон11801236,,во сне мыть · мыть полы во сне · что значит мыть во сне
12,Сон и бессонница,/online,проснуться плакать,22582,обзор,проснуться1115688,,проснуться плакать · плакать во сне и проснуться плачущей · проснуться и начать плакать
12,Сон и бессонница,/online,если уснуть в,22552,обзор,как уснуть157766,,если уснуть в · как уснуть если не спится · как не уснуть если не спал · как уснуть если не хочется · как уснуть если не хочется спать · как быстро уснуть если не спится · что будет если уснуть в линзах · как уснуть если не получается · как не уснуть если очень хочется · как уснуть если не хочешь · как не уснуть если очень хочется спать · как уснуть если не спал всю ночь · как быстро уснуть если не хочется · что значит если не можешь уснуть · как уснуть если сбит режим · как уснуть если спал днем · что будет если уснуть в наушниках · как уснуть если жарко · что если уснуть в линзах на час · как уснуть если в голове · как уснуть если страшно
12,Сон и бессонница,/online,что означает видеть во сне,22552,определение,сон11801236,,что означает видеть во сне · что означает во сне людей видеть · что обозначает видеть во сне · что означает видеть во сне женщине · что означает видеть во сне много · что означает видеть во сне змею · что означает видеть во сне ребенка · что означает видеть во сне бывшего · видеть во сне значение · видеть дом во сне что означает · что означает видеть во сне мужчину · что означает видеть во сне кровь · что означает видеть во сне белую · что означает видеть во сне черного · что означает видеть себя беременной во сне · что означает видеть во сне мертвую · во сне видеть рыбу что означает · что означает видеть сне кошку · что означает видеть во сне кошку · видеть во сне мышей что означает · что означает во сне видеть волосы · что означает видеть во сне платья
12,Сон и бессонница,/online,что делать если не можешь уснуть,22438,что делать,как уснуть157766,,что делать если не можешь уснуть · не могу уснуть ночью что делать · что делать если не получается уснуть · проснулся и не могу уснуть что делать · что делать если хочешь уснуть · что делать если не можешь уснуть час · ребенок не может уснуть что делать · что делать если уснула нога · человек не может уснуть что делать · что делать чтобы быстро уснуть · что делать если долго не можешь уснуть · что делать если хочется уснуть · девушка уснула что делать · не могу уснуть что делать в домашних · парень уснул что делать · что делать если не получается уснуть ночью · что делать если боишься уснуть · не могу уснуть что делать что выпить · что делать если уснул вечером · что делать если уснул в линзах · болит голова не могу уснуть что делать · что делать чтоб не уснуть · жарко не могу уснуть что делать · как помочь ребенку уснуть
12,Сон и бессонница,/online,просыпаюсь ночью каждые,22083,обзор,проснуться1115688,,просыпаюсь ночью каждые · просыпаюсь каждые 3 часа ночью · каждый день просыпаюсь ночью · просыпаюсь каждые 2 часа ночью · просыпается каждый час ночью 2 месяца · человек просыпается ночью каждый час · ночью просыпаюсь каждые два часа · просыпаюсь каждые три часа ночью
12,Сон и бессонница,/online,видеть во сне умерших,21948,обзор,сон11801236,,видеть во сне умерших · видеть во сне умер умерший · видеть во сне умершего человека · видеть во сне умершую маму · видеть во сне умершего мужа · видеть во сне умершего отца · видеть во сне умерших родственников · видеть во сне умершую бабушку · видеть во сне давно умерших · что значит видеть во сне умерших · видеть во сне умершую мать · видеть во сне умершего брата · видеть во сне умершую маму живой · видеть во сне умерших родителей · видеть во сне дом умершего · видеть во сне папу умершего · плакать во сне видеть умершую · видеть во сне умершего плачущим · видеть во сне умершего ребенка · видеть во сне умершего знакомого · видеть во сне умершего пьяным · видеть во сне умершую сестру · видеть во сне обнимать умершего · видеть во сне умершую свекровь · видеть во сне умершую бабушку живой · видеть во сне умершего мужчину · видеть умершего во сне ислам · видеть во сне умершего дедушку · видеть во сне умершую собаку · видеть во сне умершую дочь · видеть во сне умершего в гробу
12,Сон и бессонница,/online,бессонница ли бессонница,21604,обзор,бессонница379503,,бессонница ли бессонница · какая бессонница · борец с бессонницей · борец с бессонницей кроссворд · бессонница по научному · бессонница пит · года бессонница · бессонница бесплатно · бессонница онлайн · бессонница от б · рецепты от бессонницы · средство от бессонницы · бессонница часы · бессонница онлайн бесплатно · бессонница форум · бессонница 1 · ночная бессонница · бессонница лечение · бессонница текст · лечу бессонницу · шут бессонница · сильная бессонница · бессонница mp · вызывает ли бессонницу · фатальная бессонница · хроническая бессонница · время бессонница · мучает бессонница · бессонница неделю · семейная бессонница · мелатонин при бессоннице · бессонница перед · борюсь с бессонницей · бессонница читать · фатальная семейная бессонница · бессонница любви · бессонница книга · тералиджен при бессоннице · русская бессонница · бессонница школы
12,Сон и бессонница,/online,кто последний уснет,21295,обзор,как уснуть157766,,кто последний уснет · кто последний уснет часть · эксайл кто последний уснет · а4 кто последний уснет · кто последний уснет эксайл · кто последний уснет получит · видео кто последний уснет · влад а4 кто последний уснет · а4 видео кто последний уснет · а4 кто последний уснет получит · видео влад а4 кто последний уснет · влад бумага а4 кто последний уснет · кто последний уснет получит 10 · a4 кто последний уснет · кто последний уснет челлендж · кто уснет последний литвин · а4 кто последний уснет челлендж · эксайл кто последний уснет 2 часть · кто последний уснет янгер · адреналин кто последний уснет · хазяева кто последний уснет · сатир кто последний уснет · кто последний уснет эксайл 1 часть · кто последний уснет адреналин хаус · эксайл кто последний уснет получит · парадеевич кто последний уснет · кто последний уснет адреналин янгер
12,Сон и бессонница,/online,ребенок просыпается ночью и плачет,21179,обзор,проснуться1115688,,ребенок просыпается ночью и плачет · ребенок ночью просыпается и плачет · ребенок просыпается ночью с плачем · ребенок часто просыпается ночью и плачет · ребенок в год просыпается ночью и плачет · ребенок плохо спит ночью просыпается плачет · ребенок просыпается ночью и плачет 2 года · ребенок ночью просыпается и плачет 1 год · ребенок просыпается ночью и плачет 3 года · ребенок 5 лет ночью просыпается и плачет
12,Сон и бессонница,/online,змея во сне женщине,21157,обзор,сон11801236,,змея во сне женщине · беременная женщина во сне · женщина ест во сне · что значит женщина во сне · во сне видит бывшую женщину · знакомый мужчина во сне женщины · снятся незнакомые мужчины во сне женщине · что значит во сне женщина видит · мужа видела во сне с женщиной
12,Сон и бессонница,/online,просыпаюсь в час ночи,21010,обзор,проснуться1115688,,просыпаюсь в час ночи · просыпаюсь в 3 ночи · просыпаюсь в 3 часа ночи · просыпаюсь в 2 ночи · просыпаюсь среди ночи · просыпаюсь в 2 часа ночи · каждую ночь просыпаюсь в час ночи · просыпаться в 1 ночи · каждую ночь просыпаюсь в 3 ночи · просыпаюсь посреди ночи · человек просыпается в час ночи · каждую ночь просыпаюсь в 3 часа ночи · просыпаться в 12 ночи · просыпаюсь в три часа ночи · человек просыпается в 3 часа ночи · просыпаюсь в два ночи · просыпаюсь в 3 4 ночи · просыпаюсь 1 2 ночи · просыпаюсь в 1 час ночи · просыпаться в час ночи что значит · просыпаюсь в 2 3 часа ночи · просыпаться в два часа ночи · каждую ночь просыпаюсь в 2 часа ночи · постоянно просыпаешься в час ночи · постоянно просыпаюсь в 3 ночи · просыпаешься в 3 4 часа ночи · просыпаюсь в 3 5 ночи · постоянно просыпаюсь в 3 часа ночи · если просыпаешься в три ночи · просыпаться около часа ночи · каждую ночь просыпаюсь в три ночи · просыпаюсь в 2 и 4 ночи · просыпаться часто в 3 ночи · просыпаться после 3 ночи
12,Сон и бессонница,/online,проснись и пой,20940,обзор,проснуться1115688,,проснись и пой · проснись и пой текст · проснись и пой мондрус · проснись и пой спектакль · проснись и пой лариса · лариса мондрус проснись и пой
12,Сон и бессонница,/online,сны в исламе,20522,обзор,сон11801236,,сны в исламе · что означают сны в исламе · что значит сны в исламе · значимые сны по исламу
12,Сон и бессонница,/online,спокойных снов картинки,20431,обзор,сон11801236,,спокойных снов картинки · открытка спокойных снов · ночь открытка спокойную снов · спокойных снов мужчине
12,Сон и бессонница,/online,уснула пьяная,20318,обзор,как уснуть157766,,уснула пьяная · пьяная жена уснула · пришла пьяная домой уснула · пьяная девушка уснула · пьяная подруга уснула · уснула пьяная на вписке · мама пьяная уснула сын · уснула пьяная русское · жена друга пьяная уснула · мама пришла пьяная и уснула · мама пьяная пришла домой уснула · уснула пьяная голая · пьяная сестра уснула · уснула пьяная и трахнул · уснула пьяная кончает · мачеха уснула пьяная · уснула пьяная проснулась · уснула пьяная без · уснула пьяная пизда · пьяная уснула домашнее · уснула пьяная воспользовался
12,Сон и бессонница,/online,цветы во сне,20029,обзор,сон11801236,,цветы во сне · что значат цветы во сне · что значит во сне цветы
12,Сон и бессонница,/online,даже во сне,19946,обзор,сон11801236,,даже во сне · не забыть даже во сне · не в силах даже забыть во сне · вижу даже во сне
12,Сон и бессонница,/online,пожелание сна картинки,19816,обзор,сон11801236,,пожелание сна картинки · ночь пожеланием сна · картинки пожеланиями доброго сна
12,Сон и бессонница,/online,мама проснись,19146,обзор,проснуться1115688,,мама проснись · мама спящая проснулась · мама проснулась сын · видео мама проснись · русская мама проснулась · мама папа проснулись
12,Сон и бессонница,/online,звук дождя для сна,19100,обзор,сон11801236,,звук дождя для сна · звук шума для сна · звук часов для сна
12,Сон и бессонница,/online,спящая проснулась,18866,обзор,проснуться1115688,,спящая проснулась · спящая сестра проснулась · спящая не хочу проснуться · спящая мать проснулась · спящая мачеха проснулась
12,Сон и бессонница,/online,спит проснулась,18863,обзор,проснуться1115688,,спит проснулась · проснулась мама спит · секс пока спит проснулась
12,Сон и бессонница,/online,ребенку год просыпается,18834,обзор,проснуться1115688,,ребенку год просыпается · ребенок 1 год просыпается · ребенку год просыпается каждую ночь
12,Сон и бессонница,/online,мамочка уснула,18689,обзор,как уснуть157766,,мамочка уснула · спящая уснула · часы уснули · нога уснула · уснул время · потом уснула · уснула домашнее · легла уснула · уснула бесплатно · пришел и уснул · уснула рано · уснула гол · уснула голой · уснула на вписке · уснула девочкой · опять уснул · уснула онлайн · снова уснул · ели ели уснула · мать уснула · ебало уснула · уснула на кровати · отец уснул · уснул реакция · уснула маленькая · дочь уснула · там уснула · будто уснул · уснула на члене · медведи уснули · уснула вк · спать пора уснул · уснула хуй · уснули вместе · спит медведь уснула · уснула увидели · папа уснул · случайно уснул · мамка уснула · мужик уснул
12,Сон и бессонница,/online,спала уснула,18574,обзор,как уснуть157766,,спала уснула · уснула рано и спала · уснула и спала сладко сладко · уснула рано и спала сладко сладко · уснула крепко и спала
12,Сон и бессонница,/online,змей во сне к чему женщине,18528,обзор,сон11801236,,змей во сне к чему женщине · тараканы во сне женщине к чему · к чему снятся беременные женщины во сне · к чему снятся мужчины во сне женщине · к чему снятся пожары во сне женщине · к чему снятся покойники во сне женщине · лошади к чему снятся женщине во сне · к чему снятся месячные во сне женщине · к чему снятся машины во сне женщине · мужчины во сне для женщины к чему · к чему снятся цветы во сне женщине · к чему снятся блохи во сне женщине · снятся черви во сне женщине к чему · к чему снятся клопы во сне женщине · к чему снятся цыгане во сне женщине · куры к чему снятся во сне женщине · к чему снятся гробы во сне женщине · к чему снятся волки во сне женщине · к чему снятся ножи во сне женщине · к чему снятся муравьи во сне женщине · птицы во сне к чему снятся женщине · к чему снятся быки женщине во сне · осы к чему снятся во сне женщине · к чему снятся украшения женщине во сне · снятся цыплята во сне к чему женщине · к чему снятся клещи во сне женщине · к чему снятся роды во сне женщине · к чему снятся конфеты женщине во сне · к чему снятся блины во сне женщине · к чему снятся окна во сне женщине · к чему снятся бабочки во сне женщине · серьги к чему снятся во сне женщине · к чему снятся вороны во сне женщине · к чему снятся помидоры во сне женщине · к чему снятся лисы во сне женщине · к чему снятся обезьяны во сне женщине · жуки во сне к чему снятся женщине · к чему снятся двери во сне женщине · к чему снятся медвежата во сне женщине · сережки во сне к чему снятся женщине
12,Сон и бессонница,/online,мама уснула,18423,обзор,как уснуть157766,,мама уснула · мама уснула сын · мама уснула пьяной · мама уснула видео · спящий мама и не уснула · мама папа уснул · русская мама уснула · мама друга уснула · мама спит она уснула
12,Сон и бессонница,/online,сестра уснула,18358,обзор,как уснуть157766,,сестра уснула · уснул с сестрой · сестра уснула и брат · сестра уснул трахнул · сводная сестра уснула · сестренка уснула · сестра уснула видео · сестра уснула голой · инцест сестра уснула · сестра уснула трахают
12,Сон и бессонница,/online,уснула секс,18261,обзор,как уснуть157766,,уснула секс · секс уснула · уснула пьяная секс · мама уснула секс · сестра уснула секс · жена уснула секс · уснула на коленях секс · секс муж уснул · друг уснул секс · мама уснула с сыном секс · пришла пьяная уснула секс · пьяная мама уснула секс · секс пришла домой пьяная и уснула · секс уснул русский · парень уснул секс · секс уснула трахнул · муж уснул жена секс · секс дома уснула · уснула пьяная секс видео · секс спящая уснул · уснула голой секс · уснул спит секс · секс уснула ночью · секс дети уснули · секс дочка уснула
12,Сон и бессонница,/online,приятных снов ночи,18239,обзор,сон11801236,,приятных снов ночи · доброй ночи красивых снов · добро ночи приятных снов · доброй ночи приятных снов · доброй ночи мужчине снов
12,Сон и бессонница,/online,обнимать во сне,18238,обзор,сон11801236,да,обнимать во сне · обниматься во сне · что значит во сне обнимает · что значит обниматься во сне
12,Сон и бессонница,/online,природа сном,18201,обзор,сон11801236,,природа сном · сном рождения · проблемы со сном · связанные сном · кажущийся сном · что значит мертвым сном
12,Сон и бессонница,/online,к чему снятся сны,18195,обзор,сон11801236,,к чему снятся сны · к чему снятся сны со · сны дне к чему снятся · к чему снятся сны днем · какие сны к чему снятся · к чему снятся старые сны · начали сниться сны к чему · к чему снятся сны утром · к чему снятся разные сны · к чему снятся длинные сны · к чему стали сниться сны · к чему снятся плохие сны · к чему снятся страшные сны · к чему часто снятся сны · к чему снятся женские сны · к чему снятся сны постоянно · сны на воскресенье к чему снятся женщине · желтые сны к чему снятся · к чему сегодня снятся сны · к чему снятся злые сны · к чему снятся сны под утро · к чему снятся сны во вторник · сны на среду к чему снятся женщине · к чему снятся сны в четверг · к чему снятся эротические сны · к чему снятся сны ты знаешь · к чему снятся военные сны · к чему снятся сны прошлое · к чему снятся смерть близких сны · к чему снятся сны видео · к чему снятся вещие сны · к чему снятся розовые сны · к чему снятся яркие сны · к чему снятся странные сны · к чему снятся цветные сны
12,Сон и бессонница,/online,сон на вторник,17861,обзор,сон11801236,,сон на вторник · сон с понедельника на вторник · сон со вторника на среду · что значит сон вторника · сон с понедельника на вторник что значит
12,Сон и бессонница,/online,я прокачиваюсь во сне,17459,обзор,сон11801236,,я прокачиваюсь во сне · я прокачиваюсь во сне убивая · я прокачиваюсь во сне убивая монстров
12,Сон и бессонница,/online,летать во сне,17030,обзор,сон11801236,да,летать во сне · что значит летать во сне · что значить летать во сне
12,Сон и бессонница,/online,смерть во сне,16944,обзор,сон11801236,,смерть во сне · что значит смерть во сне · что значат смерти во сне · я вижу во сне красивую смерть
12,Сон и бессонница,/online,видеть во сне мужчину,16931,обзор,сон11801236,,видеть во сне мужчину · видеть во сне незнакомого мужчину · видеть во сне голого мужчину · видеть во сне знакомого мужчину · видеть во сне бывшего мужчину · видеть во сне любимого мужчину · что значит видеть во сне мужчину · видеть во сне пьяного мужчину · видеть во сне чужого мужчину · видеть во сне дом мужчины
12,Сон и бессонница,/online,видеть во сне бывшего,16607,обзор,сон11801236,,видеть во сне бывшего · видеть во сне бывшего парня · что значит видеть во сне бывшего · видеть во сне бывшего красивым · видеть руку бывшего во сне
12,Сон и бессонница,/online,лошадь во сне,16465,обзор,сон11801236,да,лошадь во сне · что значат лошади во сне · что значит во сне лошадь
12,Сон и бессонница,/online,уснула на коленях,16085,обзор,как уснуть157766,,уснула на коленях · уснула на коленях в рот · уснула на коленках · уснула на коленях сына · мама уснула на коленях · уснула на коленях член · сестра уснула на коленях · мачеха уснула на коленях · уснула на коленях и получила · уснула на коленях брата · уснула на коленях проснулась · уснула на коленях видео · уснула на коленях и получила в рот · уснула на коленях дал в рот · уснула на коленях дали в рот · русская уснула на коленях · уснула на коленях трахнул · дочь уснула на коленях · уснула на коленях минет · уснула на коленях парня · уснула на коленках в рот · девушка уснула на коленях · мать уснула на коленях · мамка уснула на коленях · уснула на коленях проснулась с членом · уснула на коленях кончил · сестра уснула на коленях брата · уснула на коленях получила член
12,Сон и бессонница,/online,фея снов,15791,обзор,сон11801236,,фея снов · елена фея снов · асмр фея снов
12,Сон и бессонница,/online,сон без шума,15713,обзор,сон11801236,,сон без шума · сон без снотворных · сон без слов · сон без боли
12,Сон и бессонница,/online,проснуться через,15643,обзор,проснуться1115688,,проснуться через · проснулся через год · через сон проснулся · как проснуться через час
12,Сон и бессонница,/online,когда спящий проснется,15510,обзор,проснуться1115688,,когда спящий проснется · спящие и проснувшиеся люди · пока не проснулся спящий · отец спящий проснулся
12,Сон и бессонница,/online,проснуться причина,15482,причины,проснуться1115688,,проснуться причина · проснуться откуда · почему не могу проснуться утром · почему проснулись чувства · проснуться в 4 ночи причина
12,Сон и бессонница,/online,как быстро уснуть ночью,15461,обзор,как уснуть157766,,как быстро уснуть ночью · как не уснуть ночью · просыпаюсь ночью и не могу уснуть · как быстро уснуть ночью в домашних · как быстро уснуть ночью в домашних условиях · как уснуть ночью если не спится · не получается уснуть ночью · как уснуть 1 ночью · человек не может уснуть ночью · какие уснуть ночью · долго не могу уснуть ночью · как уснуть за 1 минут ночью · как быстро уснуть ночью и выспаться · не смог уснуть ночью · как быстро уснуть ночью за минуту · ночью не уснуть утром не проснуться · как можно быстро уснуть ночью · ночью уснуть не могу никак · как быстрее уснуть если не спится ночью · ночью просто не уснуть · как уснуть быстро ночью 11 лет · как быстрее уснуть ночью взрослому · хочу но не могу уснуть ночью · как ночью уснуть сон · темною ночью не могу уснуть · просыпаюсь ночью потом не могу уснуть · думаю ночью не уснуть · как не уснуть ночью если очень · невозможно уснуть ночью
12,Сон и бессонница,/online,видеть себя беременной во сне,15115,обзор,сон11801236,,видеть себя беременной во сне · беременной себя во сне видеть замужней · видеть во сне беременность · видеть во сне беременную знакомую · видеть во сне незамужнюю беременной · во сне беременную ребенок видеть · видеть во сне беременную подругу · видеть во сне беременную дочь · видеть во сне беременную девушку · видеть во сне беременную бывшую · видеть себя во сне беременной что значит
12,Сон и бессонница,/online,видеть во сне мужа,14835,обзор,сон11801236,,видеть во сне мужа · видеть во сне бывшего мужа · видеть во сне покойного мужа · видеть во сне другого мужа · видеть во сне мужа живым · видеть во сне пьяного мужа · видеть во сне жену мужа · видеть во сне голого мужа · что значит видеть во сне мужа · видеть во сне любовницу мужа · видеть во сне измену мужа
12,Сон и бессонница,/online,проснись голова,14631,обзор,проснуться1115688,,проснись голова · проснуться головной · проснулся и болит голова · проснулась и кружится голова
12,Сон и бессонница,/online,что означает сон где,14589,определение,сон11801236,,что означает сон где · что означает сон где умерший · что означает сон где девушка · что означает сон где дети · что означает сон где тебя убивают · что означает сон где змея
12,Сон и бессонница,/online,что значит человек во сне,14486,обзор,сон11801236,,что значит человек во сне · умирающий человек во сне · во сне бывший человек · человек разговаривает во сне · убить человека во сне · человек говорит во сне · человек говорящий во сне · что значит во сне умирающий человек · что значит любимый человек во сне · что значит если человек умер во сне · что значит если во сне приснился человек · что значит мертвый человек во сне · что значить во сне мертвый человек · что значит если человек говорит во сне · во сне видела смерть человека · человек приходит во сне что значит · что значит если во сне убил человека · вы видели этого человека во сне · что значит смерть человека во сне · что значит обнимать человека во сне
12,Сон и бессонница,/online,видеть во сне ребенка,14435,обзор,сон11801236,,видеть во сне ребенка · видеть во сне маленького ребенка · видеть во сне ребенка мальчика · видеть во сне новорожденного ребенка · видеть во сне грудного ребенка · видеть во сне ребенка девочку · видеть во сне кормящего ребенка · видеть во сне ребенка значит · видеть во сне чужого ребенка · видеть бывшего ребенком во сне · видеть во сне кормить ребенка грудью · видеть во сне что родила ребенка · видеть во сне держать ребенка · видеть во сне ребенка исламский
12,Сон и бессонница,/online,сон другим человеком,14407,обзор,сон11801236,,сон другим человеком · сон живой человек · сон взрослого человека · сон близкого человека · сон мертвый человек · сон молодого человека · что значит сон человек который нравится
12,Сон и бессонница,/online,пока проснулась,14334,обзор,проснуться1115688,,пока проснулась · сплю пока не проснусь · пока спала потом проснулась · выебал пока проснулась · пока трахал проснулась
12,Сон и бессонница,/online,позы для сна,14136,обзор,сон11801236,,позы для сна · что означают позы сна · что значат позы сна
12,Сон и бессонница,/online,без сонливости,13995,обзор,сонливость164797,,без сонливости · успокоительное без сонливости · успокоительные без рецепта без сонливости · успокоительное для взрослых без сонливости · успокоительные без привыкания и сонливости · успокоительное средство без сонливости · успокоительные средства без рецептов без сонливости · антигистаминные без сонливости · эффективные успокоительные без сонливости · успокоительное средство для взрослых без сонливости · успокоительные средства без привыкания и сонливости
12,Сон и бессонница,/online,вместе снами,13962,обзор,сон11801236,,вместе снами · между снами · буква пропущенная буква снами
12,Сон и бессонница,/online,часто просыпаюсь,13944,обзор,проснуться1115688,,часто просыпаюсь · плохо сплю часто просыпаюсь · очень часто просыпаюсь · плохо сплю по ночам часто просыпаюсь
12,Сон и бессонница,/online,рано утром просыпаюсь,13762,обзор,проснуться1115688,,рано утром просыпаюсь · легли спать утром просыпайтесь · утром просыпаясь улыбаюсь · солнце утром просыпалось · утром просыпаюсь как будто · муж утром просыпается · ночь а просыпаться утром в · просыпаюсь рано утром я не умер · просыпаясь утром знай · парень утром просыпается · просыпаюсь утром всегда · мама утром просыпается · просыпаемся утром кофе · утром просыпаюсь не выспавшись · люблю просыпаться утром · как начать просыпаться утром · просыпаюсь вечером ложусь утром · просыпаюсь утром в туалет · просыпаюсь утром красивой · солнышко утром просыпается · просыпаешься утром и думаешь · просыпался утром поздно · просыпайся с добрым утром картинки · просыпаешься утром и видишь
12,Сон и бессонница,/online,видит во сне большую,13571,обзор,сон11801236,,видит во сне большую · видит ли во сне · любовница видит во сне · видит во сне сад · видит во сне бывшего любимого
12,Сон и бессонница,/online,спи усни текст,13455,обзор,как уснуть157766,,спи усни текст · спи усни погасли огни · маша и медведь спи усни · спи малыш усни · спи усни в доме погасли огни · спи усни пока · спи усни завтра проснешься в крови · спи усни слова · спи спокойно усни · спи дитя мое усни · песенка спи усни · спи усни засыпай · спи детям мое усни · спи усни сладким сном
12,Сон и бессонница,/online,сонливость причины,13358,причины,сонливость164797,,сонливость причины · постоянная сонливость причины · сонливость днем причины · сильная сонливость причины · вялость сонливость причины · сонливость причины лечение · почему сонливость днем · утомляемость сонливость причины · упадок сил сонливость причины · почему появилась сонливость · повышенная сонливость причины · почему сильная сонливость · хроническая сонливость причины · хроническая сонливость причины и лечение
12,Сон и бессонница,/online,видеть сны днем,13250,обзор,сон11801236,,видеть сны днем · во сне видеть яркие сны · сны толкование снов бесплатно видеть
12,Сон и бессонница,/online,жена проснись,13123,обзор,проснуться1115688,,жена проснись · муж и жена проснулись · жена проснулась видео
12,Сон и бессонница,/online,видеть во сне дом,13109,обзор,сон11801236,,видеть во сне дом · видеть во сне старый дом · видеть во сне новый дом · видеть во сне бывший дом · видеть во сне большой дом · видеть во сне горящий дом · что значит видеть во сне дом · видеть во сне красивый дом
12,Сон и бессонница,/online,почему ребенок просыпается,12908,причины,проснуться1115688,,почему ребенок просыпается · почему ребенок в год просыпается · почему ребенок часто просыпается · почему ребенок просыпается каждую ночь
12,Сон и бессонница,/online,трахнул уснувшую,12699,обзор,как уснуть157766,,трахнул уснувшую · трахнул уснувшую видео · порно трахнул пьяную уснувшую · трахнула уснувшего парня · трахнул в рот уснувшую · порно видео трахнул уснувшую
12,Сон и бессонница,/online,просыпаюсь в 3 часа,12690,обзор,проснуться1115688,,просыпаюсь в 3 часа · просыпаюсь 2 часа · просыпаюсь в 4 часа · просыпаюсь в три часа · просыпаюсь в два часа · человек просыпается в 3 часа · просыпаюсь в 1 часа · просыпаюсь через два часа · просыпаюсь в 2 3 часа · сплю 4 часа и просыпаюсь · просыпаюсь в 3 4 часа
12,Сон и бессонница,/online,проснуться добро,12612,обзор,проснуться1115688,,проснуться добро · проснулись доброе · картинка доброе проснуться
12,Сон и бессонница,/online,усталость и сонливость,12579,обзор,сонливость164797,,усталость и сонливость · усталость и сонливость какие · усталость сонливость какие витамины · вялость усталость сонливость · слабость усталость сонливость · сильная усталость и сонливость · хроническая усталость и сонливость · усталость сонливость нет энергии · витамин от усталости и сонливости · усталость сонливость апатия · лечение усталости сонливости · сонливость и усталость дней · усталость вялость сонливость нет энергии что это · хроническая усталость и сонливость лечение · беременность усталость сонливость
12,Сон и бессонница,/online,как уснуть быстро ночью ребенку,12553,обзор,как уснуть157766,,как уснуть быстро ночью ребенку · как быстро уснуть ребенку · как уснуть ребенку · ребенок не может уснуть · как быстрее уснуть ночью ребенку · ребенок год не может уснуть · ребенок не может уснуть ночью · ребенку месяц не может уснуть · как уснуть ребенку 10 лет · как уснуть ребенку 11 лет · как быстро уснуть ребенку 12 лет · как быстро уснуть ребенку 10 лет · как быстро уснуть ребенку 11 лет · как быстро уснуть ночью ребенку 12 лет · ребенок долго не может уснуть · как быстро уснуть ребенку 11 лет ночью · как быстро уснуть ночью ребенку 10 лет · ребенок час не может уснуть · не могу уснуть без ребенка · маленький ребенок уснуть · ребенок не дает уснуть · ребенок просыпается ночью и не может уснуть
12,Сон и бессонница,/online,девушка уснула,12481,обзор,как уснуть157766,,девушка уснула · девушка уснула и парень · девушка уснула трахнул · девушка уснула видео · девушка уснула голая · девушка друга уснула · уснул трахает девушку
12,Сон и бессонница,/online,видеть во сне платье,12333,обзор,сон11801236,,видеть во сне платье · видеть во сне свадебное платье · видеть во сне себя в белом платье · видеть свадебное платье во сне замужней · во сне видеть себя в красивом платье · видеть во сне белое свадебное платье · видеть во сне черное платье · видеть себя во сне в красном платье · видеть во сне новые платья · во сне видеть невесту в свадебном платье
12,Сон и бессонница,/online,сколько нужно спать ребенку,12210,сколько,сколько нужно спать30829,,сколько нужно спать ребенку · сколько нужно спать ребенку в · сколько нужно спать ребенку лет
12,Сон и бессонница,/online,сон по месяцам,12172,обзор,сон11801236,,сон по месяцам · сон в 4 месяца · сон в 3 месяца · сон в 5 месяцев · сон в 2 месяца
12,Сон и бессонница,/online,сколько часов нужно спать в,12116,сколько,сколько нужно спать30829,,сколько часов нужно спать в · сколько часов нужно спать · во сколько часов нужно ложиться спать · сколько часов нужно спать человеку · сколько часов нужно спать чтобы выспаться · сколько часов нужно спать детям · сколько часов нужно спать чтобы проснуться
12,Сон и бессонница,/online,как восстановить сон,12076,что делать,сон11801236,,как восстановить сон · что делать после сна · как восстановить режим сна · как убрать сон · как избавиться от снов · что делать перед сном · как избавиться от храпа во сне мужчине · как убрать храп у мужчин во сне · как перестать храпеть во сне мужчине
12,Сон и бессонница,/online,ребенок просыпается и плачет,11981,обзор,проснуться1115688,,ребенок просыпается и плачет · ребенку год просыпается и плачет · ребенок просыпается с плачем · ребенку месяц просыпается и плачет · ребенок спит просыпается и плачет · ребенок 2 года просыпается плачет · ребенок часто просыпается и плачет · ребенок плохо спит просыпается плачет · просыпаясь ребенок сильно плачет · ребенок плачет во сне не просыпаясь · ребенку год просыпается с плачем · ребенок каждую ночь просыпается и плачет
12,Сон и бессонница,/online,муж уснул,11783,обзор,как уснуть157766,,муж уснул · муж уснул жена · друг уснул муж · муж уснул пьяный · муж уснул друзья жену · пока муж уснул · трахнул муж уснул · муж уснул видео · пьяный муж уснул жену · муж уснул жену трахнули · муж уснул жена с другом · муж уснул ебут · муж уснул жену ебут · пока жена уснула муж · русский муж уснул · муж уснул друг трахнул · муж уснул жена уснула видео · муж напился и уснул · гости муж уснул · муж уснул друг трахает · муж уснул изменила · муж уснул жену выебали · муж уснул а пьяные друзья
12,Сон и бессонница,/online,плохо просыпаться,11746,обзор,проснуться1115688,,плохо просыпаться · плохо сплю просыпаюсь · плохой сон просыпаюсь · стал плохо просыпаться · плохо просыпаюсь по ночам · очень плохо просыпаюсь
12,Сон и бессонница,/online,жена уснула,11590,обзор,как уснуть157766,,жена уснула · жена друга уснула · пока жена уснула · жена уснула с другом · жена уснула после · жена напилась и уснула
12,Сон и бессонница,/online,как уснуть при бессоннице за,11503,обзор,бессонница379503,,как уснуть при бессоннице за · как уснуть при бессоннице · как быстро уснуть при бессоннице · как быстро уснуть ночью при бессоннице · как уснуть за минуту при бессоннице · как уснуть за 1 минуту при бессоннице · бессонница как уснуть быстрее в домашних · бессонница в домашних условиях как уснуть · бессонница как уснуть быстрее в домашних условиях · как уснуть при бессоннице без таблеток · как уснуть при бессоннице детям
12,Сон и бессонница,/online,измена во сне,11492,обзор,сон11801236,да,измена во сне · измени изменяет во сне · что значит изменить во сне · что значат измены во сне · что значит измена во сне · видишь во сне что изменила
12,Сон и бессонница,/online,кушать во сне,11468,обзор,сон11801236,,кушать во сне · кушать во сне значит · что значит кушать во сне
12,Сон и бессонница,/online,проснуться мало,10924,обзор,проснуться1115688,,проснуться мало · как мало тех с кем хочется проснуться · как мало с кем хочется проснуться стихи
12,Сон и бессонница,/online,ребенку год ночью просыпается,10890,обзор,проснуться1115688,,ребенку год ночью просыпается · ребенку 1 год просыпается ночью · ребенку год плохо спит ночью часто просыпается · ребенок 1 год часто просыпается ночью · ребенку год стал просыпаться ночью · ребенок в год часто просыпается ночью · ребенку год постоянно просыпается ночью
12,Сон и бессонница,/online,вызывает ли сонливость,10788,обзор,сонливость164797,,вызывает ли сонливость · и вызывающие сонливость · антигистаминные не вызывающие сонливость · супрастин вызывает сонливость · цетрин вызывает сонливость или нет · успокоительные не вызывающие сонливость · магний вызывает сонливость · цетрин вызывает ли сонливость · средства вызывающие сонливость · лоратадин вызывает сонливость или нет · зодак вызывает сонливость или нет · дезлоратадин вызывает сонливость · зодак вызывает ли сонливость · не вызывает сонливости и привыкания · витамины вызывают сонливость · витамины вызывающие сонливость · лоратадин вызывает ли сонливость · вызывает ли супрастин сонливость · какие антигистаминные не вызывают сонливость
12,Сон и бессонница,/online,сон бывшая девушка,10698,обзор,сон11801236,,сон бывшая девушка · сон спит бывшая · сон бывшая беременная · сон бывшая пришла · сон бывшая умерла · что значит сон бывшая подруга · что значит сон бывшая умерла
12,Сон и бессонница,/online,видеть во сне кровь,10560,обзор,сон11801236,,видеть во сне кровь · видеть во сне чужую кровь · видеть во сне кровь мясо
12,Сон и бессонница,/online,друг уснул,10498,обзор,как уснуть157766,,друг уснул · друг уснул пьяный · пока друг уснул · уснула друг выебал · друг уснул ебу жену
12,Сон и бессонница,/online,видеть во сне волосы,10490,обзор,сон11801236,,видеть во сне волосы · видеть во сне голову волосы · длинные волосы во сне видеть у себя · видеть во сне седые волосы · видеть во сне длинные красивые волосы · видеть во сне стричь волосы · цвет волос во сне видеть
12,Сон и бессонница,/online,видеть во сне черных,10455,обзор,сон11801236,,видеть во сне черных · видеть во сне черных собак · видеть во сне черных кошек · видеть черных людей во сне
12,Сон и бессонница,/online,видеть во сне черную,10455,обзор,сон11801236,,видеть во сне черную · видеть во сне большую черную · видеть во сне черную собаку · видеть во сне черную кошку
12,Сон и бессонница,/online,сон убитые люди,10217,обзор,сон11801236,,сон убитые люди · сон спящие люди · сон люди спят
12,Сон и бессонница,/online,видеть во сне змей,10134,обзор,сон11801236,,видеть во сне змей · змеи во сне видеть змей · видеть во сне больших змей · видеть во сне черных змей · что значит видеть во сне змей · видеть во сне маленьких змей · видеть во сне змей исламский
12,Сон и бессонница,/online,видеть во сне змею,10134,обзор,сон11801236,,видеть во сне змею · видеть во сне змею большую · видеть во сне черную змею · что значит видеть во сне змею · что значить видеть во сне змею · видеть во сне змею ислам · видеть во сне маленькую змею · видеть во сне змею исламский
12,Сон и бессонница,/online,проснулась подруга,10077,обзор,проснуться1115688,,проснулась подруга · видео подруга проснулась · проснулся от минета подруги · тихо а то подруга проснется
12,Сон и бессонница,/online,приснился сон что означает,10064,определение,сон11801236,,приснился сон что означает · сон умершая приснилась что означает · что означает сон если приснился человек · что означает сон если приснился бывший · что означает сон приснилась девушка
12,Сон и бессонница,/online,видеть во сне умирающую,10063,обзор,сон11801236,,видеть во сне умирающую · видеть во сне умирающую маму · видеть во сне умирающую бабушку · видеть во сне умирающего человека · видеть во сне умирающую мать · во сне видеть что живые умирают · видеть во сне мужа умирающим · видеть во сне живую бабушку умирающей
12,Сон и бессонница,/online,слабость и сонливость,9938,обзор,сонливость164797,,слабость и сонливость · слабость головокружение сонливость · сильная сонливость и слабость · сонливость днем слабость · головные боли слабость сонливость · сонливость слабость упадок · слабость сонливость апатия · слабость сонливость утомляемость · беременность слабость сонливость · слабость и упадок сил сонливость · слабость сонливость вялость · слабость год и сонливость · слабость в теле и сонливость · появилась слабость и сонливость · ребенок слабость сонливость · резкая слабость сонливость · слабость сонливость форум
12,Сон и бессонница,/online,видеть во сне умершего умирающим,9876,обзор,сон11801236,,видеть во сне умершего умирающим · видеть во сне умершую маму умирающую · видеть во сне умершую бабушку умирающей · видеть во сне умершего человека умирающим · видеть во сне умершую мать умирающей · видеть во сне умершего мужа умирающим
12,Сон и бессонница,/online,что означает увидеть во сне,9776,определение,сон11801236,,что означает увидеть во сне · что означает увидеть во сне человека · увидеть во сне змею что означает · что означает увидеть во сне змей · что означает увидеть во сне умершего · что означает увидеть во сне женщину · что означает увидеть бывшего во сне
12,Сон и бессонница,/online,чтоб уснуть,9595,обзор,как уснуть157766,,чтоб уснуть · чтоб быстро уснуть · сказка чтоб уснуть · что сделать чтоб уснуть
12,Сон и бессонница,/online,сон приснилась девушка,9586,обзор,сон11801236,,сон приснилась девушка · приснился сон будто · приснился сон живой · приснился сон очень · приснился сон про · приснился сон что умерла что значит · приснился сон что это может значить · сон приснилось что беременна что значит · что значит сон приснившийся днем · приснился сон с другой что значит
12,Сон и бессонница,/online,во сколько нужно ложиться спать,9582,сколько,сколько нужно спать30829,,во сколько нужно ложиться спать · во сколько лет нужно ложиться спать · во сколько детям нужно ложиться спать · сон во сколько нужно ложиться спать
12,Сон и бессонница,/online,проснулись улыбнулись,9530,обзор,проснуться1115688,,проснулись улыбнулись · проснулись потянулись улыбнулись · проснулись улыбнулись сладко · проснулись улыбнулись с добрым · проснулись улыбнулись сладко сладко потянулись
12,Сон и бессонница,/online,группа сладкий сон,9493,обзор,сон11801236,,сладкий сон бесплатно · группа сладкий сон · сладкий сон покрывало · сладкий сон на белом · сладкий сон на белом покрывале
12,Сон и бессонница,/online,часто просыпаюсь ночью,9443,обзор,проснуться1115688,,часто просыпаюсь ночью · стал часто просыпаться ночью · очень часто просыпаешься ночью · часто просыпается ночью 1 год · часто просыпается ночью 5 месяцев · человек часто просыпается ночью
12,Сон и бессонница,/online,недосыпа ли,9252,обзор,недосып38587,,недосыпа ли · хронический недосып · голова от недосыпа · усталость недосып · недосып стресс · какие недосыпы · постоянный недосып · человек недосып · болит голова от недосыпа · синяки от недосыпа · день недосыпа · соня недосып · недосып сна · тошнит от недосыпа · сильный недосып · год недосыпа · недосып последствия · умереть от недосыпа · влияет ли недосып · недосып детей · недосып час · недосыпа как синяки убрать · недосып сердце · боль от недосыпа · умирают ли от недосыпа · может ли тошнить от недосыпа · от недосыпа можно умереть · галлюцинации от недосыпа · соня недосып книги · недосып работа · недосып читать · может ли болеть голова от недосыпа · недосып витамины · состояние недосыпа
12,Сон и бессонница,/online,просыпаюсь в 4 утра,9201,обзор,проснуться1115688,,просыпаюсь в 4 утра · просыпаюсь в 2 утра · просыпаюсь в 10 утра · просыпаюсь в 11 утра · просыпаюсь в пять утра · просыпаюсь в 3 4 утра
12,Сон и бессонница,/online,во сне приснился бывший,9079,обзор,сон11801236,,во сне приснился бывший · что значит бывший во сне · что значит во сне бывший муж
12,Сон и бессонница,/online,сон после года,8956,обзор,сон11801236,,сон после года · после сон часа · что значит сон после
12,Сон и бессонница,/online,видеть во сне рыбу,8832,обзор,сон11801236,,видеть во сне рыбу · видеть во сне большую рыбу · видеть во сне живую рыбу · видеть во сне ловлю рыбу · видеть во сне свежую рыбу · видеть во сне копченую рыбу · видеть во сне пойманную рыбу
12,Сон и бессонница,/online,порно уснула пьяная,8786,обзор,как уснуть157766,,порно уснула пьяная · русское порно пьяная уснула · порно пьяная уснула секс · порно пьяная уснула анал · вписки порно уснула пьяная · мамка пьяная уснула порно · пьяная уснула домашнее порно · порно пьяная девушка уснула · уснула пьяная русское порно видео · пришла пьяная и уснула порно · пьяная жена друга уснула порно
12,Сон и бессонница,/online,постоянная сонливость,8744,обзор,сонливость164797,,постоянная сонливость · постоянная усталость и сонливость · постоянная сонливость у женщины · постоянная усталость и сонливость у женщин · постоянная сонливость у мужчин · постоянная усталость и сонливость у мужчин · постоянная слабость и сонливость · постоянная сонливость витамины · постоянная сонливость какие витамины
12,Сон и бессонница,/online,видеть во сне воду,8633,обзор,сон11801236,,видеть во сне воду · видеть во сне чистую воду · видеть во сне грязную воду · видеть во сне прозрачную воду · видеть во сне мутную воду
12,Сон и бессонница,/online,сын уснул,8510,обзор,как уснуть157766,,сын уснул · уснула сын трахнул · мать уснула сын ее
12,Сон и бессонница,/online,во сколько уснуть в,8284,сколько,как уснуть157766,,во сколько уснуть в · во сколько уснуть · сколько нужно чтобы уснуть · через сколько уснешь · во сколько уснуть чтобы проснуться · сколько валерьянки чтобы уснуть · сколько выпить таблеток чтобы уснуть · во сколько надо уснуть · сколько нужно выпить чтобы уснуть · сколько выпить валерьянки чтобы уснуть · сколько глицина чтобы уснуть · валерьянка чтобы уснуть сколько таблеток · сколько корвалола чтобы уснуть · во сколько встану если усну · во сколько надо уснуть чтобы проснуться · сколько надо выпить чтобы уснуть · сколько нужно валерьянки чтобы уснуть · за сколько можно уснуть · не могу уснуть несколько дней
12,Сон и бессонница,/online,уснула рот,8245,обзор,как уснуть157766,,уснула рот · уснула дали в рот · уснула и получила в рот · выебал в рот уснула · уснула кончил в рот
12,Сон и бессонница,/online,сонливость днем,8204,обзор,сонливость164797,,сонливость днем · сонливость днем и ночью · появилась сонливость днем
12,Сон и бессонница,/online,порно уснула на коленях,8119,обзор,как уснуть157766,,порно уснула на коленях · порно уснула на коленках · мама уснула на коленях порно · порно сестра уснула на коленях · порно мачеха уснула на коленях · русское порно уснула на коленях · порно видео уснула на коленях · порно дочь уснула на коленях · уснула на коленях у сына порно · порно уснула на коленях брата
12,Сон и бессонница,/online,видеть во сне покойного,8063,обзор,сон11801236,,видеть во сне покойного · видеть во сне покойника · видеть покойного во сне живым · видеть во сне покойную маму · видеть во сне покойного отца · видеть во сне покойную бабушку · видеть во сне покойника живым · видеть во сне покойную мать · видеть во сне покойного брата · видеть во сне отца покойного живым
12,Сон и бессонница,/online,видеть во сне собаку,7866,обзор,сон11801236,,видеть во сне собаку · видеть во сне большую собаку · видеть во сне белую собаку
12,Сон и бессонница,/online,каждое утро проснувшись,7830,обзор,проснуться1115688,,каждое утро проснувшись · проснулся значит утро · секс утро проснулся · жизнь утро проснись · доброе утро я проснулась · добра утро ты проснулся · доброе утро проснулись улыбнулись · проснулись доброе утро доброго дня · пусть доброе утро проснулась · проснись и пой утро · проснулся утро стих
12,Сон и бессонница,/online,мачеха уснула,7728,обзор,как уснуть157766,,мачеха уснула · мачеха уснула видео · пока мачеха уснула · мачеха уснула а пасынок · мачеха уснула русское · мачеха уснула вк
12,Сон и бессонница,/online,сильная сонливость,7695,обзор,сонливость164797,,сильная сонливость · сильная сонливость днем · очень сильная сонливость
12,Сон и бессонница,/online,сон мужчина незнакомый,7662,обзор,сон11801236,,сон мужчина незнакомый · сон мужчина незнакомой женщине · сон целоваться с мужчиной в губы незнакомым · сон приснился незнакомый мужчина · сон целую незнакомого мужчину · сон целовать незнакомого мужчину · сон незнакомый мужчина обнимает · сон незнакомый мужчина незамужней · сон незамужней женщине мужчина незнакомый
12,Сон и бессонница,/online,бессонница взрослые,7659,обзор,бессонница379503,,бессонница взрослые · фенибут при бессоннице взрослым · как принимать донормил от бессонницы взрослым · атаракс при бессонницы взрослому · донормил инструкция по применению взрослым при бессоннице
12,Сон и бессонница,/online,сны о молчании,7658,обзор,сон11801236,,сны о молчании · помнишь сны о молчании · помнишь небо помнишь сны о молчании
12,Сон и бессонница,/online,видеть во сне беременную женщину,7579,обзор,сон11801236,,видеть во сне беременную женщину · видеть во сне замужнюю женщину беременной · видеть во сне беременную женщину знакомую
12,Сон и бессонница,/online,солнышко проснулось,7508,обзор,проснуться1115688,,солнышко проснулось · солнышко проснулось нова · солнышко проснулось новый · солнышко проснулось на дворе · солнышко проснется текст
12,Сон и бессонница,/online,к чему видеть во сне много,7373,обзор,сон11801236,,к чему видеть во сне много · видеть во сне много маленьких · видеть во сне много людей · видеть во сне много денег · видеть во сне змеи много · видеть во сне много котят · видеть во сне много домов · видеть во сне много воды · видеть во сне много кошек · видеть во сне тараканов много · видеть во сне много мух · что значит видеть во сне много · видеть во сне много яиц · видеть во сне много белых · видеть во сне много разной · видеть во сне много бумажных · видеть во сне много бумажных денег · видеть во сне много крови · видеть во сне много детей · видеть во сне много больших · видеть во сне много мужчин · видеть во сне много цветов · видеть во сне много собак · видеть во сне много грибов · видеть во сне много снега · видеть во сне много яиц куриных · видеть во сне много мышей · видеть во сне цыплят много · видеть во сне много черных · видеть во сне много обуви · видеть во сне много мяса · видеть во сне котят маленьких много · видеть во сне много красивых · видеть во сне много пауков · видеть во сне много хлеба · видеть во сне много красного · видеть во сне много мелких · во сне муравьи видеть много
12,Сон и бессонница,/online,ребенок уснул в,7370,обзор,как уснуть157766,,ребенок уснул в · ребенок уснул после · минут ребенок уснул · ребенок проснулся и уснул · ребенок уснул вечером · чтоб ребенок уснул · сказка чтобы ребенок уснул · ребенок плакал и уснул · мультик чтобы ребенок уснул · сильно уснул ребенок · ребенок уснул стоя · ребенок после кормления уснул · ребенок рано уснул
12,Сон и бессонница,/online,молитвы от бессонницы,7134,обзор,бессонница379503,,молитвы от бессонницы · молитва от бессонницы · молитва от бессонницы у взрослого
12,Сон и бессонница,/online,парень уснул,7095,обзор,как уснуть157766,,парень уснул · парень уснул пьяный · парень уснул видео
12,Сон и бессонница,/online,сон к чему снятся грибы,7024,обзор,сон11801236,,сон к чему снятся грибы · сон к чему снятся новые · сон к чему снятся красные · сон змеи к чему снятся много · сон к чему снятся могилы · сон вши в голове к чему снятся · сон грибы к чему снятся видеть · сон крысы к чему снятся много крыс · сон паутина пауки к чему снятся · сон к чему снятся соседи · сон мыши маленькие к чему снятся · сон крысы в доме к чему снятся · сон маленькие щенки к чему снятся · сон гадюки к чему снятся · сон крупные деньги бумажные к чему снятся · сон к чему снятся утята
12,Сон и бессонница,/online,приходить проснуться,6767,обзор,проснуться1115688,,приходить проснуться · как проснетесь приходите · как проснешься приходи
12,Сон и бессонница,/online,сон маленькая девочка,6633,обзор,сон11801236,,сон маленькая девочка · сон котенок маленький · что значит сон маленькие дети
12,Сон и бессонница,/online,как умереть во сне,6567,обзор,сон11801236,,как умереть во сне · что значить умереть во сне · что значит умереть во сне
12,Сон и бессонница,/online,ребенок просыпается каждую,6448,обзор,проснуться1115688,,ребенок просыпается каждую · ребенок просыпается каждую ночь · ребенок просыпается каждую ночь в
12,Сон и бессонница,/online,ребенок просыпается каждый,6448,обзор,проснуться1115688,,ребенок просыпается каждый · ребенок просыпается каждый час · ребенок просыпается каждые 2 часа
12,Сон и бессонница,/online,почему просыпаешься в час ночи,6438,причины,проснуться1115688,,почему просыпаешься в час ночи · почему просыпаешься в 3 ночи · почему просыпаешься в 3 часа ночи · просыпаться в час ночи причины · просыпаться в 3 ночи причина · просыпаюсь в 3 часа ночи причины · без причины просыпаюсь в 3 ночи · почему просыпаешься в 2 ночи · почему просыпаюсь в 3 ночи каждый · просыпаюсь в 3 ночи причины почему · почему просыпаешься в 3 ночи без причины · почему просыпаешься в 4 ночи · почему просыпаешься в 2 часа ночи · почему просыпаюсь среди ночи · просыпаюсь в 3 ночи каждый день почему · почему просыпаешься в три ночи · просыпаюсь в 2 ночи причины · просыпаюсь в 2 часа ночи причина · почему просыпаемся в 4 часа ночи · почему ребенок просыпается в 2 ночи · почему пожилые просыпаются в 3 ночи · почему ребенок просыпается в час ночи · почему ребенок просыпается в 3 ночи · почему пожилые просыпаются в 3 часа ночи · почему просыпаешься в 3 4 ночи · почему пожилые люди просыпаются в 3 ночи · просыпаешься в 4 часа ночи причина
12,Сон и бессонница,/online,сон знакомый мужчина,6376,обзор,сон11801236,,сон знакомый мужчина · сон со знакомым мужчиной · сон целоваться с мужчиной знакомым · сон целоваться с мужчиной в губы знакомый · сон приснился знакомый мужчина
12,Сон и бессонница,/online,можно ли уснуть,6271,можно ли,как уснуть157766,,можно ли уснуть
12,Сон и бессонница,/online,как победить бессонницу за,6269,обзор,бессонница379503,,как победить бессонницу за · как победит бессонница · как победить бессонницу · бузунова как победить бессонницу · бузунов как победить бессонницу · как победить бессонницу книга
12,Сон и бессонница,/online,усни русский,6214,обзор,как уснуть157766,,усни русский · усни через · сила усни · просто усни · сама усни · усни говорю · маша усни · маша и медведь усни · усни усни в доме погасли · иди усни · ну усни · усни усни в доме погасли огни · усни через час · усни завтра проснешься в крови · поставь усни · усни гадость усни · моцарт усни · усни трава · милая усни · усни аккорды · буланова баю бай усни · усни пожалуйста · выключи усни · усни миша · усни красавица · компьютер усни
12,Сон и бессонница,/online,сплю час и просыпаюсь,6203,обзор,проснуться1115688,,сплю час и просыпаюсь · просыпаюсь ем сплю · просыпаюсь и больше не сплю · просыпаюсь и сплю сидя
12,Сон и бессонница,/online,не могу уснуть час,6197,обзор,как уснуть157766,,не могу уснуть час · час ночи и не могу уснуть · поспал час и не могу уснуть
12,Сон и бессонница,/online,пришла и уснула,6161,обзор,как уснуть157766,,пришла и уснула · пришла пьяной и уснула · пришли пьяные и уснули · пришла домой и уснула · пришла и уснула видео · пришла в гости и уснула
12,Сон и бессонница,/online,видеть во сне красного,6156,обзор,сон11801236,,видеть во сне красного · видеть во сне помидоры красные · видеть во сне красные яблоки
12,Сон и бессонница,/online,почему ребенок просыпается ночью,6153,причины,проснуться1115688,,почему ребенок просыпается ночью · ребенку год почему ночью просыпается · почему ребенок ночью просыпается и плачет · почему ребенок часто просыпается ночью · почему ребенок ночью просыпается каждый · почему ребенок ночью просыпается плохо спит · почему ребенок просыпается ночью 2 года · почему ребенок просыпается ночью и не спит · почему ребенок просыпается ночью каждый час · ребенок плачет часто просыпается ночью почему
12,Сон и бессонница,/online,порно проснулась от члена,6138,обзор,проснуться1115688,,порно проснулась от члена · порно видео проснулась от члена · проснулась от члена секс порно · проснулась от члена в попке порно
12,Сон и бессонница,/online,сон волосы на голове,6131,обзор,сон11801236,,сон волосы на голове · что значит сон волосы · что значить сон отрезать волосы
12,Сон и бессонница,/online,видеть чужой сон,6091,обзор,сон11801236,,видеть чужой сон · сон видеть новую · сон видеть себя в свадебном платье
12,Сон и бессонница,/online,порно сестра проснулась,6085,обзор,проснуться1115688,,порно сестра проснулась · порно спящие сестры проснулись · порно секс сестра проснулась
12,Сон и бессонница,/online,помогает ли уснуть,6008,обзор,как уснуть157766,,помогает ли уснуть · какие помогают уснуть · валерьянка помогает уснуть · глицин помогает уснуть · пустырник помогает уснуть · корвалол помогает уснуть · помогает ли валерьянка уснуть · помогает ли глицин уснуть · магний помогает уснуть · молоко помогает уснуть · помогает ли пустырник уснуть · снотворное помогает уснуть · какой чай помогает уснуть
12,Сон и бессонница,/online,порно проснулась от секса,5990,обзор,проснуться1115688,,порно проснулась от секса · порно видео проснулась от секса · проснулась от секса подруги порно видео
12,Сон и бессонница,/online,как уснуть после,5931,обзор,как уснуть157766,,как уснуть после · как уснуть после запоя · как быстро уснуть после · история после которой не уснуть · страшные истории после которых не уснешь
12,Сон и бессонница,/online,ребенок уснет за,5847,обзор,как уснуть157766,,ребенок уснет за · а4 кто уснет · уснет секс видео · литвин уснет · точно уснете · а4 кто уснет челлендж · ребенок уснет за 5 минут · эксайл кто уснет 2 часть · уснете менее чем за 5 минут · уснет трупом · уснете обязательно · вот так загорится и уснет · вот так загорится и уснет звезда
12,Сон и бессонница,/online,видеть во сне знаком,5757,обзор,сон11801236,,видеть во сне знаком · видеть знакомых во сне · видеть во сне знакомых людей
12,Сон и бессонница,/online,бессонница без таблеток,5705,обзор,бессонница379503,,бессонница без таблеток · от бессонницы без рецепта · от бессонницы без привыкания · сон без бессонницы · средство от бессонницы без рецептов · от бессонницы без рецепта самые эффективные · недорогие от бессонницы без рецептов · эффективное средство от бессонницы без рецептов · средство от бессонницы без привыкания · средство от бессонницы без рецептов самое
12,Сон и бессонница,/online,проснуться пройти,5674,тест,проснуться1115688,,проснуться пройти
12,Сон и бессонница,/online,видеть во сне деньги,5577,обзор,сон11801236,,видеть во сне деньги · видеть во сне деньги бумажные · видеть во сне крупные деньги · во сне видеть деньги дали · видеть во сне деньги бумажные крупные · видеть деньги во сне бумажные купюры
12,Сон и бессонница,/online,целоваться во сне с мужчиной,5532,обзор,сон11801236,,целоваться во сне с мужчиной · целоваться с мужчиной во сне в губы · целовать мужчину во сне · целоваться во сне с незнакомым мужчиной · целоваться во сне со знакомым мужчиной
12,Сон и бессонница,/online,видеть во сне без,5514,обзор,сон11801236,,видеть во сне без · видеть во сне выпадают без крови · видеть во сне выпал без крови
12,Сон и бессонница,/online,как уснуть за минуту,5505,обзор,как уснуть157766,,как уснуть за минуту · как уснуть за 1 минуту · как быстро уснуть за минуту · уснуть за 3 минуты · как быстро уснуть за 1 минуту · как уснуть за 5 минут · видео уснуть за 5 минут · уснуть за 4 минуты · как уснуть за 10 минут · как уснуть за 2 минуты · асмр уснешь за минуту
12,Сон и бессонница,/online,видеть во сне девушку,5329,обзор,сон11801236,,видеть во сне девушку · видеть во сне бывшую девушку · видеть во сне незамужнюю девушку · что значит видеть во сне девушку
12,Сон и бессонница,/online,не могу уснуть хотя хочу,5329,обзор,как уснуть157766,,не могу уснуть хотя хочу · не могу уснуть хотя хочу спать · хочу спать но не могу уснуть · не могу уснуть хотя очень хочу · не могу уснуть хотя очень хочу спать
12,Сон и бессонница,/online,просыпаюсь без причины,5300,причины,проснуться1115688,,просыпаюсь без причины · почему просыпаешься без причины · почему просыпаюсь каждую ночь без причины
12,Сон и бессонница,/online,просыпайся мой хозяин,5295,обзор,проснуться1115688,,просыпайся мой хозяин · будильник просыпайся мой хозяин · просыпайся мой хозяин я спешу тебе
12,Сон и бессонница,/online,как проснуться раньше,5248,обзор,проснуться1115688,,как проснуться раньше · проснулись раньше времени · дети проснулись раньше · хочу проснуться раньше · надежда проснулась раньше · проснуться раньше солнца · надежда проснулась раньше будильника
12,Сон и бессонница,/online,бессонница серии,5243,обзор,бессонница379503,,бессонница серии · бессонница все серии подряд · бессонница все серии бесплатно · бессонница все серии подряд бесплатно · бессонница онлайн все серии · бессонница все серии бесплатно онлайн
12,Сон и бессонница,/online,видеть себя во сне в свадебном,5198,обзор,сон11801236,,видеть себя во сне в свадебном · видеть во сне невесту в свадебном · видеть во сне свадебную фату
12,Сон и бессонница,/online,русское порно проснулась,5116,обзор,проснуться1115688,,русское порно проснулась · русское порно видео проснулась · секс порно русские проснулась · порно русские спящие проснулась · домашнее русское порно проснулась · порно русское спит проснулось · русское красивое порно проснувшись
12,Сон и бессонница,/online,ребенок часто просыпается ночью,5046,обзор,проснуться1115688,,ребенок часто просыпается ночью · ребенок плохо спит ночью часто просыпается · ребенок стал часто просыпаться ночью
12,Сон и бессонница,/online,сон губы мужчины,5041,обзор,сон11801236,,сон губы мужчины · сон поцелуй мужчины в губы · сон целовать мужчину в губы · сон целую мужчину в губы
12,Сон и бессонница,/online,к чему снятся змеи во сне живые,5022,обзор,сон11801236,,к чему снятся змеи во сне живые · во сне куры живые к чему снятся · к чему снятся свиньи живые во сне · к чему снятся черви живые во сне · живые цветы во сне к чему снятся
12,Сон и бессонница,/online,как уснуть в домашних условиях,5001,обзор,как уснуть157766,,как уснуть в домашних условиях · как быстро уснуть в домашних · как быстро уснуть домашние условия
12,Сон и бессонница,/online,видеть во сне мясо,4943,обзор,сон11801236,,видеть во сне мясо · видеть во сне сырое мясо · видеть во сне свежее мясо · видеть во сне вареное мясо
12,Сон и бессонница,/online,порно сестра уснула,4918,обзор,как уснуть157766,,порно сестра уснула · порно видео сестра уснула · порно сестрой пьяный уснула
12,Сон и бессонница,/online,ребенок спит не просыпается,4876,обзор,проснуться1115688,,ребенок спит не просыпается · ребенок плохо спит просыпается · ребенок плохо спит часто просыпается
12,Сон и бессонница,/online,можно ли проснуться,4826,можно ли,проснуться1115688,,можно ли проснуться · нужно ли просыпаться · можно ли просыпаться ночью
12,Сон и бессонница,/online,видеть во сне девочку,4816,обзор,сон11801236,,видеть во сне девочку · видеть во сне рожать девочку · видеть во сне младенца девочку · видеть во сне новорожденную девочку · видеть во сне что родила девочку
12,Сон и бессонница,/online,машина проснулась,4713,обзор,проснуться1115688,,машина проснулась · сбила машина проснулась · его сбила машина он проснулся в ссср
12,Сон и бессонница,/online,сонливость боль,4649,обзор,сонливость164797,,сонливость боль · может ли быть сонливость · вялость сонливость · сонливость ребенка · цетрин сонливость · сонливость форум · прошла сонливость · апатия сонливость · упадок сил сонливость · супрастин сонливость · эффект сонливости · зодак сонливость · состояние сонливости · дневная сонливость · сон сонливость · утомляемость сонливость · лоратадин сонливость · атаракс сонливость · чувствовать сонливость · сонливость ночью · средство от сонливости · резкая сонливость · зиртек сонливость · частая сонливость · цетиризин сонливость · хроническая сонливость · лечение сонливости · сонливость перед · сонливость при беременности · сонливость во время · болезнь сонливость · сонливость врач · сонливость организма · рвота сонливость · сонливость в теле · сонливость нет энергии · тералиджен сонливость · высокая сонливость · большая сонливость · сонливость на работе
12,Сон и бессонница,/online,что делать если бессонница,4550,что делать,бессонница379503,,что делать если бессонница · как избавиться от бессонницы · как бороться с бессонницей · как справиться с бессонницей · бессонница год что делать · что делать после бессонницы · как побороть бессонницу · что делать если бессонница как уснуть · как избавиться от бессонницы ночью · как убрать бессонницу · бессонница что делать причины · что делать при бессоннице ночью
12,Сон и бессонница,/online,почему просыпаюсь в 3 часа,4513,причины,проснуться1115688,,почему просыпаюсь в 3 часа · просыпаюсь в 3 часа причины · почему люди просыпаются в 3 часа · почему просыпаешься каждую ночь в 3 часа · почему просыпаюсь в 4 часа · почему просыпаюсь в 2 часа · просыпаюсь каждую ночь в 3 часа причина · почему просыпаешься в 3 часа дня
12,Сон и бессонница,/online,что делать если просыпаешься ночью,4479,что делать,проснуться1115688,,что делать если просыпаешься ночью · ребенок проснулся что делать · плохо просыпаюсь что делать · что делать если проснулся днем · что делать чтобы проснуться · часто просыпаюсь что делать · не могу проснуться утром что делать · постоянно просыпаюсь что делать · не хочу просыпаться что делать · что делать если рано просыпаешься · каждую ночь просыпаюсь ночью что делать · плохо сплю ночью часто просыпаюсь что делать
12,Сон и бессонница,/online,что означают сны со,4468,обзор,сон11801236,,что означают сны со · что означают твои сны · сны на субботу что означают · сны со среды что означают · что означают сны на вторник · какие сны что означают · сны с субботы на воскресенье что означают · мусульманские сны что означают · сны с пятницы на субботу что означают · сны со среды на четверг что означают · сны со вторника на среду что означают · сны что означают толкование · что означают сны высота · что означают плохие сны · что означают разные сны · что означают сны под утро · что означают сны с отношениями
12,Сон и бессонница,/online,мужчина во время сна,4443,обзор,сон11801236,,мужчина во время сна · потею во время сна мужчина · потею ночью во время сна мужчина · видео сна мужчины · сильно потею во время сна мужчина
12,Сон и бессонница,/online,проснись читать,4423,обзор,проснуться1115688,,проснись читать · проснувшийся читать онлайн · проснись читать бесплатно
12,Сон и бессонница,/online,сколько нужно спать человеку,4390,сколько,сколько нужно спать30829,,сколько нужно спать человеку · сколько нужно спать взрослому человеку · сколько нужно спать человеку в сутки · сколько нужно спать здоровому человеку · сколько человеку нужно спать для здорового сна · сколько нужно спать в сутки взрослому человеку · сколько нужно спать человеку чтобы выспаться
12,Сон и бессонница,/online,проснулся утром болит,4384,обзор,проснуться1115688,,проснулся утром болит · проснулась утром встала · люди проснуться утром · проснувшись утром надо · какой проснуться утром · спать спать и не проснуться утром · проснувшись сегодня утром · утром проснулся девушкой · проснулся утром с другом · проснулся я утром часов · утром проснулась лицо · проснулся утром текст · ели проснулась утром · не проснулись утром умерли · утром проснулся скажите · проснешься утром увидишь · давай проснемся утром · видео проснулась утром от · спасибо что проснулись утром · женщина проснулась утром · проснулась утром поняла что · проснулась утром девочка · бог проснулся утром · жена проснулась утром · проснувшись утром услышала · проснулся утром мужчина · проснувшись однажды утром · как проснуться утром бодрым · весело утром проснуться · проснулся утром и живи · проснуться с утром картинки · счастье проснуться утром · проснулась утром голая · сегодня проснувшись рано утром
12,Сон и бессонница,/online,сон другой мужчина,4382,обзор,сон11801236,,сон другой мужчина · сон мужчина с другой женщиной · сон другой мужчина муж
12,Сон и бессонница,/online,змеи во сне мужчине,4357,обзор,сон11801236,,змеи во сне мужчине · любимый мужчина во сне · во сне снились много мужчин · во сне ловит мужчина · голы во сне мужчина · голый мужчина во сне · храп во сне у мужчин · плачущий мужчина во сне · медведь во сне мужчине · удочка во сне мужчине · во сне мужчина дает · красивый мужчина во сне · мужчина кончает во сне · во сне приходил мужчина · мужчина приходящий во сне · танцевать во сне с мужчиной · тараканы во сне мужчине · убегать от мужчины во сне · мужчина во сне сказал · нападающий мужчина во сне · змеи во сне мужчине много · обниматься во сне с мужчиной · спящий мужчина во сне · во сне с мужчиной заниматься · грибы во сне мужчине · цветы мужчине во сне · потливость во сне у мужчин · лицо мужчины во сне · во сне держать мужчину · поймать большую сне мужчине · мужчина во сне получил · мыши во сне мужчине · мыло во сне мужчине · пульс во сне у мужчин · мужчина выйдет во сне мужчину · драться во сне с мужчиной · во сне кормила мужчину · кормить мужчину во сне · во сне бегает мужчина · тюрьма во сне для мужчины
12,Сон и бессонница,/online,порно мама проснулась,4325,обзор,проснуться1115688,,порно мама проснулась · мама проснулась сын порно · спала мама проснулась порно
12,Сон и бессонница,/online,почему каждую ночь просыпаюсь в,4294,причины,проснуться1115688,,почему каждую ночь просыпаюсь в · почему просыпаешься каждую ночь · почему я каждую ночь просыпаюсь в · просыпаюсь каждую ночь причины · почему я просыпаюсь каждую · почему просыпаюсь в 4 утра каждую
12,Сон и бессонница,/online,видеть во сне мальчика,4282,обзор,сон11801236,,видеть во сне мальчика · видеть во сне младенца мальчика · видеть во сне рожать мальчика
12,Сон и бессонница,/online,порно муж уснул,4263,обзор,как уснуть157766,,порно муж уснул · порно муж уснул пьяный · порно жена уснула а муж · порно видео муж уснул · порно жена друга муж уснул · порно пока муж уснул · муж уснул пьяный порно видео · порно трахнули муж уснул · порно муж уснул пьяный жена
12,Сон и бессонница,/online,что означает змея во сне,4249,определение,сон11801236,,что означает змея во сне · что означает змея во сне в исламе · что означает если укусила змея во сне
12,Сон и бессонница,/online,ребенок просыпается ночью каждый,4241,обзор,проснуться1115688,,ребенок просыпается ночью каждый · ребенок просыпается ночью каждый час · ребенок просыпается ночью каждые 2 часа · ребенок просыпается ночью каждые 3 часа · ребенок 6 просыпается ночью каждый
12,Сон и бессонница,/online,день бессонница,4155,обзор,бессонница379503,,день бессонница · ночь и день бессонница · бессонница 2 день
12,Сон и бессонница,/online,почему не могу уснуть ночью,4109,причины,как уснуть157766,,почему не могу уснуть ночью · почему я не могу уснуть · не могу уснуть причины · уснул и не проснулся почему · почему человек не может уснуть · не могу уснуть ночью причины · почему не получается уснуть · почему часами не могу уснуть · почему просыпаешься ночью и не можешь уснуть · почему ребенок не может уснуть · почему не можешь уснуть хотя хочешь · уснуть и не проснуться причины · почему долго не можешь уснуть · почему не можешь уснуть хотя хочешь спать · ночью просыпаюсь и не могу уснуть причины · почему человек не может уснуть ночью · почему не можешь уснуть но хочешь · почему хочешь спать но не можешь уснуть · почему тяжело уснуть · зачем уснула · почему нога уснула · почему утром проснувшись не можешь уснуть · уснула рано почему · почему не могу уснуть сон · причины почему не могу уснуть · почему не дают уснуть · почему не уснуть ночью причины · почему невозможно уснуть · почему сложно уснуть · почему хочется спать но не можешь уснуть
12,Сон и бессонница,/online,видеть во сне золотой,4106,обзор,сон11801236,,видеть во сне золотой · видеть во сне золото · видеть во сне золотые кольца · видеть во сне колечко золотое · видеть во сне золотые украшения · видеть во сне золотую руку
12,Сон и бессонница,/online,не могу уснуть год,4097,обзор,как уснуть157766,,не могу уснуть год · долго не могу уснуть · засыпаю засыпаю не могу уснуть · не могу уснуть месяц · я не могу уснуть вторые · не могу уснуть плачу · постоянно не могу уснуть · не могу уснуть из за мыслей · не могу уснуть сердце · ложусь спать и не могу уснуть · после ночей не могу уснуть · не могу уснуть из за боли · вообще не могу уснуть · не могу уснуть если не выпью · не могу уснуть форум · не могу уснуть мысли в голове · не могу уснуть рано вставать · градусы я не могу уснуть · градусы не могу уснуть вторые · не устаю не могу уснуть · часто не могу уснуть · каждую ночь не могу уснуть · не могу уснуть 5 часов · не могу уснуть после алкоголя · не могу уснуть ощущение · не могу уснуть среди ночи · долго не спала не могу уснуть · возвращайся я не могу уснуть · не могу уснуть рано утром · каждый день не могу уснуть · кофе не могу уснуть · плохо сплю не могу уснуть · не могу уснуть без человека · не могу уснуть 4 день · не могу уснуть в спальне · магний не могу уснуть
12,Сон и бессонница,/online,с кем хочется проснуться,4085,обзор,проснуться1115688,,с кем хочется проснуться · как много тех с кем хочется проснуться · стих с кем хочется проснуться
12,Сон и бессонница,/online,видеть во сне пожар,4018,обзор,сон11801236,,видеть во сне пожар · видеть во сне пожар дома · видеть во сне пожар огонь
12,Сон и бессонница,/online,плохо сплю просыпаюсь ночью,4015,обзор,проснуться1115688,,плохо сплю просыпаюсь ночью · плохой сон просыпаюсь ночью · плохо сплю ночью постоянно просыпаюсь
12,Сон и бессонница,/online,проснулся в 4 ночи,3986,обзор,проснуться1115688,,проснулся в 4 ночи · проснулась в 3 ночи что значит · проснулся в 5 часов ночи · проснись фара ночи · что значит проснуться в 3 часа ночи · окно в проснувшейся ночи · проснулся в час ночи примета · дарья проснулась среди ночи · проснулась в 3 00 ночи · дарья проснулась среди ночи от пульсирующей · дарья проснулась среди ночи от боли · дарья проснулась среди ночи от пульсирующей боли · человек проснулся в 2 часа ночи · после ночи он проснулся · проснуться 3 30 ночи
12,Сон и бессонница,/online,атаракс при бессоннице,3964,обзор,бессонница379503,,атаракс при бессоннице · как принимать атаракс при бессоннице · бессонница при тревоге атаракс · что лучше атаракса при бессоннице · атаракс помогает при бессоннице · атаракс или тералиджен при бессоннице
12,Сон и бессонница,/online,сон много мужчин,3963,обзор,сон11801236,,сон много мужчин · сон много змей мужчине · много женщин сон мужчине
12,Сон и бессонница,/online,что означает сон муж,3896,определение,сон11801236,,что означает сон муж · что означает сон бывший муж · сон изменил муж что означает
12,Сон и бессонница,/online,сны толкование дом,3879,обзор,сон11801236,,сны толкование дом · сны толкование снов белое · сны толкование ехать · пророк сны толкование
12,Сон и бессонница,/online,почему каждый день просыпаюсь в,3785,причины,проснуться1115688,,почему каждый день просыпаюсь в · почему просыпаешься каждый час · почему просыпаюсь каждый день · просыпаюсь каждый час причины · почему просыпаюсь каждые 3 часа · просыпаюсь каждый час без причины · почему просыпаешься каждый час без причины · почему просыпаюсь в 4 утра каждый
12,Сон и бессонница,/online,порно жена уснула,3783,обзор,как уснуть157766,,порно жена уснула · жена друга уснула порно · порно пока жена уснула · порно жена уснула с другом · порно видео жена уснула
12,Сон и бессонница,/online,порно подруга проснулась,3767,обзор,проснуться1115688,,порно подруга проснулась · порно тихо ты а то подруга проснется · порно подруга проснулась и увидела секс
12,Сон и бессонница,/online,видеть во сне яйца,3749,обзор,сон11801236,,видеть во сне яйца · видеть во сне яйца куриные · видеть во сне сырые яйца
12,Сон и бессонница,/online,бессонница хорошее качество,3689,обзор,бессонница379503,,бессонница хорошее качество · бессонница бесплатно в хорошем качестве · бессонница онлайн в хорошем качестве · бессонница онлайн бесплатно в хорошем качестве · бессонница все серии в хорошем качестве
12,Сон и бессонница,/online,ребенок 5 месяцев просыпается,3655,обзор,проснуться1115688,,ребенок 5 месяцев просыпается · ребенок 6 месяцев просыпается · ребенок 4 месяца просыпается · ребенок 3 месяца просыпается · ребенок 7 месяцев просыпается · ребенку месяц просыпается каждый час · ребенок 8 месяцев просыпается · ребенок 10 месяцев просыпается · ребенок 9 месяцев просыпается · ребенку месяц спит не просыпается · ребенок 11 месяцев просыпается
12,Сон и бессонница,/online,уснула с другом,3570,обзор,как уснуть157766,,уснула с другом · уснула с мужем и другом · парни уснули с другом
12,Сон и бессонница,/online,порно мачеха уснула,3566,обзор,как уснуть157766,,порно мачеха уснула · порно мачеха уснула пасынок · порно видео мачеха уснула · мачеха уснула сыном порно
12,Сон и бессонница,/online,бессонница король,3531,обзор,бессонница379503,,бессонница король · король и шут бессонница · час бессонницы король · час бессонницы король и шут · бессонница в час ночной король и шут · бессонница король текст · король и шут бессонница текст · как бессонница в час ночной король
12,Сон и бессонница,/online,видеть во сне бабушку,3499,обзор,сон11801236,,видеть во сне бабушку · во сне видеть бабушка умерла · видеть во сне живую бабушку
12,Сон и бессонница,/online,сонливость мужчина,3471,обзор,сонливость164797,,сонливость мужчина · усталость и сонливость у мужчин · слабость сонливость у мужчины · сонливость днем у мужчин
12,Сон и бессонница,/online,трахает уснувшую,3453,обзор,как уснуть157766,,трахает уснувшую · трахает пьяную уснувшую · сын трахает уснувшую
12,Сон и бессонница,/online,сон спать и проснуться,3425,обзор,проснуться1115688,,сон спать и проснуться · сон будто проснулся · поняла что сон и проснулась · сон умер и проснулся
12,Сон и бессонница,/online,что значат змеи во сне,3413,обзор,сон11801236,,что значат змеи во сне · что значат собаки во сне · что значат кошки во сне · что значат ножи во сне · что значат пауки во сне · что значат коты во сне · что значат котята во сне · что значат цвета во сне · что значат птицы во сне · что значат цифры во сне · что значат часы во сне · что значат волки во сне · что значат во сне ногти
12,Сон и бессонница,/online,видеть во сне снег,3407,обзор,сон11801236,,видеть во сне снег · видеть во сне снег белый · видеть во сне снег летом · видеть во сне чистый снег
12,Сон и бессонница,/online,усталость и сонливость причины,3402,причины,сонливость164797,,усталость и сонливость причины · постоянная сонливость и усталость причины · почему усталость и сонливость · усталость сонливость причины и лечение · хроническая усталость и сонливость причины · хроническая усталость и сонливость причины лечение · сильная усталость и сонливость причины · вялость сонливость усталость причины
12,Сон и бессонница,/online,что означает сны про,3394,определение,сон11801236,,что означает сны про · что означает сны на воскресенье · что означает страшные сны · что означает если не снятся сны · к чему снятся сны значение · сны что означает камень
12,Сон и бессонница,/online,что значат сны с бывшим,3386,обзор,сон11801236,,что значат сны с бывшим · что значат сны с бывшим парнем · что значат сны про бывших
12,Сон и бессонница,/online,что помогает уснуть,3370,упражнения,как уснуть157766,,что помогает уснуть · способы уснуть · способы быстро уснуть · способы как быстро уснуть · что помогает быстрее уснуть · самый быстрый способ уснуть
12,Сон и бессонница,/online,бессонница при беременности,3357,обзор,бессонница379503,,бессонница при беременности · бессонница неделя беременности · бессонница у беременных · бессонница на ранней беременности · бессонница на ранних сроках беременности · бессонница во время беременности · бессонница при беременности 3 триместр
12,Сон и бессонница,/online,проснулась утром елки,3267,обзор,проснуться1115688,,проснулась утром елки · проснулась утром елки палки · проснулась утром елки палки не высыпаюсь
12,Сон и бессонница,/online,уснула сладко сладко,3259,обзор,как уснуть157766,,уснула сладко сладко · уснула сладко сладко рано · уснул сладким сном
12,Сон и бессонница,/online,видеть во сне крупную,3228,обзор,сон11801236,,видеть во сне крупную · видеть во сне крупные купюры · видеть во сне крупные купюры денег · видеть во сне картошку крупную
12,Сон и бессонница,/online,что сделать чтобы уснуть,3228,обзор,как уснуть157766,,что сделать чтобы уснуть · перед сном чтобы уснуть · молитва чтобы уснуть · видео чтобы уснуть · валерьянка чтобы уснуть · снотворное чтобы уснуть · что сделать чтобы быстро уснуть · мультик чтобы уснуть · глицин чтобы уснуть · корвалол чтобы уснуть · что пить чтобы уснуть · асмр чтобы уснуть · что нужно сделать чтобы уснуть · точка чтобы уснуть · пустырник чтобы уснуть · шум чтобы уснуть · чай чтобы уснуть · мелатонин чтобы уснуть · средства чтобы уснуть · успокаивающее чтобы уснуть · читаем чтобы уснуть · мелодия чтобы уснуть · молитва чтобы уснуть быстро · медитация чтобы уснуть · что принять чтобы уснуть · что нужно чтобы быстро уснуть · книга чтобы уснуть · чтобы быстро уснуть надо · истории чтобы уснуть · нажимать чтобы уснуть · что надо сделать чтобы уснуть · звук чтобы уснуть быстро
12,Сон и бессонница,/online,видел во сне поле,3221,обзор,сон11801236,,видел во сне поле · я видел тебя во сне · я видел тебя во сне лакорн · во сне видел сильный · видел во сне пальцы · во сне видел огород · видела во сне мертвый живой · во сне видела сосед · видела во сне форум · видел во сне нос · видел во сне коран · знаешь я видела во сне · сегодня во сне видела · я видел тебя во сне озвучка · во сне видела мужика · я видел тебя во сне лакорн русская · во сне видела чужих людей · во сне видел ветер · во сне видела вши на голове · видела во сне уху · видела во сне смеялась · во сне видел часы наручные · во сне видел карты · видела во сне лица людей · во сне видела тарелки · видел во сне масло · видел во сне балкон · во сне видел деда · во сне видела маму бывшего · во сне видела бывши подругу · видела во сне что изменяю
12,Сон и бессонница,/online,как проснуться во сне,3141,обзор,проснуться1115688,,как проснуться во сне · приснилось проснуться во сне · во сне проснулся умерший
12,Сон и бессонница,/online,русское порно уснувшая,3121,обзор,как уснуть157766,,русское порно уснувшая · порно уснувших дам · порно уснувшей на коленях в рот · порно минет уснувшей · порно выебал пьяную уснувшую · порно выебал уснувшую сестру · порно ебут пьяную уснувшую
12,Сон и бессонница,/online,видеть во сне грибы,3108,обзор,сон11801236,,видеть во сне грибы · видеть во сне собирать грибы · видеть во сне собранные грибы · видеть во сне белые грибы
12,Сон и бессонница,/online,мужчина со снов,3099,обзор,сон11801236,,мужчина со снов · картинка снов мужчине · нежных снов мужчине · пожелать снов мужчине · эротических снов мужчине · крепких снов мужчине
12,Сон и бессонница,/online,видеть во сне кольцо,3086,обзор,сон11801236,,видеть во сне кольцо · видеть во сне обручальное кольцо · видеть во сне кольцо на пальце
12,Сон и бессонница,/online,секс анал просыпается,3066,обзор,проснуться1115688,,секс анал просыпается · секс красивая просыпаться · секс когда просыпаются видео
12,Сон и бессонница,/online,ребенок просыпается через,3009,обзор,проснуться1115688,,ребенок просыпается через · ребенок просыпается через минуту · ребенок просыпается через час
12,Сон и бессонница,/online,просыпаюсь в 3 дня,2947,обзор,проснуться1115688,,просыпаюсь в 3 дня · просыпаюсь в 4 дня · просыпайся хорошего дня · просыпаюсь в 12 дня
12,Сон и бессонница,/online,страдаю бессонницей,2921,обзор,бессонница379503,,страдаю бессонницей · страдающих бессонницей · говорят президент страдает бессонницей · люди страдающие бессонницей
12,Сон и бессонница,/online,сон жена мужчины,2896,обзор,сон11801236,,сон жена мужчины · сон жена с другим мужчиной · сон жена бывшего мужчины
12,Сон и бессонница,/online,проснулся в 3 утра,2879,обзор,проснуться1115688,,проснулся в 3 утра · проснувшись в четыре утра · проснуться в 4 5 утра · как проснуться в 6 утра · как проснуться в 5 утра · проснуться 5 6 утра
12,Сон и бессонница,/online,солнышко проснулось новый день,2849,обзор,проснуться1115688,,солнышко проснулось новый день · проснулась новый день на дворе · солнышко проснулось день на дворе · солнышко проснулось новый день на дворе · день сегодня проснусь · проснувшись на следующий день · день хочу проснуться · проснулся через день · проснулся день текст · проснулся день проснулось солнце
12,Сон и бессонница,/online,видеть во сне мать,2835,обзор,сон11801236,,видеть во сне мать · видеть во сне мать умерла · видеть мать во сне живую
12,Сон и бессонница,/online,почему просыпаешься ночью без,2803,причины,проснуться1115688,,почему просыпаешься ночью без · почему просыпаешься ночью без причины · почему человек просыпается ночью без причины · часто просыпаюсь ночью без причины
12,Сон и бессонница,/online,синяки проснулись,2791,обзор,проснуться1115688,,синяки проснулись · проснулся синяк на пол · синяк на пол лица проснулся
12,Сон и бессонница,/online,спит и уснул и проснулся,2772,обзор,как уснуть157766,,спит и уснул и проснулся · проснулся потом уснул · уснула в 2 проснуться · уснул днем проснулся ночью · человек уснул и не проснулся · уснул и проснулся через час · днем уснула и не могла проснуться · уснул вечером проснулся ночью · проснулась и снова уснула · уснул днем проснулся вечером · уснул и резко проснулся · уснул в 9 проснулся в час · проснулся и сразу уснул
12,Сон и бессонница,/online,хочу проснуться ночью,2764,обзор,проснуться1115688,,хочу проснуться ночью · ночью проснулась от боли · проснулся где ночью · проснулась ночью и увидел · проснулся ночью девушка · маленький проснулся ночью · проснулась ночью девочка · проснулась ночью порно · ночью проснешься в крови · мужчина проснулся ночью · давай проснемся ночью · проснулась ночью с криком · опять проснулась ночью · ребенок проснулся ночью и сильно · секс проснулся ночью · проснуться ночью в 12 часов · ночью проснешься в крови спи моя · ночью я проснулся посмотрел · ночью кажется что проснулся · проснулся ночью и не хочу спать · я проснулся глубокой ночью · проснулся ночью трясет · ребенок проснулся ночью и сильно плачет · проснулся ночью болит голова · мальчик проснулся ночью · проснулся ночью стало плохо · ночью ребенок проснулся с криком · лег вечером проснулся ночью · света проснулась ночью · ночью проснулся на спине · проснуться ночью от страха · проснулась ночью и начала плакать · однажды проснувшись ночью · проснулась ночью и захотела · я вчера проснулся ночью · как быстро проснуться ночью · проснулся ночью и трясется
12,Сон и бессонница,/online,толкование снов по корану,2755,обзор,сон11801236,,толкование снов по корану · толкование снов по корану и сунне · толкование снов по корану мусульманский · исламское толкование снов по корану · толкование снов по священному корану · исламское толкование снов по корану и сунне · толкование снов по корану и сунне пророка · толкование снов по корану видела
12,Сон и бессонница,/online,проснувшись стал ребенком,2751,обзор,проснуться1115688,,проснувшись стал ребенком · хочу проснуться ребенком · ребенок проснулся с криком · новорожденный ребенок проснулся · ребенок 1 год проснулся и плачет · ребенок проснулся среди ночи
12,Сон и бессонница,/online,русский секс проснулась,2714,обзор,проснуться1115688,,русский секс проснулась · проснулся от минета секс · секс тихо подруга проснется · секс проснувшихся парней · секс жена проснулась · муж проснулся секс · секс брат проснулся · секс сын проснулся · секс проснулась мамка
12,Сон и бессонница,/online,проснулся с мачехой,2714,обзор,проснуться1115688,,проснулся с мачехой · видео мачеха проснулась · мачеха проснулась с пасынком
12,Сон и бессонница,/online,не могу уснуть сутки,2704,обзор,как уснуть157766,,не могу уснуть сутки · я не могу уснуть вторые сутки · градусы я не могу уснуть вторые сутки
12,Сон и бессонница,/online,начинай просыпаться одна,2694,обзор,проснуться1115688,,начинай просыпаться одна · привыкай просыпаться одна · начинай забывать номера начинай просыпаться одна · лепс просыпаться одна · я снова просыпаюсь одна
12,Сон и бессонница,/online,почему ночью просыпаешься каждый час,2674,причины,проснуться1115688,,почему ночью просыпаешься каждый час · просыпаюсь ночью каждый час причины · почему просыпаешься каждые 3 часа ночью · почему просыпаешься ночью каждый день · просыпаюсь каждый час ночью без причины · почему ночью просыпаешься каждый час без причины · каждый день просыпаюсь ночью без причины · почему человек просыпается каждый час ночью
12,Сон и бессонница,/online,проснуться в 5 часов,2672,обзор,проснуться1115688,,проснуться в 5 часов · проснись 10 часов · проснуться в 7 часов утра · я проснулся в 7 часов
12,Сон и бессонница,/online,спящую даже не проснулась,2654,обзор,проснуться1115688,,спящую даже не проснулась · ебал спящую проснулась · трахнул спящую и она проснулась
12,Сон и бессонница,/online,проснулся мужской,2629,обзор,проснуться1115688,,проснулся мужской · мужское женское проснулся · соня проснись мужское · соня проснись мужское женское
12,Сон и бессонница,/online,кошмар просыпается,2568,обзор,проснуться1115688,,кошмар просыпается · я просыпаюсь в кошмарном · я просыпаюсь в кошмарном бреду · я просыпаюсь в кошмарном поту
12,Сон и бессонница,/online,ребенок месяцев часто просыпается ночью,2547,обзор,проснуться1115688,,ребенок месяцев часто просыпается ночью · ребенку месяц ночью просыпается каждый час · ребенок 6 месяцев просыпается ночью · ребенку 4 месяца просыпается ночью · ребенок 9 месяцев просыпается ночью · ребенок 3 месяца просыпается ночью · ребенок 10 месяцев просыпается ночью · ребенок 11 месяцев просыпается ночью · ребенок 5 месяцев часто просыпается ночью · ребенок 2 месяца просыпается ночью каждый час · ребенок 5 месяцев ночью просыпается каждый час · ребенок часто просыпается ночью 7 месяцев · ребенок чаще просыпается ночью 7 месяцев · ребенок 8 месяцев часто просыпается ночью · ребенок 2 месяца не просыпается ночью
12,Сон и бессонница,/online,сказка чтобы уснуть,2493,обзор,как уснуть157766,,сказка чтобы уснуть · сказки на ночь чтобы уснуть · сказка чтобы уснуть взрослому
12,Сон и бессонница,/online,почему часто просыпаешься ночью,2458,причины,проснуться1115688,,почему часто просыпаешься ночью · часто просыпаюсь ночью причины · почему плохо спишь ночью и часто просыпаешься
12,Сон и бессонница,/online,мастер проснулась,2444,обзор,проснуться1115688,,мастер проснулась · мастер проснулся в теле · мастер проснулась наложницей · мастер проснулась в теле наложницы
12,Сон и бессонница,/online,магний от бессонницы,2442,обзор,бессонница379503,,магний от бессонницы · лучший магний при бессоннице · магний при бессоннице какой лучше · какой магний принимать при бессоннице · магний от бессонницы какой · магний от бессонницы какой лучше принимать · магний от бессонницы какой лучше принимать женщинам · какой магний при бессоннице и судорога ног · магний помогает от бессонницы
12,Сон и бессонница,/online,повышенная сонливость,2439,обзор,сонливость164797,,повышенная сонливость · повышена сонливость · повышение сонливости
12,Сон и бессонница,/online,потею во сне мужчина,2420,обзор,сон11801236,,потею во сне мужчина · потею ночью во сне мужчины · сильно потею во сне мужчина
12,Сон и бессонница,/online,видеть во сне огонь,2415,обзор,сон11801236,,видеть во сне огонь · видеть во сне горящий огонь · во сне видеть огонь горит
12,Сон и бессонница,/online,сонливость что делать,2400,что делать,сонливость164797,,сонливость что делать · как убрать сонливость · как избавиться от сонливости · сонливость усталость что делать · слабость сонливость что делать · как бороться с сонливостью · как побороть сонливость · постоянная сонливость что делать
12,Сон и бессонница,/online,просыпаюсь ночью и засыпаю,2361,обзор,проснуться1115688,,просыпаюсь ночью и засыпаю · засыпаю утром просыпаюсь ночью · засыпает просыпается ночью спать · засыпаю днем просыпаюсь ночью
12,Сон и бессонница,/online,сколько нужно спать чтобы выспаться,2335,сколько,сколько нужно спать30829,,сколько нужно спать чтобы выспаться · сколько нужно спать чтобы встать · во сколько нужно лечь спать чтобы встать · во сколько нужно лечь спать чтобы выспаться
12,Сон и бессонница,/online,что значат сны днем,2321,обзор,сон11801236,,что значат сны днем · что значат сны снящиеся днем · что значат сны приснившиеся днем
12,Сон и бессонница,/online,проснулась после вечеринки,2260,обзор,проснуться1115688,,проснулся после · проснулась после вечеринки · проснулась после вписки · проснулись после пьянки · не проснуться после наркоза · проснулась после операции
12,Сон и бессонница,/online,что значит во сне много,2256,обзор,сон11801236,,что значит во сне много · во сне вижу очень много · во сне видела много сыра
12,Сон и бессонница,/online,маша усни моя радость,2256,обзор,как уснуть157766,,маша усни моя радость · спит моя радость усни маша · моя радость усни маша и медведь
12,Сон и бессонница,/online,спи моя усни маша и,2246,обзор,как уснуть157766,,спи моя усни маша и · спи моя усни в морге погасли · спи моя гадость усни · спи моя гадость усни в морге · спи моя гадость усни завтра · спи моя гадость усни завтра проснешься
12,Сон и бессонница,/online,проснись мертвей,2223,обзор,проснуться1115688,,проснись мертвей · проснись мертвец · ножи проснись мертвец · достать ножи проснись мертвец
12,Сон и бессонница,/online,проснулась большее,2197,обзор,проснуться1115688,,проснулась большее · как больше не проснуться · большие сиськи проснулись
12,Сон и бессонница,/online,что означает сон на понедельник,2170,определение,сон11801236,,что означает сон на понедельник · что означает сон с воскресенья на понедельник · сон с понедельника на вторник что означает
12,Сон и бессонница,/online,уснул бычок,2158,обзор,как уснуть157766,,уснул бычок · спит уснул бычок · пора уснул бычок · спать пора уснул бычок · уснул бычок лег · спать ложись уснул бычок · спать пора уснул бычок лег · уснул бычок лег в кроватку · спать пора уснул бычок лег в кроватку · уснул бычок лег в кроватку на бочок
12,Сон и бессонница,/online,порно парень просыпался,2151,обзор,проснуться1115688,,порно парень просыпался · просыпается от члена русское порно · порно бесплатно просыпается · порно спящих потом просыпающихся · спящие порно мама просыпаться · порно видео мама просыпается
12,Сон и бессонница,/online,проснулся утром синяк,2142,обзор,проснуться1115688,,проснулся утром синяк · проснулся утром синяк на пол · проснулся утром синяк на пол лица
12,Сон и бессонница,/online,просыпайтесь братья и сестры,2134,обзор,проснуться1115688,,просыпайтесь братья и сестры · сводная сестра просыпается от моего члена · просыпайся сестренка
12,Сон и бессонница,/online,сон рано проснуться,2122,обзор,проснуться1115688,,сон рано проснуться · проснулась рано и спала · рано легла рано проснулась · бог проснулся рано · хочу проснуться рано рано · муж проснулся рано
12,Сон и бессонница,/online,что выпить чтобы уснуть,2110,обзор,как уснуть157766,,что выпить чтобы уснуть · выпить таблеток чтобы уснуть · что можно выпить чтобы уснуть · что выпить чтобы уснуть быстро
12,Сон и бессонница,/online,видеть во сне живого человека,2109,обзор,сон11801236,,видеть во сне живого человека · видеть во сне человека другом · что значит видеть во сне человека · видеть во сне мертвого человека · видеть во сне любимого человека · видеть во сне голого человека · видеть во сне человеческие · видеть во сне что человек умер · видеть во сне человека без · видеть во сне пьяного человека · видеть во сне человека молодым · видеть во сне человека в гробу · видеть во сне мертвого человека живым · во сне видеть черного человека · видеть во сне похороны человека · видеть во сне убить человека
12,Сон и бессонница,/online,как бессонница в час,2104,обзор,бессонница379503,,как бессонница в час · как бессонница в час ночной · шут как бессонница час ночной · как бессонница в час текст · как бессонница в час ночной текст
12,Сон и бессонница,/online,город засыпает просыпается,2039,обзор,проснуться1115688,,город засыпает просыпается · мафия засыпает просыпаются · город засыпает просыпается мафия · начинаю засыпать и просыпаюсь · просыпаюсь после засыпания · просыпаться при засыпании · я засыпать хочу с тобой и просыпаться
12,Сон и бессонница,/online,просыпаться рано тяжело,2013,обзор,проснуться1115688,,просыпаться рано тяжело · просыпаться рано тяжело я будто · просыпаться рано я будто из титана · просыпаться рано тяжело я будто из титана · начала рано просыпаться · очень рано просыпаюсь · всегда рано просыпаюсь · я просыпаюсь так рано · стала рано просыпаться
12,Сон и бессонница,/online,что означает просыпаться в,2004,определение,проснуться1115688,,что означает просыпаться в · что означает просыпаться ночью · проснувшись обозначает · проснуться в 3 ночи что означает · что означает проснуться в 3 часа ночи
12,Сон и бессонница,/online,толкование снов дом солнца,1985,обзор,сон11801236,,толкование снов дом солнца · толкование снов бесплатно дом солнца · толкование снов онлайн дом снов · дом солнца толкование снов онлайн
12,Сон и бессонница,/online,рыбки уснули,1980,обзор,как уснуть157766,,рыбки уснули · рыбки уснули в пруду · рыбки уснули текст · рыбки уснули в пруду текст · рыбки уснули в саду
12,Сон и бессонница,/online,почему недосыпы,1956,причины,недосып38587,,почему недосыпы · причины недосыпа
12,Сон и бессонница,/online,ребенок просыпается в час ночи,1929,обзор,проснуться1115688,,ребенок просыпается в час ночи · ребенок просыпается в 2 ночи · ребенок просыпается в 3 ночи · ребенок просыпается в 2 часа ночи · ребенок просыпается в 3 часа ночи · ребенок просыпается посреди ночи · ребенок просыпается в три ночи
12,Сон и бессонница,/online,бессонница симптомы,1916,признаки,бессонница379503,,бессонница симптомы · признаки бессонницы
12,Сон и бессонница,/online,слабость сонливость у женщин,1903,обзор,сонливость164797,,слабость сонливость у женщин · сильная сонливость у женщин · сонливость днем у женщин · сильная слабость и сонливость у женщин
12,Сон и бессонница,/online,что помогает от бессонницы,1875,упражнения,бессонница379503,,что помогает от бессонницы
12,Сон и бессонница,/online,что означает мертвым сном,1862,определение,сон11801236,,что означает мертвым сном · что означает день сна · цвет сна что означает
12,Сон и бессонница,/online,и вижу я во сне далекий,1858,обзор,сон11801236,,и вижу я во сне далекий · а я ночами вижу тебя во сне · твой образ вижу я во сне · и вижу я во сне далекий образ · снова во сне вижу · оленька и вижу я во сне · постоянно вижу во сне · есть город который я вижу во сне · вижу дядю во сне · я ночами вижу во сне где · и вижу я во сне ремикс · jj я вижу во сне · во сне ничего не вижу
12,Сон и бессонница,/online,видеть во сне взрослую,1842,обзор,сон11801236,,видеть во сне взрослую · видеть во сне сына взрослым · видеть во сне взрослых детей · видеть во сне взрослых дочерей
12,Сон и бессонница,/online,почему просыпаешься в одно время,1842,причины,проснуться1115688,,почему просыпаешься в одно время · почему просыпаюсь в одно и тоже · почему просыпаюсь в одно и тоже время
12,Сон и бессонница,/online,порно уснула в рот,1840,обзор,как уснуть157766,,порно уснула в рот · порно уснула дал в рот · уснула дали в рот порно
12,Сон и бессонница,/online,уснешь тут,1797,обзор,как уснуть157766,,уснешь тут · не уснешь ведь · когда уснешь приходи · уснешь все равно · ты тихо уснешь · не узнаешь не уснешь · как писать уснешь · правильно написать уснешь
12,Сон и бессонница,/online,просыпаться раньше будильника,1775,обзор,проснуться1115688,,просыпаться раньше будильника · начал просыпаться раньше · стала раньше просыпаться · просыпаюсь раньше обычного
12,Сон и бессонница,/online,не могу уснуть 3 часа,1756,обзор,как уснуть157766,,не могу уснуть 3 часа · не могу уснуть 4 часа · больше часа не могу уснуть · не могу уснуть два часа
12,Сон и бессонница,/online,раз проснулся значит,1743,обзор,проснуться1115688,,раз проснулся значит · ты проснулся это раз · раз проснулся не ной · раз проснулся значит не ной
12,Сон и бессонница,/online,просыпаться ночью в 4 часа,1727,обзор,проснуться1115688,,просыпаться ночью в 4 часа · сплю 2 часа ночью и просыпаюсь · сплю ночью 4 часа и просыпаюсь
12,Сон и бессонница,/online,как уснуть и не проснуться,1722,обзор,как уснуть157766,,как уснуть и не проснуться · хочу уснуть и не проснуться · время уснуть и проснуться · как уснуть и не проснуться больше
12,Сон и бессонница,/online,видеть во сне женщину в свадебном платье,1712,обзор,сон11801236,,видеть во сне женщину в свадебном платье · во сне видеть платье замужней женщине · платье во сне для женщины видеть · видеть во сне женщину в белом платье
12,Сон и бессонница,/online,как быстро уснуть без,1664,обзор,как уснуть157766,,как быстро уснуть без · как уснуть без таблеток · уснуть без секса · как быстро уснуть без таблеток
12,Сон и бессонница,/online,проснулась в 3 часа дня,1664,обзор,проснуться1115688,,проснулась в 3 часа дня · проснулась в 2 часа дня · проснулся в 4 часа дня
12,Сон и бессонница,/online,что означают кошки во сне,1663,обзор,сон11801236,,что означают кошки во сне · что означают мыши во сне · что означают цифры во сне · что означают двери во сне · что означают тараканы во сне · что означают ключи во сне · что означают черви во сне · что означают часы во сне · что означают яблоки во сне
12,Сон и бессонница,/online,слабость и сонливость причины,1652,причины,сонливость164797,,слабость и сонливость причины · слабость сонливость почему · сильная слабость и сонливость причины · слабость упадок сил сонливость причины
12,Сон и бессонница,/online,девушка проснулась девушка проснулась и начала,1631,обзор,проснуться1115688,,девушка проснулась девушка проснулась и начала · девушки проснулись и начали · девушка проснулась трахнутой · секс проснулся спящую девушка · девушка проснулась мужчиной · девушка дома проснулась
12,Сон и бессонница,/online,видеть во сне котят маленьких,1630,обзор,сон11801236,,видеть во сне котят маленьких · видеть во сне маленькую девочку · видеть во сне маленького мальчика · видеть во сне взрослого маленьким · видеть во сне сына маленьким · видеть себя маленькой во сне · видеть во сне маленького щенка · во сне видеть цыплят маленьких · видеть во сне взрослого сына маленьким · что значит видеть во сне маленького
12,Сон и бессонница,/online,сестра спит просыпается порно,1627,обзор,проснуться1115688,,сестра спит просыпается порно · порно спит и не просыпается · человек спит и не просыпается · новорожденный спит и просыпается · спит просыпается голая · спит просыпаясь ночам криком
12,Сон и бессонница,/online,когда умершие проснуться,1610,обзор,проснуться1115688,,когда умершие проснуться · когда нибудь мы проснемся · когда спал днем и проснулся · проснулась когда ебал · мы когда нибудь умрем и не проснемся · когда проснется елена
12,Сон и бессонница,/online,что означает умерший человек во сне,1605,определение,сон11801236,,что означает умерший человек во сне · что означает во сне человек близкие · что означает во сне убить человека · что означает убитый человек во сне · что означает если человек умер во сне · что означает смерть человека во сне
12,Сон и бессонница,/online,зачем я просыпаюсь снова,1605,причины,проснуться1115688,,зачем я просыпаюсь снова · ну зачем я просыпаюсь снова · боже ну зачем я просыпаюсь снова
12,Сон и бессонница,/online,бессонница гомер,1590,обзор,бессонница379503,,бессонница гомер · бессонница гомер тугие · бессонница гомер паруса · бессонница гомер тугие паруса · мандельштам бессонница гомер · мандельштама бессонница гомер тугие · мандельштам бессонница гомер тугие паруса
12,Сон и бессонница,/online,уснула с подругой,1587,обзор,как уснуть157766,,уснула с подругой · подруга жены уснула · подруга уснула голой
12,Сон и бессонница,/online,к чему видеть змей во сне женщине,1550,обзор,сон11801236,,к чему видеть змей во сне женщине · видеть кладбище во сне женщине к чему · видеть во сне воду женщине к чему · паука видеть во сне женщине к чему · во сне яблоки видеть к чему женщине
12,Сон и бессонница,/online,в тот день проснулась утром,1550,обзор,проснуться1115688,,в тот день проснулась утром · утром проснется новый день · утром проснулась день рождения
12,Сон и бессонница,/online,ребенок просыпается ночью истерика,1546,обзор,проснуться1115688,,ребенок просыпается ночью истерика · ребенок ночью просыпается и кричит в истерике · ребенок просыпается ночью и истерит
12,Сон и бессонница,/online,я однажды проснусь а вокруг,1546,обзор,проснуться1115688,,я однажды проснусь а вокруг · я однажды проснусь а вокруг мир · однажды ты проснешься · однажды я проснусь другим · я однажды проснусь а вокруг мир другой · однажды ты проснешься и поймешь
12,Сон и бессонница,/online,проснуться изнасилование,1546,обзор,проснуться1115688,,проснуться изнасилование · изнасилование проснулась с членом в попке · изнасиловали проснулась
12,Сон и бессонница,/online,раннее пробуждение,1522,обзор,раннее пробуждение1522,,раннее пробуждение
12,Сон и бессонница,/online,ребенок просыпается в 5 утра,1508,обзор,проснуться1115688,,ребенок просыпается в 5 утра · ребенок просыпается в 4 утра · ребенок просыпается в 6 утра
12,Сон и бессонница,/online,что значат сны с пятницы,1501,обзор,сон11801236,,что значат сны с пятницы · что значат сны с четверга на пятницу · сны с пятницы на субботу что значат
12,Сон и бессонница,/online,ожидание бессонницы,1482,обзор,бессонница379503,,ожидание бессонницы · бессонница в ожидании любви · мистер бессонница в ожидании · мистер бессонница в ожидании любви
12,Сон и бессонница,/online,сонливость и головокружение,1479,обзор,сонливость164797,,сонливость и головокружение · сонливость в голове · болит голова сонливость · кружится голова сонливость
12,Сон и бессонница,/online,радость усни в доме погасли огни,1461,обзор,как уснуть157766,,радость усни в доме погасли огни · радость усни видео · спи радость усни в крови · песенка радость усни
12,Сон и бессонница,/online,хорошие сны значит лучшему,1453,обзор,сон11801236,,сны бесплатно в хорошем качестве · сны онлайн в хорошем качестве · хорошие сны значит лучшему
12,Сон и бессонница,/online,поймать рыбу во сне мужчине,1398,обзор,сон11801236,,поймать рыбу во сне мужчине · ловить рыбу во сне для мужчины · поймал рыбу во сне на удочку мужчина · поймать большую рыбу во сне мужчине
12,Сон и бессонница,/online,бессонница тугие,1393,обзор,бессонница379503,,бессонница тугие · бессонница тугие паруса · бессонница тугие паруса мандельштам
12,Сон и бессонница,/online,проснуться слава,1386,обзор,проснуться1115688,,проснуться слава · слава богу что проснулся · слава богу что я могу дома проснуться
12,Сон и бессонница,/online,волосы видеть во сне женщине,1385,обзор,сон11801236,,волосы видеть во сне женщине · видеть во сне женщину с длинными волосами · видеть во сне волосатую женщину
12,Сон и бессонница,/online,утром просыпаюсь и не могу уснуть,1378,обзор,как уснуть157766,,утром просыпаюсь и не могу уснуть · просыпаюсь раньше и не могу уснуть · рано просыпаюсь и не могу уснуть · засыпаю просыпаюсь и не могу уснуть · просыпаюсь среди ночи и не могу уснуть
12,Сон и бессонница,/online,видеть во сне огурцов,1377,обзор,сон11801236,,видеть во сне огурцов · видеть во сне огурцы · видеть во сне огурцы свежие
12,Сон и бессонница,/online,даже не проснулась порно,1362,обзор,проснуться1115688,,даже не проснулась порно · порно спящая даже не проснулась · порно спит даже не проснулась
12,Сон и бессонница,/online,секс уснувший сын,1357,обзор,как уснуть157766,,секс уснувший сын · секс уснувшим братом · секс выебал уснувшую · секс с уснувшей мачехой
12,Сон и бессонница,/online,бессонница стивен,1323,обзор,бессонница379503,,бессонница стивен · стивен кинг бессонница · бессонница книга стивена · книга бессонница стивен кинг
12,Сон и бессонница,/online,трахнул пока уснула,1319,обзор,как уснуть157766,,трахнул пока уснула · подруга уснула трахнул · уснула спящую трахнули · русская уснула трахнул · мать уснула трахнул · пьяный уснул жену трахнули · голая уснула трахнули · уснули трахнулись
12,Сон и бессонница,/online,пугачева бессонница,1318,обзор,бессонница379503,,пугачева бессонница · пугачев бессонница · алла пугачева бессонница
12,Сон и бессонница,/online,время чтобы проснуться,1315,обзор,проснуться1115688,,время чтобы проснуться · что сделать чтобы проснуться · звук чтобы проснуться · чтобы проснуться в 7 нужно лечь
12,Сон и бессонница,/online,я ждал когда город уснет,1298,обзор,как уснуть157766,,я ждал когда город уснет · привет я ждал когда город уснет · в ночи когда уснет тревога · дождался когда уснет
12,Сон и бессонница,/online,сон измена мужчины,1281,обзор,сон11801236,,сон измена мужчины · сон мужчина изменил · сон мужчине измена жены
12,Сон и бессонница,/online,она уснула в купе,1265,обзор,как уснуть157766,,она уснула в купе · она уснула в купе поезда · она уснула в купе поезда возвращаясь домой · она уснула в купе поезда когда возвращалась
12,Сон и бессонница,/online,город уснул фонари не,1264,обзор,как уснуть157766,,город уснул фонари не · город уснул фонари не горят · город тихо уснул
12,Сон и бессонница,/online,бессонница к какому врачу,1237,обзор,бессонница379503,,бессонница к какому врачу · к какому обратиться при бессоннице · к какому врачу обращаться при бессоннице
12,Сон и бессонница,/online,просыпаюсь иди ночь,1233,обзор,проснуться1115688,,просыпаюсь иди ночь · наступает ночь просыпается · первая ночь после свадьбы родители просыпаются · первая ночь после свадьбы родители невесты просыпаются · просыпаюсь 3 раза за ночь
12,Сон и бессонница,/online,красивая студентка проснулась с членом,1214,обзор,проснуться1115688,,красивая студентка проснулась с членом · красивая студентка проснулась с членом в попке · изнасилование красивая студентка проснулась · изнасилование красивая студентка проснулась с членом
12,Сон и бессонница,/online,ночь не дает уснуть,1208,обзор,как уснуть157766,,ночь не дает уснуть · истории на ночь уснуть · страшные истории на ночь не уснуть · уснуть в линзах на ночь · не уснуть вторую ночь
12,Сон и бессонница,/online,домашнее уснули порно,1203,обзор,как уснуть157766,,домашнее уснули порно · порно русское домашнее уснула · порно домашка уснула
12,Сон и бессонница,/online,видеть во сне открытую,1194,обзор,сон11801236,,видеть во сне открытую · видеть во сне открывать · видеть во сне открывать дверь · видеть во сне открытые двери
12,Сон и бессонница,/online,я хочу наебашиться уснуть,1168,обзор,как уснуть157766,,я хочу наебашиться уснуть · я хочу отдохнуть наебашится уснуть · я хочу отдохнуть наебашиться уснуть · я хочу отдохнуть наибашится уснуть · хочу уснуть в твоих
12,Сон и бессонница,/online,время ложиться и просыпаться,1160,обзор,проснуться1115688,,время ложиться и просыпаться · как хочется ложиться просыпаться · время ложиться спать и просыпаться
12,Сон и бессонница,/online,что означает время во снах,1143,определение,сон11801236,,что означает время во снах · что означает во снах раз · снах видишь девушку что означает
12,Сон и бессонница,/online,что значит если во сне выпадают,1135,обзор,сон11801236,,что значит если во сне выпадают · что значит если во сне выпал · что значит если во сне любимый · что значит если во сне сказали · что значит если во сне тебя убивают · что значит если разговариваешь во сне · что значит если родила во сне · что значит если во сне ешь · что значит если во сне зовет · что значит если во сне дарят
12,Сон и бессонница,/online,сонливость анализы,1132,обзор,сонливость164797,,сонливость анализы · сонливость какие анализы · какие анализы сдать при сонливости
12,Сон и бессонница,/online,тревожная бессонница,1131,обзор,бессонница379503,,тревожная бессонница · бессонница при тревожном расстройстве · тревога стресс бессонница
12,Сон и бессонница,/online,видеть во сне купюру,1119,обзор,сон11801236,,видеть во сне купюру · видеть во сне купюры денег · видеть во сне бумажные купюры
12,Сон и бессонница,/online,видеть умершего во сне живым к чему,1093,обзор,сон11801236,,видеть умершего во сне живым к чему · видеть умершего во сне живым и разговаривать · видеть во сне умершего человека живым · видеть во сне умершего отца живым · видеть во сне умерших родственников живыми · видеть во сне умершего мужа живым
12,Сон и бессонница,/online,просыпаюсь ночью в 4 утра,1044,обзор,проснуться1115688,,просыпаюсь ночью в 4 утра · просыпаюсь ночью в 5 утра · просыпаюсь ночью в 6 утра
12,Сон и бессонница,/online,что принимать от бессонницы,1013,обзор,бессонница379503,,что принимать от бессонницы · как принимать мелатонин при бессоннице · как принимать донормил от бессонницы · фенибут при бессоннице как принимать
12,Сон и бессонница,/online,проснулся от того что моя сводная сестра,1007,обзор,проснуться1115688,,проснулся от того что моя сводная сестра · русская сестра проснулась · проснулся от того что сестра гладила · ебет проснувшуюся сестру
12,Сон и бессонница,/online,видеть во сне тест,1003,тест,сон11801236,,видеть во сне тест · видеть во сне тесто
12,Сон и бессонница,/online,витамины от сонливости,999,обзор,сонливость164797,,витамины от сонливости · сонливость каких витаминов не хватает · от каких витаминов сонливость
12,Сон и бессонница,/online,как быстро уснуть спать,995,обзор,как уснуть157766,,как быстро уснуть спать · как уснуть не хотя спать · и спать и никак не уснуть · спать пора и никак не уснуть
12,Сон и бессонница,/online,что значат сны с воскресенья,991,обзор,сон11801236,,что значат сны с воскресенья · сны с субботы на воскресенье что значат · что значат сны с воскресенья на понедельник
12,Сон и бессонница,/online,самые эффективные от бессонницы,980,обзор,бессонница379503,,самые эффективные от бессонницы · эффективное средство от бессонницы · бессонница побочные эффекты · самые эффективные средства от бессонницы
12,Сон и бессонница,/online,побочный эффект сонливость,972,обзор,сонливость164797,,побочный эффект сонливость · побочка сонливость · побочное действие сонливость
12,Сон и бессонница,/online,птички уснули,938,обзор,как уснуть157766,,птички уснули · птички уснули в саду · птички уснули в пруду
12,Сон и бессонница,/online,рассказ чтобы уснуть,925,обзор,как уснуть157766,,рассказ чтобы уснуть · рассказ на ночь чтобы уснуть · рассказы на ночь чтобы уснуть взрослым
12,Сон и бессонница,/online,баю бай усни мой,909,обзор,как уснуть157766,,баю бай усни мой · баю бай усни мой мальчик · буланова усни мой мальчик · буланова баю бай усни мой мальчик
12,Сон и бессонница,/online,сон мужчине приснилась женщина,901,обзор,сон11801236,,сон мужчине приснилась женщина · сон женщина целует мужчину · мужчине сон любимая женщина · сон голый мужчина женщине
12,Сон и бессонница,/online,видеть во сне бывшую жену,879,обзор,сон11801236,,видеть во сне бывшую жену · видеть во сне бывшую подругу · видеть во сне бывшую с другим
12,Сон и бессонница,/online,видеть во сне любовь,856,обзор,сон11801236,,видеть во сне любовь · видеть во сне любовника · видеть во сне занимающихся любовью
12,Сон и бессонница,/online,во сне видел змей что означает,806,определение,сон11801236,,во сне видел змей что означает · чего означает во сне видела мужа · во сне видел воду что означает
12,Сон и бессонница,/online,видеть во сне близких людей,801,обзор,сон11801236,,видеть во сне близких людей · видеть во сне незнакомых людей · белых людей видеть во сне · видеть убитых людей во сне
12,Сон и бессонница,/online,что означает сон умершая мама,793,определение,сон11801236,,что означает сон умершая мама · что означает сон умерший отец · что означает сон умершая бабушка
12,Сон и бессонница,/online,тихи вечер уснул,743,обзор,как уснуть157766,,тихи вечер уснул · уснула на вечеринке · тихий вечер город уснул · уснул в 7 вечера
12,Сон и бессонница,/online,следствия бессонницы,739,обзор,бессонница379503,,следствия бессонницы · тайны следствия бессонница · тайны следствия 17 бессонница
12,Сон и бессонница,/online,бессонница в голове,713,обзор,бессонница379503,,бессонница в голове · бессонница и головные · бессонница и головные боли · головокружение бессонница · бессонница болит голова
12,Сон и бессонница,/online,что означает если во сне выпал,682,определение,сон11801236,,что означает если во сне выпал · что означает если во сне укусила · что означает если во сне живой · если во сне тебя убивают что означает
12,Сон и бессонница,/online,симптомы слабость сонливость,674,признаки,сонливость164797,,симптом сонливость · признаки сонливости · симптомы слабость сонливость · проявляется сонливостью · сонливость признак беременности · симптомы головокружение сонливость · симптомы сонливость усталость
12,Сон и бессонница,/online,видеть во сне моющего полы,639,обзор,сон11801236,,видеть во сне моющего полы · видеть во сне мыть полы · видеть мытые полы во сне
12,Сон и бессонница,/online,порно хотела уснуть,632,обзор,как уснуть157766,,порно хотела уснуть · порно не дал уснуть · порно не дали уснуть · порно помогла уснуть
12,Сон и бессонница,/online,терапия бессонницы,594,обзор,бессонница379503,,терапия бессонницы · бессонница когнитивная терапия · когнитивно поведенческая терапия бессонницы
12,Сон и бессонница,/online,потеет голова у мужчины во сне,580,обзор,сон11801236,,потеет голова у мужчины во сне · сильно потеешь ночью во сне мужчина · во сне человек потеет мужчина · потеет во сне взрослый мужчина
12,Сон и бессонница,/online,бессонница в пожилом возрасте,576,обзор,бессонница379503,,бессонница в пожилом возрасте · бессонница у пожилых · средства от бессонницы для пожилых
12,Сон и бессонница,/online,видеть во сне ворон,572,обзор,сон11801236,,видеть во сне ворон · видеть во сне ворона · видеть во сне воронов
12,Сон и бессонница,/online,мать уснула сын порно,568,обзор,как уснуть157766,,мать уснула сын порно · сын уснул порно видео · сын уснул пьяным порно
12,Сон и бессонница,/online,пока подруга уснула,564,обзор,как уснуть157766,,пока подруга уснула · выебал пока уснула · пока отец уснул · дождался пока уснула
12,Сон и бессонница,/online,ночь моя подруга бессонница,518,обзор,бессонница379503,,ночь моя подруга бессонница · ночь 2 бессонница · бессонница 3 ночь
12,Сон и бессонница,/online,сколько длится бессонница,510,сколько,бессонница379503,,бессонница сколько · сколько длится бессонница · бессонница сколько дней · виды бессонницы · бессонница сколько серий
12,Сон и бессонница,/online,толкование снов ибн,503,обзор,сон11801236,,толкование снов ибн · ибн сирин толкование снов · толкование снов ибн сирина
12,Сон и бессонница,/online,толкование снов мужчина снился женщине,498,обзор,сон11801236,,толкование снов бесплатно для женщин за · толкование снов бесплатно для женщин · толкование снов и сновидений бесплатно для женщин · толкование снов мужчина снился женщине
12,Сон и бессонница,/online,мужчине приснился сон девушка,457,обзор,сон11801236,,мужчине приснился сон девушка · сон приснился любимый мужчина · сон приснился мужчина который нравится
12,Сон и бессонница,/online,толкование снов к чему снятся змеи,442,обзор,сон11801236,,толкование снов к чему снятся змеи · толкование снов к чему снятся собаки · толкование снов к чему сниться вода
12,Сон и бессонница,/online,нарушение сна бессонница,442,обзор,бессонница379503,,нарушение сна бессонница · что выпить для сна от бессонницы · гипноз для сна от бессонницы · медитация для сна от бессонницы
12,Сон и бессонница,/online,толкование снов по миллеру,399,обзор,сон11801236,,толкование снов миллера бесплатно · толкование снов миллера онлайн · толкование снов миллера онлайн бесплатно · толкование снов по миллеру
12,Сон и бессонница,/online,хронический недосып симптомы,380,признаки,недосып38587,,симптомы недосыпа · хронический недосып симптомы · признаки недосыпа
12,Сон и бессонница,/online,во сне женщина плачет что означает,377,определение,сон11801236,,во сне женщина плачет что означает · что означает во сне плачущая женщина · что означает во сне беременная женщина
