блок,название_блока,cta,тема,частота,тип_вопроса,объект,покрыто,ключи
10,Медитации и практики,/online,install failed guru meditation,55626076,обзор,медитация,,install failed guru meditation · guru meditation 0db · install failed guru meditation 0db · install failed guru meditation 0db732 · meditation mp · download music shamanic spiritual meditation · meditation music · guru meditation · sideloadly failed guru meditation 0db · sideloadly guru meditation 0db · sideloadly install failed guru meditation 0db · matcha meditation · deep meditation · meditation трек · sleep meditation · relaxed meditation · installed failed guru meditation · piano meditation · matcha meditation maison · margiela matcha meditation · maison margiela matcha meditation · meditation relaxation · pink floyd style meditation
11,"Цели, привычки, продуктивность",/coach,достижение национальных целей до,20301540,обзор,1. достижение цели,,достижение национальных целей до · план достижения национальных целей до · единый план достижения национальных целей · достижении национальных целей · достижение национальных целей развития · достижение национальных целей развития российской федерации · достижение национальных целей до 2030 года · план достижения национальных целей · единый план по достижению национальных целей · план достижения национальных целей развития · единый план по достижению национальных целей развития · достижение целей национальных проектов · показатели достижения национальных целей развития · целевые показатели достижения национальных целей · социологические показатели достижения национальных целей
11,"Цели, привычки, продуктивность",/coach,план достижения целей развития до,20301055,обзор,1. достижение цели,,план достижения целей развития до · единый план по достижению целей · достигаем целей · достижение целей · результаты достижения целей · достижение целей людьми · процесс достижения целей · система достижения целей · реализация целей достижение целей · достижение конкретных целей · условия достижения целей · форму достижения целей · варианты достижения целей · деятельности направленной на достижение целей · достижение целей планирования · контроль достижения целей · формирование и достижение целей · проблемы достижения целей · достижение высоких целей · установленных целей достижение · достижение целей образования · технология достижения целей · новых целей новых достижений · совместное достижение целей · правила достижения целей · принцип достижения целей · достижение личных целей · профессиональное достижение целей · выбор и достижение целей · достижение любых целей · помогает достигать целей · достижения целей детьми · достижение целей государства · сроки достижения целей · факторы достижения целей · команда достижение целей · достижение желаемых целей · примеры достижений целей · достижение целей изменений · достижение целей компании
07,Выгорание и работа,/coach,как восстановить энергию в,300877,что делать,хроническая усталость,,как восстановить энергию в · как восстановить мужскую силу после · как восстановить силы · как восстановить энергию · как восстановить энергию в русской рыбалке · как восстановить силы и энергию · нет сил ни на что что делать · как восстановить энергию в рр · как восстановить ресурс · как восстановить силу эмоций симс · как восстановить энергию после · хроническая усталость что делать · как восстановить силы организма
11,"Цели, привычки, продуктивность",/coach,достижение цели,201832,обзор,1. достижение цели,да,достижение цели · цель достигнута · достигнутые цели · достижения цели · достижение цели деятельности · вопросы достижение цели · направлен на достижение цели · достижение цели развитие · достигая цели чита · достигая цели красжд забег · достижение цели является · средства достижения цели · для достижения цели выбирают · для достижения цели · задачи для достижения цели · достижение цели в работе · деятельность направлена на достижение цели · возможность достижения цели · цели учебных достижений · достигая цели результаты · функция цель достижения · цель достигнута задачи · время и достижение цели · цель политики достижение · потребность достижения цели · ситуация достижения ситуация достижения цели · тема достижения цели · состояние достижения цели · цель работы достигнута · процесс направленный достижение цели · структура достижения цели · понятие достижения цели · достижение цели и здоровье · в целях достигнутых результатов · план для достижения цели · достигнута ли цель · достижение внутренней цели · ценность достижения цели · достижение цели предполагает · средства достижения цели деятельности
11,"Цели, привычки, продуктивность",/coach,метод целей,124946,обзор,достижение цели,,метод целей · метод целей и задач · метод 3 целей · методы анализа целей · методы определения целей · методы оценки целей · методы выбора целей · метод общих целей · методы реализации целей · метод формирования целей · методы разработки целей · метод выявления целей · методы постановки целей · связь целей и методов · целей содержания методов и средств · метод 10 целей · методы установления целей · методы поиска целей · методы осуществления целей · методы построения целей · формулировка целей методы · метод трех целей · метод дерева целей · карта целей методы · основные методы определения целей · метод сравнения целей · совокупность целей принципов методов · метод определения целей проекта · методы постановки целей и задач · метод частных целей · целей внедрение методов и
06,Самооценка и личность,/artterapy,примет себя,83396,обзор,примет себя,,примет себя · принять себя · принять самого себя · помогите принять себя · справиться с чувством · принять себя и других · став принять себя · полюбить себя за · контролируемое чувство · примет удар на себя · принять родителей принять себя · закон принять себя · принять себя в отношениях · принять себя мир · принять и полюбить себя · фото принять себя · принять себя женщиной · принятое решение представляет собой · текст принять себя · принятые на себя по договору · принять себя проще · эмоции контролируют человека · принять себя через · контролируемый гнев · примет на себя часть · как женщине полюбить себя и повысить · принятая на себя роль · принять на себя роль · принять себя настоящего · принять себя мужчине · принять себя и окружающих · отказываюсь принять себя · примет на себя основную · советы принять себя · полюбить себя мужчине · будет трудно пока ты себя не примешь · принять себя видео · как можно принять себя · как правильно себя принять · тяжело принять себя
04,Эмоции и состояния,/artterapy,синоним стыдно,81119,обзор,стыдно,,синоним стыдно · синоним к слову стыдно · стыдно синоним · синоним стыдно 8 букв · синоним к слову стыдно 8 букв
06,Самооценка и личность,/artterapy,приму себя,76092,обзор,примет себя,,приму себя · приму у себя дома · приму удар на себя · люди примут на себя ответственность · я с радостью приму на себя проклятие
11,"Цели, привычки, продуктивность",/coach,цели на год,72499,обзор,4. цели на год,да,цели на год · цель развития на год · цели на 2030 год · цели задачи на год · цели на 1 год · какая цель на год · цель на 2 года · цели на 3 лет · цель на год на работе · определяем цели на год · цели на 4 года · цели на год вопросы · основные цели на год · цели людей на год · стратегическая цель на год · цели и достижения на год · цели на 3 5 лет · цель поставлена на год · цели на год школа · цель на 2020 год · составляем цели на год · цели на год направления · цели на год для ребенка · главные цели на год · цели на финансовый год · важные цели на год · цели на год месяц · цель на 2018 год · создать цели на год · цели учителя на год · цели на год здоровье · цели компании на год · цели на 1 3 5 лет · цели и задачи на 1 год · ваши цели на год · цели руководителя на год · цели на семью на год · цель плана работы на год · цели на конец года · написать цели на год
11,"Цели, привычки, продуктивность",/coach,поставленные цели,70052,обзор,1. достижение цели,,поставленные цели · поставленная цель · задачи поставлены цели · поставленную цель и вопросы · достижение поставленной цели · достижение поставленной цели ответ · поставленной цели в работе · поставить цель проекта · достижения цели поставлены задачи · поставить цель года · новые цели поставлены · поставленные цели выполнены · поставьте цель исследования · поставил цель найти · какие цели можно поставить · результаты достижения поставленной цели · решить поставленные цели · истории поставил цель · поставлена конкретная цель · поставить перед собой цель · хорошо поставленная цель · цели и решения поставленных задач · слово поставленной цели · для выполнения поставленной цели · книга поставить цель · поставить финансовую цель · поставить цель урока · сознательно поставленные цели · поставьте цель эксперимента · поставить жизненные цели · как можно поставить цель · достижения поставленной цели в работе · поставила цель читать книги · главное поставить цель · план достижения поставленной цели · критерии поставленной цели · четко поставленная цель · в пути поставленной цели · была поставлена цель изучить · путь достижения поставленной цели
06,Самооценка и личность,/artterapy,приняли на себя,51328,обзор,примет себя,,приняли на себя · приняла в себя · приняли на себя обязательства · приняла у себя дома · принял на себя работу · сторон принявших на себя · приняла в себя больше · принял для себя решение · приняла в себя два · принявших на себя основную · принял на себя должность · первые приняли на себя удар · приняла в себя огромный
13,Возраст и жизненные переходы,/artterapy,кризис возраста,50212,обзор,кризисы возраста,,кризис возраста · кризисы возраста · возрастные кризисы · кризис возраста 1 · кризис возраста 2 · кризис возраста у женщин · кризис возраста после · возрастной кризис · кризис возраста у женщин в · кризисы возрастного развития · кризис возраста в · возрастные кризисы года · кризис возрастных периодов · возрастной кризис в · возраст возрастные кризисы · кризис в возрасте развитие · кризис 3 возраста · кризис нежного возраста · социально возрастные кризисы · периоды кризисов возрастного развития · кризис 7 возраста · возрастные кризисы человека · возрастные кризисы 7 лет · кризис возраста 3 лет · особенности возрастного кризиса · возрастные кризисы психического развития · кризис младшего возраста · новообразование возрастного кризиса · возраст кризиса 7 лет · возрастные кризисы жизни · возрастные кризисы социальная ситуация развития · кризис идентичности возраст · у мужа кризис возраста · ведущая деятельность кризисы возрастного развития · понятие возрастного кризиса · кризисы возрастной периодизации · основные возрастные кризисы · кризис нежный возраст 2016 · возрасты кризиса семьи · кризис юношеского возраста
11,"Цели, привычки, продуктивность",/coach,нет цели,44502,обзор,3. нет цели,,нет цели · нет предназначения · нет цели нет работы · нет определенной цели · нет цели есть только путь · нет цели и задач · группа цели нет · нет цели нет результата · нет цели нет действий · без цели нет · нет цели нет смысла · нет цели лучше · цель получить нет · у человека нет цели · у меня нет цели · нет цели нет плана · нет цели больше · нет знаний нет цели · нет конкретной цели · цель нет войне · цели нет перед · нет призвания · нет стоящей цели · нет цели нет денег · нет данных по цели · есть цель времени нет · нет цели жить · нет цели и силы · что значит нет цели только путь
04,Эмоции и состояния,/artterapy,плохие мысли,43199,обзор,плохие мысли,,плохие мысли · плохие мысли читать · дневник плохие мысли · плохие мысли в голове · лезут плохие мысли · какие плохие мысли · в голову лезут плохие мысли · плохие мысли 2025 · постоянно плохие мысли · приходят плохие мысли · хороший и плохие мысли · очень плохие мысли · как называются плохие мысли · ем плохие мысли · ночь плохие мысли · прокручиваю мысли · плохие мысли перед сном · появились плохие мысли
13,Возраст и жизненные переходы,/artterapy,кризис возраста у мужчин,40251,обзор,кризисы возраста,,кризис возраста у мужчин · кризис возраста у мужчин после · кризис возраста у мужчин в · кризис у мужчин в каком возрасте
14,Горе и утрата,/artterapy,как пережить развод в,40139,что делать,как пережить смерть,да,как пережить развод в · как отпустить человека · как пережить развод мужчине в · как отпустить любимого человека · как отпустить любящего человека · как пережить утрату · как отпустить человека которого любишь · как отпустить человека к которому привязан · как пережить развод детей · как отпустить человека бывшего · как отпустить человека которого любишь после расставания · как пережить утрату близкого · как отпустить умершего человека · как пережить утрату близкого человека · как отпустить человека психология
01,Отношения и близость,/artterapy,чем опасна зависть 13.,33498,обзор,зависть,,чем опасна зависть 13. · чем опасна зависть огэ сочинение 13. · чем опасна зависть сочинение · чем опасна зависть огэ · чем опасна зависть сочинение огэ · сочинение 13.3 чем опасна зависть · чем опасна зависть трифонов · текст чем опасен зависть · чем опасна зависть сочинение трифонов · сочинение на тему чем опасна зависть · чем опасна зависть по трифонову · чем опасна зависть рассуждение · чем опасна зависть сочинение рассуждение · чем опасна зависть сочинение 13.3 трифонов · чем опасна зависть по тексту трифонова · сочинение по трифонову чем опасна зависть · чем опасна зависть сочинение по тексту трифонова · сочинение рассуждение на тему чем опасна зависть · чем опасна зависть сочинение 13.3 огэ трифонов · написать сочинение чем опасна зависть · текст огэ чем опасна зависть · написать сочинение рассуждение чем опасна зависть · сочинение 13.3 чем опасна зависть текст · чем опасна зависть пример · текст сочинения огэ чем опасна зависть · зависть людей чем опасна · огэ по русскому чем опасна зависть
03,Тревога и депрессия,/artterapy,потеря смысла,33434,обзор,апатия,,потеря смысла · потеря смысла слова · потеря смысла жизни · синонимайзер с потерей смысла · синонимайзер текста с потери смысла · потеря здравого смысла · рерайт текста потери смысла
06,Самооценка и личность,/artterapy,женское начало,32623,обзор,женственность,,женское начало · женский начать · женское начало сканворд · мужское и женское начало · женское начало развитие · суть женского начала · начало женского цикла · начало женские образования · начало развития женских гамет · начало развития женского образования · женское начало в женщине · женское начало зародыша · имя женского начала · женская женственность · женское начало конца · россия женское начало · где женское начало · женское начало в индуизме · женская энергия и женственность · женское начало цветок · мужское женское самого начала · женское начало человека · женское начало у китайцев · женский начинай одежда · женское начало в дао · женское начало видео
11,"Цели, привычки, продуктивность",/coach,нет желания,31059,обзор,3. нет цели,,нет желания · нет желаний после · как найти желание · нет желания секса · нет собственных желаний · нет времени нет желания · нет желания жить · нет желания заниматься · нет желания хотеть · нет желания работать · нет желания общаться · нет желания ничего · нет желания детей · нет ни желаний ни · нет 3 желания · желаний больше нет · нет желания жизни · нет желания женщины · нет желания без · нет желания что то делать · у человека нет желаний · нет желания заниматься сексом · нет желания говорить · точное на желание да нет · нет никакого желания · нет желания что либо делать · нет загадай желание · просто желание нет · на работе нет желания · нет желания отношений · нет желания учиться · нет желания идти · пока нет желания · давать нет желания · нет желаний нет целей · ответы на желания да нет · нет сильных желаний · нет желания ничего делать · вообще нет желания · нет желания у мужчины
03,Тревога и депрессия,/artterapy,без потери смысла,30227,обзор,апатия,,без потери смысла · текст без потери смысла · нейросеть текст без потери смысла · сжатие текста без потери смысла · переписать текст без потери смысла · переписать текст другими словами без потери смысла · сократитель без потери смысла · сократитель текста без потери смысла
04,Эмоции и состояния,/artterapy,навязчивые мысли,29776,обзор,плохие мысли,да,навязчивые мысли · навязчивая мысль · навязчивой мысли · навязчивые мысли форум б · навязчивые мысли в голове · тревога и навязчивые мысли · тревожность и навязчивые мысли · навязчивые мысли расстройство · окр навязчивые мысли · навязчивые мысли и страхи · тревожно навязчивые мысли · одержимость навязчивой мыслью · навязчивые мысли о человеке · навязчивые мысли форум · постоянные навязчивые мысли · навязчивые мысли и действия · ребенка навязчивые мысли · навязчивые мысли состояние · навязчивые мысли как называется · навязчивые мысли мешают · навязчивая мысль 7 букв · сильные навязчивые мысли · молитва от навязчивых мыслей · навязчивые мысли книга · навязчивые мысли про · навязчивые мысли о смерти
01,Отношения и близость,/artterapy,мама прости,28660,обзор,обида на мать,,мама прости · прости мама · мама прости я сошла с ума · прости мама текст · простите мама мп · прости мама mp · мама стерпит мама простит · прости мама бесплатно · мама ушла прости · честный прости мама · прости мама слова · круг мама мама прости · прости любимая мама · мама прости сына хулигана · прости мама твой · прости мама аккорды · мама обнимет мама простит · говори мама прости · включи мама прости · ты прости мама так давно · русская мама прости · прости мама на английском · мама люблю тебя прости · прости что давно не обнимал мама · мама прощенный день · мама прости мама не надо · белый мама прости · мама мама прости дом · мама дочка прости · мама мама прости михаил · света мама прости · банда мама прости · мама прости мама дети · токсичная мама · а ты прости мама я наркоман · мама прости но мы не вместе · мама прости онлайн · ремикс мама мама прости · ничего не понимаешь мама прости · мама прости но увы мы
01,Отношения и близость,/artterapy,слово абьюзер,28491,обзор,абьюзер,да,слово абьюзер · муж абьюзер · бывшие абьюзеры · жертва абьюзера · игры абьюз · нарцисс абьюзер · мальчик абьюзер · жена абьюзер · человек абьюзер · после абьюзера · как ведет себя абьюзер · парень абьюзер · абьюзер манипулятор · жила с абьюзером · ребенок абьюзер · порно абьюзеры · став абьюзер · как пишется абьюзер · люблю абьюзера · абьюзер в семье · абьюзеры после расставания · как уйти от абьюзера · абьюзер синоним · сын абьюзер · абьюзер года · абьюзер поюзал · твой абьюзер · абьюзер форум · мальчик абьюзер ты меня поюзал · мама абьюзер · абьюзер текст · абьюзеры едят · отец абьюзер · как правильно абьюзер · как называется абьюзер · абьюзер начало · само абьюзер · онлайн абьюзер · абьюзер камеди · поведение абьюзера
01,Отношения и близость,/artterapy,что помогает справиться с одиночеством,26785,упражнения,одиночество,,что помогает справиться с одиночеством · что помогает человеку справиться с одиночеством · что помогает справиться с одиночеством сочинение · что помогает людям справиться с одиночеством сочинение · что помогает справиться с одиночеством аргументы · что помогает человеку справиться с одиночеством аргумент · что помогает человеку справиться с одиночеством литература · что помогает человеку справиться с одиночеством бутина · что помогает человеку справиться с одиночеством пример · что помогает человеку справиться с одиночеством бутин · тема что помогает человеку справиться с одиночеством · что помогает справиться с одиночеством произведения · проблема что помогает человеку справиться с одиночеством · что помогает человеку справиться с одиночеством произведения · что помогает справиться с одиночеством литературные аргументы
11,"Цели, привычки, продуктивность",/coach,техника целей,25744,упражнения,достижение цели,,техника целей · цели техник · техника безопасности цель · техника работы с целями · метод упражнения цель · способ найти цель · цели задачи на техника · постановка целей техника · техник постановка целей · техника определения целей · цели и задачи техники безопасности · техника продаж цель · цель проекта техника · цель специальной техники · военная техника цель · техника реализации цели · техника формирования целей · цель нетрадиционной техники · цели инструктажа по технике безопасности · техника 10 целей · техника метания в цель · цели нетрадиционных техник рисования · цель нетрадиционной техники рисования · цель вычислительной техники · техника метания мяча в цель · юридическая техника цели · техники выявления целей · цель педагогической техники · техника проверки цели · цели криминалистической техники · цель бытовой техники
11,"Цели, привычки, продуктивность",/coach,достижения целей каких,24802,обзор,1. достижение цели,,достижения целей каких · каких целей достигла · на достижение каких целей направлен · каких целей можно достичь · укажите на достижение каких целей
07,Выгорание и работа,/coach,снятие стресса,24063,обзор,снятие стресса,да,снятие стресса · стресс снят · сняли стресс · повышение стресса · снятие стресса онлайн · стресс психическое расстройство · комната для снятия стресса · снятие стресса и напряжения · расслабление снятие стресса · лучшее снятие стресса · маркони юнион для снятия стресса · как быстро снять стресс · глубокий сон снятие стресса · снятие стресса поздним вечером · хронический стресс и усталость · видео снять стресс · трек от маркони юнион для снятия стресса · релаксация для снятия стресса · повышение устойчивости к стрессу · решила снять стресс · снятие стресса видео · снять стресс работа · релакс снятие стресса · методы снятия стресса · снятие стресса алкоголем · умение справиться со стрессом · снять стресс дома
01,Отношения и близость,/artterapy,админ абьюз в вырасти сад,22965,обзор,абьюзер,,админ абьюз в вырасти сад · админ абьюз время · будет ли админ абьюз в гаг · запустил админ абьюз мп
01,Отношения и близость,/artterapy,мама папа прости,22580,обзор,обида на мать,,мама папа прости · мама прости папа прощай · мама папа прости я сошла · мама папа прости я сошла с ума · раз два мама папа прости · после пяти мама папа прости · раз два после пяти мама папа прости · после 5 мама папа прости · раз 2 после 5 мама папа прости · текст мама папа прости · я решила уйти мама папа прости · отношения мама папа · мама папа прости на английском · раз два после 5 мама папа прости · тату мама папа прости
11,"Цели, привычки, продуктивность",/coach,достижения поставленных целей,22329,обзор,1. достижение цели,,достижения поставленных целей · достигаем поставленных целей · решение поставленных целей · поставленных целей в результате · реализации поставленных целей · процесс достижения поставленных целей · средства достижения поставленных целей · анализ поставленных целей · постановка целей достижения · примеры поставленных целей · методы достижения поставленных целей · список поставленных целей · выполнение поставленных целей и задач · реализации поставленных целей задач · с днем рождения поставленных целей · примеры достижения поставленных целей · деятельность направленная на достижение поставленных целей · достижении поставленных целей обучения · обеспечить достижения поставленных целей · анализ достижение поставленных целей · оценок достижения поставленных целей · проблема достижения поставленных целей · ресурсы для достижения поставленных целей · исполнение поставленных целей · целей и задач поставленных перед · связанных с достижением поставленных целей · осуществление поставленных целей · стратегия достижения поставленных целей · поставленных целей и личное · принципы достижения поставленных целей · зависимости от поставленных целей · целей в работе поставлены следующие · исходя из поставленных целей · совокупность методов в достижении поставленных целей · с днем рождения достижение поставленных целей · критерии достижения поставленных целей · качества для достижения поставленных целей · поставленных целей в состав · всегда достигай поставленных целей · поставленных целей и результатов оценки
11,"Цели, привычки, продуктивность",/coach,на дне цель,22248,обзор,достижение цели,,на дне цель · на дне цель жизни · на дне мечты и цели
01,Отношения и близость,/artterapy,когда админ абьюз в гров гарден,22241,обзор,абьюзер,,когда админ абьюз в гров гарден · когда абьюз в гров а гарден · когда будет абьюз в вырасти сад · когда админ абьюз в укради · когда абьюз в укради брейнрот · когда абьюз в гаг · когда будет абьюз в инк гейм · когда начинается админ абьюз · когда будет админ абьюз в инк гейм · когда будет следующий админ абьюз · когда админ абьюз в grow a garden · когда админ абьюз в адопт ми · grow a garden 2 когда админ абьюз
01,Отношения и близость,/artterapy,как забыть человека,22047,обзор,как забыть человека,да,как забыть человека · как забыть человека и перестать · как забыть человека и перестать думать · как забыть любимого человека · люди пережившие расставание · как забыть любящего человека · как забыть бывшего человека · как забыть любимого человека которого любишь · как забыть человека которого любишь · как забыть человека навсегда · как забыть любимого человека и перестать · как забыть любимого человека и перестать думать · как быстро забыть человека · как называется болезнь когда человек забывает · как забыть человека после · как забыть про человека · как забыть человека и перестать любить · помогут пережить расставание · как можно забыть человека · как называется когда человек все забывает · как забыть любимого человека навсегда · как человеку забыть другого человека · человек забывает как говорить · как навсегда забыть человека которого любишь · как забыть человека словами · человек ушел как забыть · как забыть человека друга · как проще забыть человека · люди забыли как жить · как забыть 1 человека · как забыть о человеке и не думать · как начинать забывать человека · как забыть хорошего человека · как сделать чтобы забыть человека
11,"Цели, привычки, продуктивность",/coach,цели на день,21948,обзор,достижение цели,,цели на день · цели на 1 день · целый день нет · цель на каждый день · задачи цели на день на · цель на день рождения · на день россии цель · цели в жизни на день · цель на день здоровья · цели на сегодняшний день · цель на рабочий день · хорошие цели на день · цель на день защиты детей · целый день нет интернета · записывай цели на день · как заставить себя каждый день · цель на тему день россии · цель на день семьи · маленькие цели на день · три цели на день
11,"Цели, привычки, продуктивность",/coach,в целом нет,21275,обзор,достижение цели,,в целом нет · в целом вопросов нет · является целым числом или нет · в целом мире нет · в целом запятая или нет · в целом вводное или нет · в целом вводное слово или нет · нет целый дом · ноль целое или нет · в целом запятая нужна или нет · в целом выделяется или нет · в целом выделяется запятыми или нет · определить целое число или нет
11,"Цели, привычки, продуктивность",/coach,на достижение определенных целей,21260,обзор,1. достижение цели,,на достижение определенных целей · для достижения определенных целей · деятельность направленная на достижение определенных целей
11,"Цели, привычки, продуктивность",/coach,определять цели достижение,21112,обзор,1. достижение цели,,определять цели достижение · деятельность направлена на достижение определенной цели · действие направленное на достижение определенной цели · средство достижения определенной цели · поведения достижения определенные цели · определен срок достижения цели · достижение цели определяется как · определяет цель ограничения достижения · последовательность действий для достижения определенной цели · как достичь определенной цели · мероприятие направленное на достижение определенной цели · ориентировано на достижение определенной цели · достижение определенной цели это стратегия · метод направленный на достижение определенной цели · цель как определять и достигать · порядок действий для достижения определенной цели
01,Отношения и близость,/artterapy,отношения родителей и детей,20516,обзор,обида на мать,,отношения родителей и детей · сочинение отношение родителей и детей · семья отношения родителей и детей · семейные отношения родителей и детей · какими должны быть отношения родителей и детей · темы отношений родителей и детей · родители в отношении детей имеют · отношения родителей и детей семейное право · права и обязанности родителей в отношении детей · отношения родителей и взрослых детей · отношение детей и родителей регулирует · личные отношения родителей и детей · родители в отношении детей имеют права · правовые отношения родителей и детей · проблемы родителей в отношении детей · верные отношения детей и родителей · особенности отношений родителей и детей · система отношений родителей и детей · отношения родителей и детей цель · про отношения родителей и детей · отношение детей к родителям по годам · регулирование отношений родителей и детей · отношение детей к работе родителей · отношения родителей отцов и детей · правовые отношения родителей и детей право · правовое регулирование отношений родителей и детей · психологическое отношение родителей и детей · стили отношений родителей и детей · главное в отношениях родителей и детей · родственные отношения родителей и детей · границы в отношениях родителей и детей · правовые отношения супругов родителей и детей · потребности родителей в отношении детей
13,Возраст и жизненные переходы,/artterapy,учебники кризис среднего возраста ю 2022,20268,обзор,кризисы возраста,,учебники кризис среднего возраста ю 2022 · кризис среднего возраста в симс · после кризиса среднего возраста · кризис среднего возраста суть · среднее возрастной кризис
01,Отношения и близость,/artterapy,тест на отцовство токсичная мать,20267,тест,обида на мать,,тест на отцовство токсичная мать
01,Отношения и близость,/artterapy,мужское женское токсичные отношения 28.02,20244,обзор,токсичные отношения,,мужское женское токсичные отношения 28.02 · манхва токсичные отношения читать бесплатно · токсичные отношения читать 2 · выберите то что не является предложением · токсичные отношения токсичная женщина
04,Эмоции и состояния,/artterapy,дневник плохих мыслей,19608,обзор,плохие мысли,,дневник плохих мыслей · дневник плохих мыслей читать · дневник плохих мыслей глава · манхва плохих мыслей · дневник плохих мыслей манхва · читать манхву плохих мыслей · дневник плохих мыслей манхва читать · читать дневник плохих мыслей · молитва от плохих мыслей · манхва дневник плохих мыслей · дневник плохих мыслей на русском · дневник плохих мыслей читать на русском · страх плохих мыслей · дневник плохих мыслей главы · без плохих мыслей · дневник плохой мыслей · мысленная жвачка · как отвлечься от плохих мыслей
01,Отношения и близость,/artterapy,мама отношения,18117,обзор,обида на мать,,мама отношения · отношения мама ребенок · мама и сын отношения · отношения мама дочь · мама мужа отношения · отношения мама дочка · порно мама отношения · мама против отношений
01,Отношения и близость,/artterapy,почему испытывают чувство одиночества,18058,причины,одиночество,,почему испытывают чувство одиночества · почему человек чувствует себя одиноким
11,"Цели, привычки, продуктивность",/coach,способы достижения цели,16466,упражнения,1. достижение цели,,способы достижения цели · способ достижения цели · способ достижения цели ответ · способ достижения определенной цели · способ достижения цели и задач · техники достижения цели · способы и средства достижения цели · способы достичь цель · способы управления достижением цели · способность достигать цели · выбор способа достижения цели · способ достижения цели решения задач · способ достижения какой либо цели · способствует поставленной цели · способ достижения цели называется · стратегия способ достижения цели · способ достижения какой либо цели решения · цель практики достигнута · способность человека достигающего цели · способы достижения цели исследования · способ достижения дидактической цели · формирование способа достижения цели · аскеза как способ достижения цели · способы достижения финансовой цели · инструменты управления достижения цели · определенный путь способ достижения цели · способ достижения цели и задач обучения · способ достижения цели через детальную разработку · инструменты достижения финансовой цели · способ достижения заданной цели · достижение цели любыми способами
10,Медитации и практики,/online,медитация елены,16357,обзор,медитация,,медитация елены · системы медитации · медитация релаксация · медитации онлайн бесплатно · реклама медитации · день медитации · исцеляющая медитация · медитация силы · ливанда медитации · медитации андрея · время медитация · лучшие медитации бесплатно · медитация восстановление · игорь медитации · медитации андреева · медитация очищения · звук для медитации · русская медитация · медитация утром · медитации тясто · волкова медитация · медитация счастливой · медитация поющие · медитация для сна для женщин · медитации крийя · медитация наполнения · как называется медитация · как медитировать дома для начинающих · где медитировать
06,Самооценка и личность,/artterapy,как принято себя,15670,что делать,примет себя,да,как принято себя · как принять себя в · как полюбить себя женщине после · как полюбить себя и повысить · как полюбить себя женщине · книга как полюбить себя · как полюбить себя суть · как принять саму себя · как полюбить себя психология · как принять ситуацию и себя · статью как полюбить себя · как полюбить себя в симс · как полюбить себя самой · как полюбить саму себя · как принять силу в себе · как принять себя таким какой ты есть · как принять себя плохую · как полюбить себя как человека
01,Отношения и близость,/artterapy,мир нам завидовал,15513,обзор,зависть,,мир нам завидовал · мир нам завидовал mp · мир нам завидовал текст · акмаль мир нам завидовал текст · акмаль весь мир нам завидовал · остальные нам завидуют · мир нам завидовал мр
11,"Цели, привычки, продуктивность",/coach,цель метод работы,15360,обзор,достижение цели,,цель метод работы · цель средства методы · методы и цели деятельности · цель метод результат · цель содержание методы · цель определяет метод · практические методы цель · цель научного метода · цели и методы технологий · метод цель задание · понятие метода метод и цель · цель группы методов · цели и задачи работы методы · цель задачи форма метод · методы и цели воздействия · метод путь цель · цель психологических методов · цель экономических методов · цель метода контроля · подход метод цель · объект цели и задачи методы · цель теоретического метода · цель метод ресурсы · метод наблюдения цель · актуальность цели задачи методы · цели и методы образования · цель метода результата деятельности · методы цели политики · цель метода описания · цель методов классификации · основные цели метод работы · сравните цели методы · цели задачи и методы анализа · цели методов права · проблема цель задача метод · цель метода теории · метод движения цели · активные методы цели · цель метода измерения · цель метода эксперимента
01,Отношения и близость,/artterapy,суть обид,15195,обзор,обида,,суть обид · ответ обид · день обид · обид мп · он обид т · не каких обид · прощение обид · без обид хорошее качество · обжигающая горечь обид русская озвучка · обид видео · обид вший расстел шь · дом обид · он обид тся · бор шься обид вший · без обид без криков · прощай без криков без обид · обжигающая горечь обид лакорн озвучка · язык обид · мантра обид · обид вшийся дремл шь · картинки день без обид · открытка без обид · день без обид открытки · россия обид · обжигающая горечь обид лакорн бесплатно · освободиться от обид · позора мелочных обид · без обид слова · обид асомов смерти · обид кино · обид лись · школа без обид 2026 · обид кори · они обид тся пове вший
11,"Цели, привычки, продуктивность",/coach,проект достижение целей,15127,обзор,1. достижение цели,,проект достижение целей · достижение целей реализации проекта · достижение целей управления проектом · условия достижения целей проекта · показатели достижения целей проекта · достижение общих целей проекта · анализ достижения целей проекта · пути достижения целей проекта · игровой проект достижение целей · критерии достижение целей проекта · региональный проект достижение целей
01,Отношения и близость,/artterapy,русская зависть,14638,обзор,зависть,,русская зависть · взаимное утоление зависти · от зла и зависти · зависть mp · группа зависть за · группа зависть дамы за · зависть из головоломки · дом зависть · дуа от колдовства зависти · все на зависть f · зависть рассуждения · зависть ч · зависть это чувство · испытываю зависть · зависть тексты огэ · рассуждение на тему зависть · зависть разрушающая · турк ру зависть · зависть истории · текст на тему зависть · зависть соседей · красивая зависть · счастье зависть · зависть брат · зависть стихи · зависть помогла · тихая зависть · лермонтов зависть · зависть деньгам · людская зависть · произведение зависть · зависть мп · зависть жены · зависть несчастных людей · иви зависть · зависть фраза · зависть измена · карта зависти · имя зависти · образ зависти
11,"Цели, привычки, продуктивность",/coach,цель метода исследования,14490,обзор,достижение цели,,цель метода исследования · цель задачи методы исследования · цель метода научного исследования · предмет исследования цель задачи методы · цели задачи актуальность методы исследования · цель задачи работы методы исследования · цель исследовательского метода · цель теоретического метода исследования · методы исследования в целях изучения · цель методов педагогического исследования · наблюдение метод исследования цель · цели методы и задачи научного исследования
04,Эмоции и состояния,/artterapy,выраженное чувство,14392,обзор,выраженное чувство,,выраженное чувство · выражающие чувства · понять чувства бывшего · не пойму его чувства · прожить чувства · какое чувство выражено · какие чувства выраженные · выраженные мысли и чувства · выразить мысли и чувства · понять скрытые чувства · как можно понять чувства · чувство инородного тела в · чувства и дать понять · предложения выражающие чувства · понять чувства женщины · чувства выраженные в словах · не можешь понять что чувствуешь · это чувство поймет не каждый · как женщине понять чувства мужчины · выражает чувства говорящего · выразить чувства любви · автор выражает чувства · междометие выражающие чувства · хочу понять его чувства · ярко выраженное чувство · сильно выраженное чувство · умение выражать чувства · выразить чувства любимому · выражает отношение этому чувству · чувства героя выражены · часть речи выражающая чувства · заблокированные чувства · какими словами выразить чувства · искусство выражает чувства · вызванный чувствами выражающий чувства
11,"Цели, привычки, продуктивность",/coach,smart цели,14100,обзор,2. smart цели,да,smart цели · какие цели smart · smart цели вопросы · цель c smart · smart цели измеримая · цель методом smart · smart цели задачи · smart целью является · цели которые соответствуют smart · цели принципа smart · конкретная цель по smart · цель проекта по smart · smart цель измеримости · цель развития smart · smart цели расшифровка · цель сформулирована по smart · smart анализ цели · цель по smart пример · цели управления smart · цели по технологии smart · аббревиатура smart цель · стратегические цели smart · цель работы по smart
11,"Цели, привычки, продуктивность",/coach,достижение целей управления,13962,обзор,1. достижение цели,,достижение целей управления · управление как процесс достижения целей · управление временем и достижение целей · методы достижения управленческих целей
11,"Цели, привычки, продуктивность",/coach,метод достижения цели,13841,обзор,1. достижение цели,,метод достижения цели · метод достижения цели кроссворд · метод достижения цели кроссворд ответ · методы средства достижения цели · достижения цели метод выбранный · методы обучения достижению цели · методы формы достижения цели · метод достижения цели управления · методы достижения педагогической цели · какие методы для достижения цели · эффективные методы достижения цели · научный метод достижения цели · метод достижения цели 6 букв · методы исследования для достижения цели · методы по достигаемой цели · метод достижения цели 6 букв кроссворд
01,Отношения и близость,/artterapy,прости прощай ты мама,13692,обзор,обида на мать,,прости прощай ты мама · мама не хочет прощать · мама дочь прощает
01,Отношения и близость,/artterapy,слова обиды,13084,обзор,обида,,слова обиды · обиды забыты · горечи обиды · много обиды · обиды зла · обжигающие обиды лакорн · обиды текст дайте · обиды в груди · реакция обиды · вечные обиды · затаенные обиды · смысл обиды · секс обиды · группа обиды · обиды детства · обиды танк текст · вышел из обиды · плакать от обиды · картинки без обиды · обиды разочарования · письмо обиды · психолог обиды · проблемы обиды · сжигая обиды · средство от обиды · обиды бывают · обиды аккорды дайте · смывать обиды · обиды сочинение · обиды зависть · любовь без обиды · мелочные обиды · обиды сидят внутри · не таю обиды · камень обиды · обиды на дочь · задохнуться от обиды · какие обиды мы же взрослые · расставание обиды · все обиды горькие стерплю
11,"Цели, привычки, продуктивность",/coach,какую цель поставил,12965,обзор,1. достижение цели,,какую цель поставил · какую цель поставил перед собой · какую цель поставить в жизни
11,"Цели, привычки, продуктивность",/coach,достижение общих целей,12783,обзор,1. достижение цели,,достижение общих целей · для достижения общих целей деятельности · достижение общих целей направить · объединение для достижения общих целей · совместная деятельность для достижения общих целей · стратегия достижения общих целей · направлении достижения общих целей и · усилий для достижения общих целей · достижение общих целей предприятия
11,"Цели, привычки, продуктивность",/coach,цель метода обучения,12583,обзор,достижение цели,,цель метода обучения · обучение методы формы цели · цель обучения средства обучения методы обучения · цели содержание и методы обучения · процесс обучение цели и методы · обучение цель задачи методы · метод обучения цель результат обучения · цель средства методы формы обучения · цели обучения методы обучения принципы обучения · цели содержание методы формы средства обучения · принципы цели содержание и методы обучения · цель практических методов обучения · дидактические цели методов обучения · методы обучение цель урока · целями методов обучения являются · цель использования методов обучения · цель познавательного метода обучения
04,Эмоции и состояния,/artterapy,чувство почему в,12490,причины,чувства : эмоции : злость,,чувство почему в · чувства человека почему · почему злость · почему возникает чувство · почему появляются чувства · почему чувство вины · почему постоянно чувство · почему пропадают чувства · почему чувство любви · почему странное чувство · почему важны чувства · почему такое чувство как будто · почему бывает чувство · почему происходят чувства · почему эмоции важнее · почему проходят чувства · почему прошли чувства · почему чувства остаются · почему сильные эмоции · почему в слове чувство в · почему боимся чувств · почему в жизни чувства · почему люди живут чувствами · почему 6 чувство · почему мужчины свои чувства · почему скрывать чувства · почему пишем чувство · почему не чувствуешь чувства · эмоции дети почему · почему возникают чувства человеку · почему чувство юмора · почему негативные эмоции · почему в груди чувство · почему чувство беременности · почему нет чувства насыщения · почему новые чувства · почему приходят чувства · почему нужны чувства · почему нету чувств · почему чувства описать
11,"Цели, привычки, продуктивность",/coach,цели метод формы,12446,обзор,достижение цели,,цели метод формы · цель содержание методы формы средства · цель принципы методы средства формы · цели содержание формы и методы воспитания · цель методы формы реализации · цели формы и методы управления · цель содержание методы формы результат
11,"Цели, привычки, продуктивность",/coach,ничего не хочу делать,12230,обзор,3. нет цели,,ничего не хочу делать · я ничего не хочу делать · ребенок ничего не хочет делать · я ничего не хочу делать 2022 · не хочешь ничего делать дома · муж ничего не хочет делать · подросток ничего не хочет делать · просто ничего не хочу делать · не хочу ничего делать вообще · не хочу спать ничего не делаю · мужчина ничего не хочет делать · не хочу больше ничего делать · ничего не хочешь делать как называется · лежу и ничего не хочу делать · плохо не хочу ничего делать · учащиеся ничего не хотят делать · сын ничего не хочет делать · состояние ничего не хочу делать · мама ничего не хочет делать · устал ничего не хочу делать · жена не хочет ничего делать · сижу и ничего не хочу делать · никто ничего не хочет делать · отец не хочет ничего делать
12,Сон и бессонница,/online,что делать если бессонница в,12154,что делать,бессонница,да,что делать если бессонница в · что делать если бессонница ночью
01,Отношения и близость,/artterapy,выбирала не того человека,11835,обзор,токсичные отношения,,выбирала не того человека · мы выбираем не тех · выбирают не то средство · они выбирают не какой то · ваня дмитриенко выбираем не тех · не то как другое выбирайте · не выбирайте тех дорог · выбираю из того что не предложено · стих выбираю не тех · не выбираю я тем самым · сердце выбирает не тех · мы всегда выбираем не тех · выбираю тех кому не нужна · не выбирай того кем не являешься · молодые выбирают не тех · что не меняю то выбираю · мужчины выбирают не тех женщин · мне и выбирать то не надо · тот кто никого не выбирает
03,Тревога и депрессия,/artterapy,повышена тревожность,11659,обзор,тревожность273344,,повышена тревожность · без тревожности · страх и тревожность · тревожность взрослого · самооценка тревожности · особенности тревожности · проблема тревожности · тема тревожности · про тревожность · тревожность расстройство · повышение тревожности · программа тревожность · успокоительные от тревожности без рецептов · голова тревожности · тревожность у женщин · тревожность словами · тревожности cmas · эмоциональное состояние тревожность · рекомендации тревожность · тревожность у студентов · испытываю тревожность · чувство тревоги беспокойство · чувствовать тревожность · вызывает чувство тревоги · состояние чувство тревоги · понятие тревожности · арт тревожности · тревожность интеллект · аутотренинг тревожность · тревожности и деятельность · тревожность мужчин · тревожность заболевания · тревожность сердцебиение · тренинг тревожность · тревожность перед экзаменами · тревожность примеры · тревожность и раздражительность · появилось чувство тревоги · тревожность кондаша · норма тревожности
11,"Цели, привычки, продуктивность",/coach,достижение цели определение,11413,определение,1. достижение цели,,достижение цели определение · достижение цели определение результатов · достижение поставленных целей определение · определение средств достижения целей · определение задач для достижения целей · определение ресурсов для достижения цели · определение целей и путей их достижения · определение условий достижения цели
12,Сон и бессонница,/online,как быстро уснуть при бессоннице за,11320,обзор,бессонница,,как быстро уснуть при бессоннице за · бессонница 2002 · бессонница 2026 · бессонница год · бессонница 2025 · бессонница врач · бессонница у беременных в · бессонница ул закруткина 66 · бессонница 2014 · тревога и бессонница · магний при бессоннице · бессонница жалобы · бессонница часто · состояния бессонницы · бессонница заболевание · час бессонница король · бессонница 1997 · против бессонница · трава от бессонницы · мелатонин от бессонницы · бессонница 2024 · бессонница синдром · средства от бессонницы без рецептов · бессонница 2026 даты · бессонница пожилой возраст · бессонница 2 дня · бузунов бессонница · умер от бессонницы · молитва от бессонницы 7 отрокам · бессонница как спать · молитва 7 отрокам ефесским от бессонницы · бессонница 2 ночи · история бессонница · стихотворение бессонницы · от бессонницы донормил · бессонница в 3 ночи · бессонница при неврозе · кристофер нолан бессонница · бессонница как жить · свалить бессонницу
07,Выгорание и работа,/coach,восстанавливающая сила,11261,обзор,хроническая усталость,,восстанавливающая сила · как восстанавливать силы после · ресурс восстанавливающий · восстанавливает силы человека · нужно силы восстанавливать
11,"Цели, привычки, продуктивность",/coach,путь достижения целей,11166,обзор,1. достижение цели,,путь достижения целей · путь достижения целей и задач · путь система достижения целей
04,Эмоции и состояния,/artterapy,перепады настроения в,11140,обзор,эмоциональные качели,да,перепады настроения в · перепады настроения у женщин после · расстройство перепадов настроения · нестабильное настроение · психические перепады настроения · эмоциональные качели девушек
04,Эмоции и состояния,/artterapy,выражать эмоции,10858,обзор,выраженное чувство,,выражать эмоции · какую эмоцию выражают · чувствовать эмоции другого · не чувствую эмоций как называется · лица выражающие эмоции · чувствую эмоции бывшего · менее выраженные эмоции симс · человек который чувствует эмоции других людей · ничего не чувствую эмоции · заблокировал эмоции · умение выражать эмоции · сильно выраженные эмоции · эмоция в теле человека · жесты выражающие эмоции
07,Выгорание и работа,/coach,восстанавливающая энергия,10847,обзор,хроническая усталость,,восстанавливающая энергия · восстановить подачу энергии · восстановите подачу энергии к двери · восстановить подачу энергии horizon · земля восстанавливает энергию · великие тайны восстановить подачу энергии · великие тайны земли восстановите подачу энергии · восстановить энергию двери horizon · восстановить подачу энергии к двери horizon · восстановить подачу энергии к земле · horizon zero dawn восстановить подачу энергии · клад смерти энергии восстановите · клад смерти восстановите подачу энергии · horizon великие тайны восстановить подачу энергии · восстановить энергию к двери бункера · восстановите подачу энергии к двери бункера · horizon великие тайны земли восстановите подачу энергии · как наполниться энергией · клад смерти восстановите подачу энергии к двери · древний арсенал восстановить подачу энергии · тропа шамана восстановить энергию · тропа шамана восстановите подачу энергии · восстановите подачу энергии к двери бункера horizon · как быстро восстановить энергию в рр · восстановить энергию женщине · тропа шамана восстановите подачу энергии к системе
01,Отношения и близость,/artterapy,выбрана не правильно то в,10488,обзор,токсичные отношения,,выбрана не правильно то в · время не то выбрала · выбрала не те экзамены · выбрал не ту работу · не тех друзей выбрал · выбрать не ту сторону · не то выбранный пол · то выбрать подходящий не · не знаете что выбрать то · не могу выбрать между той и этой · выбрал именно не ту · не знаете какие выбрать то · выбрал не ту женщину · он выбрал не то место · выбрала не то образование · это не то что можно выбрать · выбрала не ту профессию · свои тем не менее выбрать · ты просто выбрал не то · выбрал совсем не ту · позволяет выбрать то что не · снова выбрал не ту · не выбрано тем не выбрано качественным · выбрал не ту дверь · не выбран код то · выбрал не ту жену · моя школа выбрала не ту школу · не могу сама что то выбрать · выбрать ту которая думает не · не ту картинку выбрала
11,"Цели, привычки, продуктивность",/coach,смарт цели,10394,обзор,2. smart цели,,смарт цели · смарт постановка целей · цели по смарт примеры · смарт цель расшифровка · смарт критерии целей
01,Отношения и близость,/artterapy,бывшая обижается,10332,обзор,обида,,бывшая обижается · понимать обижаться · где обижаться · очень обижаюсь · день обижаться · время обижаться · обижайся больше · не обижайся любимая · отец обижается · дочь обижается · часто обижаюсь · начала обижаться · начинать обижаться · долго обижаюсь · едим обижаться едим · месяц обижается · не обижайтесь на детей · не стоит обижаться · обижаться плохо · не стал обижаться · ну не обижайся · приходить обижаться · три обижаться · работа обижаются · найти обижаться · смочь обижаться · сначала обижаешься · обижаются фразы · иди обижайся · уезжать обижаться · чтоб не обижался · минута обижаться · обижаться злиться · продолжить обижаться · сын обижается на отца · нравится обижаться · просит не обижаться · как не обижаться на людей · обижаться нормально · прекращай обижаться
11,"Цели, привычки, продуктивность",/coach,цели на 2026 год,10278,обзор,4. цели на год,,цели на 2026 год · цели и задачи на 2026 год · какие цели на 2026 год · цели и планы на 2026 год · код цели на 2026 год · национальные цели на 2026 год
01,Отношения и близость,/artterapy,жена обиделась,10174,обзор,обида,,жена обиделась · обиделась жена шансон · обиделась жена персона · обиделась жена персона шансона
04,Эмоции и состояния,/artterapy,потеряв контроль,10093,обзор,потеряв контроль,,потеряв контроль · потерянный контроль · потерять контроль над · я все контролирую · martin потеряв контроль · потерян контроль над собой · контролировать весь процесс и · все время все контролирую · все контролирующие органы · мартин потеряв контроль · человек который все контролирует · и контролировать всеми системами · муж все контролирует · ребенок все контролирует · хочу все контролировать · всех контролирую постоянно · праздник потерявший контроль · праздник потерявший над собой контроль · контроль над страхом · подросток все контролирует · страх потери контроля · стрелка потеряла контроль · руководитель контролирует все · мать все контролирует · потеряв контроль stepin · пытаюсь все контролировать · контроль это страх · контролировать и управлять всем · stepin fetchit потеряв контроль · контролировать проще всего · текст всех контролирует · праздник потерявший над собой контроль кроссворд · в россии контролируют всех · контролировать все вокруг · контролируем процесс на всех · желание все контролировать · стремление все контролировать
03,Тревога и депрессия,/artterapy,пустота внутри,10059,обзор,апатия,,пустота внутри · ощущение пустоты · пустота внутри огурцов · будто пустота внутри · чувство пустоты внутри · пустота внутри время · просто пустота внутри · моя колыбель пустота внутри · какая пустота внутри
11,"Цели, привычки, продуктивность",/coach,ресурсы достижения целей,9946,обзор,1. достижение цели,,ресурсы достижения целей · необходимые ресурсы для достижения целей · ресурсы для достижения целей государства · ресурсы для достижения целей предприятие
01,Отношения и близость,/artterapy,психологическое насилие,9911,обзор,абьюзер,,психологическое насилие · эмоциональное насилие · психологические насилие дети · насилие физическое психологическое · формы психологического насилия · психологическое насилие человека · психологическое насилие над · психологическое насилие сексуальное · психологическое насилие в семье · жертва психологического насилия · социально психологическое насилие · эмоциональное насилие ребенка · психологическое насилие в отношениях · домашнее психологическое насилие · психологическое насилие женщин · психологическое насилие статья · психологическая теория насилия · психологическое насилие родителей · психологическое насилие профилактика · группы психологического насилия
01,Отношения и близость,/artterapy,раз два мама прости,9705,обзор,обида на мать,,раз два мама прости · раз два после пяти мама прости · раз 2 после 5 мама прости
01,Отношения и близость,/artterapy,девушка обиделась,9588,обзор,обида,,девушка обиделась · парень обиделся на девушку · бывшая девушка обиделась · девушка хочет обидеться · обиделась ли девушка · девушка сильно обиделась
03,Тревога и депрессия,/artterapy,школьная тревожность,9540,обзор,тревожность273344,,школьная тревожность · тревожность школьника · школьная тревожность прихожан · школьная тревожность и возраст · школьная тревожность исследование · страхи школьная тревожность · коррекция школьной тревожности · школьная тревожность младших школьников · школьная тревожность подростков · школьная тревожность интерпретация · школьная тревожность профилактика · снижение школьной тревожности · диагностика школьной тревожности прихожан · особенности школьной тревожности · коррекция тревожности школьников
10,Медитации и практики,/online,медитация без,9505,обзор,медитация,,медитация без · бесплатная медитация без рекламы · медитации сна без рекламы бесплатно
04,Эмоции и состояния,/artterapy,стыдно люди,9306,обзор,стыдно,,стыдно люди · стыдно молодые люди · стыдно в люди выходить
10,Медитации и практики,/online,аффирмации елены,9287,обзор,медитация,,аффирмации елены · аффирмация луизы · аффирмации исцеление · бесплатное аффирмации · таблица аффирмации · аффирмация на каждый · аффирмации онлайн · аффирмации луизы здоровье · мощные аффирмации · аффирмации на жизнь · аффирмация богданова · дарина аффирмации · аффирмации самые · аффирмации картинки · аффирмации на энергию · аффирмация на сон · аффирмация процветание · аффирмации благодарности балацкая · аффирмации на экзамен · какие аффирмации · аффирмации 2026 · аффирмация на клиентов · аффирмация на женскую энергию · аффирмация добра · аффирмации на сдачу экзамена · аффирмация мышление · аффирмации на русском · добрая аффирмация · аффирмации как правильно · аффирмации натальи · аффирмация на замужество · аффирмация на сексуальность · ракицкий аффирмации · аффирмации на человека · аффирмация настроения
01,Отношения и близость,/artterapy,болезненная обида на любые реакции,9285,обзор,обида,,болезненная обида на любые реакции · обидам прощай · лучший обида · обида на бывшего · танк обида · друзья обидятся · твоя обида · душа обида · обида mp · другие обидятся · говорила обида · обида и боль · обида другу · обида на детей · обида картинки · жена обида · обидами ссорами · обида краткое · обида печаль · обида осталось · обида на девушку · обида это простыми · рассказ обида шукшина · обида собаки · эмоциональная обида · обида конфликт · обида девочки · внутри обида как · смерть обида · обида на сына · обида сестры · скрытая обида · открытка обида · родной обида · возьми обидься · брат обида · состояние обида · нестерпимая обида · обида 6 букв · возникнуть обида
11,"Цели, привычки, продуктивность",/coach,нет мечты,9256,обзор,3. нет цели,,нет мечты · острова мечты нет · нет мечты счастлив · нет мечты без · нет больше мечты
01,Отношения и близость,/artterapy,не дающий в обиду,9147,обзор,обида,,не дающий в обиду · покровитель не дающий в обиду · про обиду · нанести обиду · выместил обиду · никому в обиду · ответить на обиду · чувствуешь обиду · скрыть обиду · брось обиду · вернуть обиду · поскорей обиду забывай · болезненная реакция на обиду · терпеть обиду · таить обиду · никому не давать в обиду · хранить обиду · предложения про обиду · никогда не давай себя в обиду · как не дать себя в обиду · мстят за обиду
11,"Цели, привычки, продуктивность",/coach,правильная достижения цели,9008,обзор,1. достижение цели,,правильная достижения цели · достижения правильно выбранная цель · перечислите правила достижения цели
03,Тревога и депрессия,/artterapy,что подумают люди,8837,обзор,что подумают люди,,что подумают люди · что скажут люди что подумают люди · что подумает другой человек · думаешь о чем подумают люди
04,Эмоции и состояния,/artterapy,чувства в теле,8786,обзор,выраженное чувство,,чувства в теле · чувство слабости в теле · чувство жара в теле · чувство тяжести в теле
01,Отношения и близость,/artterapy,отношение к матери,8490,обзор,обида на мать,,отношение к матери · отношение матери и дочери · сестры по матери отношения · отношение к матери какое · отношение человека к матери · плохие отношения с матерью · отношения с матерью отношения с жизнью · отношение жены к матери · отношение в семье к матери · несовершеннолетние матери отношение · психология отношений матери · отношения матери и дочери · порно отношения матери
10,Медитации и практики,/online,аффирмации на деньги,8422,обзор,медитация,,аффирмации на деньги · аффирмация на деньги и богатство · аффирмации на деньги елена
01,Отношения и близость,/artterapy,завидую бывшей,8364,обзор,зависть,,завидую бывшей · ему завидовал сальери · текст завидуют · акмаль завидовал · завидуют mp · подруга завидует · завидуют оне · платина завидуют · завидую жизни · завидую живым · лучше завидуют · завидуют ли · зависть завидовать · тема завидовать · слово завидовать · девушка завидует · самый завидовать · начала завидовать · начинать завидовать · девочки завидуют · кусай локти завидуй · завидовать где · женщина завидует · долготерпит милосердствует не завидует · не завидует не превозносится · сказать завидую · стала завидовать · остается завидовать · даже завидую · завидую ребенку · про завидующих · завидую красивым · завидует не гордится · никто не завидует · завидую жене · завидую сестре · сама себе завидую · завидуй больше · люблю завидовать · всегда завидовал
07,Выгорание и работа,/coach,забота о себе,8326,обзор,хроническая усталость,,забота о себе · забота о себе и о людях · забота о себе включает · день заботы о себе · забота о себе после · забота о себе и других · сфера заботы о себе симс · психологическая забота о себе · специалист заботы о себе симс · забота о себе для женщины · забота о себе ребенка · формы заботы о себе · забота о самом себе · забота о себе здоровье · забота о себе в интернете · забота о себе забота о семье
11,"Цели, привычки, продуктивность",/coach,действия для достижения целей,8241,обзор,1. достижение цели,,действия для достижения целей · действия направленные на достижение целей · совокупность действий направленных на достижение целей · конкретные действия для достижения целей · совокупность действий для достижения целей процесса
11,"Цели, привычки, продуктивность",/coach,цель на 2024 год,8240,обзор,4. цели на год,,цель на 2024 год · цели и задачи на 2024 год · цели россии на 2024 год · цель на новый год 2024 · какие цели на 2024 год
11,"Цели, привычки, продуктивность",/coach,для достижения цели необходимо,8239,обзор,1. достижение цели,,для достижения цели необходимо · задачи необходимые для достижения цели · для достижения цели деятельности необходимые · чтобы достичь цель необходимо · достижения данной цели необходимо · для достижения цели необходимо решить · для достижения цели необходимо решить задачи · для достижения цели необходимо выполнить · качества необходимые для достижения цели · достижения цели необходимо решить следующие
11,"Цели, привычки, продуктивность",/coach,как не сдаваться,8212,обзор,достижение цели,,как не сдаваться · как никогда не сдаваться · не сдавайся как пишется · не желавший сдаваться как · как написать не сдавайся · как идти и не сдаваться
11,"Цели, привычки, продуктивность",/coach,цели на учебный год,8189,обзор,4. цели на год,,цели на учебный год · цели и задачи на учебный год · цель работы на учебный год · цель на 2025 2026 учебный год · цели на следующий учебный год · цели на новый учебный год · цель школы на учебный год · какие цели на учебный год · цели и задачи на следующий учебный год · цели учителя на учебный год · цели ребенка на учебный год · цели доу на учебный год · цели и задачи на новый учебный год · цели классного руководителя на учебный год · цель работы школы на учебный год · цели педагога на учебный год · цели на учебный год 2 класс
03,Тревога и депрессия,/artterapy,страх за будущее,8131,обзор,страх будущего,да,страх за будущее · боюсь будущего · не бойся перемен · тревога о будущем · страх перемен · страх перед будущим · тревога неопределенности · страх неопределенности · тревога страх за будущее · страх будущей смерти
03,Тревога и депрессия,/artterapy,нет смысла в жизни,8029,обзор,апатия,,нет смысла в жизни · нет смысла в жизни в · и никакого нет смысла в жизни · нет смысла в жизни кроме любви · и никакого нет смысла в жизни кроме · в этой жизни нет смысла без тебя · просто в этой жизни нет смысла · просто жизни нет смысла без тебя · ничего не радует в жизни · кажется что нет смысла в жизни
01,Отношения и близость,/artterapy,отношения между родителями,7739,обзор,обида на мать,,отношения между родителями · отношения между родителями и детьми · отношения между родителями какие · какие отношения между родителями и детьми · какими должны быть отношения между родителями · отношения между родителями и детьми сочинение · отношения в семье между родителями · отношения между родителями супругов · семейные отношения между родителями и детьми · отношения между супругами родителями и детьми · личные отношения между родителями и детьми · отношения между педагогами и родителями
06,Самооценка и личность,/artterapy,человек принимает себя,7628,обзор,примет себя,,человек принимает себя · комплекс принимающий у себя · комплекс принимающий у себя участников · комплекс принимающий у себя походов · принимать себя чувствовать · не принимает и не знает себя · принимает в себя член · принимаю удар на себя · принимая новую себя · нужно принимать себя · первая принимает на себя · права и принимает на себя · принимать на себя обязанности · принимая себя человек принимает других · себя не принимаю стать собой · принимай себя любой · умение принимать себя · принимая решение принимаешь на себя ответственность · порно принимает в себя · принимать на себя деятельность · лицу которое принимает на себя · любите себя и принимайте себя · принимает сперму в себя · заказчика принимая на себя · сторона принимает на себя обязательства · проститутки принимающие у себя · жена принимает в себя · лицами принимать на себя обязательства · как начать принимать себя · в себе постоянно принимает · на себя принимают п · принимай сына в себя · лицо принимающее на себя ответственность · статус принимай себя · безопасности принимающим на себя · подростки не принимают себя · принимает на себя обязательства заключить · принимает в себя черный · принимай себя каждый день · не раз принимала на себя
04,Эмоции и состояния,/artterapy,человек понимающие чувства,7603,обзор,выраженное чувство,,человек понимающие чувства · понимать чувства других · человек понимающий чувства других людей · чувство что никто не понимает · под чувствами понимают · любовь не понимает чувств · ум понимает чувство · понимать время чувство времени · понимает что искренние чувства · понимаю твои чувства · что значит понимать свои чувства · чувство что не понимаю что происходит · умение понимать чувства других · понимать и принимать чувства · умение понимать чувства других людей
07,Выгорание и работа,/coach,после переедания,7553,обзор,переедание,,после переедания · боли после переедания · день после переедания · тяжесть после переедания · отеки после переедания · рвота после переедания
11,"Цели, привычки, продуктивность",/coach,эффективное достижение целей,7508,обзор,1. достижение цели,,эффективное достижение целей · эффективность достижения целей · оценка эффективности достижения целей · показатели эффективности достижения целей · система эффективного достижения целей · критерии эффективности достижения целей · эффективное достижение целей менеджмента
01,Отношения и близость,/artterapy,почему выбираем не тех,7401,причины,токсичные отношения,да,почему выбираем не тех · дмитриенко почему выбираем не тех · почему выбираем не тех ваня · ваня дмитриенко почему выбираем не тех · почему выбираем не тех кто ради нас · почему выбираем не тех стих · почему выбираем не тех стих дмитриенко · стих вани дмитриенко почему выбираем не тех · почему выбираем не тех текст · почему человек выбирает не тех людей
04,Эмоции и состояния,/artterapy,стала стыдно,7356,обзор,стыдно,,стала стыдно · стыдно ли · стыдно смотрят · стыдно после · не стыдно стать · стыдно скажи · какой стыдно · мужчине стыдно · стыдно за бывшего · самой стыдно · самому стыдно · маме стыдно · стыдно говорить · испытать чувство стыда · жене стыдно · теперь стыдно · младше стыдно · хотеть стыдно · стыдно девушка · сейчас стыдно · стыдно брат · ответов стыдно · стыдно идти · с такой оборванкой стыдно · роды стыдно · парню стыдно · с такой оборванкой стыдно людям · женщине стыдно · стыдно увидели · просто стыдно · где стыдно · секс стыдно · свадьба стыдно · не стыдно показаться · стыдно кричать · не стыдно выйти · даже стыдно · пляж стыдно · стыдно ходить · стыдно любовь
11,"Цели, привычки, продуктивность",/coach,виды достижения целей,7251,сколько,1. достижение цели,,виды достижения целей · этапы достижения целей · степень достижения целей · цель достичь уровня · стадии достижения цели · сколько целей поставить · виды достижений поставленной цели · степени достижения поставленных целей · этапы достижения цели проекта · оценка степени достижения целей · показатели степени достижения целей · виды средств достижения цели · этапы анализа достижения цели · основные этапы достижения цели · какая степень достижения цели · степень достижения целей проекта · этапы для достижения поставленной цели · последовательность этапов достижения цели · этапы постановка и достижение цели · степень достижения цели управления
11,"Цели, привычки, продуктивность",/coach,обучение достижению целей,7173,обзор,1. достижение цели,,обучение достижению целей · средства достижения целей обучения · достижения обучающимися целей обучения · технология достижения целей в обучении · методы обучения достижение целей и задач
11,"Цели, привычки, продуктивность",/coach,цель методов воспитания,6938,обзор,достижение цели,,цель методов воспитания · воспитание цели средства методы · цели задачи методы воспитания · цели содержание и методы воспитания · цели принципы методы воспитания
11,"Цели, привычки, продуктивность",/coach,метод управления целями,6889,обзор,достижение цели,,метод управления целями · цели методы задачи управления · цели принципы методы управления
11,"Цели, привычки, продуктивность",/coach,достижения стратегических целей,6775,обзор,1. достижение цели,,достижения стратегических целей · стратегии для достижения целей · стратегия достижения целей и задач · достижение и реализация стратегических целей · стратегии достижения целей являются · стратегии достижения конкретных целей · стратегия достижения целей предприятия · стратегия достижения финансовых целей · показатели достижения стратегических целей · методы достижения стратегических целей · оценка достижения стратегических целей · стратегии достижения целей компании · контроль достижения стратегических целей
11,"Цели, привычки, продуктивность",/coach,программы достижения целей,6753,обзор,1. достижение цели,,программы достижения целей · достигать целей программы · программа достижения целей документ
11,"Цели, привычки, продуктивность",/coach,достижение цели жизни,6738,обзор,1. достижение цели,,достижение цели жизни · достигнутые цели в жизни · люди которые достигли цели в жизни · как достигнуть цели в жизни
11,"Цели, привычки, продуктивность",/coach,оценка достижения целей,6672,обзор,1. достижение цели,,оценка достижения целей · оценка достигнутых целей · критерии оценки достижения целей · метод оценки достижения целей
11,"Цели, привычки, продуктивность",/coach,мероприятие достижение целей,6587,обзор,1. достижение цели,,мероприятие достижение целей · мероприятий направленных на достижение целей · план мероприятий по достижению целей
06,Самооценка и личность,/artterapy,зачем дала себя ты полюбить виа,6567,причины,примет себя,,зачем дала себя ты полюбить виа · зачем дала себя ты полюбить via · полюбить себя зачем · зачем дала себя полюбить · почему не принимаешь себя · почему я себе не нравлюсь · зачем я себе не нравлюсь
11,"Цели, привычки, продуктивность",/coach,цель найти работу,6510,обзор,достижение цели,да,цель найти работу · найти цели человека · найти вероятность попадания в цель · книга найти свою цель · главная найти цель · найти предложения по цели высказывания · цель работы найти проблему · цель найти работу задачи · найти цели проекта · следующая цель найти · найти высшую цель · цель найти друзей · с целью найти новых · найти вероятность того что цель поражена · найти вероятность поражения цели · цели найти дело · действие с целью найти · найти цель и смысл · найти цель скрытый
11,"Цели, привычки, продуктивность",/coach,план целей на год,6495,обзор,4. цели на год,,план целей на год · таблица целей на год · целей на новый год · пять целей на год · программа целей на год · варианты целей на год · создание целей на год · десять целей на год · формирование целей на год · планирование целей на год · список целей на год · сферы целей на год · план целей на учебный год · постановление целей на год · план целей на 5 лет · карта целей на год · план целей на 2 года · выбор целей на год · дерево целей на год · составить план целей на год · план целей на 2025 год · образец целей на год · восемь целей на год · перечень целей на год · создание целей на новый год · идеи целей на год · лист целей на год · список целей на целый год · план целей на 10 лет · приложение целей на год · план целей на 2024 год · постановка целей на год · круг целей на год · пример целей на 1 год · график целей на год · формулировки целей на год · составление целей на год
01,Отношения и близость,/artterapy,про абьюзеров,6491,обзор,абьюзер,,про абьюзеров · про абьюзивные · про мужа абьюзера
11,"Цели, привычки, продуктивность",/coach,достижение экономических целей,6444,обзор,1. достижение цели,,достижение экономических целей · процессы в достижении экономических целей · средства достижения экономических целей
11,"Цели, привычки, продуктивность",/coach,у самурая нет цели,6332,обзор,3. нет цели,,у самурая нет цели · фраза у самурая нет цели · у самурая нет цели только путь полная · что значит у самурая нет цели
10,Медитации и практики,/online,медитации агеева,6330,обзор,медитация,,медитации агеева · медитации михаила агеева · исцеляющая медитация агеев · исцеляющие медитации михаила агеева · агеев медитация декабрь · медитация михаила агеева декабрь
11,"Цели, привычки, продуктивность",/coach,метод проектов цели,6298,обзор,достижение цели,,метод проектов цели · цель задачи методы проекта · цель и методы проектирования · цель проектного метода · цель метода управления проектами
11,"Цели, привычки, продуктивность",/coach,цели на месяц,6295,обзор,достижение цели,,цели на месяц · цели на 1 месяц · цель на 3 месяца · цель на 2 месяца · цели на 1 2 месяца · цели на 6 месяцев · цели на 4 месяца · цели на каждый месяц · составить цели на месяц · финансовая цель на месяц · цели на три месяца · цели и задачи на месяц · личные цели на месяц
11,"Цели, привычки, продуктивность",/coach,педагогические методы цель,6192,обзор,достижение цели,,педагогические методы цель · методы и цели педагогической деятельности · педагогический процесс цель содержание методы
01,Отношения и близость,/artterapy,слово обидится,6055,обзор,обида,,слово обидится · хочу обидится · обидишься как пишется · нужно обидится · обидишься потом · мать обидится · про обидишься · решили обидится · что сделает обидится · обидится надо · бабушка обидится · сестра обидится · брат обидится · никто не обидится · обидится выбирают · думала что обидишься · папа обидится · обидится ведь · обидимся на судьбу · гости обидится · вдруг обидится · люди хотят обидится · обидится увидим · опять обидится · глагол обидится · обидится на замечание
07,Выгорание и работа,/coach,как снять стресс,5888,что делать,снятие стресса,да,как снять стресс · как снять напряжение и стресс · как снять стресс женщине
11,"Цели, привычки, продуктивность",/coach,цель на неделю,5840,обзор,достижение цели,,цель на неделю · цель на 2 недели · цели и задачи на неделю · цели на 3 недели · две цели на неделю
06,Самооценка и личность,/artterapy,архетипы женщин,5833,сколько,женственность,да,архетипы женщин · женские архетипы · архетипы женственности · архетипы женщин одежда · женские архетипы юнга · женские архетипы по юнгу · архетипы юнга женщины
11,"Цели, привычки, продуктивность",/coach,достижение цели в группе,5832,обзор,1. достижение цели,,достижение цели в группе · достичь цель группа · группа людей объединенных достижением общей цели
01,Отношения и близость,/artterapy,чувствую себя одиноко,5761,обзор,одиночество,да,чувствую себя одиноко · справиться с одиночеством литература · что может человеку справиться с одиночеством · человек чувствует себя одиноким · что может помочь справиться с одиночеством бутина
01,Отношения и близость,/artterapy,прощать ли измену,5562,обзор,прощать ли измену,,прощать ли измену · как простить измену · измена прощай я не прощаю · можно простить измену · стоит простить измену · как живут простившие измену · как простить измену и жить дальше · драконы не прощают измены · простить измену девушке · люди пережившие предательство · простила измену ошибка · ради семьи прости измену · измену простить никогда · нужно прощать измену · прости измены и вернись · смог простить измену · бывший не простил измену · простила измену форум · измена не будешь прощен · как простить измену и жить дальше советы · после измены прости измены и вернись · измена предателей не прощают
11,"Цели, привычки, продуктивность",/coach,цель на 2025 год,5551,обзор,4. цели на год,,цель на 2025 год · цели и задачи на 2025 год · национальные цели на 2025 год · цели россии на 2025 год · цели рф на 2025 год
11,"Цели, привычки, продуктивность",/coach,анализ достижения целей,5532,обзор,1. достижение цели,,анализ достижения целей · анализ достигнутых целей · суть анализа достижения целей
01,Отношения и близость,/artterapy,мама обиделась,5532,обзор,обида,,мама обиделась · обиделась говорю · принц ты че обиделась · подруга обиделась · женщина обиделась · сама обиделась · обиделся и ушел · обидеться обижен · сын обиделся · обиделась ответ · мальчик обиделся · девочка обиделась · значить обидеться · пойти обидеться · стать обидеться · не подходи ко мне я обиделась · обиделась секс · крид обиделся · обиделась что ли · порно обиделась · егор крид обиделся · что ответить на обиделась · свекровь обиделась · обиделся машина · потому обиделась · даже обиделась · что значит обидеться · нельзя обидеться · обиделась шутки · дочка обиделась · кот обиделся · кошка обиделась · видимо обиделась · обиделась смотри · говорящий том обиделся · видишь обиделась · андрей обиделся · собака обиделась · раз обидеться · обиделась прости
04,Эмоции и состояния,/artterapy,почему стыдно,5487,причины,стыдно,да,почему стыдно · почему людям стыдно · почему стыдно стало · зачем стыдно
11,"Цели, привычки, продуктивность",/coach,достижение финансовых целей,5092,обзор,1. достижение цели,,достижение финансовых целей · для достижения финансовых целей необходимо · личный финансовый план достижения целей
15,Работа и карьера,/coach,как сменить профессию в,5040,обзор,как сменить работу,,как сменить профессию в · как сменить работу в · как сменить профессию после · как сменить работу · нелюбимая работа · ненавижу свою работу · как сменить профессию · как сменить место работы · как сменить работу в симс · всегда трудно приступать к выполнению нелюбимой работы
11,"Цели, привычки, продуктивность",/coach,как найти смысл жизни в,5025,обзор,3. нет цели,,как найти смысл жизни в · как найти смысл жизни после · потерял смысл жизни · потерян смысл жизни · как найти цель в жизни после · как найти смысл жизни · нет цели в жизни · потерял интерес к жизни · потерян интерес к жизни · нет мечты нет жизни · человек без цели в жизни · как найти цель в жизни · как найти цель жизни после · если потерян смысл жизни женщина · как обрести смысл жизни · человек потерявший смысл жизни
07,Выгорание и работа,/coach,хроническая усталость причины у женщин после,5024,причины,хроническая усталость,,хроническая усталость причины у женщин после · хроническая усталость причины · хроническая усталость причины лечение
01,Отношения и близость,/artterapy,как справиться с одиночеством после,5021,что делать,одиночество,,как справиться с одиночеством после · как справляетесь с одиночеством после · как справиться с одиночеством женщине после · что делать если чувствуешь себя одиноким · сочинение как справиться с одиночеством
01,Отношения и близость,/artterapy,ты че обиделась темный,4988,обзор,обида,,ты че обиделась темный · ты че обиделась темный принц · ты че обиделась темный текст · ты че обиделась темный принц текст · madk1d темный принц ты че обиделась
01,Отношения и близость,/artterapy,отношения мать ребенок,4972,обзор,обида на мать,,отношения мать ребенок · мать и сын отношения · отношения женщина мать · мать сексуальные отношения · отношения мать и взрослый · мать сын секс отношение · отношение мать взрослая дочь · девушка мать в отношениях
11,"Цели, привычки, продуктивность",/coach,показатели достижения целей,4857,обзор,1. достижение цели,,показатели достижения целей · показатели достижения целей процесса · количественные показатели достижения целей
06,Самооценка и личность,/artterapy,я себе не нравлюсь,4744,обзор,примет себя,,я себе не нравлюсь · себе принять участие в этой · принять ребенка в себе · примите к себе или примете · я не нравлюсь самой себе · я не нравлюсь самому себе · принять отца в себе · я боялась и себе не нравилась · я себе очень не нравлюсь · принять в себе боль · принять в себе девочку
11,"Цели, привычки, продуктивность",/coach,способствует достижению целей,4742,упражнения,1. достижение цели,,способствует достижению целей · инструменты достижения целей · определение способов достижения целей · практика достижению целей · способ достижения поставленных целей · способности для достижения целей · способы достижения целей обучения · путь способ достижения целей · способов достижения целей проекта · методики достижения целей · упражнение достижение целей · способ достижения целей системы · способы достижения социальных целей · основной способ достижения целей · способы достижения педагогических целей · способы достижения целей воспитания · пространство способствующее достижению основных целей образования · способы достижения политических целей · способы эффективного достижения целей · методы и способы достижения поставленных целей · путь способ достижения целей и задач · способ достижения поставленных целей управление · инструменты достижения национальных целей · способы достижения стратегических целей · способы достижения целей предприятия · способы достижения целей образования · инструмент для достижения поставленных целей · оценка способов достижения целей · способ достижения экономических целей · способность достигать поставленных целей · достижение целей оптимальным способом
11,"Цели, привычки, продуктивность",/coach,достижение целей предприятия,4689,обзор,1. достижение цели,,достижение целей предприятия · достижения целей и задач предприятия · средства достижения целей предприятия
03,Тревога и депрессия,/artterapy,боюсь остаться одна,4636,обзор,боюсь остаться одна,да,боюсь остаться одна · боюсь оставаться одна дома · ребенок боится оставаться один · собака боится оставаться одна · мама боится оставаться одна · я больше не боюсь остаться одна · как называется когда боишься оставаться один
03,Тревога и депрессия,/artterapy,что делать если стесняешься,4627,что делать,что делать если стесняешься,да,что делать если стесняешься · что делать если стесняешься девушку · что делать если мальчик стесняется · что делать если ты стесняешься своего тела
11,"Цели, привычки, продуктивность",/coach,достижение педагогических целей,4582,обзор,1. достижение цели,,достижение педагогических целей · педагогическая деятельность направлена на достижение целей · достижения целей педагогика
01,Отношения и близость,/artterapy,отношения родителей в семье,4516,обзор,обида на мать,,отношения родителей в семье · какие отношения с родителями · родители и семейные отношения · отношения педагог родитель · подростки отношения с родителями · отношения школа родители · отношения с родителями ответы · отношение родитель взрослый · права родителей по отношению · отношение родителей к воспитанию · вопрос отношение к родителям · отношения родителей и обучающихся · поведение родителей и отношение · отношения учитель родитель · проблема отношения родителей · b отношения с родителями · какими должны быть отношения с родителями · должны быть отношения подростка с родителями · личные отношения и родители · отношение человека к родителям · правовые отношения родителей · тема отношения с родителями · отношения родителей девушки · формирование отношения к родителям · родителей в отношении друг · психологические отношения с родителями · эмоциональные отношения с родителями · отношение родителей детству · взаимодействия с родителями и отношений · отношения с родителями учащегося · отношение к родителям по годам · отношения с родителями учеников · хорошие отношения с родителями · родители против отношений · роль родителя в отношениях · плохие отношения с родителями · с родителями социальные отношения · детско родительские отношения для родителей · отношение родителей к жизни · доверительные отношения с родителями
01,Отношения и близость,/artterapy,отношения отец мать,4483,обзор,обида на мать,,отношения отец мать · отношения мать отец ребенок · отец сын мать отношения
03,Тревога и депрессия,/artterapy,заяви о себе,4475,обзор,что делать если стесняешься,,заяви о себе · боюсь внимания · страх публичных выступлений · как заявить о себе · боюсь внимания людей · громко заявить о себе
03,Тревога и депрессия,/artterapy,ничего не радует,4453,обзор,апатия,,ничего не радует · страх апатии · вялость апатия · предстартовая апатия · апатия твое · апатия нет сил · ничего не хочется ничего не радует · апатия помощь · апатия обломова · ребенок апатия · метод преодоления чувства апатии · наиболее подходящие методы преодоления чувство апатии · головокружение апатия
01,Отношения и близость,/artterapy,абьюзер мужчина в отношениях,4407,обзор,абьюзер,да,абьюзер мужчина в отношениях · абьюзер это в отношениях простыми · абьюзер это простыми мужчина в отношениях · про абьюзивные отношения · абьюзер это простыми женщина в отношениях · после абьюзивных отношений · абьюзивные отношения женщины · отношения абьюзера в семье
01,Отношения и близость,/artterapy,ревность мужа,4395,обзор,ревность,,ревность мужа · мимика ревность · сильная ревность · ревность слова · ревность текст · сцены ревности · книга ревность · ревность у женщин · впала в ревность · впасть в ревность · воплощения ревности · ревность видео · чувство любви и ревности · лицо ревности · испытывать ревность · ревность история · ревность вигуков · ревность к дочке · ревность к партнеру · убийство из ревности · игры ревность · тема ревность · ревность братьев · страх ревность · страх потерять мужа · провоцируют ревность · мотив ревности · ревность старшего · ревность жены к мужу · как относится к ревности · ревность т · бтс ревность · читать ревность рыжего цвета · ревность девочке · отраженная ревность · ревность в мировой литературе · ревность это хорошо · ревность избивал · ревность mp · ревностью томим
11,"Цели, привычки, продуктивность",/coach,как сдается не,4369,обзор,достижение цели,,как сдается не · достигнуть мечту · достигнутая мечта · достигаемая мечта · цели развития рф определены до · целый вариант огэ по математике · разбейте цели · okr цели · люди достигшие мечты · не нашли ни цели · цели окр · коучий психолог · не сдадутся как правильно · наставника коуча · как не сдаться в жизни · целях находят применение в · разбиваем цель на задачи
04,Эмоции и состояния,/artterapy,стыдно знать 1,4199,обзор,стыдно,,стыдно знать 1 · стыдно знать телепередача · стыдно знать кубок 1 · стыдно знать онлайн · не стыдно учиться стыдно не знать
03,Тревога и депрессия,/artterapy,тревожность причины,4167,причины,тревожность273344,да,тревожность причины · причина чувства тревоги · почему постоянная тревога · причины страха и тревоги без причины
04,Эмоции и состояния,/artterapy,подавленные чувства,4119,обзор,выраженное чувство,,подавленные чувства · подавляющие чувства · подавленное чувство голода · подавляющее чувство голода · снижает аппетит подавляет чувство · снижающие аппетит и подавляющие чувство голода
07,Выгорание и работа,/coach,эмоциональный голод в симс,4100,обзор,переедание,,эмоциональный голод в симс · эмоциональный голод · эмоциональное переедание · смертельный эмоциональный голод симс
14,Горе и утрата,/artterapy,как мужчине пережить развод в,4092,обзор,как пережить смерть,,как мужчине пережить развод в · как женщине пережить развод в · проживание горя · проживание смерти · как любить и отпустить любимого человека · проживание после развода · проживание утраты · люди пережившие горе · проживание ребенка после развода · рассказ пережившего смерть · переживаю после развода · пережить смерть форум · психолог пережить развод · помогите пережить горе · помогают пережить развод · как человек переживает утрату · пережить смерть советы психолога · как можно отпустить человека · развод соглашение о проживании детей · как разлюбить и отпустить человека · христианские рассказы людей переживших клиническую смерть мп · пережить утрату горе · развод по месту проживания
03,Тревога и депрессия,/artterapy,исследования тревожности,4076,обзор,тревожность273344,,исследования тревожности · согласно социологическим исследованиям тревожность · исследование тревожности подростков
01,Отношения и близость,/artterapy,как пережить измену,4068,что делать,прощать ли измену,да,как пережить измену · как пережить предательство · как пережить измену мужа · как пережить измену жены · как пережить предательство мужа · психолог как пережить измену · измена как пережить советы · как пережить предательство близкого человека в · измена как пережить советы психолога · психолог как пережить измену мужа · как пережить измену мужа советы · как пережить предательство близкого · как пережить предательство любимого
11,"Цели, привычки, продуктивность",/coach,цели задачи методы предмет,4023,обзор,достижение цели,,цели задачи методы предмет · актуальность цель задачи предмет объект методы · актуальность предмет метод цели и задачи · цель предмета основные методы
06,Самооценка и личность,/artterapy,как стать женственной и привлекательной в,4023,обзор,женственность,,как стать женственной и привлекательной в · про женственность · как стань женственной · как стать женственнее · женственность женщины · вечная женственность · красота женственности · какая женственность · образ женственности · суть женственности · хелен женственность · женственность читать · женственность энергия · слово женственность · женственности хелен анделин · богиня женственности в древнем египте · архетип женщины какая · символ женственности · раскрытие женственности · девушка женственность · мужественность и женственность · женственность и сексуальность · любовь и женственность · богиня женственности · став женственность · раскрытая женственность · подчеркнутая женственность · анатомия женственности · как развить женственность · стиль женственности · женственность и нежность · как стать более женственной
07,Выгорание и работа,/coach,хроническая усталость лечение у женщин после,4021,обзор,хроническая усталость,,хроническая усталость лечение у женщин после · восстановить силы после · хроническая усталость после
01,Отношения и близость,/artterapy,как пережить расставание в,4021,что делать,как забыть человека,да,как пережить расставание в · как пережить расставание советы психолога · психолог как пережить расставание с любимым · что делать как забыть человека
11,"Цели, привычки, продуктивность",/coach,как найти призвание в,4010,обзор,3. нет цели,,как найти призвание в · как можно найти цель · как найти свою цель · как найти цель текста · как найти свою мечту · как найти цель в работе · как найти цель задачи · как найти цель жить
01,Отношения и близость,/artterapy,зависимые отношения,3988,обзор,созависимость,,зависимые отношения · рил созависимость владимира россия · созависимость книга · эмоциональная зависимость от человека · созависимые отношения мужчины и женщины · зависимость эмоционального состояния · созависимые отношения между мужчиной · созависимости мелоди битти · созависимость в психологии · эмоциональная зависимость в отношениях · созависимость любовь · созависимость с мужчиной · созависимость читать
06,Самооценка и личность,/artterapy,принять ответственность за себя,3974,обзор,примет себя,,принять ответственность за себя · принятая на себя ответственность · примет на себя ответственность за
11,"Цели, привычки, продуктивность",/coach,желаю достижений целей,3946,обзор,1. достижение цели,,желаю достижений целей · желаю достичь целей · желаю достижения всех твоих целей
01,Отношения и близость,/artterapy,зависть сочинение огэ,3926,обзор,зависть,,зависть сочинение огэ · сочинение на тему зависть 13. · зависть сочинение 13.3 огэ · сочинение зависть трифонов · сочинение зависть трифонова · сочинение на тему зависть · сочинение зависть текст · сочинение рассуждение зависть · текст трифонова зависть сочинение · сочинение рассуждение на тему зависти · написать сочинение рассуждение на тему зависть · пример зависти сочинение
11,"Цели, привычки, продуктивность",/coach,достичь желаемой цели,3887,обзор,1. достижение цели,,достичь желаемой цели · желаем крепкого здоровья достижения цели · цель достижение желаемого состояния
10,Медитации и практики,/online,практика медитации,3868,упражнения,медитация,да,практика медитации
06,Самооценка и личность,/artterapy,принятых на себя обязательств,3865,обзор,примет себя,,принятых на себя обязательств · примет на себя обязанности · них примет на себя обязательство · исполнение принятых на себя обязательств
12,Сон и бессонница,/online,день бессонницы,3789,обзор,бессонница,,день бессонницы · бессонница 5 день · бессонница 4 день
11,"Цели, привычки, продуктивность",/coach,соответствие поставленным целям,3785,обзор,1. достижение цели,,соответствие поставленным целям · управление поставленными целями · соответствие результатов поставленным целям · стремление к поставленным целям
04,Эмоции и состояния,/artterapy,как избавиться от навязчивых мыслей,3779,что делать,плохие мысли,,как избавиться от навязчивых мыслей · как избавиться от плохих мыслей · как избавиться от навязчивых мыслей в голове · как справиться с навязчивыми мыслями · в голове плохие мысли что делать · как убрать плохие мысли · навязчивые мысли как избавиться самостоятельно · как избавиться от плохих мыслей в голове · как убрать навязчивые мысли · как перестать плохие мысли · как избавиться от навязчивых мыслей и тревоги · как бороться с навязчивыми мыслями · плохие мысли лезут в голову что делать
07,Выгорание и работа,/coach,может ли переедание,3756,обзор,переедание,,может ли переедание · заем стресс · переедание детей · день переедания · боли от переедания · тяжесть от переедания · переедание еды · переедание пищи · от переедания болит · переедание книги · результат переедания · сильное переедание · переедания сладкого · чувство переедания · умершие от переедания · умереть от переедания · тошнит от переедания · реакция на переедание · факторы переедания · последствия переедания · рвота от переедания · пищевое переедание · лечение переедания · как называется переедание · про переедание · расстройство переедания · переедание жирного · здоровое переедание · переедание алкоголь · переедание собаки · психологическое переедание · курение переедание · переедание жирами · переедание форум · часто переедания · неделя перееданий · переедание срывы · переедание белков · переедание организма · как лечить переедание
11,"Цели, привычки, продуктивность",/coach,поставлены следующие цели,3716,обзор,1. достижение цели,,поставлены следующие цели · цели поставлены следующие задачи · цели исследования поставлены следующие задачи · для достижения цели были поставлены следующие задачи
01,Отношения и близость,/artterapy,абьюзер это простыми словами мужчина,3695,определение,абьюзер,,абьюзер это простыми словами мужчина · абьюзер это простыми словами женщина · что означает абьюзер · что означает слово абьюзер · кто такой абьюзер в отношениях · кто такой абьюзер мужчина простыми · абьюзер простыми словами в отношениях с женщиной · кто такой абьюзер простыми словами в отношениях · что означает слово абьюзер простыми словами · абьюзер значение · абьюзер это что означает простыми · что означает абьюзер в отношениях · значение слова абьюзер · абьюзер мужчина что означает · что означает женщина абьюзер · что означает слово абьюзер мужчина · что означает слово абьюзер простыми словами мужчина · что означает слово абьюзер женщина · что означает слово абьюзер простыми словами женщина · что такое абьюзер мужчина
11,"Цели, привычки, продуктивность",/coach,метод способ достижения цели,3678,упражнения,1. достижение цели,,метод способ достижения цели · метод способ достижения какой либо цели · метод это способ достижения цели обучения
07,Выгорание и работа,/coach,исследование выгорания,3670,обзор,выгорание,,исследование выгорания · профессиональное и эмоциональное выгорание · медицинское выгорание · профессии выгорание · состояние эмоционального выгорания · чувство выгорания · выгорание это простыми · темы по выгоранию · эмоциональное выгорание профессии · проблемы эмоционального выгорания · профессиональное выгорание тема · профессионального выгорания психолога · выгорание у педагогов · постоянные выгорания · чувство эмоционального выгорания · с днем выгорания · последствия эмоционального выгорания · выгорание презентация · программа профилактика выгорания · эмоциональное психическое выгорание · синдром выгорания лакорн русская озвучка · профилактика профессионального эмоционального выгорания · эмоциональному выгоранию статьи · выгорание педагога тренинг · выгорание энергия · выгорания в семье · ментальное выгорание это · эмоциональное выгорание с ребенком · эмоциональное выгорание врачей · эмоциональное выгорание изучение · эмоциональное выгорание книга · механизмы эмоционального выгорания · профессионального психического выгорания · физическое выгорание это · профессиональное выгорание профессиональное здоровье · выгорание экрана айфон
11,"Цели, привычки, продуктивность",/coach,достижения целей и решения задач,3600,обзор,1. достижение цели,,достижения целей и решения задач · пути решения достижение целей · решение задач и достижение целей исследования
04,Эмоции и состояния,/artterapy,как понять свои чувства,3562,как понять,выраженное чувство,да,как понять свои чувства · как понять чувства мужчины · как понять какие чувства · как понять что скрывают чувства · как понять слово чувства · как понять чувства парня · как понять скрытые чувства мужчины · как понять есть ли чувства · как понять что мужчина скрывает свои чувства · сказала не было чувств как понять · как понять чувства коллег · как понять чувства весов · как понять чувства мужчины коллеги · как понять чувства ребенка · как понять чувства влюбленного мужчины · как понять чувства друга · как понять скрытые чувства парня
01,Отношения и близость,/artterapy,тест на абьюзера,3533,тест,абьюзер,,тест на абьюзера · теста на абьюзера
11,"Цели, привычки, продуктивность",/coach,проект направлен на достижение цели,3529,обзор,1. достижение цели,,проект направлен на достижение цели · цели проекта достигнуты · результат проекта это достижение цели проекта · задачи проекта для достижения цели · на достижение какой цели направлен проект · для достижения цели проекта необходимо · результат проекта достигнутая цель проекта · план достижения цели проекта · сроки достижения цели проекта · методы достижения цели проекта · достижение конкретной цели проекта · ресурсы для достижения цели проекта · средства достижения цели проекта · шаги необходимые для достижения цели проекта · достижение финансовой цели проект · стратегия достижения цели проекта
01,Отношения и близость,/artterapy,обидишься почему и,3499,причины,обида,,обидишься почему и · причины обиды · почему люди обижаются · причины обидеться · почему матери обижаются · почему сын обижается · почему мальчик обижается · почему обиделась на отца · почему мужчины обижаются · почему девушка обижаются · зачем обижаться · обидишься как пишется и почему · почему бывшая обижается · обида зачем · почему женщины обижаются · почему говорят обижусь · почему парни обижаются · почему ребенок обижается · почему нельзя обижаться · почему друг обижается · причина смерти обида асомова · обиделись почему не отвечайте · обиделись почему е · почему обиделся скажи · обиделась жена причина не ясна
11,"Цели, привычки, продуктивность",/coach,цели на следующий год,3466,обзор,4. цели на год,,цели на следующий год · цели и задачи на следующий год · цели на следующий год в работе
01,Отношения и близость,/artterapy,прости мама прости бог,3385,обзор,обида на мать,,прости мама прости бог · мама стерпит бог простит · мама стерпит бог простит текст
11,"Цели, привычки, продуктивность",/coach,цель игры найди,3326,обзор,достижение цели,,цель игры найди · найди предложения цель которого · найди ошибку цель · найди букву цель · найди предмет цель · найди цвет цель · найди свою цифру цель · найди пару цель · найди свое место цель · найдите цель гта · найди цель ресурсы · найдите и отметьте цели · найди лишнее цель · цель игры найди пару · найди по описанию цель
13,Возраст и жизненные переходы,/artterapy,возрастная психология кризис,3179,обзор,кризисы возраста,,возрастная психология кризис · психологические кризисы возраста · возрастные психологические кризисы · возрастные кризисы в психологии · кризисы возраста в психологии · возрастные кризисы психологического развития · психологический возраст возрастные кризисы · кризисы возрастного развития в психологии · кризисы возрастных периодов психология
06,Самооценка и личность,/artterapy,полюби себя mp,3134,обзор,примет себя,,полюби себя mp · катина полюби себя · лена катина полюби себя · полюби себя любить · полюби себя прежде чем · став полюби себя · полюби себя прежде чем любить · полюби себя читать · сначала полюби себя · полюби себя маня · полюби себя мане · полюбила себя текст · женщина полюби себя психология · полюби себя мп · лена катина полюби себя mp · полюби себя больше
01,Отношения и близость,/artterapy,вера никогда не завидовала мальчишкам сочинение 13.,3123,обзор,зависть,,вера никогда не завидовала мальчишкам сочинение 13. · никогда не завидуй · вера никогда не завидовала · вера никогда не завидовала мальчишкам · сочинение вера никогда не завидовала · вера никогда не завидовала мальчишкам огэ · вера никогда не завидовала мальчишкам сочинение · никогда не завидуйте людям
01,Отношения и близость,/artterapy,почему абьюзер,3114,причины,абьюзер,,почему абьюзер · почему женщины абьюзеры · почему становятся абьюзерами
01,Отношения и близость,/artterapy,любовь не завидует,3108,обзор,зависть,,любовь не завидует · любовь не милосердствует любовь не завидует · любовь долготерпит не завидует · любовь долготерпит милосердствует любовь не завидует · любовь не завидует не превозносится · любовь не завидует не гордиться · любовь не завидует не превозносится не гордится · любовь не бесчинствует любовь не завидует · любовь не завидует не превозносится долготерпит · любовь не завидует текст · библия любовь не завидует · любовь не терпит не завидует · любовь долготерпит милосердствует любовь не завидует текст · любовь не завидует библия долготерпит милосердствует · любовь долготерпит не завидует текст библии · любовь не завидует не ищет своего · любовь не завидует не мыслит · любовь терпит любовь милосердствует не завидует · любовь долго терпит не завидует · любовь не завидует любовь долго · любовь не раздражается не завидует · любовь долго терпит милосердствует любовь не завидует
11,"Цели, привычки, продуктивность",/coach,действие достижения поставленной цели,3091,обзор,1. достижение цели,,действие достижения поставленной цели · последовательность действий для достижения поставленной цели · поставить цель план действий
11,"Цели, привычки, продуктивность",/coach,достижение человеком поставленной цели,3088,обзор,1. достижение цели,,достижение человеком поставленной цели · какие качества помогают человеку достичь поставленной цели · как цель поставленная человеком · поставить перед человеком цель
01,Отношения и близость,/artterapy,токсичные родители,3070,обзор,обида на мать,да,токсичные родители · токсичные фразы родителей из · книга токсичные родители · форвард токсичные родители · как простить родителей · токсичные родители мод симс · токсичные родители сьюзан · токсичные родители сьюзан форвард
04,Эмоции и состояния,/artterapy,что делать если стыдно,3058,что делать,стыдно,,что делать если стыдно · что делать если очень стыдно
01,Отношения и близость,/artterapy,измену простить нельзя,3050,обзор,прощать ли измену,,измену простить нельзя · измена ошибка которую нельзя простить · измену простить нельзя манарова
01,Отношения и близость,/artterapy,постоянно обижаешься,3048,обзор,обида,,постоянно обижаешься · муж постоянно обижается · девушка постоянно обижается
01,Отношения и близость,/artterapy,выбрала не тот путь,2962,обзор,токсичные отношения,,выбрала не тот путь · выбрали не тот дом · ты выбрала не тот ответ · глагол не тот выбрал · ты выбрал не тот день
04,Эмоции и состояния,/artterapy,почему люди испытывают чувства,2951,причины,чувства : эмоции : злость,,почему люди испытывают чувства · почему не испытываешь чувства · почему испытываю чувство вины
01,Отношения и близость,/artterapy,завидуйте молча,2950,обзор,зависть,,завидуйте молча · кусай локти завидуй молча · кусай локти завидуй молча майот
11,"Цели, привычки, продуктивность",/coach,методы и цели науки,2933,обзор,достижение цели,,методы и цели науки · цель задачи и методы науки · содержание цель методы науки
11,"Цели, привычки, продуктивность",/coach,достижение цели решение проблемы,2888,обзор,1. достижение цели,,достижение цели решение проблемы · цель достигнута задачи решены · цель работы достигнута задачи решены · решение задач средство достижения цели
11,"Цели, привычки, продуктивность",/coach,жизнь без цели,2879,обзор,3. нет цели,,жизнь без цели · бесцельная жизнь · прожить жизнь бесцельно · бесцельная жизнь книга
11,"Цели, привычки, продуктивность",/coach,средства используемые для достижения цели,2854,обзор,1. достижение цели,,средства используемые для достижения цели · использовали для достижения своей цели · используется для достижения цели
13,Возраст и жизненные переходы,/artterapy,кризис подростков возраста,2828,обзор,кризисы возраста,да,кризис подростков возраста · возрастные кризисы подростков · возрастной подростковый кризис · возрастной кризис подросткового возраста
11,"Цели, привычки, продуктивность",/coach,почему нет желаний,2828,причины,3. нет цели,,почему нет желаний · почему нет целей · у самурая нет цели только путь откуда · откуда фраза у самурая нет цели · почему нет желания секса · почему я ничего не хочу делать · почему нет желания заниматься
11,"Цели, привычки, продуктивность",/coach,как заставить людей себя,2816,обзор,достижение цели,,как заставить людей себя · как заставить себя работать · как заставить себя заниматься · как заставить себя что то делать · как заставить себя покакать · как заставить себя не есть · как заставить себя спортом · как заставить себя заниматься спортом · как заставить себя хотеть · как заставить себя похудеть · как заставить самого себя · как заставить себя начать · ну ну ну как себя заставить · как заставить себя уважать · как заставить мужчину себя · как заставить себя убираться · как заставить саму себя · как заставить любить себя любимую · как заставить себя работу · как заставить себя чувствовать · как заставить себя спать · как заставить себя учиться · как заставить себя утром · психология как заставить себя · как заставить себя читать · как заставить себя жить · как заставить себя рано · как заставит себя не ест · как заставить себя встать · как заставить себя пописать · как заставить себя кончить · как заставить себя идти · как заставить себя быстро · книги как заставить себя · как заставить себя плакать · как заставить себя стать · как можно заставить себя · мотивация как заставить себя · как заставить себя говорить · как заставить себя пойти
04,Эмоции и состояния,/artterapy,порно стыдно,2810,обзор,стыдно,,порно стыдно · жена стыдно порно · порно это жена моего брата стыдно
01,Отношения и близость,/artterapy,абьюзер женщина простыми,2692,обзор,абьюзер,,абьюзер женщина простыми · абьюз женщин · абьюзивные женщины · мужчина и женщина абьюзеры · камеди женщина абьюзер · женщина абьюзер в семье
11,"Цели, привычки, продуктивность",/coach,достижения поставленной цели определяет,2647,обзор,1. достижение цели,,достижения поставленной цели определяет · цель поставлена задачи определены · поставленной цели были определены
11,"Цели, привычки, продуктивность",/coach,критерии достижения цели,2646,обзор,1. достижение цели,,критерии достижения цели · критерии достигнутой цели · критерии результата достижения цели · какие критерии достижения цели · критерием достижения цели является
13,Возраст и жизненные переходы,/artterapy,кризис возраста у мужчин во сколько,2636,сколько,кризисы возраста,,кризис возраста у мужчин во сколько · во сколько у мужчин кризис среднего возраста · кризис возраста у женщин во сколько · кризис среднего возраста во сколько лет начинается · этапы возрастных кризисов · кризисы возрастного развития этапы · виды возрастных кризисов · виды кризисов возраста
01,Отношения и близость,/artterapy,мужчины не обижаются,2612,обзор,обида,,мужчины не обижаются · мужчина обижается на женщину · обижаются ли мужчины · мужчина долго обижается
07,Выгорание и работа,/coach,сняла стресс после,2574,обзор,снятие стресса,,сняла стресс после · порно сняла стресс · сняла стресс после порно
03,Тревога и депрессия,/artterapy,ханин тест тревожность,2563,тест,тревожность273344,,ханин тест тревожность · тест амена тревожность · тревожность шкала уровни тревожности · тест тревожности м дорки · шкала тревожности для детей · тест тревожность р тэммл · тест вашей тревожности · опросник школьная тревожность · ситуативная тревожность тест · шкала детской тревожности · тест опросник тревожности · опросник школьной тревожности филлипса · тест тревожности тейлора
04,Эмоции и состояния,/artterapy,мне очень стыдно,2533,обзор,стыдно,,мне очень стыдно · стыдно очень · мне просто очень стыдно
03,Тревога и депрессия,/artterapy,почему апатия,2512,причины,апатия,да,почему апатия · почему внутри пустота · почему ничего не радует
11,"Цели, привычки, продуктивность",/coach,признаки достижения цели,2470,признаки,1. достижение цели,,признаки достижения цели
01,Отношения и близость,/artterapy,обиделся не разговаривает,2419,обзор,обида,,обиделся не разговаривает · обиделась и не хочу разговаривать · муж обиделся и не разговаривает
07,Выгорание и работа,/coach,нет сил ни на что,2395,обзор,хроническая усталость,,нет сил ни на что · наполнится силой · вечером нет сил ни на что · хроническая эмоциональная усталость · состояние хронической усталости · хроническая боль усталости · заболевание хроническая усталость · хроническая усталость какие анализы · хроническая усталость человека · как лечить хроническую усталость
01,Отношения и близость,/artterapy,токсичная мать,2349,обзор,обида на мать,,токсичная мать · прости меня мать · обида на маму · прости родная мать · мать простила отца · прости твою мать · мать прощает дочь · простите мамы кто поет · прошу отец и мать простите · не смог простить мать · не смогла мать простить · простила жестокую мать
11,"Цели, привычки, продуктивность",/coach,причины достижения целей,2339,причины,1. достижение цели,,причины достижения целей · почему не достигают целей · почему не достигаем цели · зачем достигать цель
11,"Цели, привычки, продуктивность",/coach,как мотивировать ребенка,2334,обзор,достижение цели,,как мотивировать ребенка · как быть мотивированным · как мотивировать отказ · как мотивировать людей · как правильно мотивированный · как правильно мотивировать · как мотивировать сотрудников · как мотивировать учащихся · как мотивировать команду · как мотивировать учеников · мотивировать как пишется · как можно мотивировать · как мотивировать учителей · как стать мотивированной · как мотивировать педагогов · как мотивировать мужчину · как учителя мотивируют учеников · как мотивировать других · как мотивировать подростка · как мотивировать ребенка в школу
11,"Цели, привычки, продуктивность",/coach,желаю поставленных целей,2309,обзор,1. достижение цели,,желаю поставленных целей · желаю достижения поставленных целей · желаю достичь всех поставленных целей · желаю добиться поставленных целей
01,Отношения и близость,/artterapy,можно ли простить измену,2293,можно ли,прощать ли измену,,можно ли простить измену · стоит ли прощать измену · можно ли простить измену мужа · можно ли простить измену жены
01,Отношения и близость,/artterapy,трифонов зависть,2287,обзор,зависть,,трифонов зависть · зависть трифонова · трифонов зависть текст
04,Эмоции и состояния,/artterapy,как избавиться от чувства вин,2170,что делать,вина чувство,,как избавиться от чувства вин
01,Отношения и близость,/artterapy,обязанности родителей по отношению,2152,обзор,обида на мать,,обязанности родителей по отношению · обязанности родителей по отношению к детям · семейные отношения права и обязанности родителей
01,Отношения и близость,/artterapy,будете завидовать мертвым,2144,обзор,зависть,,будете завидовать мертвым · живые будут завидовать мертвым · кто останется в живых будет завидовать мертвым · когда завидуют мертвым · через час будут завидовать мертвым · через час живые будут завидовать мертвым · через час вы будете завидовать мертвым
03,Тревога и депрессия,/artterapy,методика диагностика тревожности,2131,упражнения,тревожность273344,,методика диагностика тревожности · школьная тревожность методики · методика прихожан тревожность · методики диагностики школьной тревожности · методика оценки тревожности · филлипс методика тревожность · методика школьной тревожности филлипса · проективные методики тревожность · методика а м прихожан тревожность · методика ситуативной тревожности · методика диагностика уровня школьной тревожности · методика диагностики школьной тревожности филлипса · методика ханина диагностика тревожности · определение тревожности методики · методика диагностики уровня тревожности филлипса · методика диагностики уровня школьной тревожности филлипса · ситуативная и личностная тревожность методика · тревожность подростков методики · методика детская тревожность
11,"Цели, привычки, продуктивность",/coach,пусть достигнутые цели,2115,обзор,1. достижение цели,,пусть достигнутые цели · пусть цели будут достигнуты · пусть цели достижения · пусть все твои цели будут достигнуты
11,"Цели, привычки, продуктивность",/coach,цели на день год,2099,обзор,4. цели на год,,цели на день год · цели на каждый день лета · цели на каждый день года · цели на год в день рождения
11,"Цели, привычки, продуктивность",/coach,цели жизни на год,2099,обзор,4. цели на год,,цели жизни на год · цель в жизни человека на год · цели на 3 года жизни
11,"Цели, привычки, продуктивность",/coach,с поставленной целью необходимо,2098,обзор,1. достижение цели,,с поставленной целью необходимо · целью является достижение поставленной · и поставленной ситуацией целью · ариадна поставила своей целью · ариадна поставила своей целью посетить · в связи поставленной целью · поставленной целью определены следующие · ирина поставила своей целью
01,Отношения и близость,/artterapy,прости меня мама я так виноват,2083,обзор,обида на мать,,прости меня мама я так виноват · прости меня мама я так виноват заходишь · любимая люби меня мама прости меня · мама прости меня пожалуйста · мама прости прости меня я пришел · прости меня мама я просто · прости меня мама хорошего · мама прости меня у меня химия · прости меня что я вырос мама · дождь по щекам ты прости меня мама · прости меня родная мама · мама прости меня сына такого · прости меня мама я убегу · прости меня мама все серии
11,"Цели, привычки, продуктивность",/coach,задания для достижения целей,2054,обзор,1. достижение цели,,задания для достижения целей · деятельность направленная на достижение заданных целей · практические задания достижение целей
11,"Цели, привычки, продуктивность",/coach,средство достижения цели человеком,2039,обзор,1. достижение цели,,средство достижения цели человеком · качества человека достигает цели · какие качества помогают человеку достичь цели · средства достижения цели деятельности человека · активность человека направленная на достижение цели · достижение цели для каждого человека · качества человека для достижения цели · цель к достижению которой стремится человек
01,Отношения и близость,/artterapy,madk1d обиделась,2013,обзор,обида,,madk1d обиделась · madk1d ты че обиделась · ты че обиделась madk1d текст · ты че обиделась madk1d темно
01,Отношения и близость,/artterapy,отношения между матерью,2001,обзор,обида на мать,,отношения между матерью · отношения между мамой · отношения между матерями сыновьями · отношение между дочерью и матери · отношения между мамой и сыном · отношения между матерью и ребенком
11,"Цели, привычки, продуктивность",/coach,методы достижения целей и задач,1947,обзор,1. достижение цели,,методы достижения целей и задач · метод достижения конкретных целей · достижение целей методы и пути · методы достижения политических целей · методология достижения целей · методы достижения целей менеджмент · методы достижения целей предприятия
03,Тревога и депрессия,/artterapy,проявление тревожности,1894,признаки,тревожность273344,да,проявление тревожности · тревожность особенности проявления · проявление тревожности детей · тревожность симптомы лечение · симптом тревожности у взрослых
04,Эмоции и состояния,/artterapy,стыдно тебе старый,1888,обзор,стыдно,,стыдно тебе старый · овсянкин тебе стыдно · тебе стыдно текст · и тебе не стыдно теперь сестра · и тебе не стыдно родя · овсянкин тебе стыдно текст
01,Отношения и близость,/artterapy,развод измену простить нельзя,1853,обзор,прощать ли измену,,развод измену простить нельзя · развод я не прощу измену глава · развод я не прощаю измен · развод с драконом измену не прощу · после развода простить измены · после развода прости измены и вернись · манарова развод измену простить нельзя
07,Выгорание и работа,/coach,снимает стресс после школы,1850,обзор,снятие стресса,,снимает стресс после школы · школьница снимает стресс после школы · школьница снимает стресс · секс снимает стресс · школьница снимает стресс после · давай снимать стресс · снимаю стресс дала однокласснику · школьница снимает стресс дала · снимает стресс после школы дала однокласснику · школьница снимает стресс дала однокласснику · школьница снимает стресс после школы дала · после школы снимает стресс порно · школьница снимает стресс после школы дала однокласснику · школьница снимает стресс порно
01,Отношения и близость,/artterapy,измену не прощают читать,1833,обзор,прощать ли измену,,измену не прощают читать · прощая измену читать онлайн · прощая измену читать онлайн бесплатно полностью · читать бесплатно измену не прощу · измену простить нельзя читать · измена не прощу читать полностью бесплатно · измена прощай я не прощаю читать · развод измену простить нельзя читать · развод измену прощу читать онлайн бесплатно · измену не прощают читать онлайн полностью · читать бесплатно развод не простить измену · развод я не прощаю измен читать · развод измену не прощают читать онлайн · измену нельзя простить читать онлайн · развод измену не прощу читать полностью · измену нельзя простить читать бесплатно полностью · измена нельзя простить читать онлайн бесплатно · измену простить нельзя читать онлайн бесплатно полностью
03,Тревога и депрессия,/artterapy,тревожность в психологии,1831,обзор,тревожность273344,,тревожность в психологии · прихожан психология тревожности · прихожан а м психология тревожности · психологическая природа тревожности
07,Выгорание и работа,/coach,помогла снять стресс,1820,обзор,снятие стресса,,помогла снять стресс · секс помог снять стресс · помогла снять стресс порно
11,"Цели, привычки, продуктивность",/coach,достижения поставленной цели необходимо,1796,обзор,1. достижение цели,,достижения поставленной цели необходимо · поставленной цели необходимо решить · реализации поставленной цели необходимо · поставленной цели в работе необходимо · достижения поставленной цели необходимо решить
06,Самооценка и личность,/artterapy,все должно быть идеально,1784,обзор,все должно быть идеально,,все должно быть идеально · синдром хорошей девочки · человек у которого все должно быть идеально
11,"Цели, привычки, продуктивность",/coach,найти 50 целей,1769,обзор,достижение цели,,найти 50 целей · таблица целей на месяц · план целей на месяц · дерево целей найти · таблица целей на день · примеры целей на день · таблица целей на неделю · найти жизненных целей · и для других целей найти · список целей на день
06,Самооценка и личность,/artterapy,очарование женственности,1763,обзор,женственность,,очарование женственности · очарование женственности хелен · книга очарование женственности · анделин очарование женственности · хелен анделин очарование женственности · хелен анделина очарования женственности · хелена анделин очарование женственности
04,Эмоции и состояния,/artterapy,плохие мысли плохой человек,1719,обзор,плохие мысли,,плохие мысли плохой человек · плохо мыслишь · мысли сделать плохое · плохо выражаю мысли · плохо выраженная мысль
04,Эмоции и состояния,/artterapy,какие чувства вины,1717,обзор,вина чувство,да,какие чувства вины · человек испытывает чувство вины · чувство вины мужчина · чувство вины у бывшего · чувство вины сочинение · чувствую чувство вины · возникло чувство вины · ситуации чувства вины · как вызвать чувство вины · семья и чувство вины · чувство вины подростков
03,Тревога и депрессия,/artterapy,диагностика уровня тревожности,1647,сколько,тревожность273344,,диагностика уровня тревожности · уровни личностной тревожности · снижения уровня тревожности · диагностика уровня школьной тревожности · степени тревожности · уровни тревожности младших школьников
07,Выгорание и работа,/coach,почему перееданием,1626,причины,переедание,,почему перееданием · причины переедания
11,"Цели, привычки, продуктивность",/coach,достижение цели и задач обучения,1610,обзор,1. достижение цели,,достижение цели и задач обучения · цель обучения достигнута · путь достижения цели обучения · цели обучения условия достижения цели · путь достижения цели и задач обучения
03,Тревога и депрессия,/artterapy,синонимайзер без потери смысла,1597,обзор,апатия,,синонимайзер без потери смысла · синонимайзер онлайн без потери смысла · синонимайзер бесплатно без потери смысла · синонимайзер онлайн бесплатно без потери смысла · синонимайзер без потери смысла текста · синонимайзер текста онлайн без потери смысла · синонимайзер текста без потери смысла бесплатно · синонимайзер текста онлайн без потери смысла бесплатно · лучшие синонимайзеры онлайн без потери смысла · хорошие синонимайзеры без потери смысла · лучшие синонимайзеры без потери смысла бесплатно · синонимайзер онлайн лучший без потери смысла бесплатно
11,"Цели, привычки, продуктивность",/coach,методика smart,1592,упражнения,2. smart цели,,методика smart · методика целей smart · методика смарт · методика постановки smart · техника целей smart
07,Выгорание и работа,/coach,методика эмоционального выгорания,1579,упражнения,выгорание,да,методика эмоционального выгорания · диагностика выгорания методики · диагностика эмоционального выгорания методики
04,Эмоции и состояния,/artterapy,мужчине стало стыдно,1554,обзор,стыдно,,мужчине стало стыдно · мне стало стыдно за свои слова · сыну стало стыдно
01,Отношения и близость,/artterapy,поняла что выбрала не того,1554,обзор,токсичные отношения,,поняла что выбрала не того · выбрала не того мужа · выбрала не того мужчину · душа выбрала не того · девушка выбрала не того · боюсь выбрала не того · выбрала не того парня · выбрала не того человека для жизни · не того врага выбрал
01,Отношения и близость,/artterapy,обидешься или обидишься,1534,обзор,обида,,обидешься или обидишься · обидеться или обидится как правильно · обиделись или обидились
07,Выгорание и работа,/coach,хроническая усталость симптомы,1531,признаки,хроническая усталость,,хроническая усталость симптомы · синдром хронической усталости симптомы · признаки хронической усталости · хроническая усталость симптомы у женщин
11,"Цели, привычки, продуктивность",/coach,поздравляю с достигнутой целью,1524,обзор,1. достижение цели,,поздравляю с достигнутой целью · с целью достижения максимального · с целью достижения законодательства
11,"Цели, привычки, продуктивность",/coach,цели на ближайшие годы,1496,обзор,4. цели на год,,цели на ближайшие годы · какие цели на ближайший год · цель на ближайшие 5 лет · цели на ближайшие 3 года
04,Эмоции и состояния,/artterapy,стыдно перед мной,1490,обзор,стыдно,,стыдно перед мной · стыдно перед бывшей · стыдно перед человеком · стыдно перед другом · стыдно перед мамой · стыдно перед друзьями · стыдно перед женщиной · мне очень как стыдно перед другом · очень стыдно перед человеком
01,Отношения и близость,/artterapy,боже как завидую,1482,обзор,зависть,,боже как завидую · боже как завидуют hammali · боже как завидую mp · navai боже как завидуют · боже как завидую hammali navai
06,Самооценка и личность,/artterapy,хочу принять себя,1473,обзор,примет себя,да,хочу принять себя · хочу наконец полюбить себя симс · хочу полюбить себя
04,Эмоции и состояния,/artterapy,почему плохие мысли,1465,причины,плохие мысли,,почему плохие мысли · навязчивые мысли почему · почему мысль головой плохую · почему лезут плохие мысли · почему в голову лезут плохие мысли
11,"Цели, привычки, продуктивность",/coach,достижение целей тест,1447,тест,1. достижение цели,,достижение целей тест
11,"Цели, привычки, продуктивность",/coach,как заставить думать о себе,1430,обзор,достижение цели,,как заставить думать о себе · как заставить человека думать о себе · как заставить себе любить
01,Отношения и близость,/artterapy,завидую богатым,1404,обзор,зависть,,завидую богатым · не завидуй тому кто силен и богат · всегда завидовала богатым
11,"Цели, привычки, продуктивность",/coach,пусть поставленные цели,1403,обзор,1. достижение цели,,пусть поставленные цели · пусть поставленные цели всегда · пусть все твои поставленные цели · пусть все поставленные цели будут достигнуты
11,"Цели, привычки, продуктивность",/coach,эффект достижения цели,1399,обзор,1. достижение цели,,эффект достижения цели · для достижения цели наиболее эффективно · эффективный план достижения цели · условия эффективного достижения цели
04,Эмоции и состояния,/artterapy,как выразить свои чувства,1396,что делать,выраженное чувство,,как выразить свои чувства
06,Самооценка и личность,/artterapy,что такое слово перфекционизм,1390,определение,перфекционизм,да,что такое слово перфекционизм · перфекционизм что означает
04,Эмоции и состояния,/artterapy,чувства в теле человека,1373,обзор,выраженное чувство,,чувства в теле человека · человек выражает свои чувства · как можно понять чувства человека
01,Отношения и близость,/artterapy,мама мама прости дорогая,1361,обзор,обида на мать,,мама мама прости дорогая · мамочка мама прости дорога · мамочка мама прости дорогая · мама прости дорогая что дочку · мамочка мама прости дорогая что дочку · мама прости дорогая что дочку воровку · воровка мамочка мама прости дорогая · мамочка мама прости дорогая что дочку воровку
01,Отношения и близость,/artterapy,как перестать завидовать,1357,что делать,зависть,да,как перестать завидовать · как перестать завидовать другим · что делать будем завидовать будем
01,Отношения и близость,/artterapy,как простить измену мужа,1353,обзор,прощать ли измену,,как простить измену мужа · прощать ли измену мужа · можно простить измену мужа · как простить измену мужа и жить · как простить измену мужа и жить дальше
06,Самооценка и личность,/artterapy,пойми себя прими себя,1351,обзор,примет себя,,пойми себя прими себя · прими себя и иди · приди прими себя · прими себя сегодня
11,"Цели, привычки, продуктивность",/coach,необходимые действия для достижения цели,1343,обзор,1. достижение цели,,необходимые действия для достижения цели · действие которое направлено на достижение цели · план действий для достижения цели · средства достижения цели действия · последовательность действий для достижения цели · совокупность действий для достижения цели · алгоритм действий для достижения цели · последовательность действий направленных на достижение цели · какие действия по достижению цели · набор действий для достижения цели · система действий для достижения цели · действие для достижения какой либо цели · алгоритм это последовательность действий для достижения цели · действие направленное на достижение конкретной цели · деятельность цель средства достижения цели действия · стратегии действий по достижению цели · действия приводящие к достижению цели · план действий направленный на достижение цели · цель средства достижения цели действия результат
01,Отношения и близость,/artterapy,всегда обижается,1314,обзор,обида,,всегда обижается · мама всегда обижается · муж всегда обижается
06,Самооценка и личность,/artterapy,как перестать быть удобной,1313,что делать,все должно быть идеально,да,как перестать быть удобной
10,Медитации и практики,/online,аффирмации на день для женщин,1296,обзор,медитация,,аффирмации на день для женщин · аффирмация для женщин успех · аффирмации для женщин на богатство · аффирмации для женщин на любовь · аффирмации для женщин луиза · аффирмации для женщин на счастливую
01,Отношения и близость,/artterapy,что делать если девушка обиделась,1289,что делать,обида,,что делать если девушка обиделась · как перестать обижаться · что делать если подруга обиделась · мужчина обижается что делать · что делать если мама обиделась · муж обижается что делать · что делать если парень обиделся · обижаюсь постоянно что делать · что делать если человек обиделся · что делать если друг обиделся · обиделся и игнорирует что делать · что делать если сильно обиделась
11,"Цели, привычки, продуктивность",/coach,с днем рождения достижения целей,1286,обзор,1. достижение цели,,с днем рождения достижения целей · с днем рождения здоровья достигать целей · с днем рождения достигай своих целей
04,Эмоции и состояния,/artterapy,стыдно должно быть,1286,обзор,стыдно,,стыдно должно быть · бедным быть не стыдно · стыдно быть хорошим · стыдно быть дешевым · бедным быть не стыдно быть дешевым
01,Отношения и близость,/artterapy,мучительная ревность,1235,обзор,ревность,,мучительная ревность · впала в мучительную ревность · впасть в мучительную ревность · наташа впала в мучительную ревность
01,Отношения и близость,/artterapy,леший обиделся,1234,обзор,обида,,леший обиделся · леший обиделся король · король и шут леший обиделся
01,Отношения и близость,/artterapy,ничего обижусь,1231,обзор,обида,,ничего обижусь · тоже обижусь · иначе обижусь · не приедете обижусь · скоро обижусь
07,Выгорание и работа,/coach,хроническая усталость лечение,1227,обзор,хроническая усталость,,хроническая усталость лечение · синдром хронической усталости лечение · лечение хронической усталости у женщин
11,"Цели, привычки, продуктивность",/coach,цели соответствующие критериям smart,1220,обзор,2. smart цели,,цели соответствующие критериям smart · цели по критериям smart · критерии которым должна соответствовать smart цель · критериям smart цель проекта · выберите цель соответствующую критериям smart · цели отвечают критериям smart
11,"Цели, привычки, продуктивность",/coach,целях направленных на достижение общественных,1198,обзор,1. достижение цели,,целях направленных на достижение общественных · обществознание достижение цели · достижение общественно полезной цели
01,Отношения и близость,/artterapy,забудем прошлые обиды,1196,обзор,обида,,забудем прошлые обиды · давай забывать обиды прошлого · давай с тобой поговорим обиды прошлого забудем
01,Отношения и близость,/artterapy,любовь и ревность 2,1174,обзор,ревность,,любовь и ревность 2 · ревность это любовь · любовь и верность любовь и ревность · любовь и ревность литература
11,"Цели, привычки, продуктивность",/coach,пути средства достижения цели,1171,обзор,1. достижение цели,,пути средства достижения цели · преграда на пути к достижению цели · выбор цели и пути достижения · цель работы пути достижения · препятствия на пути достижения цели · возможные пути достижения цели · возникло на пути достижения цели · трудности на пути достижения к цели · пути достижения цели исследования
11,"Цели, привычки, продуктивность",/coach,показатели достижения национальной цели,1164,обзор,1. достижение цели,,показатели достижения национальной цели · показатель достижения цели результат · достижение цели целевыми показателями · ключевой показатель достижения цели · показатели качества достижения цели
13,Возраст и жизненные переходы,/artterapy,кризис младшего школьного возраста 7,1151,обзор,кризисы возраста,,кризис младшего школьного возраста 7 · кризисы школьного возраста · кризис младшего школьного возраста · кризиса развития школьного возраста
04,Эмоции и состояния,/artterapy,стыдные анимации,1144,обзор,стыдно,,стыдные анимации · самые стыдные анимации · стыдные анимации про
13,Возраст и жизненные переходы,/artterapy,кризис раннего возраста,1132,обзор,кризисы возраста,,кризис раннего возраста · кризис развития в раннем возрасте · кризис возраста раннего детства
07,Выгорание и работа,/coach,опросник профессиональное выгорание,1124,тест,выгорание,,опросник профессиональное выгорание · опросник выгорания mbi
01,Отношения и близость,/artterapy,социальные отношения родители дети,1116,обзор,обида на мать,,социальные отношения родители дети · дети и родители детско родительские отношения · родители дети школа отношения · высказывания отношения родители дети · доверительные отношения дети и родители · родители и дети брачные отношения · дети и родители опрос отношения
11,"Цели, привычки, продуктивность",/coach,цель на 2022 год,1090,обзор,4. цели на год,,цель на 2022 год · цели россии на 2022 год · цели на 2022 год работа
01,Отношения и близость,/artterapy,отношение с родителями сочинение,1068,обзор,обида на мать,,отношение с родителями сочинение · отношения подростка с родителями сочинение · сочинение 13.3 отношение подростка с родителями
01,Отношения и близость,/artterapy,здравствуй мам ты прости,1064,обзор,обида на мать,,здравствуй мам ты прости · прости мне мам я стал · мам ты прости обещал · здравствуй мам ты прости что так давно · по щекам ты прости меня мам · тату мам прости · мам ты прости обещал не пришел · мам ты прости не пришел я домой · ой прости мам · мам прости я убегаю · порно прости мам
04,Эмоции и состояния,/artterapy,почему писатель должен иметь чувство природы,1062,причины,чувства : эмоции : злость,,почему писатель должен иметь чувство природы · почему настоящий писатель должен иметь чувство · почему настоящий писатель должен иметь чувство природы · почему писатель должен иметь чувство природы сочинение
11,"Цели, привычки, продуктивность",/coach,разработка стратегии достижения цели,1061,обзор,1. достижение цели,,разработка стратегии достижения цели · стратегический план достижения цели · достигайте стратегические цели · стратегия средство достижения цели · достижению цели формирование стратегии · тактика и стратегия достижения цели
11,"Цели, привычки, продуктивность",/coach,какие ресурсы для достижения цели,1043,обзор,1. достижение цели,,какие ресурсы для достижения цели · цели распределение ресурсов достижения · ресурсы человека для достижения цели · личные ресурсы достижения цели · ресурсы менеджмента для достижения цели
07,Выгорание и работа,/coach,какая восстановить силы,1033,обзор,хроническая усталость,,какая восстановить силы · как быстро восстановить силы · восстановить силы и здоровье
01,Отношения и близость,/artterapy,поведение ребенка отношения родителей,1017,обзор,обида на мать,,поведение ребенка отношения родителей · формирование отношений родитель ребенок · в отношении ребенка несовершеннолетний родитель · примеры отношений родитель ребенок · отношение в браке родитель ребенок · отношение родителей к развитию ребенка · тип отношений родитель ребенок · роли в отношениях родитель ребенок · варианты отношения родителя к ребенку
01,Отношения и близость,/artterapy,прощать ли измену жены,1000,обзор,прощать ли измену,,прощать ли измену жены · как простить измену жены · можно простить измену жены
01,Отношения и близость,/artterapy,признаки абьюзера в отношениях,992,признаки,абьюзер,,признаки абьюзера в отношениях · абьюзер женщина признаки · женщина абьюзер в отношениях признаки · проявление психологического насилия · признаки абьюзера слова · кто такой абьюзер простыми словами признаки · кто такой абьюзер мужчина простыми словами признаки · муж абьюзер признаки
11,"Цели, привычки, продуктивность",/coach,мотивировать достижение цели,976,обзор,1. достижение цели,,мотивировать достижение цели · личная мотивация достижение цели · мотивации к деятельности и достижению цели
11,"Цели, привычки, продуктивность",/coach,способ действий для достижения цели,963,упражнения,1. достижение цели,,способ действий для достижения цели · способ действия для достижения цели · способ действия для достижения цели ответ
11,"Цели, привычки, продуктивность",/coach,постановка целей по smart,962,обзор,2. smart цели,,постановка целей по smart · smart формулировка целей · система smart постановка целей
01,Отношения и близость,/artterapy,виды психологического насилия,945,сколько,абьюзер,,виды психологического насилия · админ абьюз в адопт ми во сколько · сколько абьюзеров · во сколько будет админ абьюз в клавиатуре
01,Отношения и близость,/artterapy,мужчина проверяет на ревность,942,обзор,ревность,,мужчина проверяет на ревность · чувства ревности у мужчины · ревность к бывшему мужчине женщины
13,Возраст и жизненные переходы,/artterapy,возрастные кризисы у детей,938,обзор,кризисы возраста,,возрастные кризисы у детей · возрастные кризисы детей 6 · кризисы у детей по возрастам · кризис возрастного развития детей · возрастные периоды детей кризис · кризис детей раннего возраста
03,Тревога и депрессия,/artterapy,потеря интереса к жизни,934,обзор,апатия,,потеря интереса к жизни · потеря интереса к работе · потеря интереса к деятельности
07,Выгорание и работа,/coach,как избавиться от переедания,930,что делать,переедание,,как избавиться от переедания · что делать после переедания · как справиться с перееданием · как перестать заедать · что делать при переедании · как бороться с перееданием · переедание что делать болит · как убрать переедание · как перестать заедать стресс
11,"Цели, привычки, продуктивность",/coach,цель должна быть smart,908,обзор,2. smart цели,,цель должна быть smart · smart цели должны соответствовать · smart цель должна быть измеримой · smart цель проекта должна
11,"Цели, привычки, продуктивность",/coach,как заставить себя сходить,906,обзор,достижение цели,,как заставить себя сходить · как заставить себя сходить в туалет · как заставить себя сходить по большому
11,"Цели, привычки, продуктивность",/coach,для достижения данных целей необходимо,892,обзор,1. достижение цели,,для достижения данных целей необходимо · необходимое средство для достижения целей · условия необходимые для достижения целей
03,Тревога и депрессия,/artterapy,внутренняя тревожность как избавиться,885,что делать,тревожность273344,,внутренняя тревожность как избавиться · что делать во время тревоги · как избавится от навязчивой тревоги · тревога без причины как избавиться · причину тревоги что делать · чувство тревоги без причины как избавиться
01,Отношения и близость,/artterapy,измена ты меня простишь мария,877,обзор,прощать ли измену,,измена ты меня простишь мария · измена ты меня простишь мендес · мария мендес измена ты меня простишь · измена ты меня простишь автор · измена ты меня простишь автор мария · измена ты меня простишь автор мария мендес · измена ты меня простишь автор мендес · измена прости меня любимая
01,Отношения и близость,/artterapy,как вести себя с абьюзером,850,для близких,абьюзер,да,как вести себя с абьюзером · как жить с абьюзером · что говорить абьюзеру · как общаться с абьюзером
04,Эмоции и состояния,/artterapy,способность понимать чувства другого,850,упражнения,выраженное чувство,,способность понимать чувства другого · способность понимать чувства другого человека · способность выражать эмоции · способность выражать свои чувства · способность выразить чувства и мысли · способ выразить чувства
11,"Цели, привычки, продуктивность",/coach,мечта лета нет,848,обзор,3. нет цели,,мечта лета нет · нет твоя мечта · мечтам и годам нет · нет предела мечтам
11,"Цели, привычки, продуктивность",/coach,нет никаких целей,839,обзор,3. нет цели,,нет никаких целей · нет целей нет интересов · нет целей в россии · постановка нет целей · нет не достигаемых целей · если нет общих целей · нет жизненных целей
11,"Цели, привычки, продуктивность",/coach,процесс управления направлен на достижение цели,828,обзор,1. достижение цели,,процесс управления направлен на достижение цели · на достижение цели объектом управления · цель управленческого процесса это достижение · правило достижения цели управления
11,"Цели, привычки, продуктивность",/coach,классные цели на год,825,обзор,4. цели на год,,классные цели на год · цель на 1 классы на год · цели на год классного руководителя · цели на год учителя начальных классов
11,"Цели, привычки, продуктивность",/coach,с целью достижения конкретных результатов,822,обзор,1. достижение цели,,с целью достижения конкретных результатов · конкретный план достижения цели · направленность на достижение конкретной цели
11,"Цели, привычки, продуктивность",/coach,план достижения финансовой цели,822,обзор,1. достижение цели,,план достижения финансовой цели · срок достижения финансовой цели · контроль достижения финансовой цели
06,Самооценка и личность,/artterapy,женственность 2026,789,обзор,женственность,,женственность 2026 · женственность 2026 года · женственность 2026 лето · женственность 2026 года лето
11,"Цели, привычки, продуктивность",/coach,какие цели поставить на год,781,обзор,1. достижение цели,,какие цели поставить на год · поставить цели и задачи на год · цель поставленная на учебный год · цели и задачи поставленные на учебный год
01,Отношения и близость,/artterapy,завидую другим людям,767,обзор,зависть,,завидую другим людям · каким людям завидуют · как не завидовать людям
03,Тревога и депрессия,/artterapy,диагноз тревожность,763,обзор,тревожность273344,,диагноз тревожность · диагностика тревожности прихожан · результаты диагностики тревожности
11,"Цели, привычки, продуктивность",/coach,как правильно поставить цель,733,обзор,1. достижение цели,,как правильно поставить цель · правильно поставить цели и задачи · правильно поставить цель проекта
01,Отношения и близость,/artterapy,мамы про отношения,708,обзор,обида на мать,,мамы про отношения · отношение мамы в семье · сексуальные отношения мамы и сына
11,"Цели, привычки, продуктивность",/coach,средства достижения цели воспитания,698,обзор,1. достижение цели,,средства достижения цели воспитания · достижения цели физического воспитания · путь достижения цели воспитания
03,Тревога и депрессия,/artterapy,сжать без потери смысла,697,обзор,апатия,,сжать без потери смысла · сжать текст без потери смысла · сжать текст онлайн без потери смысла
01,Отношения и близость,/artterapy,права родителей по отношению к детям,688,обзор,обида на мать,,права родителей по отношению к детям · эгоизм родителей по отношению к детям · эмоциональное отношение родителей к детям
11,"Цели, привычки, продуктивность",/coach,что делать если потерял смысл жизни,671,что делать,3. нет цели,,что делать если потерял смысл жизни · что делать если потерян смысл жизни · нет сил и желаний что делать · что делать если нет цели
03,Тревога и депрессия,/artterapy,рерайт без потери смысла,664,обзор,апатия,,рерайт без потери смысла · рерайт текста без потери смысла · рерайт онлайн без потери смысла · рерайт текста онлайн без потери смысла · рерайт без потери смысла бесплатно · рерайт текста бесплатно без потери смысла · рерайт онлайн бесплатно без потери смысла · рерайт текста онлайн бесплатно без потери смысла
03,Тревога и депрессия,/artterapy,изменить текст без потери смысла,663,обзор,апатия,,изменить текст без потери смысла · изменить текст без потери смысла онлайн · изменение текста без потери смысла
04,Эмоции и состояния,/artterapy,слава кпсс стыдно,640,обзор,стыдно,,слава кпсс стыдно · стыдно жить слава · слава кпсс мне стыдно жить
03,Тревога и депрессия,/artterapy,перефразирование без потери смысла,636,обзор,апатия,,перефразирование без потери смысла · перефразирование текста без потери смысла · перефразирование онлайн без потери смысла · перефразирование текста онлайн без потери смысла
01,Отношения и близость,/artterapy,все экстры манхвы токсичные отношения глава,636,обзор,токсичные отношения,,все экстры манхвы токсичные отношения глава · токсичные отношения 62 глава · токсичные отношения 63 глава
01,Отношения и близость,/artterapy,виды отношений дети родители,636,сколько,обида на мать,,виды отношений дети родители · типы отношений с родителями · виды отношений с родителями
01,Отношения и близость,/artterapy,психолог абьюзер,634,обзор,абьюзер,,психолог абьюзер · психологический абьюзер · психология абьюзера · абьюзер советы психолога
13,Возраст и жизненные переходы,/artterapy,возрастные кризисы личности,630,обзор,кризисы возраста,,возрастные кризисы личности · возрастные личностные кризисы · возрастные кризисы развития личности
07,Выгорание и работа,/coach,способы снятия стресса,621,упражнения,снятие стресса,,способы снятия стресса · упражнения для снятия стресса · способы снять стресс · что помогает справиться со стрессом
01,Отношения и близость,/artterapy,сердце матери прости,607,обзор,обида на мать,,сердце матери прости · слезы матери прости · дочь токсичной матери · божией матери прощая
01,Отношения и близость,/artterapy,какие отношения с мамой,595,обзор,обида на мать,,какие отношения с мамой · плохие отношения с мамой · хорошие отношения с мамой · отношения с мамой девушки · парни с мамой отношения · сексуальные отношения с мамой
01,Отношения и близость,/artterapy,обида техники,584,упражнения,обида,,обида техники · способы не обижаться · практика обид
01,Отношения и близость,/artterapy,значение обиды,582,определение,обида,,значение обиды · что означает обид · что означает обиделся
01,Отношения и близость,/artterapy,как сказать что я обиделась,576,обзор,обида,,как сказать что я обиделась · что сказать обидевшемуся человеку · друг обиделся что сказать · сказала мужчине что обиделась · ничего не сказал обиделся
06,Самооценка и личность,/artterapy,как принято свое тело,576,что делать,бодипозитив,,как принято свое тело · как принять свое тело · как полюбить свое тело
04,Эмоции и состояния,/artterapy,стыдно за другого человека,571,обзор,стыдно,,стыдно за другого человека · когда человеку становится стыдно · человеку бывает стыдно
01,Отношения и близость,/artterapy,я обиделась дуэт,571,обзор,обида,,я обиделась дуэт · я обиделась дуэт академия · кабаре дуэт я обиделась · кабаре дуэт академия я обиделась
01,Отношения и близость,/artterapy,как выйти из абьюзивных,550,что делать,абьюзер,,как выйти из абьюзивных · как выйти из абьюзивных отношений · муж абьюзер что делать · как избавиться от абьюзера
03,Тревога и депрессия,/artterapy,социальная тревожность подростков,530,обзор,тревожность273344,,социальная тревожность подростков · застенчивость и социальная тревожность · социальные факторы тревожности
11,"Цели, привычки, продуктивность",/coach,достижение составной цели,511,обзор,1. достижение цели,,достижение составной цели · составить план достижения цели · составление плана достижения цели
11,"Цели, привычки, продуктивность",/coach,оценка качества достижения цели,508,обзор,1. достижение цели,,оценка качества достижения цели · цель оценки учебных достижений · оценка выполненной работы достигнута цель
03,Тревога и депрессия,/artterapy,тревожность в младшем возрасте,505,обзор,тревожность273344,,тревожность в младшем возрасте · тревожность в подростковом возрасте · возрастная динамика тревожности
01,Отношения и близость,/artterapy,завидовал или завидывал,497,сколько,зависть,,завидовал или завидывал · завидовать или завидывать · завидываю или завидую
06,Самооценка и личность,/artterapy,способы принять себя,479,упражнения,примет себя,,способы принять себя · собой людей и способность принимать · принять себя практика
06,Самооценка и личность,/artterapy,я ненавижу свое тело,470,обзор,бодипозитив,,я ненавижу свое тело · слово бодипозитив · принятие своего тела
04,Эмоции и состояния,/artterapy,почему постоянное чувство голода,469,причины,чувства : эмоции : злость,,почему постоянное чувство голода · почему после еды чувство голода · почему нет чувства голода
01,Отношения и близость,/artterapy,мама прости воровку,451,обзор,обида на мать,,мама прости воровку · мама мамочка прости дочку воровку · прости мама что воровку родила
04,Эмоции и состояния,/artterapy,дети выражают свои чувства,448,обзор,выраженное чувство,,дети выражают свои чувства · дети выражают свои чувства выраженные · помогают выражать свои чувства
01,Отношения и близость,/artterapy,какие люди обижаются,425,обзор,обида,,какие люди обижаются · взрослые люди обижаются · где обижаются люди
03,Тревога и депрессия,/artterapy,внутри пустота что делать,423,что делать,апатия,,внутри пустота что делать · что делать если ничего не радует · ничего не радует в жизни что делать · нет смысла в жизни что делать
01,Отношения и близость,/artterapy,простить ли измену психолог,413,обзор,прощать ли измену,,простить ли измену психолог · как простить измену совет психолога · простить мужу измену советы психолога
01,Отношения и близость,/artterapy,ты че обиделась как дела,409,обзор,обида,,ты че обиделась как дела · ты че обиделась малышка как дела · как дела на что же ты обиделась
01,Отношения и близость,/artterapy,измена я не прощу полностью полностью,406,обзор,прощать ли измену,,измена не прощу бесплатно · измена я не прощу полностью полностью · онлайн бесплатно измена я не прощу
01,Отношения и близость,/artterapy,комиссар не обижайся на меня,387,обзор,обида,,комиссар не обижайся на меня · не обижайся на меня я хороший · бывший сказал не обижайся на меня · пусть она на меня не обижается
03,Тревога и депрессия,/artterapy,переделать текст без потери смысла,367,обзор,апатия,,переделать текст без потери смысла · переделать текст другими словами без потери смысла · переделать текст онлайн без потери смысла
