seed,tab,query,shows
"деньги в семье",popular,"деньги в семье",28928
"деньги в семье",popular,"давать деньги в семью",2228
"деньги в семье",popular,"дети в семье и деньги",1512
"деньги в семье",popular,"муж и деньги в семье",1443
"деньги в семье",popular,"много денег в семье",1402
"деньги в семье",popular,"что деньги остаются в семье",1131
"деньги в семье",popular,"расходы денег в семье",1087
"деньги в семье",popular,"деньги в банке семья",1008
"деньги в семье",popular,"общие деньги в семье",1002
"деньги в семье",popular,"став деньги в семью",839
"деньги в семье",popular,"сколько денег на человека в семье",804
"деньги в семье",popular,"принести деньги в семью",793
"деньги в семье",popular,"откуда в семье деньги",789
"деньги в семье",popular,"жена и деньги в семье",681
"деньги в семье",popular,"вопрос денег в семье",617
"деньги в семье",popular,"деньги в долг семей",605
"деньги в семье",popular,"не хватает денег в семье",514
"деньги в семье",popular,"деньги семьи в россии",470
"деньги в семье",popular,"вернем деньги в семью",454
"деньги в семье",popular,"мало денег в семье",447
"деньги в семье",popular,"мать учит приносить деньги в семью",426
"деньги в семье",popular,"откуда в семье берутся деньги",408
"деньги в семье",popular,"экономим деньги в семье",397
"деньги в семье",popular,"деньги главное в семье",381
"деньги в семье",popular,"про деньги в семье",365
"деньги в семье",popular,"сколько семье нужно денег в месяц",353
"деньги в семье",popular,"чем зарабатывали деньги в семье",353
"деньги в семье",popular,"почему в семье не денег",350
"деньги в семье",popular,"мать учит дочь приносить деньги в семью",326
"деньги в семье",popular,"как положить деньги в семью",323
"деньги в семье",popular,"отношения в семье деньгами",303
"деньги в семье",popular,"на что в семье тратят деньги",302
"деньги в семье",popular,"деньги в семье общие значит",294
"деньги в семье",popular,"сколько денег тратит семья в месяц",293
"деньги в семье",popular,"мать учит приносить деньги в семью порно",282
"деньги в семье",popular,"число денег в семье",279
"деньги в семье",popular,"молитва благополучие в семье и деньгах",272
"деньги в семье",popular,"проблема денег в семье",235
"деньги в семье",popular,"деньги многодетным семьям в 2026",233
"деньги в семье",popular,"накопление денег в семье",228
"деньги в семье",popular,"на что расходуются деньги в семье",219
"деньги в семье",popular,"как заработать деньги в семью",216
"деньги в семье",popular,"муж не дает деньги в семью",204
"деньги в семье",popular,"секс и деньги в семье",202
"деньги в семье",popular,"откуда деньги в семье 3 класс",201
"деньги в семье",popular,"распределение денег в семье",198
"деньги в семье",popular,"финансовая грамотность откуда в семье деньги",175
"деньги в семье",popular,"деньги и здоровье в семье",161
"деньги в семье",popular,"презентация откуда в семье деньги",157
"деньги в семье",popular,"копить деньги в семье",145
"деньги в семье",popular,"муж тратит деньги не в семью",144
"деньги в семье",popular,"привлечение денег в семью",139
"деньги в семье",popular,"экономическое распределение денег в семье",124
"деньги в семье",popular,"мать учит дочь зарабатывать деньги в семью",110
"деньги в семье",popular,"экономическое распределение денег в семье помогает",109
"деньги в семье",popular,"в семье пропадают деньги",109
"деньги в семье",popular,"деньги не идут в семью",108
"деньги в семье",popular,"нехватка денег в семье",107
"деньги в семье",popular,"как в семье накопить деньги",106
"деньги в семье",popular,"деньги возвращаются в семью",104
"деньги в семье",popular,"деньги принесенные мужем в семью",100
"деньги в семье",popular,"в семье украли деньги",93
"деньги в семье",popular,"чем больше денег в семье тем",92
"деньги в семье",popular,"муж не зарабатывает деньги в семью",90
"деньги в семье",popular,"как распоряжаться деньгами в семье",90
"деньги в семье",popular,"деньги и их роль в семье",89
"деньги в семье",popular,"на что уходят деньги в семье",87
"деньги в семье",popular,"сколько денег в месяц надо семье",86
"деньги в семье",popular,"молитва на деньги в семье",85
"деньги в семье",popular,"статья деньги в семье",82
"деньги в семье",popular,"как приходят деньги в семью",81
"деньги в семье",popular,"чьи деньги в семье",78
"деньги в семье",popular,"молитва о достатке и деньгах в семье",77
"деньги в семье",popular,"сбербанк деньги в семье",74
"деньги в семье",popular,"как распределять деньги в семье",74
"деньги в семье",popular,"что делать если в семье нет денег",70
"деньги в семье",popular,"помощь в семье за деньги",69
"деньги в семье",popular,"деньги семьям прожившим в браке",69
"деньги в семье",popular,"сколько денег нужно семье в москве",63
"деньги в семье",popular,"многодетная семья деньги в ипотеку",61
"деньги в семье",popular,"как сэкономить деньги в семье",58
"деньги в семье",popular,"нету денег в семье",57
"деньги в семье",popular,"заканчиваются деньги в семье",56
"деньги в семье",popular,"как правильно распределять деньги в семье",54
"деньги в семье",popular,"как положить деньги в семью блэк раша",54
"деньги в семье",popular,"деньги в семье форум",54
"деньги в семье",popular,"деньги в семью отзывы",50
"деньги в семье",popular,"порно мама учит приносить деньги в семью",50
"деньги в семье",popular,"молитва чтобы появились деньги в семье",49
"деньги в семье",popular,"ссора в семье из за денег",48
"деньги в семье",popular,"чтобы в семье водились деньги",46
"деньги в семье",popular,"помощь в деньгах молодой семье",45
"деньги в семье",popular,"молитва о привлечении денег в семью",45
"деньги в семье",popular,"уральские пельмени про деньги в семье",45
"деньги в семье",popular,"у кого должны быть деньги в семье",44
"деньги в семье",popular,"сколько должно быть денег в семье",43
"деньги в семье",popular,"конфликты в семье из за денег",42
"деньги в семье",popular,"психология денег в семье",42
"деньги в семье",popular,"деньги в семье ислам",41
"деньги в семье",popular,"секс мать учит приносить деньги в семью",41
"деньги в семье",popular,"ребенок ворует деньги в семье",39
"деньги в семье",popular,"экономия денег в семье",39
"деньги в семье",popular,"заговор на деньги в семью",36
"деньги в семье",popular,"нет в семье денег анекдот",36
"деньги в семье",popular,"как правильно распоряжаться деньгами в семье",32
"деньги в семье",popular,"мультфильм откуда в семье деньги",32
"деньги в семье",popular,"как помочь в семье с деньгами",32
"деньги в семье",popular,"семья в порно за деньги",32
"деньги в семье",popular,"умершему в сво семье деньги",31
"деньги в семье",popular,"как привлечь деньги в семью",30
"деньги в семье",popular,"заговор на привлечение денег в семью",29
"деньги в семье",popular,"как распределяются деньги в семье",26
"деньги в семье",popular,"как экономить деньги в семье с детьми",26
"деньги в семье",popular,"кто в семье должен зарабатывать деньги",23
"деньги в семье",popular,"симс 4 добавить деньги в семью",20
"деньги в семье",popular,"молитвы чтобы водились деньги в семье",19
"деньги в семье",popular,"мама учит зарабатывать деньги в семью порно",17
"деньги в семье",popular,"кто в семье должен распоряжаться деньгами",17
"деньги в семье",popular,"мужчина не хочет давать деньги в семью",17
"деньги в семье",popular,"на что тратятся деньги в семье",17
"деньги в семье",popular,"откуда в семье появляются деньги",16
"деньги в семье",popular,"на чем можно экономить деньги в семье",14
"деньги в семье",popular,"как грамотно распоряжаться деньгами в семье",14
"деньги в семье",popular,"презентация откуда в семье появляются деньги",11
"деньги в семье",popular,"как экономить деньги в большом семье",10
"деньги в семье",popular,"как привлечь деньги в дом в семью",8
"деньги в семье",popular,"как положить деньги в сейф семьи",8
"деньги в семье",popular,"почему деньги не остаются в семье",7
"деньги в семье",popular,"дочь в другой семье попросила денег",7
"деньги в семье",popular,"слова для привлечения денег в семью",6
"деньги в семье",popular,"сделай сам и оставь деньги в семье",6
"деньги в семье",popular,"новости семья абзаловых вложила деньги в строительство",6
"деньги в семье",popular,"крестная семья деньги в кармане",5
"деньги в семье",popular,"статья про деньги в семье",5
"деньги в семье",popular,"ксения корнева сюжет про деньги в семье",5
"деньги в семье",popular,"сочинение виды денег в моей семье",5
"семейный бюджет",popular,"семейный бюджет",38050
"семейный бюджет",popular,"расходы семейного бюджета",5833
"семейный бюджет",popular,"доходы семейного бюджета",5745
"семейный бюджет",popular,"семья семейный бюджет",5282
"семейный бюджет",popular,"таблица семейного бюджета",3577
"семейный бюджет",popular,"какой семейный бюджет",3519
"семейный бюджет",popular,"семейный финансовый бюджет",3326
"семейный бюджет",popular,"семейный бюджет доходы и расходы",3221
"семейный бюджет",popular,"семейный бюджет фильм",2697
"семейный бюджет",popular,"3 семейный бюджет",2541
"семейный бюджет",popular,"планирование семейного бюджета",2453
"семейный бюджет",popular,"доход семьи семейный бюджет",2443
"семейный бюджет",popular,"2 семейный бюджет",2323
"семейный бюджет",popular,"личный и семейный бюджет",1990
"семейный бюджет",popular,"семейный бюджет расходы семьи",1984
"семейный бюджет",popular,"ведение семейного бюджета",1982
"семейный бюджет",popular,"класс семейный бюджет",1969
"семейный бюджет",popular,"деньги семейного бюджета",1966
"семейный бюджет",popular,"составляющие семейного бюджета",1791
"семейный бюджет",popular,"семейный бюджет темы",1676
"семейный бюджет",popular,"семейный бюджет 2021",1670
"семейный бюджет",popular,"семейная бюджет фильм 2021",1622
"семейный бюджет",popular,"доходы семьи расходы семьи семейный бюджет",1583
"семейный бюджет",popular,"семейный бюджет муж",1572
"семейный бюджет",popular,"семейный бюджет ответы",1535
"семейный бюджет",popular,"семейный бюджет на месяц",1525
"семейный бюджет",popular,"финансовая грамотность семейный бюджет",1516
"семейный бюджет",popular,"суть семейного бюджета",1506
"семейный бюджет",popular,"таблица расходов семейного бюджета",1448
"семейный бюджет",popular,"5 семейный бюджет",1439
"семейный бюджет",popular,"доходы семейного бюджета таблица",1180
"семейный бюджет",popular,"записать семейный бюджет",1127
"семейный бюджет",popular,"семейный бюджет задание",1100
"семейный бюджет",popular,"вопросы семейный бюджет",1088
"семейный бюджет",popular,"таблица расходов и доходов семейного бюджета",1081
"семейный бюджет",popular,"ведем семейный бюджет",1074
"семейный бюджет",popular,"часть семейного бюджета",1050
"семейный бюджет",popular,"семейный бюджет план",1038
"семейный бюджет",popular,"семейный бюджет услуги",981
"семейный бюджет",popular,"составление семейного бюджета",944
"семейный бюджет",popular,"виды семейного бюджета",940
"семейный бюджет",popular,"статей семейного бюджета",929
"семейный бюджет",popular,"семейный бюджет семьи в месяц",918
"семейный бюджет",popular,"какие расходы семейного бюджета",904
"семейный бюджет",popular,"семейные финансы семейный бюджет",891
"семейный бюджет",popular,"бюджет семейных покупок",844
"семейный бюджет",popular,"семейный бюджет цель",841
"семейный бюджет",popular,"определить семейный бюджет",833
"семейный бюджет",popular,"правила семейного бюджета",825
"семейный бюджет",popular,"расходы личного семейного бюджета",817
"семейный бюджет",popular,"составить семейный бюджет семьи",777
"семейный бюджет",popular,"бюджет семьи планирование семейного бюджета",775
"семейный бюджет",popular,"заработная плата семейный бюджет",753
"семейный бюджет",popular,"семейный бюджет презентация",741
"семейный бюджет",popular,"сумма семейного бюджета",734
"семейный бюджет",popular,"семейный бюджет пример",731
"семейный бюджет",popular,"планирование доходов семейного бюджета",726
"семейный бюджет",popular,"семейный бюджет на год",688
"семейный бюджет",popular,"личный доход личный расход семейный бюджет",685
"семейный бюджет",popular,"как вести семейный бюджет",677
"семейный бюджет",popular,"уровни семейного бюджета",668
"семейный бюджет",popular,"учет семейного бюджета",659
"семейный бюджет",popular,"зарплата семейный бюджет",658
"семейный бюджет",popular,"семейный бюджет как правильно",654
"семейный бюджет",popular,"семейный денежный бюджет",654
"семейный бюджет",popular,"распределение семейного бюджета",647
"семейный бюджет",popular,"8 семейный бюджет",642
"семейный бюджет",popular,"доходы семейного бюджета составляют",633
"семейный бюджет",popular,"семейный бюджет начало",627
"семейный бюджет",popular,"статьи расходов семейного бюджета",626
"семейный бюджет",popular,"варианты семейного бюджета",616
"семейный бюджет",popular,"способы семейного бюджета",607
"семейный бюджет",popular,"семейный бюджет проценты",602
"семейный бюджет",popular,"семейный бюджет скачать",599
"семейный бюджет",popular,"семейный бюджет сбережений",597
"семейный бюджет",popular,"следующий семейного бюджета",594
"семейный бюджет",popular,"ваш семейный бюджет",588
"семейный бюджет",popular,"раздельный семейный бюджет",581
"семейный бюджет",popular,"семейный бюджет питание",580
"семейный бюджет",popular,"семейный бюджет эксель",575
"семейный бюджет",popular,"расчет семейного бюджета",573
"семейный бюджет",popular,"планирование личного семейного бюджета",571
"семейный бюджет",popular,"семейный бюджет и финансовое планирование",563
"семейный бюджет",popular,"личные финансы и семейный бюджет",562
"семейный бюджет",popular,"принцип семейного бюджета",562
"семейный бюджет",popular,"семейным бюджетом является",561
"семейный бюджет",popular,"домашний семейный бюджет",560
"семейный бюджет",popular,"источники семейного бюджета",557
"семейный бюджет",popular,"урок семейный бюджет",555
"семейный бюджет",popular,"семейный бюджет 1 месяц",550
"семейный бюджет",popular,"решение семейного бюджета",545
"семейный бюджет",popular,"бесплатный семейный бюджет",545
"семейный бюджет",popular,"обязательный семейный бюджет",543
"семейный бюджет",popular,"7 семейный бюджет",541
"семейный бюджет",popular,"структура семейного бюджета",540
"семейный бюджет",popular,"дефицит семейного бюджета",533
"семейный бюджет",popular,"семейный бюджет excel",529
"семейный бюджет",popular,"траты семейного бюджета",518
"семейный бюджет",popular,"финансовые цели семейного бюджета",518
"семейный бюджет",popular,"расходы семейного бюджета на месяц",513
"семейный бюджет",popular,"про семейный бюджет",498
"семейный бюджет",popular,"безопасность семейного бюджета",495
"семейный бюджет",popular,"планирование расходов семейного бюджета",495
"семейный бюджет",popular,"семейный бюджет продукты",494
"семейный бюджет",popular,"10 семейный бюджет",494
"семейный бюджет",popular,"план расходов семейного бюджета",491
"семейный бюджет",popular,"семейный бюджет экономика",486
"семейный бюджет",popular,"планирование личных финансов семейный бюджет",483
"семейный бюджет",popular,"составить семейный бюджет доходы расходы",479
"семейный бюджет",popular,"семейный бюджет определение",477
"семейный бюджет",popular,"семейный бюджет а б",477
"семейный бюджет",popular,"семейный бюджет сделать",474
"семейный бюджет",popular,"бюджет семьи составление семейного бюджета",474
"семейный бюджет",popular,"семейный бюджет накопления",468
"семейный бюджет",popular,"семейный бюджет банк",458
"семейный бюджет",popular,"г семейный бюджет",457
"семейный бюджет",popular,"финансовый план семейного бюджета",457
"семейный бюджет",popular,"личное финансовое планирование семейный бюджет",454
"семейный бюджет",popular,"таблица семейного бюджета на месяц",453
"семейный бюджет",popular,"эффективный семейный бюджет",449
"семейный бюджет",popular,"понятие семейного бюджета",448
"семейный бюджет",popular,"таблица для ведения семейного бюджета",442
"семейный бюджет",popular,"семейный бюджет 1 доходы 2 расходы",441
"семейный бюджет",popular,"семейный бюджет 2 часть",439
"семейный бюджет",popular,"игра семейный бюджет",438
"семейный бюджет",popular,"формирование семейного бюджета",421
"семейный бюджет",popular,"семейный бюджет доходная",415
"семейный бюджет",popular,"сколько семейный бюджет",415
"семейный бюджет",popular,"функции семейного бюджета",414
"семейный бюджет",popular,"тушенка семейный бюджет",414
"семейный бюджет",popular,"управлять семейным бюджетом",411
"семейный бюджет",popular,"простой семейный бюджет",410
"семейный бюджет",popular,"создание семейного бюджета",407
"семейный бюджет",popular,"семейный бюджет закон",403
"семейный бюджет",popular,"доходная часть семейного бюджета",402
"семейный бюджет",popular,"основа семейного бюджета",396
"семейный бюджет",popular,"говядина семейный бюджет",394
"семейный бюджет",popular,"семейный бюджет подушка безопасности",392
"семейный бюджет",popular,"семейный бюджет семьи таблица",391
"семейный бюджет",popular,"6 бюджет и семейный бюджет",391
"семейный бюджет",popular,"задачи на семейный бюджет",379
"семейный бюджет",popular,"семейный бюджет 2025",379
"семейный бюджет",popular,"совместный семейного бюджета",378
"семейный бюджет",popular,"тема планирования семейного бюджета",373
"семейный бюджет",popular,"семейный бюджет обязательные расходы",373
"семейный бюджет",popular,"семейный бюджет отзывы",370
"семейный бюджет",popular,"как распределить семейный бюджет",367
"семейный бюджет",popular,"семейный план бюджета доходов и расходов",366
"семейный бюджет",popular,"источники доходов семейного бюджета",363
"семейный бюджет",popular,"таблица эксель семейный бюджет",362
"семейный бюджет",popular,"статей доходов семейного бюджета",359
"семейный бюджет",popular,"планирование семейного бюджета на месяц",358
"семейный бюджет",popular,"планирование семейного бюджета нужно",352
"семейный бюджет",popular,"приложение для семейного бюджета",352
"семейный бюджет",popular,"кредит в семейном бюджете",351
"семейный бюджет",popular,"семейный бюджет вашей семьи",351
"семейный бюджет",popular,"семейный бюджет купить",351
"семейный бюджет",popular,"баланс семейного бюджета",350
"семейный бюджет",popular,"семейный бюджет 5 класс",349
"семейный бюджет",popular,"семейный бюджет учет расходов",349
"семейный бюджет",popular,"проект семейный бюджет",344
"семейный бюджет",popular,"семейный бюджет актеры",343
"семейный бюджет",popular,"семейный бюджет 8 класс",343
"семейный бюджет",popular,"составление семейного бюджета доходы расходы",342
"семейный бюджет",popular,"шаблоны семейного бюджета",337
"семейный бюджет",popular,"семейный бюджет видео",333
"семейный бюджет",popular,"15 семейный бюджет",333
"семейный бюджет",popular,"семейный бюджет виды доходов",329
"семейный бюджет",popular,"смотреть семейный бюджет",328
"семейный бюджет",popular,"потребности семейного бюджета",328
"семейный бюджет",popular,"составить семейный бюджет за месяц",325
"семейный бюджет",popular,"налоги семейного бюджета",323
"семейный бюджет",popular,"семейный бюджет 50 50",323
"семейный бюджет",popular,"уральские пельмени семейный бюджет",323
"семейный бюджет",popular,"оптимизация семейного бюджета",321
"семейный бюджет",popular,"практическая семейный бюджет",320
"семейный бюджет",popular,"семейный бюджет для детей",316
"семейный бюджет",popular,"составление личного семейного бюджета",315
"семейный бюджет",popular,"семейный бюджет слова",311
"семейный бюджет",popular,"расчет расходов семейного бюджета",307
"семейный бюджет",popular,"примеры расходов семейного бюджета",307
"семейный бюджет",popular,"виды расходов семейного бюджета",305
"семейный бюджет",popular,"принципы ведения семейного бюджета",300
"семейный бюджет",popular,"семейный бюджет личный финансовый план",300
"семейный бюджет",popular,"семейный бюджет планирование доходов и расходов",292
"семейный бюджет",popular,"составить таблицу семейного бюджета",292
"семейный бюджет",popular,"семейный бюджет какой выбрать",291
"семейный бюджет",popular,"семейный бюджет конспект",286
"семейный бюджет",popular,"статьи доходов и расходов семейного бюджета",286
"семейный бюджет",popular,"инструменты семейного бюджета",285
"семейный бюджет",popular,"скачать таблицы семейного бюджета",281
"семейный бюджет",popular,"семейный бюджет карты",276
"семейный бюджет",popular,"таблица семейного бюджета в excel",273
"семейный бюджет",popular,"семейный бюджет 6 класс",271
"семейный бюджет",popular,"инвестиции в семейном бюджете",269
"семейный бюджет",popular,"управление семейным бюджетом",267
"семейный бюджет",popular,"семейное хозяйство семейный бюджет",267
"семейный бюджет",popular,"семейный бюджет в браке",265
"семейный бюджет",popular,"методы семейного бюджета",265
"семейный бюджет",popular,"семейным бюджетом называют",263
"семейный бюджет",popular,"занятие семейный бюджет",263
"семейный бюджет",popular,"семейный бюджет анализ",263
"семейный бюджет",popular,"актеры фильма семейный бюджет",260
"семейный бюджет",popular,"тема урока семейный бюджет",255
"семейный бюджет",popular,"семейный бюджет учет расходов и доходов",252
"семейный бюджет",popular,"считаем семейный бюджет",252
"семейный бюджет",popular,"как составить семейный бюджет",250
"семейный бюджет",popular,"семейный бюджет онлайн",249
"семейный бюджет",popular,"семейный бюджет функция семьи",249
"семейный бюджет",popular,"как планировать семейный бюджет",248
"семейный бюджет",popular,"семейный бюджет расходы семьи таблица",248
"семейный бюджет",popular,"типы семейного бюджета",248
"семейный бюджет",popular,"семейный бюджет 12",246
"семейный бюджет",popular,"разделы семейного бюджета",246
"семейный бюджет",popular,"финансовая грамотность тема семейный бюджет",244
"семейный бюджет",popular,"тема доходы семейного бюджета",244
"семейный бюджет",popular,"экономим семейный бюджет",244
"семейный бюджет",popular,"семейный бюджет ситуации",243
"семейный бюджет",popular,"вывод семейного бюджета",243
"семейный бюджет",popular,"активы семейного бюджета",242
"семейный бюджет",popular,"какой шаг поможет эффективнее управлять семейным бюджетом",242
"семейный бюджет",popular,"непредвиденные расходы семейного бюджета",240
"семейный бюджет",popular,"семейная жизнь бюджет",240
"семейный бюджет",popular,"написать семейный бюджет",239
"семейный бюджет",popular,"день семейного бюджета",237
"семейный бюджет",popular,"список семейный бюджета",236
"семейный бюджет",popular,"семейный бюджет финансовый план семьи",235
"семейный бюджет",popular,"картинка семейный бюджет",232
"семейный бюджет",popular,"доходами семейного бюджета являются",232
"семейный бюджет",popular,"тетрадь семейного бюджета",231
"семейный бюджет",popular,"построение семейного бюджета",231
"семейный бюджет",popular,"семейный бюджет домохозяйства",229
"семейный бюджет",popular,"таблица планирования семейного бюджета",227
"семейный бюджет",popular,"ведение личного семейного бюджета",224
"семейный бюджет",popular,"д и семейный бюджет",223
"семейный бюджет",popular,"семейный бюджет продукты питания",223
"семейный бюджет",popular,"правила планирования семейного бюджета",219
"семейный бюджет",popular,"небольшой семейный бюджет",219
"семейный бюджет",popular,"семейный бюджет тесты",218
"семейный бюджет",popular,"грамотный семейный бюджет",217
"семейный бюджет",popular,"потребности семьи семейный бюджет",215
"семейный бюджет",popular,"семейный бюджет семьи пример",215
"семейный бюджет",popular,"правильно ведем семейный бюджет",214
"семейный бюджет",popular,"основные расходы семейного бюджета",212
"семейный бюджет",popular,"экономические функции семейного бюджета",212
"семейный бюджет",popular,"говядина тушеная семейный бюджет",212
"семейный бюджет",popular,"семейный бюджет в экселе",211
"семейный бюджет",popular,"семейный бюджет россии",211
"семейный бюджет",popular,"как правильно вести семейный бюджет",210
"семейный бюджет",popular,"практическая работа семейный бюджет",210
"семейный бюджет",popular,"семейный бюджет готовый",210
"семейный бюджет",popular,"семейный бюджет и бюджеты школы",210
"семейный бюджет",popular,"семейный бюджет виды доходов и расходов",209
"семейный бюджет",popular,"семейный бюджет доходы семьи таблица",207
"семейный бюджет",popular,"примеры доходов семейного бюджета",205
"семейный бюджет",popular,"семейная ипотека бюджет",205
"семейный бюджет",popular,"поступления в семейный бюджет",204
"семейный бюджет",popular,"семейный бюджет доходы расходы сбережения",203
"семейный бюджет",popular,"семейный бюджет организация",203
"семейный бюджет",popular,"семейное хозяйство бюджет семьи",203
"семейный бюджет",popular,"семейный бюджет форма",203
"семейный бюджет",popular,"современный семейный бюджет",202
"семейный бюджет",popular,"части семейного бюджета оплата коммунальных услуг",202
"семейный бюджет",popular,"составить план семейного бюджета",202
"семейный бюджет",popular,"основные доходы семейного бюджета",201
"семейный бюджет",popular,"пассивы семейного бюджета",201
"семейный бюджет",popular,"программы для семейного бюджета",200
"семейный бюджет",popular,"ведение доходов и расходов семейного бюджета",199
"семейный бюджет",popular,"контроль семейного бюджета",197
"семейный бюджет",popular,"инфляция семейный бюджет",195
"семейный бюджет",popular,"затраты семейного бюджета",195
"семейный бюджет",popular,"какие виды семейного бюджета",194
"семейный бюджет",popular,"семейный бюджет жена и муж",194
"семейный бюджет",popular,"составить личный семейный бюджет",192
"семейный бюджет",popular,"доходы траты семейный бюджет",191
"семейный бюджет",popular,"1 что такое семейный бюджет",191
"семейный бюджет",popular,"группы семейного бюджета",191
"семейный бюджет",popular,"смотреть фильм семейный бюджет",189
"семейный бюджет",popular,"семейный налоговый бюджет",188
"семейный бюджет",popular,"семейный бюджет обществознание",184
"семейный бюджет",popular,"семейный бюджет скачать бесплатно",184
"семейный бюджет",popular,"значение семейного бюджета",182
"семейный бюджет",popular,"советы семейного бюджета",180
"семейный бюджет",popular,"планирование семейного бюджета финансовая грамотность",179
"семейный бюджет",popular,"таблица расходов семейного бюджета на месяц",178
"семейный бюджет",popular,"схема семейного бюджета",178
"семейный бюджет",popular,"что относится к семейным бюджетам",178
"семейный бюджет",popular,"семейный бюджет доходы и расходы семьи таблица",177
"семейный бюджет",popular,"семейный бюджет это план доходов семьи",176
"семейный бюджет",popular,"категория семейного бюджета",175
"семейный бюджет",popular,"семейный бюджет окружающий",175
"семейный бюджет",popular,"рациональный семейный бюджет",174
"семейный бюджет",popular,"семейный бюджет постоянные расходы",174
"семейный бюджет",popular,"качество семейного бюджета",173
"семейный бюджет",popular,"как правильно распределять семейный бюджет",172
"семейный бюджет",popular,"семейный бюджет 9 класс",172
"семейный бюджет",popular,"1 распределение семейного бюджета",172
"семейный бюджет",popular,"семейный бюджет на трех человек",171
"семейный бюджет",popular,"бюджет семьи источники семейных доходов",171
"семейный бюджет",popular,"семейный бюджет 5 класс финансовая грамотность",171
"семейный бюджет",popular,"диаграмма семейный бюджет",170
"семейный бюджет",popular,"семейный бюджет долг",170
"семейный бюджет",popular,"ведение семейного бюджета в excel",169
"семейный бюджет",popular,"зарплата мужа семейный бюджет",169
"семейный бюджет",popular,"семейный бюджет работающие дети",169
"семейный бюджет",popular,"реальный семейный бюджет",168
"семейный бюджет",popular,"денежные доходы семейного бюджета",167
"семейный бюджет",popular,"таблица учета семейного бюджета",165
"семейный бюджет",popular,"семейная государственная бюджет",164
"семейный бюджет",popular,"модели семейного бюджета",164
"семейный бюджет",popular,"состав семейного бюджета",164
"семейный бюджет",popular,"семейный бюджет образец",163
"семейный бюджет",popular,"курсы семейный бюджет",163
"семейный бюджет",popular,"составить бюджет семейных расходов на месяц",163
"семейный бюджет",popular,"семейный бюджет книга",161
"семейный бюджет",popular,"научиться семейному бюджету",159
"семейный бюджет",popular,"семейный бюджет автомобиль",158
"семейный бюджет",popular,"окружающему миру семейный бюджет",157
"семейный бюджет",popular,"домашнее хозяйство семейный бюджет",156
"семейный бюджет",popular,"семейный бюджет 2021 актеры",156
"семейный бюджет",popular,"семейный бюджет фильм 2021 актеры",156
"семейный бюджет",popular,"сбалансированный семейный бюджет",156
"семейный бюджет",popular,"планирование расходов семьи и семейный бюджет",154
"семейный бюджет",popular,"приложение для ведения семейного бюджета",154
"семейный бюджет",popular,"семейный бюджет содержание",153
"семейный бюджет",popular,"семейный бюджет пример таблица",153
"семейный бюджет",popular,"активы и пассивы семейного бюджета",153
"семейный бюджет",popular,"семейный бюджет окружающий 3",152
"семейный бюджет",popular,"семейный бюджет 3 класс окружающий",151
"семейный бюджет",popular,"семейный бюджет лекция",150
"семейный бюджет",popular,"ведение семейного бюджета эксель",150
"семейный бюджет",popular,"семейный бюджет семья 4 человека",149
"семейный бюджет",popular,"включи семейный бюджет",148
"семейный бюджет",popular,"расходной части семейного бюджета",148
"семейный бюджет",popular,"как сэкономить семейный бюджет",147
"семейный бюджет",popular,"тема семейный бюджет и финансовое планирование",146
"семейный бюджет",popular,"семейный бюджет право",146
"семейный бюджет",popular,"семейный бюджет рисунок",145
"семейный бюджет",popular,"как расходуется семейный бюджет",144
"семейный бюджет",popular,"11 семейный бюджет",144
"семейный бюджет",popular,"расходами семейного бюджета являются",144
"семейный бюджет",popular,"семейный бюджет доходы и расходы пример",144
"семейный бюджет",popular,"создать семейный бюджет",143
"семейный бюджет",popular,"семейный бюджет смотреть онлайн",143
"семейный бюджет",popular,"семейный бюджет позволяет",142
"семейный бюджет",popular,"планирование личного семейного бюджета расходов и доходов",142
"семейный бюджет",popular,"семейный бюджет и экономия",141
"семейный бюджет",popular,"таблица семейного бюджета бесплатно",140
"семейный бюджет",popular,"финансовая таблица семейного бюджета",140
"семейный бюджет",popular,"семейный бюджет окружающий мир 3",140
"семейный бюджет",popular,"тушенка семейный бюджет отзывы",139
"семейный бюджет",popular,"личный и семейный бюджет финансовая грамотность",138
"семейный бюджет",popular,"семейный бюджет тушенка говяжья",137
"семейный бюджет",popular,"семейный бюджет по конвертам",137
"семейный бюджет",popular,"семейный бюджет обучение",137
"семейный бюджет",popular,"семейная экономика бюджет семьи",136
"семейный бюджет",popular,"шаблон таблицы семейного бюджета",135
"семейный бюджет",popular,"семейный бюджет 8 класс технология",135
"семейный бюджет",popular,"как рассчитать семейный бюджет",133
"семейный бюджет",popular,"роль семейного бюджета",132
"семейный бюджет",popular,"на чем можно сэкономить семейный бюджет",131
"семейный бюджет",popular,"семейным бюджетом называется",131
"семейный бюджет",popular,"контроль расходов семейного бюджета",129
"семейный бюджет",popular,"таблица ведения семейного бюджета в excel",129
"семейный бюджет",popular,"источники расходов семейного бюджета",128
"семейный бюджет",popular,"семейно детский бюджет",128
"семейный бюджет",popular,"дайте определение семейного бюджета",128
"семейный бюджет",popular,"обязательные платежи семейного бюджета",128
"семейный бюджет",popular,"вести учет семейного бюджета",128
"семейный бюджет",popular,"план семейного бюджета на месяц",127
"семейный бюджет",popular,"семейный бюджет смотреть бесплатно",127
"семейный бюджет",popular,"семейный бюджет это простыми словами",127
"семейный бюджет",popular,"какие статьи расходов семейного бюджета",126
"семейный бюджет",popular,"семейный бюджет онлайн бесплатно",125
"семейный бюджет",popular,"семейный бюджет фильм онлайн",125
"семейный бюджет",popular,"семейный бюджет способствует",125
"семейный бюджет",popular,"способы оптимизации семейного бюджета",124
"семейный бюджет",popular,"excel семейный бюджет доходы и расходы",124
"семейный бюджет",popular,"таблица расхода семейного бюджета скачать",124
"семейный бюджет",popular,"семейный бюджет скачать excel",124
"семейный бюджет",popular,"технология построения семейного бюджета",123
"семейный бюджет",popular,"семейный бюджет как начать",122
"семейный бюджет",popular,"фильм семейный бюджет смотреть онлайн",122
"семейный бюджет",popular,"система ведения семейного бюджета",121
"семейный бюджет",popular,"семейный бюджет мероприятия",121
"семейный бюджет",popular,"крамаров семейный бюджет",121
"семейный бюджет",popular,"семейный бюджет смотреть онлайн бесплатно",121
"семейный бюджет",popular,"вклад в семейный бюджет",121
"семейный бюджет",popular,"семейный бюджет образец таблицы",120
"семейный бюджет",popular,"семейный бюджет рф",120
"семейный бюджет",popular,"семейный бюджет бывает",120
"семейный бюджет",popular,"за счет семейного бюджета",120
"семейный бюджет",popular,"принципы ведения личного и семейного бюджета",120
"семейный бюджет",popular,"семейный бюджет 6 класс финансовая грамотность",119
"семейный бюджет",popular,"семейный бюджет фильм бесплатно",117
"семейный бюджет",popular,"пополнение семейного бюджета",116
"семейный бюджет",popular,"скачать ведение семейного бюджета",116
"семейный бюджет",popular,"семейный бюджет на неделю",115
"семейный бюджет",popular,"этапы планирования семейного бюджета",115
"семейный бюджет",popular,"смотреть бесплатно фильмы семейный бюджет",115
"семейный бюджет",popular,"семейный бюджет предложение",114
"семейный бюджет",popular,"рассчитать семейный бюджет таблица",114
"семейный бюджет",popular,"семейный бюджет в хорошем качестве",114
"семейный бюджет",popular,"из чего складывается семейный бюджет",113
"семейный бюджет",popular,"скачать таблицу семейного бюджета бесплатно",113
"семейный бюджет",popular,"говядина семейный бюджет отзывы",113
"семейный бюджет",popular,"из чего состоит семейный бюджет",113
"семейный бюджет",popular,"готовые таблицы семейного бюджета",113
"семейный бюджет",popular,"скачать таблицу доходов и расходов семейного бюджета",112
"семейный бюджет",popular,"семейный бюджет гост",112
"семейный бюджет",popular,"семейный бюджет бесплатно в хорошем качестве",111
"семейный бюджет",popular,"семейный бюджет фильм онлайн бесплатно",111
"семейный бюджет",popular,"смотреть фильмы семейный бюджет онлайн бесплатно",111
"семейный бюджет",popular,"плюсы семейного бюджета",111
"семейный бюджет",popular,"таблица эксель для ведения семейного бюджета",111
"семейный бюджет",popular,"смотреть семейный бюджет в хорошем качестве",110
"семейный бюджет",popular,"задача на тему семейный бюджет",109
"семейный бюджет",popular,"семейный бюджет смотреть бесплатно в хорошем",109
"семейный бюджет",popular,"семейный бюджет карточка",108
"семейный бюджет",popular,"разный семейный бюджет",107
"семейный бюджет",popular,"таблица расходов семейного бюджета в excel",107
"семейный бюджет",popular,"конкурс семейный бюджет",105
"семейный бюджет",popular,"использование семейного бюджета",105
"семейный бюджет",popular,"способы экономии семейного бюджета",105
"семейный бюджет",popular,"семейный бюджет на двоих",105
"семейный бюджет",popular,"шаблоны ведения семейного бюджета",104
"семейный бюджет",popular,"цели и задачи семейного бюджета",104
"семейный бюджет",popular,"фильм семейный бюджет в хорошем качестве",103
"семейный бюджет",popular,"мультфильм семейный бюджет",102
"семейный бюджет",popular,"семейный бюджет 2 класс",102
"семейный бюджет",popular,"правильное ведение семейного бюджета",102
"семейный бюджет",popular,"семейный бюджет деньги финансовая грамотность",102
"семейный бюджет",popular,"уральские пельмени про семейный бюджет",102
"семейный бюджет",popular,"хороший фильм семейный бюджет смотреть",100
"семейный бюджет",popular,"какие бывают семейные бюджеты",100
"семейный бюджет",popular,"что такое семейный бюджет кратко",99
"семейный бюджет",popular,"средний семейный бюджет",99
"семейный бюджет",popular,"источники дохода и расхода семейного бюджета",98
"семейный бюджет",popular,"скачать таблицу excel семейный бюджет",98
"семейный бюджет",popular,"пополнить семейный бюджет",98
"семейный бюджет",popular,"основы финансовой грамотности семейный бюджет",98
"семейный бюджет",popular,"какой семейный бюджет лучше",96
"семейный бюджет",popular,"как правильно планировать семейный бюджет",96
"семейный бюджет",popular,"семейный бюджет форумы",96
"семейный бюджет",popular,"семейный бюджет в отношениях",94
"семейный бюджет",popular,"категории расходов семейного бюджета",94
"семейный бюджет",popular,"таблица в экселе семейный бюджет",93
"семейный бюджет",popular,"семейный бюджет необходим для",92
"семейный бюджет",popular,"типы доходов семейного бюджета",92
"семейный бюджет",popular,"страхование семейного бюджета",92
"семейный бюджет",popular,"планирование и распределение семейного бюджета",91
"семейный бюджет",popular,"семейный бюджет 50 30 20",91
"семейный бюджет",popular,"семейный бюджет бесплатное приложение",90
"семейный бюджет",popular,"оформление семейного бюджета",90
"семейный бюджет",popular,"шаблон семейного бюджета excel",90
"семейный бюджет",popular,"семейный бюджет рассказ",90
"семейный бюджет",popular,"семейный бюджет для школьников",89
"семейный бюджет",popular,"зачем семейный бюджет",89
"семейный бюджет",popular,"список расходов семейного бюджета",89
"семейный бюджет",popular,"семейный бюджет натальи",88
"семейный бюджет",popular,"семейный бюджет егэ",88
"семейный бюджет",popular,"формула семейного бюджета",88
"семейный бюджет",popular,"характеристика семейного бюджета",88
"семейный бюджет",popular,"общество семейный бюджет",87
"семейный бюджет",popular,"семейный бюджет стран",86
"семейный бюджет",popular,"семейный бюджет презентация 3",86
"семейный бюджет",popular,"семейные путешествия на бюджете",85
"семейный бюджет",popular,"семейный бюджет фильм отзывы",84
"семейный бюджет",popular,"описание семейного бюджета",84
"семейный бюджет",popular,"семейный бюджет на 4 человека",84
"семейный бюджет",popular,"составление семейного бюджета обработка",84
"семейный бюджет",popular,"составление семейного бюджета обработка огорода",83
"семейный бюджет",popular,"проект тема семейный бюджет",83
"семейный бюджет",popular,"семейный бюджет семейный доход расходы тетрадей",82
"семейный бюджет",popular,"программа для ведения семейного бюджета",82
"семейный бюджет",popular,"составление семейного бюджета организация семейного отдыха",82
"семейный бюджет",popular,"презентации семейный бюджет 3 класс",81
"семейный бюджет",popular,"говядина гост семейный бюджет",81
"семейный бюджет",popular,"метод конвертов в семейном бюджете",80
"семейный бюджет",popular,"для чего нужен семейный бюджет",80
"семейный бюджет",popular,"семейный бюджет 2021 отзывы",80
"семейный бюджет",popular,"таблица ведения семейного бюджета скачать",80
"семейный бюджет",popular,"проблема семейный бюджет",79
"семейный бюджет",popular,"схема состав полученного дохода в семейном бюджете",79
"семейный бюджет",popular,"семейный бюджет в excel бесплатно",79
"семейный бюджет",popular,"семейный бюджет и ведение хозяйства",79
"семейный бюджет",popular,"семейный бюджет говядина высший сорт",79
"семейный бюджет",popular,"семейный бюджет фильм 2021 отзывы",78
"семейный бюджет",popular,"тема семейный бюджет 3 класс",78
"семейный бюджет",popular,"семейный бюджет в excel скачать бесплатно",77
"семейный бюджет",popular,"конспект урока семейный бюджет",77
"семейный бюджет",popular,"на чем можно сэкономить семейный бюджет пенсионеру",76
"семейный бюджет",popular,"ведение семейного бюджета скачать бесплатно",76
"семейный бюджет",popular,"информации семейный бюджет",75
"семейный бюджет",popular,"шаблон таблицы для ведения семейного бюджета",74
"семейный бюджет",popular,"как инфляция влияет на семейный бюджет",74
"семейный бюджет",popular,"таблицы расходов семейного бюджета образец",73
"семейный бюджет",popular,"семейный бюджет дошкольникам",73
"семейный бюджет",popular,"какие типы семейного бюджета",73
"семейный бюджет",popular,"свинина семейный бюджет",73
"семейный бюджет",popular,"семейный бюджет тетушки совы",73
"семейный бюджет",popular,"семейный бюджет в парах",73
"семейный бюджет",popular,"семейный бюджет презентация по финансовой грамотности",72
"семейный бюджет",popular,"методики планирования семейного бюджета",72
"семейный бюджет",popular,"семейный бюджет программа бесплатно",72
"семейный бюджет",popular,"основные статьи семейного бюджета",72
"семейный бюджет",popular,"семейный бюджет эксель скачать",71
"семейный бюджет",popular,"говядина тушеная семейный бюджет гост",71
"семейный бюджет",popular,"оптимизацией расходов семейного бюджета",70
"семейный бюджет",popular,"нарисовать семейный бюджет",70
"семейный бюджет",popular,"как сформировать семейный бюджет",69
"семейный бюджет",popular,"семейный бюджет видеоурок",69
"семейный бюджет",popular,"факторы семейного бюджета",69
"семейный бюджет",popular,"таблица для расчета семейного бюджета",68
"семейный бюджет",popular,"как тратить семейный бюджет",68
"семейный бюджет",popular,"семейный бюджет представляет собой",68
"семейный бюджет",popular,"семейный бюджет какая функция",68
"семейный бюджет",popular,"плюсы и минусы семейного бюджета",68
"семейный бюджет",popular,"ведем семейный бюджет таблица",67
"семейный бюджет",popular,"тест семейный бюджет 3",67
"семейный бюджет",popular,"распределение семейного бюджета по конвертам",67
"семейный бюджет",popular,"что входит в семейный бюджет",67
"семейный бюджет",popular,"распределение денег семейного бюджета",66
"семейный бюджет",popular,"простоквашино семейный бюджет",65
"семейный бюджет",popular,"прости меня семейный бюджет",65
"семейный бюджет",popular,"что значит семейный бюджет",65
"семейный бюджет",popular,"семейный бюджет суд",64
"семейный бюджет",popular,"табличка семейного бюджета",64
"семейный бюджет",popular,"составить семейный бюджет финансовая грамотность",63
"семейный бюджет",popular,"калькулятор семейного бюджета",63
"семейный бюджет",popular,"технология 8 технология построения семейного бюджета",63
"семейный бюджет",popular,"семейный бюджет кино",63
"семейный бюджет",popular,"защита семейного бюджета",63
"семейный бюджет",popular,"семейный бюджет обсуждение",63
"семейный бюджет",popular,"обязательные статьи расходов семейного бюджета",63
"семейный бюджет",popular,"пример планирования семейного бюджета",63
"семейный бюджет",popular,"рабочие листы семейный бюджет",62
"семейный бюджет",popular,"не веду семейный бюджет",62
"семейный бюджет",popular,"готовый семейный бюджет на месяц",62
"семейный бюджет",popular,"посчитать семейный бюджет",62
"семейный бюджет",popular,"семейный бюджет это 3 класс",62
"семейный бюджет",popular,"скачать бесплатно таблицу семейного бюджета excel",62
"семейный бюджет",popular,"говядина тушеная высший сорт семейный бюджет",61
"семейный бюджет",popular,"семейный бюджет дзен",61
"семейный бюджет",popular,"семейный бюджет ведение домашнего хозяйства",60
"семейный бюджет",popular,"разумный семейный бюджет",60
"семейный бюджет",popular,"основные траты семейного бюджета",59
"семейный бюджет",popular,"презентация на тему семейный бюджет",59
"семейный бюджет",popular,"таблица семейного бюджета на месяц готовая",59
"семейный бюджет",popular,"как спланировать семейный бюджет",59
"семейный бюджет",popular,"таблицы для ведения семейного бюджета скачать бесплатно",58
"семейный бюджет",popular,"ведение семейного бюджета в excel скачать бесплатно",58
"семейный бюджет",popular,"семейный бюджет в эксель шаблон",58
"семейный бюджет",popular,"методы планирования семейного бюджета",58
"семейный бюджет",popular,"задачи по финансовой грамотности семейный бюджет",57
"семейный бюджет",popular,"семейный бюджет как лучше",57
"семейный бюджет",popular,"сохранение семейного бюджета",57
"семейный бюджет",popular,"настольная игра семейный бюджет",57
"семейный бюджет",popular,"кодекс семейного бюджета",56
"семейный бюджет",popular,"сделать таблицу семейного бюджета",56
"семейный бюджет",popular,"семейный бюджет обзор",56
"семейный бюджет",popular,"говядина высший сорт гост семейный бюджет",56
"семейный бюджет",popular,"семейный бюджет говядина тушеная гост высший",56
"семейный бюджет",popular,"семейный бюджет говядина тушеная гост высший сорт",56
"семейный бюджет",popular,"итоги семейного бюджета",55
"семейный бюджет",popular,"типы расходов семейного бюджета",55
"семейный бюджет",popular,"таблица ведения расходов и доходов семейного бюджета",55
"семейный бюджет",popular,"финансовая игра семейный бюджет",55
"семейный бюджет",popular,"семейный бюджет история",55
"семейный бюджет",popular,"семейный бюджет какая функция семьи",54
"семейный бюджет",popular,"контролировать семейный бюджет",54
"семейный бюджет",popular,"контролируем семейный бюджет",54
"семейный бюджет",popular,"как составить расходы семейного бюджета",54
"семейный бюджет",popular,"куда уходит семейный бюджет",53
"семейный бюджет",popular,"савелий крамаров семейный бюджет",53
"семейный бюджет",popular,"образец таблицы доходов и расходов семейного бюджета",53
"семейный бюджет",popular,"технология построения семейного бюджета технология 8 класс",53
"семейный бюджет",popular,"семейный бюджет при разводе",53
"семейный бюджет",popular,"копилка семейный бюджет",53
"семейный бюджет",popular,"правила ведения семейного бюджета",53
"семейный бюджет",popular,"фонды семейного бюджета",52
"семейный бюджет",popular,"программа расхода семейного бюджета",52
"семейный бюджет",popular,"говядина тушеная семейный бюджет отзывы",52
"семейный бюджет",popular,"тушенка семейный бюджет отзывы говядина",52
"семейный бюджет",popular,"расходы семейного бюджета 3 класс",51
"семейный бюджет",popular,"шаблон таблица для семейного бюджета excel",51
"семейный бюджет",popular,"как вести семейный бюджет таблица",51
"семейный бюджет",popular,"годовой семейный бюджет",51
"семейный бюджет",popular,"система конвертов семейный бюджет cash envelope",51
"семейный бюджет",popular,"семейный бюджет финансовая грамотность 3 класс",51
"семейный бюджет",popular,"лучшее приложение семейный бюджет",51
"семейный бюджет",popular,"деловой семейный бюджет",51
"семейный бюджет",popular,"сохраняем семейный бюджет",50
"семейный бюджет",popular,"ведение семейного бюджета в excel шаблон",50
"семейный бюджет",popular,"грамотное ведение семейного бюджета",50
"семейный бюджет",popular,"смешанный семейный бюджет",50
"семейный бюджет",popular,"семейный бюджет в тетради таблица",50
"семейный бюджет",popular,"материалы семейный бюджет",49
"семейный бюджет",popular,"тест семейный бюджет ответы",49
"семейный бюджет",popular,"семейный бюджет текст",49
"семейный бюджет",popular,"игра семейный бюджет финансовая грамотность",49
"семейный бюджет",popular,"семейный бюджет учебник",49
"семейный бюджет",popular,"семейный бюджет сериал",49
"семейный бюджет",popular,"уральские пельмени семейный бюджет 2026",49
"семейный бюджет",popular,"семейный бюджет тест 3 класс",48
"семейный бюджет",popular,"семейный бюджет презентация 5 класс",48
"семейный бюджет",popular,"муж ведет семейный бюджет",48
"семейный бюджет",popular,"уроки тетушки совы семейный бюджет",47
"семейный бюджет",popular,"таблица расходов семейного бюджета в тетради",47
"семейный бюджет",popular,"семейный бюджет кошелек",47
"семейный бюджет",popular,"фото семейного бюджета",47
"семейный бюджет",popular,"семейный бюджет картинки для презентации",46
"семейный бюджет",popular,"таблица в эксель для учета семейного бюджета",46
"семейный бюджет",popular,"планировщик семейного бюджета",46
"семейный бюджет",popular,"беседа семейный бюджет",45
"семейный бюджет",popular,"мероприятия по оптимизации семейного бюджета",45
"семейный бюджет",popular,"семейный бюджет тушенка говяжья отзывы",45
"семейный бюджет",popular,"функции доходов и расходов семейного бюджета",45
"семейный бюджет",popular,"доля в семейном бюджете",44
"семейный бюджет",popular,"скачать таблицу эксель семейного бюджета",44
"семейный бюджет",popular,"как оформить семейный бюджет",44
"семейный бюджет",popular,"семейный бюджет график",44
"семейный бюджет",popular,"правильно составлять семейный бюджет",43
"семейный бюджет",popular,"расходование семейного бюджета",43
"семейный бюджет",popular,"форматы семейного бюджета",43
"семейный бюджет",popular,"гугл таблица для семейного бюджета",43
"семейный бюджет",popular,"как рассчитать семейный бюджет на месяц",42
"семейный бюджет",popular,"введение семейного бюджета",42
"семейный бюджет",popular,"типы источников доходов семейного бюджета",42
"семейный бюджет",popular,"как организовать семейный бюджет",42
"семейный бюджет",popular,"деловая игра семейный бюджет",42
"семейный бюджет",popular,"семейный бюджет файл",42
"семейный бюджет",popular,"семейный бюджет молодой семьи",41
"семейный бюджет",popular,"общий совместный семейный бюджет",41
"семейный бюджет",popular,"семейный бюджет огэ",41
"семейный бюджет",popular,"рассчитываем семейный бюджет",41
"семейный бюджет",popular,"приложение для учета семейного бюджета",41
"семейный бюджет",popular,"семейный бюджет таблица расходов и доходов эксель",41
"семейный бюджет",popular,"сокращение семейного бюджета",41
"семейный бюджет",popular,"японская система ведения семейного бюджета",40
"семейный бюджет",popular,"семейный бюджет песни",40
"семейный бюджет",popular,"семейный бюджет мама и жена видео",40
"семейный бюджет",popular,"комедия семейный бюджет",40
"семейный бюджет",popular,"таблица семейного бюджета на год",40
"семейный бюджет",popular,"семейный бюджет попов",39
"семейный бюджет",popular,"семейный бюджет трейлер",39
"семейный бюджет",popular,"окружающий мир тест семейный бюджет",39
"семейный бюджет",popular,"семейный бюджет тест 3 класс окружающий",39
"семейный бюджет",popular,"планирование семейного бюджета функция семьи",39
"семейный бюджет",popular,"распределить семейный бюджет на месяц",39
"семейный бюджет",popular,"варианты ведения семейного бюджета",39
"семейный бюджет",popular,"таблица распределения семейного бюджета",39
"семейный бюджет",popular,"семейный бюджет актеры и роли",39
"семейный бюджет",popular,"сообщение на тему семейный бюджет",39
"семейный бюджет",popular,"как строить семейный бюджет",39
"семейный бюджет",popular,"тушенка семейный бюджет купить",39
"семейный бюджет",popular,"как оптимизировать семейный бюджет",39
"семейный бюджет",popular,"составить домашний семейный бюджет",39
"семейный бюджет",popular,"доклад на тему семейный бюджет",38
"семейный бюджет",popular,"личный и семейный бюджет финансовое планирование лекция",38
"семейный бюджет",popular,"учет семейного бюджета excel",38
"семейный бюджет",popular,"как вести семейный бюджет правильно планировать",38
"семейный бюджет",popular,"планер семейного бюджета",38
"семейный бюджет",popular,"методы ведения семейного бюджета",38
"семейный бюджет",popular,"категории трат семейного бюджета",38
"семейный бюджет",popular,"нужен ли семейный бюджет",38
"семейный бюджет",popular,"kakebo японская система ведения семейного бюджета",38
"семейный бюджет",popular,"систему ведения семейного бюджета kakebo",38
"семейный бюджет",popular,"семейный бюджет посмотреть",37
"семейный бюджет",popular,"как формировать семейный бюджет",37
"семейный бюджет",popular,"расскажите о структуре семейного бюджета",37
"семейный бюджет",popular,"арсений попов семейный бюджет",37
"семейный бюджет",popular,"семейный бюджет арсений",37
"семейный бюджет",popular,"подсчет семейного бюджета",37
"семейный бюджет",popular,"семейный бюджет передача",37
"семейный бюджет",popular,"шаблон семейного бюджета гугл таблицы",37
"семейный бюджет",popular,"как планировать семейный бюджет на месяц",36
"семейный бюджет",popular,"семейный бюджет 2021 смотреть",36
"семейный бюджет",popular,"смотреть фильмы 2021 семейный бюджет",36
"семейный бюджет",popular,"занятие на тему семейный бюджет",36
"семейный бюджет",popular,"наталия семейный бюджет",36
"семейный бюджет",popular,"план по теме семейный бюджет",36
"семейный бюджет",popular,"пример таблицы доходов и расходов семейного бюджета",35
"семейный бюджет",popular,"семейный бюджет по другому",35
"семейный бюджет",popular,"как правильно вести семейный бюджет таблица",35
"семейный бюджет",popular,"конспект по теме семейный бюджет",35
"семейный бюджет",popular,"рациональное ведение семейного бюджета",35
"семейный бюджет",popular,"семейная экономика потребности ресурсы семейный бюджет",35
"семейный бюджет",popular,"образец тетради семейного бюджета",35
"семейный бюджет",popular,"как распоряжаться семейным бюджетом",34
"семейный бюджет",popular,"что относится к доходам семейного бюджета",34
"семейный бюджет",popular,"как делить семейный бюджет",34
"семейный бюджет",popular,"как расписать семейный бюджет",34
"семейный бюджет",popular,"зарплата мужа семейный бюджет зарплата жены",34
"семейный бюджет",popular,"пк семейный бюджет",33
"семейный бюджет",popular,"семейный бюджет это простыми словами для детей",33
"семейный бюджет",popular,"семейный бюджет 6 класс финансовая грамотность презентация",33
"семейный бюджет",popular,"система конвертов для семейного бюджета",33
"семейный бюджет",popular,"занятие по финансовой грамотности семейный бюджет",33
"семейный бюджет",popular,"программы для ведения семейного бюджета бесплатные",33
"семейный бюджет",popular,"диаграммы показывающие семейный бюджет",32
"семейный бюджет",popular,"семейный бюджет тушенка свинина",32
"семейный бюджет",popular,"произвольные расходы семейного бюджета",32
"семейный бюджет",popular,"семейный бюджет егэ обществознание",32
"семейный бюджет",popular,"статьи расходов семейного бюджета список",32
"семейный бюджет",popular,"программа расходов и доходов семейного бюджета",31
"семейный бюджет",popular,"семейный бюджет ассоциации",31
"семейный бюджет",popular,"задача про семейный бюджет",31
"семейный бюджет",popular,"свинина тушеная семейный бюджет",31
"семейный бюджет",popular,"презентация окружающий 3 класс семейный бюджет",31
"семейный бюджет",popular,"совместный труд семейный бюджет",31
"семейный бюджет",popular,"видеоролик семейный бюджет",31
"семейный бюджет",popular,"семейный бюджет практика",31
"семейный бюджет",popular,"семейный бюджет ии",31
"семейный бюджет",popular,"семейный бюджет как распределять деньги",31
"семейный бюджет",popular,"как разделить семейный бюджет",31
"семейный бюджет",popular,"планирование семейного бюджета приложение",30
"семейный бюджет",popular,"таблица для учета расходов семейного бюджета",30
"семейный бюджет",popular,"свинина семейный бюджет отзывы",30
"семейный бюджет",popular,"семейный бюджет андроид",30
"семейный бюджет",popular,"семейный бюджет где снимали",30
"семейный бюджет",popular,"тест по окружающему семейный бюджет",30
"семейный бюджет",popular,"как вести семейный бюджет в тетради",30
"семейный бюджет",popular,"онлайн семейный бюджет 2021",30
"семейный бюджет",popular,"семейный бюджет 2021 бесплатно",30
"семейный бюджет",popular,"семейный бюджет 2021 онлайн бесплатно",30
"семейный бюджет",popular,"семейный бюджет 2021 смотреть бесплатно",30
"семейный бюджет",popular,"семейный бюджет 2021 смотреть онлайн",30
"семейный бюджет",popular,"семейный бюджет 2021 смотреть онлайн бесплатно",30
"семейный бюджет",popular,"семейный бюджет фильм 2021 онлайн бесплатно",30
"семейный бюджет",popular,"смотреть бесплатно фильмы 2021 семейный бюджет",30
"семейный бюджет",popular,"фильм семейный бюджет 2021 бесплатно",30
"семейный бюджет",popular,"фильм семейный бюджет 2021 онлайн",30
"семейный бюджет",popular,"фильмы 2021 семейный бюджет смотреть онлайн",30
"семейный бюджет",popular,"семейный бюджет видео для детей",30
"семейный бюджет",popular,"презентация окружающий мир семейный бюджет",30
"семейный бюджет",popular,"дашборд семейного бюджета",30
"семейный бюджет",popular,"журнал семейный бюджет",30
"семейный бюджет",popular,"примеры ведения семейного бюджета",30
"семейный бюджет",popular,"семейный бюджет google",29
"семейный бюджет",popular,"семейный бюджет распечатать",29
"семейный бюджет",popular,"общий семейный бюджет это как",29
"семейный бюджет",popular,"дайте определение понятию семейный бюджет",29
"семейный бюджет",popular,"семейный бюджет урок 3 класс",29
"семейный бюджет",popular,"сокращение расходов семейного бюджета",29
"семейный бюджет",popular,"семейный бюджет распределение денег по конвертам",29
"семейный бюджет",popular,"правила экономии семейного бюджета",29
"семейный бюджет",popular,"лучшее приложение для ведения семейного бюджета",29
"семейный бюджет",popular,"распределение семейного бюджета на месяц",29
"семейный бюджет",popular,"наталия семейный бюджет и экономия",29
"семейный бюджет",popular,"личный и семейный бюджет финансовое планирование презентация",29
"семейный бюджет",popular,"семейный бюджет фильм где снимали",29
"семейный бюджет",popular,"семейный бюджет фильм арсений попов",29
"семейный бюджет",popular,"паштет семейный бюджет",29
"семейный бюджет",popular,"планирование семейного бюджета на месяц таблица",29
"семейный бюджет",popular,"как распланировать семейный бюджет",29
"семейный бюджет",popular,"учет расходов и семейный бюджет в телеграм",29
"семейный бюджет",popular,"семейный бюджет фильм 2021 видео",28
"семейный бюджет",popular,"как распределяется семейный бюджет",28
"семейный бюджет",popular,"распределить семейный бюджет таблица",28
"семейный бюджет",popular,"тетрадь для ведения семейного бюджета",28
"семейный бюджет",popular,"как сократить семейный бюджет",28
"семейный бюджет",popular,"план семейный бюджет егэ",28
"семейный бюджет",popular,"психологи семейный бюджет",28
"семейный бюджет",popular,"семейный бюджет сайт",28
"семейный бюджет",popular,"рисунок на тему семейный бюджет",28
"семейный бюджет",popular,"как рассчитать семейный бюджет на месяц таблица",27
"семейный бюджет",popular,"шаблон расходов и доходов семейного бюджета",27
"семейный бюджет",popular,"семейный бюджет фильм скачать",27
"семейный бюджет",popular,"семейный бюджет сбербанк",27
"семейный бюджет",popular,"как сократить расходы семейного бюджета",27
"семейный бюджет",popular,"табличка расходов и доходов семейного бюджета",27
"семейный бюджет",popular,"сценарии семейный бюджет",27
"семейный бюджет",popular,"как грамотно вести семейный бюджет",26
"семейный бюджет",popular,"моя помощь мужу в семейном бюджете",26
"семейный бюджет",popular,"экономические функции домохозяйств семейный бюджет",26
"семейный бюджет",popular,"гугл таблицы для ведения семейного бюджета",26
"семейный бюджет",popular,"шаблон семейный бюджет скачать",25
"семейный бюджет",popular,"циклические расходы семейного бюджета",25
"семейный бюджет",popular,"семейный бюджет на компьютере",25
"семейный бюджет",popular,"правила распределения семейного бюджета",25
"семейный бюджет",popular,"окружающий мир тема семейный бюджет",25
"семейный бюджет",popular,"как составить семейный бюджет на месяц таблица",25
"семейный бюджет",popular,"семейный бюджет консервы",25
"семейный бюджет",popular,"уральские пельмени грош земли семейный бюджет",25
"семейный бюджет",popular,"семейный бюджет сюжет",25
"семейный бюджет",popular,"как вести семейный бюджет с мужем",24
"семейный бюджет",popular,"долевой семейный бюджет это",24
"семейный бюджет",popular,"почему нужно планировать семейный бюджет",24
"семейный бюджет",popular,"какой должен быть семейный бюджет",24
"семейный бюджет",popular,"учет семейного бюджета бесплатно",24
"семейный бюджет",popular,"таблица эксель семейный бюджет скачать бесплатно",24
"семейный бюджет",popular,"смешарики семейный бюджет",24
"семейный бюджет",popular,"как планировать семейный бюджет финансовая грамотность",24
"семейный бюджет",popular,"как распределить семейный бюджет на месяц таблица",23
"семейный бюджет",popular,"презентация семейный бюджет 7 класс",23
"семейный бюджет",popular,"как научиться вести семейный бюджет",23
"семейный бюджет",popular,"простоквашино финансовая грамотность семейный бюджет",23
"семейный бюджет",popular,"говядина семейный бюджет 500",23
"семейный бюджет",popular,"семейный бюджет читать",23
"семейный бюджет",popular,"семейный бюджет лекция по финансовой грамотности",23
"семейный бюджет",popular,"реклама семейного бюджета",23
"семейный бюджет",popular,"классный час семейный бюджет",22
"семейный бюджет",popular,"как вести тетрадь расхода семейного бюджета",22
"семейный бюджет",popular,"практическая работа по теме семейный бюджет",22
"семейный бюджет",popular,"семейный бюджет огэ обществознание",22
"семейный бюджет",popular,"семейный бюджет по ресторанам",22
"семейный бюджет",popular,"семейный бюджет фильм трейлер",22
"семейный бюджет",popular,"тест онлайн семейный бюджет",22
"семейный бюджет",popular,"виды семейного бюджета обществознание",22
"семейный бюджет",popular,"окружающий мир 3 класс тема семейный бюджет",21
"семейный бюджет",popular,"как вести семейный бюджет в excel",21
"семейный бюджет",popular,"азбука денег тетушки совы семейный бюджет",21
"семейный бюджет",popular,"как вести семейный бюджет правильно с мужем",21
"семейный бюджет",popular,"жена не вкладывается в семейный бюджет",21
"семейный бюджет",popular,"последовательность расходов семейного бюджета",21
"семейный бюджет",popular,"семейный бюджет говядина богатырская по старорусски",21
"семейный бюджет",popular,"отличительные особенности семейного бюджета",21
"семейный бюджет",popular,"научиться экономить семейный бюджет",21
"семейный бюджет",popular,"программа для учета семейного бюджета",21
"семейный бюджет",popular,"говядина семейный бюджет 500г",21
"семейный бюджет",popular,"составить условный семейный бюджет",21
"семейный бюджет",popular,"уральские пельмени сценка про семейный бюджет",20
"семейный бюджет",popular,"как распределить семейный бюджет между супругами правильно",20
"семейный бюджет",popular,"крамаров про семейный бюджет",20
"семейный бюджет",popular,"моя помощь мужу в семейном бюджете видео",20
"семейный бюджет",popular,"семейный бюджет фильм актеры и роли",20
"семейный бюджет",popular,"пример семейного бюджета на месяц",20
"семейный бюджет",popular,"какебо система ведения семейного бюджета",20
"семейный бюджет",popular,"таблица семейного бюджета план факт",20
"семейный бюджет",popular,"как правильно сэкономить семейный бюджет",20
"семейный бюджет",popular,"приложение для семейного бюджета для двоих",20
"семейный бюджет",popular,"семейный бюджет пополам",19
"семейный бюджет",popular,"семейный бюджет говядина тушеная 500",19
"семейный бюджет",popular,"книга учета семейного бюджета",19
"семейный бюджет",popular,"мультфильм уроки тетушки совы семейный бюджет",19
"семейный бюджет",popular,"нарисовать как выглядит семейный бюджет",19
"семейный бюджет",popular,"разделение семейного бюджета",19
"семейный бюджет",popular,"кроссворд на тему семейный бюджет",19
"семейный бюджет",popular,"приложения для ведения семейного бюджета бесплатно",19
"семейный бюджет",popular,"как правильно вести семейный бюджет чтобы сэкономить",19
"семейный бюджет",popular,"малым семейным бюджетом",19
"семейный бюджет",popular,"как лучше вести семейный бюджет",18
"семейный бюджет",popular,"критические ситуации семейного бюджета",18
"семейный бюджет",popular,"источники сбережения семейного бюджета",18
"семейный бюджет",popular,"говядина тушеная семейный бюджет 500г",18
"семейный бюджет",popular,"скачать бесплатно таблицу расходов семейного бюджета",18
"семейный бюджет",popular,"модуль 1 семейный бюджет",18
"семейный бюджет",popular,"общая карта для семейного бюджета",18
"семейный бюджет",popular,"как грамотно распределять семейный бюджет",18
"семейный бюджет",popular,"семейная ипотека какой бюджет",17
"семейный бюджет",popular,"семейный бюджет функциональная грамотность 3 класс презентация",17
"семейный бюджет",popular,"как правильно формировать семейный бюджет",17
"семейный бюджет",popular,"порно семейный бюджет",17
"семейный бюджет",popular,"определить перечень доходов и расходов семейного бюджета",17
"семейный бюджет",popular,"семейный бюджет сбер",16
"семейный бюджет",popular,"тушенка из говядины семейный бюджет",16
"семейный бюджет",popular,"как вести бюджет семейный книги",16
"семейный бюджет",popular,"как сэкономить семейный бюджет реальные советы",16
"семейный бюджет",popular,"сообщество семейный бюджет",16
"семейный бюджет",popular,"оптимальный семейный бюджет",16
"семейный бюджет",popular,"семейный бюджет скачать торрент",16
"семейный бюджет",popular,"семейный бюджет торрентом",16
"семейный бюджет",popular,"таблица расходов и доходов семейного бюджета шаблон",16
"семейный бюджет",popular,"планирование семейного бюджета на год",16
"семейный бюджет",popular,"семейный бюджет 3 класс школа россии",16
"семейный бюджет",popular,"метод 6 конвертов для семейного бюджета",15
"семейный бюджет",popular,"6 серия система конвертов семейный бюджет",15
"семейный бюджет",popular,"финансовый дневник семейного бюджета",15
"семейный бюджет",popular,"что считается семейным бюджетом",15
"семейный бюджет",popular,"семейный бюджет это 3 класс окружающий мир",15
"семейный бюджет",popular,"шкатулка семейный бюджет",15
"семейный бюджет",popular,"программа для расчета семейного бюджета",15
"семейный бюджет",popular,"аналитика семейного бюджета",15
"семейный бюджет",popular,"как сформировать семейный бюджет 6 класс презентация",15
"семейный бюджет",popular,"песня по ресторанам из фильма семейный бюджет",15
"семейный бюджет",popular,"преобладающей статьей расходов в семейном бюджете",15
"семейный бюджет",popular,"как правильно строить семейный бюджет",15
"семейный бюджет",popular,"распределение семейного бюджета в процентах",15
"семейный бюджет",popular,"пословицы и поговорки о семейном бюджете",14
"семейный бюджет",popular,"на чем можно экономить семейный бюджет",14
"семейный бюджет",popular,"как экономить семейный бюджет и откладывать",14
"семейный бюджет",popular,"как экономить семейный бюджет и откладывать деньги",14
"семейный бюджет",popular,"говядина тушеная семейный бюджет купить",14
"семейный бюджет",popular,"семейный бюджет 2024",14
"семейный бюджет",popular,"что относится к активам семейного бюджета",14
"семейный бюджет",popular,"настольная игра origami семейный бюджет",14
"семейный бюджет",popular,"финансовая грамотность плюсы и минусы семейного бюджета",14
"семейный бюджет",popular,"шаблон гугл таблиц для ведения семейного бюджета",14
"семейный бюджет",popular,"рабочие листы семейный бюджет 3 класс",14
"семейный бюджет",popular,"составить семейный подробный бюджет",13
"семейный бюджет",popular,"семейный бюджет картинки для детей",13
"семейный бюджет",popular,"семейный бюджет в декрете",13
"семейный бюджет",popular,"смотреть видео для детей семейный бюджет",13
"семейный бюджет",popular,"семейный бюджет блокнот",13
"семейный бюджет",popular,"отчеты по семейному бюджету",13
"семейный бюджет",popular,"интерактивная игра семейный бюджет",13
"семейный бюджет",popular,"общий или раздельный семейный бюджет",13
"семейный бюджет",popular,"программа семейного бюджета для компьютера",13
"семейный бюджет",popular,"семейный бюджет как правильно распределять деньги",13
"семейный бюджет",popular,"kakebo японская система ведения семейного бюджета скачать",13
"семейный бюджет",popular,"как правильно рассчитать семейный бюджет",13
"семейный бюджет",popular,"технология 8 класс тема семейный бюджет",13
"семейный бюджет",popular,"у кого должен быть семейный бюджет",13
"семейный бюджет",popular,"фильм семейный бюджет содержание",12
"семейный бюджет",popular,"кредит и его роль в семейном бюджете",12
"семейный бюджет",popular,"как вести семейный бюджет в эксель",12
"семейный бюджет",popular,"уральские пельмени смотреть семейный бюджет",12
"семейный бюджет",popular,"журнал расходов семейного бюджета",12
"семейный бюджет",popular,"главпродукт семейный бюджет",12
"семейный бюджет",popular,"сообщение из чего складывается ваш семейный бюджет",12
"семейный бюджет",popular,"психология семейного бюджета",12
"семейный бюджет",popular,"файл для ведения семейного бюджета excel",12
"семейный бюджет",popular,"как правильно распоряжаться семейным бюджетом",12
"семейный бюджет",popular,"распределение семейного бюджета на месяц таблица",12
"семейный бюджет",popular,"планировка семейного бюджета",12
"семейный бюджет",popular,"семейный бюджет табличный",12
"семейный бюджет",popular,"88 система конвертов семейный бюджет денежные конверты",11
"семейный бюджет",popular,"сгущенка семейный бюджет",11
"семейный бюджет",popular,"реферат на тему семейный бюджет",11
"семейный бюджет",popular,"план семейного бюджета на месяц образец",11
"семейный бюджет",popular,"семейный бюджет свинина тушеная отзывы",11
"семейный бюджет",popular,"семейный бюджет мкк",11
"семейный бюджет",popular,"дидактическая игра семейный бюджет",11
"семейный бюджет",popular,"как планировать семейный бюджет на месяц таблица",11
"семейный бюджет",popular,"семейный бюджет определение 3 класс",11
"семейный бюджет",popular,"жена не вкладывается в семейный бюджет форум",11
"семейный бюджет",popular,"состав семейного бюджета 5 класс",11
"семейный бюджет",popular,"конкурс семейный бюджет на свадьбу",11
"семейный бюджет",popular,"савелий крамаров про семейный бюджет",11
"семейный бюджет",popular,"надпись семейный бюджет",10
"семейный бюджет",popular,"советы по экономии семейного бюджета",10
"семейный бюджет",popular,"лучшая программа семейного бюджета",10
"семейный бюджет",popular,"семейный бюджет 2 класс презентация",10
"семейный бюджет",popular,"семейный бюджет фильм сюжет",10
"семейный бюджет",popular,"как грамотно вести семейный бюджет 4 класс",10
"семейный бюджет",popular,"семейный бюджет план егэ обществознание",10
"семейный бюджет",popular,"практическая работа семейный бюджет ситуации",10
"семейный бюджет",popular,"финансовая грамотность способ сохранения семейного бюджета",10
"семейный бюджет",popular,"говядина тушеная семейный бюджет 500г отзывы",9
"семейный бюджет",popular,"мои правила эффективного семейного бюджета",9
"семейный бюджет",popular,"размер подушки безопасности в семейном бюджете",9
"семейный бюджет",popular,"семейный бюджет фильм 2016",9
"семейный бюджет",popular,"как правильно распределить семейный бюджет таблица",9
"семейный бюджет",popular,"семейный бюджет 3.1 0.3 lite",9
"семейный бюджет",popular,"1с семейный бюджет",9
"семейный бюджет",popular,"семейный бюджет простоквашино ролик",9
"семейный бюджет",popular,"книги по работе с семейным бюджетом",9
"семейный бюджет",popular,"бэбиблог семейный бюджет",9
"семейный бюджет",popular,"ведение семейного бюджета по конвертам таблицы",9
"семейный бюджет",popular,"шаблон семейный бюджет с дашбордом от excelhack",9
"семейный бюджет",popular,"мультфильм азбука денег тетушки совы семейный бюджет",9
"семейный бюджет",popular,"семейный бюджет фильм 2021 трейлер",8
"семейный бюджет",popular,"как инфляция влияет на семейный бюджет кратко",8
"семейный бюджет",popular,"какие есть методики планирования семейного бюджета",8
"семейный бюджет",popular,"распределение денег по конвертам наталья семейный бюджет",8
"семейный бюджет",popular,"как создать семейный бюджет правильно",8
"семейный бюджет",popular,"как правильно разделить семейный бюджет",8
"семейный бюджет",popular,"расчет семейного бюджета в таблице за месяц",8
"семейный бюджет",popular,"схема распределения семейного бюджета",8
"семейный бюджет",popular,"программа для планирования семейного бюджета",8
"семейный бюджет",popular,"кто должен распоряжаться семейным бюджетом",8
"семейный бюджет",popular,"азбука финансовой грамотности о семейном бюджете",8
"семейный бюджет",popular,"экономить семейный бюджет форум",8
"семейный бюджет",popular,"простая табличка расходов и доходов семейного бюджета",8
"семейный бюджет",popular,"программа для подсчета семейного бюджета",8
"семейный бюджет",popular,"система конвертов семейный бюджет cash envelope 3",7
"семейный бюджет",popular,"отзывы покупателей автоклав экономит семейный бюджет или",7
"семейный бюджет",popular,"экономия семейного бюджета дзен",7
"семейный бюджет",popular,"как спланировать семейный бюджет на месяц таблица",7
"семейный бюджет",popular,"говядина семейный бюджет цена",7
"семейный бюджет",popular,"скачать бесплатно мультфильм на тему семейный бюджет",7
"семейный бюджет",popular,"как распланировать бюджет на месяц таблица семейный",7
"семейный бюджет",popular,"как оптимизировать расходы семейного бюджета",7
"семейный бюджет",popular,"что является основой семейного бюджета",7
"семейный бюджет",popular,"мяфли акульчев бжу семейный бюджет",7
"семейный бюджет",popular,"грамотное распределение семейного бюджета",7
"семейный бюджет",popular,"виды семейного бюджета обществознание огэ",7
"семейный бюджет",popular,"учимся экономить семейный бюджет",7
"семейный бюджет",popular,"4 конверта для семейного бюджета",7
"семейный бюджет",popular,"как сэкономить семейный бюджет фильм для школьников",7
"семейный бюджет",popular,"семейный бюджет 3 класс плешаков",6
"семейный бюджет",popular,"семейный бюджет плешаков",6
"семейный бюджет",popular,"учимся рассчитывать семейный бюджет технология 8 класс",6
"семейный бюджет",popular,"как вести бюджет семейный книги скачать",6
"семейный бюджет",popular,"таблица семейного бюджета на месяц готовая excel",6
"семейный бюджет",popular,"наталья семейный бюджет и экономия",6
"семейный бюджет",popular,"92 система конвертов семейный бюджет денежные конверты",6
"семейный бюджет",popular,"видео распоряжение семейным бюджетом",6
"семейный бюджет",popular,"приложение для двоих вести семейный бюджет",6
"семейный бюджет",popular,"экономия семейного бюджета и времени отзывы опыт",6
"семейный бюджет",popular,"распределить в процентах затраты семейного бюджета",6
"семейный бюджет",popular,"контроль расходов семейного бюджета для всей семьи",6
"семейный бюджет",popular,"калькулятор семейного бюджета онлайн",6
"семейный бюджет",popular,"категории расходов семейного бюджета основные группы",6
"семейный бюджет",popular,"конкурс семейный бюджет на свадьбу с банками",6
"семейный бюджет",popular,"эволюция жж семейный бюджет",6
"семейный бюджет",popular,"краморов о семейном бюджете",6
"семейный бюджет",popular,"калькулятор семейного бюджета на месяц",6
"семейный бюджет",popular,"меню для экономии семейного бюджета на неделю",5
"семейный бюджет",popular,"семейный бюджет контрольная работа окружающий 3 класс",5
"семейный бюджет",popular,"план семейного бюджета 6 класс",5
"семейный бюджет",popular,"игровая приставка с дисководом для семейного бюджета",5
"семейный бюджет",popular,"нужен ли раздельный семейный бюджет",5
"семейный бюджет",popular,"книга роль денег в семейном бюджете pdf",5
"семейный бюджет",popular,"финграм игра семейный бюджет",5
"семейный бюджет",popular,"копилка разделение семейного бюджета",5
"семейный бюджет",popular,"учет семейного бюджета в excel скачать бесплатно",5
"семейный бюджет",popular,"жесткая экономия семейного бюджета",5
"семейный бюджет",popular,"смешарики по финансовой грамотности семейный бюджет",5
"семейный бюджет",popular,"семейный бюджет окружающий мир плешаков",5
"семейный бюджет",popular,"закон энгеля применить к семейному бюджету",5
"семейный бюджет",popular,"пробоина в семейном бюджете 5 букв сканворд",5
"семейный бюджет",popular,"где снимался фильм семейный бюджет",5
"семейный бюджет",popular,"составить таблицу семейного бюджета сделать диаграмму",5
"семейный бюджет",popular,"типы семейного бюджета огэ обществознание",5
"семейный бюджет",popular,"экономика и дом основы семейного бюджета",5
"семейный бюджет",popular,"семейный бюджет фильм актеры и роли фото",5
"семейный бюджет",popular,"семейный бюджет шримад бхагавад",5
"семейный бюджет",popular,"семейный бюджет фильм 2021 арсений попов",5
"семейный бюджет",popular,"уральские пельмени сюжет по семейный бюджет",5
"семейный бюджет",popular,"день сурка в семейном бюджете красникова смотреть",5
"семейный бюджет",popular,"книга для записей семейного бюджета",5
"семейный бюджет",popular,"говядина тушеная семейный бюджет цена",5
"семейный бюджет",popular,"модель управления семейным бюджетом саидмурод давлатов",5
"семейный бюджет",popular,"правила экономии семейного бюджета пенсионерам",5
"семейный бюджет",popular,"семейный бюджет распределение 50000 рублей",5
"семейный бюджет",popular,"топ книги о семейном бюджете",5
"семейный бюджет",popular,"чумара считаются семейным бюджетом",5
"семейный бюджет",popular,"10 правил экономии семейного бюджета",5
"семейный бюджет",popular,"крамаров о семейном бюджете видео",4
"семейный бюджет",popular,"пропорциональный семейный бюджет",4
"семейный бюджет",popular,"пример таблицы семейного бюджета в эксель",4
"муж и деньги",popular,"муж и деньги",38874
"муж и деньги",popular,"деньги мужа и жены",9496
"муж и деньги",popular,"свекровь и деньги мужа",4193
"муж и деньги",popular,"ребенок мужа и деньги",3253
"муж и деньги",popular,"мужа и деньги хочешь",2810
"муж и деньги",popular,"за деньги порно муж и",1488
"муж и деньги",popular,"муж и деньги в семье",1443
"муж и деньги",popular,"бывшие дети мужа и деньги",1288
"муж и деньги",popular,"сестра мужа и деньги",923
"муж и деньги",popular,"секс деньги и муж",865
"муж и деньги",popular,"осталась без мужа и без денег",865
"муж и деньги",popular,"я муж и я заработаю деньги",840
"муж и деньги",popular,"муж и жена деньги порно",667
"муж и деньги",popular,"секс муж и жену деньги",611
"муж и деньги",popular,"жена и муж на деньги дал",555
"муж и деньги",popular,"деньги и родители мужа",535
"муж и деньги",popular,"брат мужа и деньги",468
"муж и деньги",popular,"без денег мужа и квартиры",311
"муж и деньги",popular,"декрет и деньги мужа",242
"муж и деньги",popular,"ебет за деньги жену и мужа",222
"муж и деньги",popular,"деньги и родственники мужа",210
"муж и деньги",popular,"муж не дает денег и работать",157
"муж и деньги",popular,"уральские пельмени муж и жена деньги",156
"муж и деньги",popular,"к чему снится муж и деньги",140
"муж и деньги",popular,"муж и жена за деньги видео",129
"муж и деньги",popular,"песня и деньги мужа",129
"муж и деньги",popular,"муж оставил деньги и ушел",127
"муж и деньги",popular,"снял за деньги мужа и жену",123
"муж и деньги",popular,"муж и жена брали деньги",115
"муж и деньги",popular,"улица за деньги жена и муж",106
"муж и деньги",popular,"русский муж и жена деньгами порно",103
"муж и деньги",popular,"где деньги муж и дети",102
"муж и деньги",popular,"муж и жена ради денег",97
"муж и деньги",popular,"за деньги изменила мужу и",94
"муж и деньги",popular,"трахнул мужа и жене за деньги",86
"муж и деньги",popular,"порно за денег и муж смотрит",83
"муж и деньги",popular,"порно предлагайте деньги жену и мужа",81
"муж и деньги",popular,"жена и муж деньгами трахает",78
"муж и деньги",popular,"муж забирает деньги и уходит",75
"муж и деньги",popular,"муж забрал деньги и ушел",75
"муж и деньги",popular,"видео секс деньги муж и жена",74
"муж и деньги",popular,"уральские пельмени муж и жена про деньги",64
"муж и деньги",popular,"выебали жену и мужа за деньги",55
"муж и деньги",popular,"муж ушел и не дает деньги",54
"муж и деньги",popular,"хотела забрать мужа и его деньги",52
"муж и деньги",popular,"русски жена и муж секс деньги",51
"муж и деньги",popular,"муж ушел и оставил без денег",47
"муж и деньги",popular,"муж занял денег и не отдает",46
"муж и деньги",popular,"муж и жена сосут за деньги",45
"муж и деньги",popular,"ислам деньги мужа и деньги жены",43
"муж и деньги",popular,"муж развелся и забрал деньги",41
"муж и деньги",popular,"предложил мужу деньги и выебал жену",40
"муж и деньги",popular,"уговорили мужа и жену за деньги",38
"муж и деньги",popular,"муж зарабатывает и не дает деньги",38
"муж и деньги",popular,"дал деньги мужу и трахнул",36
"муж и деньги",popular,"порно за деньги пара и мужа",35
"муж и деньги",popular,"пикапер муж и жена деньги",33
"муж и деньги",popular,"муж не работает и просит деньги",32
"муж и деньги",popular,"видеть во сне мужа и деньги",30
"муж и деньги",popular,"чешские жена и муж за деньги",28
"муж и деньги",popular,"секс муж и жена ради деньги",28
"муж и деньги",popular,"песня и тратить деньги мужа",28
"муж и деньги",popular,"переродилась и выбрала деньги но холодный муж",27
"муж и деньги",popular,"муж забрал все деньги и уехал",26
"муж и деньги",popular,"порно с мужем и сексом за деньги",26
"муж и деньги",popular,"родня мужа и мои деньги",24
"муж и деньги",popular,"муж и жена кастинг деньги",24
"муж и деньги",popular,"секс муж и друг деньги",23
"муж и деньги",popular,"жена и муж за деньги трахается",23
"муж и деньги",popular,"муж и жена изменяет за деньги",22
"муж и деньги",popular,"за деньги секс занимаются мужа и жена",22
"муж и деньги",popular,"песня про мужа и деньги",19
"муж и деньги",popular,"дал деньги мужу и трахнул его жену",18
"муж и деньги",popular,"секс мужу и женой за деньги согласился",16
"муж и деньги",popular,"порно муж и жена съем за деньги",13
"муж и деньги",popular,"порно бабка за деньги и рядом муж",11
"муж и деньги",popular,"муж и трахает учительницу за деньги",9
"муж и деньги",popular,"муж попрекает едой и деньгами",8
"муж и деньги",popular,"муж просил жене и дочку без денег",8
"муж и деньги",popular,"пикапер трахнул за деньги мужа и жену",7
"муж и деньги",popular,"заговор чтобы привлечь деньгами и к мужу",7
"муж и деньги",popular,"секс муж и жена ради деньги негр",7
"муж и деньги",popular,"маша и миша мурашина деньги мужа",6
"муж и деньги",popular,"муж отбирает деньги и заставляет работать проституткой",5
"муж и деньги",popular,"порно фильм жене и мужу нужны деньги",5
"муж и деньги",popular,"слушать и скачать песню деньги мужа",5
"зарплата женщины",popular,"зарплата женщины",10315
"зарплата женщины",popular,"высокая зарплата для женщин",860
"зарплата женщины",popular,"средняя зарплата женщины",598
"зарплата женщины",popular,"зарплата мужчин и женщин",585
"зарплата женщины",popular,"зарплата женщин в россии",564
"зарплата женщины",popular,"работа высокий зарплата для женщин",560
"зарплата женщины",popular,"зарплата женщины в москве",519
"зарплата женщины",popular,"хорошая зарплата для женщины",495
"зарплата женщины",popular,"вахта для женщин зарплата",474
"зарплата женщины",popular,"работа вахтой женщине зарплата",353
"зарплата женщины",popular,"какая зарплата у женщин",331
"зарплата женщины",popular,"работа с хорошей зарплатой для женщины",289
"зарплата женщины",popular,"для женщины зарплата побольше",283
"зарплата женщины",popular,"зарплата женщины в декрете",275
"зарплата женщины",popular,"зарплата ру женщинам",267
"зарплата женщины",popular,"зарплата ру вакансии для женщин",251
"зарплата женщины",popular,"вахта с высокой зарплатой для женщин",250
"зарплата женщины",popular,"москва работа для женщин зарплата",238
"зарплата женщины",popular,"работа для женщин и зарплата",216
"зарплата женщины",popular,"работа вахтой для женщин с высокой зарплатой",203
"зарплата женщины",popular,"женщина в день зарплаты",199
"зарплата женщины",popular,"вакансии женщинам высокие зарплаты",179
"зарплата женщины",popular,"зарплаты женщин и мужчин в россии",162
"зарплата женщины",popular,"какую зарплату получают женщины",154
"зарплата женщины",popular,"работы для женщин с большой зарплатой",150
"зарплата женщины",popular,"зарплата беременным женщинам",144
"зарплата женщины",popular,"разница зарплат мужчин и женщин",103
"зарплата женщины",popular,"средняя зарплата женщин в россии",95
"зарплата женщины",popular,"у женщин зарплата меньше",93
"зарплата женщины",popular,"статистика зарплат мужчин и женщин",88
"зарплата женщины",popular,"женщинам зарплаты в москве высокие",86
"зарплата женщины",popular,"женщина в декрете получает зарплату",85
"зарплата женщины",popular,"работа на севере для женщин зарплата",82
"зарплата женщины",popular,"зарплата ру новосибирск вакансии для женщин",81
"зарплата женщины",popular,"зарплата ру новосибирск для женщин",81
"зарплата женщины",popular,"средняя зарплата мужчин и женщин",80
"зарплата женщины",popular,"зарплата женщин меньше зарплаты мужчин",79
"зарплата женщины",popular,"вакансии для женщин с хорошими зарплатами",71
"зарплата женщины",popular,"зарплата женщин на сво",66
"зарплата женщины",popular,"профессии для женщин с высокой зарплатой",66
"зарплата женщины",popular,"жили на зарплату женщины",63
"зарплата женщины",popular,"работа для женщин зарплата 100",62
"зарплата женщины",popular,"работа женщинам зарплата каждый день",54
"зарплата женщины",popular,"вакансии вахта женщинам зарплата",51
"зарплата женщины",popular,"зарплата ру женщинам челябинск",48
"зарплата женщины",popular,"работа с высокой зарплатой вакансии для женщин",47
"зарплата женщины",popular,"зарплата от 100000 рублей для женщин",46
"зарплата женщины",popular,"зарплата ру челябинск вакансии для женщин",45
"зарплата женщины",popular,"хорошая зарплата для женщины в москве",45
"зарплата женщины",popular,"самая большая зарплата для женщин",45
"зарплата женщины",popular,"женщины получают меньше зарплату",44
"зарплата женщины",popular,"зарплата ру челябинске свежие вакансии женщинам",44
"зарплата женщины",popular,"разница зарплат мужчин и женщин в россии",43
"зарплата женщины",popular,"разрыв в зарплате мужчин и женщин",40
"зарплата женщины",popular,"профессия для женщин с хорошей зарплатой",40
"зарплата женщины",popular,"женщина ежедневная зарплата",39
"зарплата женщины",popular,"средняя зарплата женщин в москве",38
"зарплата женщины",popular,"на женщины тратят зарплату",38
"зарплата женщины",popular,"вакансии для женщин с зарплатой от 100000",37
"зарплата женщины",popular,"нормальная зарплата для женщины",37
"зарплата женщины",popular,"большая зарплата профессии для женщин",36
"зарплата женщины",popular,"статистика зарплат мужчин и женщин в россии",35
"зарплата женщины",popular,"профессии для женщин и зарплата",35
"зарплата женщины",popular,"какая зарплата должна быть у женщины",34
"зарплата женщины",popular,"средняя зарплата женщин и мужчин в россии",33
"зарплата женщины",popular,"вакансии с большой зарплатой для женщин",32
"зарплата женщины",popular,"работа для женщин с зарплатой 100000",32
"зарплата женщины",popular,"работа вахта москва для женщин зарплата",29
"зарплата женщины",popular,"повара женщины зарплата",25
"зарплата женщины",popular,"работа женщинам с ежедневной зарплатой",24
"зарплата женщины",popular,"работа в москве охрана женщины зарплаты",23
"зарплата женщины",popular,"зарплата бортпроводника в аэрофлоте женщина",23
"зарплата женщины",popular,"вахта с большой зарплатой для женщин",23
"зарплата женщины",popular,"получает ли женщина в декрете зарплату",22
"зарплата женщины",popular,"зарплата бортпроводника в аэрофлоте женщина 2026",22
"зарплата женщины",popular,"у женщин ниже зарплата",21
"зарплата женщины",popular,"зарплата женщин военнослужащих",19
"зарплата женщины",popular,"разница между зарплатами мужчин и женщин",19
"зарплата женщины",popular,"платят ли женщинам в декрете зарплату",19
"зарплата женщины",popular,"работа в ижевске хорошей зарплатой для женщин",19
"зарплата женщины",popular,"зарплата женщины военной",17
"зарплата женщины",popular,"зарплата ру барнаул вакансии для женщин",16
"зарплата женщины",popular,"зарплата ру екатеринбург вакансии для женщин",16
"зарплата женщины",popular,"женщины получают зарплату меньше чем мужчины",15
"зарплата женщины",popular,"зарплата ру екатеринбург вакансии свежие женщинам",15
"зарплата женщины",popular,"разрыв зарплат между мужчинами и женщинами",14
"зарплата женщины",popular,"работа с белой зарплатой для женщин",12
"зарплата женщины",popular,"какая зарплата женщины на сво",11
"зарплата женщины",popular,"как скопить деньги при маленькой зарплате женщине",11
"зарплата женщины",popular,"роботи для женщина московская область хорошу зарплата",11
"зарплата женщины",popular,"маркшейдер зарплата в россии для женщин",10
"зарплата женщины",popular,"платят ли в декрете зарплату ежемесячно женщине",10
"зарплата женщины",popular,"зарплата волейболистов в россии суперлига женщины",10
"зарплата женщины",popular,"город москва зарплата ру вакансия для женщины",10
"зарплата женщины",popular,"медианная зарплата мужчин и женщин в россии",10
"зарплата женщины",popular,"ижевск работа для женщин зарплата от 75.000",10
"зарплата женщины",popular,"легкий труд беременным женщинам зарплата",9
"зарплата женщины",popular,"работа не официально зарплата каждый для женщин",9
"зарплата женщины",popular,"вахта женщине с зарплатой от 300000",8
"зарплата женщины",popular,"муж должен зарплату я женщина секс порно",7
"зарплата женщины",popular,"зарплата ру сургут свежие вакансии для женщин",7
"зарплата женщины",popular,"омск работа для женщины достойная зарплата",7
"зарплата женщины",popular,"краснодар работа вахтер зарплата 50 тыс женщина",7
"зарплата женщины",popular,"краснодар работа для женщин еженедельная зарплата",7
"зарплата женщины",popular,"вакансии тула для женщин зарплата от 80000",7
"зарплата женщины",popular,"якутия работа для женщин зарплата",7
"зарплата женщины",popular,"работа для женщин с зарплатой 250т",6
"зарплата женщины",popular,"работа для женщины в тюмени зарплата",6
"зарплата женщины",popular,"где хорошие зарплаты в россии для женщин",5
"зарплата женщины",popular,"в семье если женщина больше получает зарплату",5
"зарплата женщины",popular,"зарплата ру курган свежие вакансии для женщин",5
"зарплата женщины",popular,"работа для женщин с зарплатой 100т",5
"не хватает денег",popular,"не хватает денег",22247
"не хватает денег",popular,"бывшей не хватает денег",3509
"не хватает денег",popular,"что делать если не хватает денег",1657
"не хватает денег",popular,"почему не хватает денег",1655
"не хватает денег",popular,"на карте не хватает денег",1562
"не хватает денег",popular,"хотел купить но денег не хватает",1087
"не хватает денег",popular,"маме не хватает денег",1080
"не хватает денег",popular,"сколько денег не хватает",924
"не хватает денег",popular,"не хватает денег на счете",897
"не хватает денег",popular,"людям не хватает денег",854
"не хватает денег",popular,"работаю денег не хватает",746
"не хватает денег",popular,"семье не хватает денег",744
"не хватает денег",popular,"мужа денег не хватает",739
"не хватает денег",popular,"не хватает денег на покупку",658
"не хватает денег",popular,"банкам не хватает денег",597
"не хватает денег",popular,"не хватает денег на жизнь",590
"не хватает денег",popular,"не хватает денег на детей",568
"не хватает денег",popular,"постоянно не хватает денег",547
"не хватает денег",popular,"не хватает денег на квартиру",455
"не хватает денег",popular,"в доме не хватает денег",412
"не хватает денег",popular,"денег всегда не хватает",411
"не хватает денег",popular,"не хватает денег на кредита",380
"не хватает денег",popular,"все время не хватает денег",377
"не хватает денег",popular,"не хватает денег на еду",366
"не хватает денег",popular,"не хватает денег на ремонт",365
"не хватает денег",popular,"не хватает денег на товар",363
"не хватает денег",popular,"помогите не хватает денег",349
"не хватает денег",popular,"денег стало не хватать",345
"не хватает денег",popular,"девушке не хватает денег",345
"не хватает денег",popular,"порно не хватало денег",331
"не хватает денег",popular,"не хватает денег на машину",330
"не хватает денег",popular,"бюджету не хватает денег",329
"не хватает денег",popular,"не хватает денег яндекс деньги",329
"не хватает денег",popular,"ни на что не хватает денег",317
"не хватает денег",popular,"россии не хватает денег",315
"не хватает денег",popular,"находила деньги не хватало",315
"не хватает денег",popular,"не хватает денег игра",305
"не хватает денег",popular,"жене не хватает денег",305
"не хватает денег",popular,"денег не хватает даже на",299
"не хватает денег",popular,"потому что денег не хватает",288
"не хватает денег",popular,"государству не хватает денег",280
"не хватает денег",popular,"на балансе не хватает денег",279
"не хватает денег",popular,"ипотека не хватает денег",278
"не хватает денег",popular,"почему денег все время не хватает",258
"не хватает денег",popular,"очень не хватает денег",250
"не хватает денег",popular,"если не хватает денег на вб",241
"не хватает денег",popular,"сон не хватает денег",222
"не хватает денег",popular,"денег много и не хватает",214
"не хватает денег",popular,"в кассе не хватает денег",213
"не хватает денег",popular,"не хватает денег на пенсии",210
"не хватает денег",popular,"не хватает денег в магазине",204
"не хватает денег",popular,"не хватает денег на билет",199
"не хватает денег",popular,"не хватает денег 2026",197
"не хватает денег",popular,"женщине не хватает денег",194
"не хватает денег",popular,"не хватает денег до зарплаты",190
"не хватает денег",popular,"в кошельке не хватает денег",188
"не хватает денег",popular,"не хватает денег форум",187
"не хватает денег",popular,"не хватает денег на налоги",186
"не хватает денег",popular,"не хватает денег на проезд",185
"не хватает денег",popular,"мужчине не хватает денег",177
"не хватает денег",popular,"почему денег всегда не хватает",171
"не хватает денег",popular,"песня не хватает денег",170
"не хватает денег",popular,"не хватает денег на мать",170
"не хватает денег",popular,"школам не хватает денег",170
"не хватает денег",popular,"если на озон карте не хватает денег",166
"не хватает денег",popular,"почему людям не хватает денег",159
"не хватает денег",popular,"не хватает детских денег",153
"не хватает денег",popular,"не хватает денег на сына",152
"не хватает денег",popular,"деньги не хватая секс",152
"не хватает денег",popular,"не хватает денег для списания",151
"не хватает денег",popular,"ну денег не хватает",151
"не хватает денег",popular,"пенсионерам не хватает денег",150
"не хватает денег",popular,"не хватает денег на пушкинской карте",150
"не хватает денег",popular,"монополия не хватает денег",145
"не хватает денег",popular,"почему не хватает денег постоянно",144
"не хватает денег",popular,"на карте сбербанка не хватает денег",142
"не хватает денег",popular,"бизнесу не хватает денег",141
"не хватает денег",popular,"купить дом денег не хватает",136
"не хватает денег",popular,"не хватает сильно денег",134
"не хватает денег",popular,"не хватает денег на телефон",130
"не хватает денег",popular,"не хватает денег на дорогу",127
"не хватает денег",popular,"фильм денег не хватает",125
"не хватает денег",popular,"репо не хватает денег",124
"не хватает денег",popular,"не хватает денег сериал",120
"не хватает денег",popular,"в стране не хватает денег",116
"не хватает денег",popular,"не хватает денег на лечение",115
"не хватает денег",popular,"муж не работает денег не хватает",112
"не хватает денег",popular,"не хватает денег на жилье",112
"не хватает денег",popular,"девочки не хватает денег",112
"не хватает денег",popular,"не хватает денег платить кредиты",110
"не хватает денег",popular,"не хватает денег как заработать",107
"не хватает денег",popular,"вечно не хватает денег",102
"не хватает денег",popular,"студенту не хватает денег",100
"не хватает денег",popular,"денег не хватает даже на еду",100
"не хватает денег",popular,"денег вообще не хватает",99
"не хватает денег",popular,"не хватает денег на продукты",99
"не хватает денег",popular,"не хватает денег на жизнь что делать",99
"не хватает денег",popular,"не хватает денег перевод",98
"не хватает денег",popular,"не хватает денег на лекарство",96
"не хватает денег",popular,"катастрофически не хватает денег",94
"не хватает денег",popular,"не хватает денег на одежду",94
"не хватает денег",popular,"не хватает денег на питание",92
"не хватает денег",popular,"не хватает денег на оплату кредитов",90
"не хватает денег",popular,"не хватает денег на кредиты что делать",89
"не хватает денег",popular,"если на сертификате не хватает денег",88
"не хватает денег",popular,"не хватает денег на строительство",87
"не хватает денег",popular,"не хватает денег на сво",87
"не хватает денег",popular,"не хватает денег в декрете",87
"не хватает денег",popular,"у парня не хватает денег",85
"не хватает денег",popular,"не хватает денег на двоих",84
"не хватает денег",popular,"все дорого не хватает денег",84
"не хватает денег",popular,"что сделать если не хватает денег",82
"не хватает денег",popular,"денег не хватало и приходилось",80
"не хватает денег",popular,"плохо денег не хватает",80
"не хватает денег",popular,"не хватает денег в москве",79
"не хватает денег",popular,"не хватает денег на автомобиль",78
"не хватает денег",popular,"нам на водку не хватает денег",78
"не хватает денег",popular,"совсем не хватает денег",76
"не хватает денег",popular,"марго не хватает денег",76
"не хватает денег",popular,"мужу не хватает денег на семью",75
"не хватает денег",popular,"путину не хватает денег",73
"не хватает денег",popular,"украине не хватает денег",72
"не хватает денег",popular,"как жить если не хватает денег",72
"не хватает денег",popular,"как сказать что не хватает денег",72
"не хватает денег",popular,"копить не хватает денег",70
"не хватает денег",popular,"не хватает денег на первоначальный взнос",68
"не хватает денег",popular,"людям не хватает денег на еду",68
"не хватает денег",popular,"военным не хватает денег",67
"не хватает денег",popular,"если на транспондере не хватает денег",66
"не хватает денег",popular,"не хватает денег на новый год",66
"не хватает денег",popular,"не хватает денег на подарки",64
"не хватает денег",popular,"никогда не хватает денег",64
"не хватает денег",popular,"не хватает денег по осаго",64
"не хватает денег",popular,"просто у меня денег не хватает",60
"не хватает денег",popular,"одна воспитываю ребенка денег не хватает",59
"не хватает денег",popular,"не хватает денег на вещи",58
"не хватает денег",popular,"россиянам не хватает денег",57
"не хватает денег",popular,"два ребенка денег не хватает",56
"не хватает денег",popular,"денег на войну не хватает",55
"не хватает денег",popular,"не хватает денег на покупку квартиры",55
"не хватает денег",popular,"не хватает денег на свадьбу",53
"не хватает денег",popular,"к чему снится что не хватает денег",50
"не хватает денег",popular,"взяла ипотеку денег не хватает",50
"не хватает денег",popular,"не хватает денег на квоту репо",49
"не хватает денег",popular,"в россии людям не хватает денег",49
"не хватает денег",popular,"двое детей не хватает денег",49
"не хватает денег",popular,"однажды в россии не хватает денег",49
"не хватает денег",popular,"ремонт по осаго не хватает денег",49
"не хватает денег",popular,"втб не хватает денег",47
"не хватает денег",popular,"мем не хватает денег",47
"не хватает денег",popular,"бывшей жене не хватает денег",47
"не хватает денег",popular,"не хватает денег отзывы",45
"не хватает денег",popular,"денег не хватает на мир",42
"не хватает денег",popular,"почему россии не хватает денег",42
"не хватает денег",popular,"живем с мужем не хватает денег",41
"не хватает денег",popular,"на рождение не хватает денег",41
"не хватает денег",popular,"не хватает денег на операцию",40
"не хватает денег",popular,"марго не хватает денег сериал",40
"не хватает денег",popular,"жена не работает денег не хватает",39
"не хватает денег",popular,"как называется когда не хватает денег",39
"не хватает денег",popular,"не хватает денег на хлеб",38
"не хватает денег",popular,"где взять деньги если не хватает",38
"не хватает денег",popular,"не хватает денег на учебу",38
"не хватает денег",popular,"почему в кассе не хватает денег",38
"не хватает денег",popular,"ушла с работы стало не хватать денег",37
"не хватает денег",popular,"не хватает денег форум 2026",36
"не хватает денег",popular,"мужу постоянно не хватает денег",35
"не хватает денег",popular,"постоянно не хватает денег что делать",35
"не хватает денег",popular,"сколько денег не хватает в бюджете",35
"не хватает денег",popular,"не хватает денег на отпуск",33
"не хватает денег",popular,"для звонка не хватает денег",33
"не хватает денег",popular,"порно у девушки не хватает денег",30
"не хватает денег",popular,"на балансе не хватает денег номер заблокирован",30
"не хватает денег",popular,"правительству не хватает денег",30
"не хватает денег",popular,"в казне не хватает денег",30
"не хватает денег",popular,"не хватает денег снять квартиру",28
"не хватает денег",popular,"картинка не хватает денег",28
"не хватает денег",popular,"не хватает денег на жизнь 2026",28
"не хватает денег",popular,"не хватает денег на енс",28
"не хватает денег",popular,"приснилось что не хватает денег",28
"не хватает денег",popular,"не хватает денег на авто",28
"не хватает денег",popular,"не хватает денег как пишется",27
"не хватает денег",popular,"дзен не хватает денег",27
"не хватает денег",popular,"трое детей не хватает денег",27
"не хватает денег",popular,"просьба не хватает денег",27
"не хватает денег",popular,"не хватает денег оплатить кредит",27
"не хватает денег",popular,"не хватает денег на погашение кредита",27
"не хватает денег",popular,"пенсионный фонд не хватает денег",26
"не хватает денег",popular,"порно не хватает денег за проезд",24
"не хватает денег",popular,"после развода не хватает денег",24
"не хватает денег",popular,"не хватает денег на кино",24
"не хватает денег",popular,"деньги зло зла не хватает",24
"не хватает денег",popular,"в банкомате не хватает денег",22
"не хватает денег",popular,"как выплатить кредиты если не хватает денег",21
"не хватает денег",popular,"не хватает денег на мечту",21
"не хватает денег",popular,"не хватает денег за квартиру порно",20
"не хватает денег",popular,"не хватает денег на английском",20
"не хватает денег",popular,"сонник не хватает денег",20
"не хватает денег",popular,"сколько денег не хватает в бюджете россии",20
"не хватает денег",popular,"ржд не хватает денег",19
"не хватает денег",popular,"repo не хватает денег",19
"не хватает денег",popular,"уведомление что не хватает денег",19
"не хватает денег",popular,"как купить квартиру если не хватает денег",18
"не хватает денег",popular,"не хватает денег на покупку дома",18
"не хватает денег",popular,"не хватает денег психология",18
"не хватает денег",popular,"не хватает денег в декрете форум",18
"не хватает денег",popular,"подписка яндекс плюс не хватает денег",18
"не хватает денег",popular,"пенсионерам в россии не хватает денег",18
"не хватает денег",popular,"дорохов денег не хватает",18
"не хватает денег",popular,"не хватает денег на путешествия",17
"не хватает денег",popular,"почему вечно не хватает денег",17
"не хватает денег",popular,"не хватает денег на айфон",16
"не хватает денег",popular,"не хватает денег в f1 manager 24",16
"не хватает денег",popular,"мужское женское денег не хватает",14
"не хватает денег",popular,"сколько народу денег не хватает",14
"не хватает денег",popular,"не хватает денег на жизнь форум",13
"не хватает денег",popular,"если ук не хватает денег",13
"не хватает денег",popular,"почему стало не хватать денег",13
"не хватает денег",popular,"не хватает денег до зарплаты форум",12
"не хватает денег",popular,"если не хватает денег станьте богатыми",11
"не хватает денег",popular,"порно не хватало денег на анальный секс",11
"не хватает денег",popular,"как купить машину если не хватает денег",11
"не хватает денег",popular,"почему не хватает денег постоянно психология",11
"не хватает денег",popular,"не хватает денег на отдых",10
"не хватает денег",popular,"не хватает денег что делать форум",10
"не хватает денег",popular,"как закрыть кредитку если не хватает денег",10
"не хватает денег",popular,"мне как инвалиду не хватает денег",10
"не хватает денег",popular,"когда мне не хватало денег стив джобс",9
"не хватает денег",popular,"не хватает денег 2025",9
"не хватает денег",popular,"не хватает денег постоянно 2026 форум",9
"не хватает денег",popular,"порно ей не хватало денег за доставку",9
"не хватает денег",popular,"почему не хватает денег до зарплаты",8
"не хватает денег",popular,"почему американцам не хватает денег на жизнь",8
"не хватает денег",popular,"не хватает денег на еду порно секс",7
"не хватает денег",popular,"марго не хватает денег сериал 7",7
"не хватает денег",popular,"сваты не хватает денег у королевы",7
"не хватает денег",popular,"порно в магазине одежды не хватает денег",6
"не хватает денег",popular,"если не хватает денег на полноценный букет",6
"не хватает денег",popular,"денег не хватает в 2026 г",6
"не хватает денег",popular,"студентки не хватает денег 18",6
"не хватает денег",popular,"не хватало денег жена расплатилась порно",5
"не хватает денег",popular,"не хватает денег предложила минет",5
"не хватает денег",popular,"не хватает денег в бюджете меньше воровать",5
"не хватает денег",popular,"марго не хватает денег сериал актеры",5
"не хватает денег",popular,"сонник не хватает денег на покупку",3
"трачу на себя",popular,"трать на себя",6656
"трачу на себя",popular,"трать время на себя",1337
"трачу на себя",popular,"сколько тратить на себя",567
"трачу на себя",popular,"муж тратит на себя",530
"трачу на себя",popular,"жалко тратить на себя",469
"трачу на себя",popular,"жалко тратить деньги на себя",436
"трачу на себя",popular,"деньги нужно тратить на себя",375
"трачу на себя",popular,"тратит алименты на себя",305
"трачу на себя",popular,"жена тратит деньги на себя",265
"трачу на себя",popular,"много трачу на себя",253
"трачу на себя",popular,"женщина тратит на себя",227
"трачу на себя",popular,"сын тратит на себя",218
"трачу на себя",popular,"решила тратить на себя",195
"трачу на себя",popular,"сын тратит деньги на себя",184
"трачу на себя",popular,"я просто трачу себя на тебя",162
"трачу на себя",popular,"девушки тратят на себя",149
"трачу на себя",popular,"трачу на себя песня",141
"трачу на себя",popular,"я на себя хочу тратить",141
"трачу на себя",popular,"не трать себя на других",140
"трачу на себя",popular,"мать тратит алименты на себя",112
"трачу на себя",popular,"трачу много денег на себя",104
"трачу на себя",popular,"не могу тратить деньги на себя",93
"трачу на себя",popular,"сколько тратить на себя в месяц",89
"трачу на себя",popular,"сколько денег тратите на себя",86
"трачу на себя",popular,"бывшая тратит алименты на себя",86
"трачу на себя",popular,"не хочу тратить деньги на себя",81
"трачу на себя",popular,"мать ребенка тратит алименты на себя",71
"трачу на себя",popular,"девушка тратит деньги на себя",69
"трачу на себя",popular,"детские пособия трачу на себя",63
"трачу на себя",popular,"муж тратит деньги только на себя",62
"трачу на себя",popular,"мать тратит пособие на себя",58
"трачу на себя",popular,"почему жалко тратить на себя",58
"трачу на себя",popular,"почему жалко тратить деньги на себя",56
"трачу на себя",popular,"когда человек тратит на себя",55
"трачу на себя",popular,"бывшая жена тратит алименты на себя",54
"трачу на себя",popular,"муж зарплату тратит на себя",54
"трачу на себя",popular,"не трать себя на всех а посмотри",48
"трачу на себя",popular,"как тратить на себя больше",44
"трачу на себя",popular,"скачать песню трачу на себя",43
"трачу на себя",popular,"сколько тратит девушка на себя",38
"трачу на себя",popular,"жалею тратить на себя",37
"трачу на себя",popular,"люблю тратить деньги на себя",35
"трачу на себя",popular,"нужно ли тратить деньги на себя",33
"трачу на себя",popular,"тратьте время и деньги на себя",31
"трачу на себя",popular,"трачу себя на тебя слова",31
"трачу на себя",popular,"мать тратит детское пособие на себя",31
"трачу на себя",popular,"если жена тратит алименты на себя",30
"трачу на себя",popular,"жена тратит алименты на себя что делать",26
"трачу на себя",popular,"не трать себя на всех скачать",26
"трачу на себя",popular,"как научиться тратить на себя",26
"трачу на себя",popular,"мужчина тратит деньги только на себя",26
"трачу на себя",popular,"парень тратит деньги на себя",25
"трачу на себя",popular,"жалею тратить деньги на себя",23
"трачу на себя",popular,"боюсь тратить деньги на себя",23
"трачу на себя",popular,"как научиться тратить деньги на себя",21
"трачу на себя",popular,"слишком много трачу на себя",19
"трачу на себя",popular,"коплю деньги не трачу на себя",19
"трачу на себя",popular,"может ли мать тратить алименты на себя",18
"трачу на себя",popular,"сколько тратите на уход за собой",18
"трачу на себя",popular,"стыдно тратить на себя",16
"трачу на себя",popular,"трачу себя на тебя текст",15
"трачу на себя",popular,"себя нужно любить и на себя тратить",13
"трачу на себя",popular,"я тратила себя на миллион проблем",13
"трачу на себя",popular,"жена тратит зарплату только на себя форум",13
"трачу на себя",popular,"стыдно тратить деньги на себя",13
"трачу на себя",popular,"я просто трачу себя на тебя текст",12
"трачу на себя",popular,"можно ли тратить алименты на себя",12
"трачу на себя",popular,"сколько человек тратит в месяц на себя",11
"трачу на себя",popular,"просто трачу себя на тебя песня",11
"трачу на себя",popular,"женщина должна тратить на себя",10
"трачу на себя",popular,"васька мужик трачу на себя",10
"трачу на себя",popular,"страх тратить деньги на себя",10
"трачу на себя",popular,"я просто трачу себя на тебя скачать",9
"трачу на себя",popular,"мужское женское сколько вы тратите на себя",9
"трачу на себя",popular,"царство юмора картинки люблю тратить на себя",8
"трачу на себя",popular,"как начать тратить деньги на себя",8
"трачу на себя",popular,"педик сколько на себя тратите",6
"трачу на себя",popular,"нарцисс любит тратить финансы на себя",5
"трачу на себя",popular,"инфо цыганка сколько тратит на себя",5
"трачу на себя",popular,"сколько вы тратите на себя отзывы форум",5
"финансы в паре",popular,"финансы в паре",304
"долги в семье",popular,"долги в семье",9151
"долги в семье",popular,"в долгих семья",3144
"долги в семье",popular,"долг ребенка в семье",790
"долги в семье",popular,"деньги в долг семей",605
"долги в семье",popular,"в семье на долгие годы",369
"долги в семье",popular,"книга семья в долг",339
"долги в семье",popular,"семья в долг читать",328
"долги в семье",popular,"возродился в день долгов семьи",183
"долги в семье",popular,"чувство долга в семье",168
"долги в семье",popular,"семья в долгах что делать",117
"долги в семье",popular,"фильм семья в долг",103
"долги в семье",popular,"честь и долг в семье",75
"долги в семье",popular,"займы в долг семей",69
"долги в семье",popular,"долг мужчины в семье",62
"долги в семье",popular,"воспитание долга в семье",58
"долги в семье",popular,"семья в долг бесплатно",48
"долги в семье",popular,"семья в долг багирова",36
"долги в семье",popular,"семья в долгах за коммунальные",34
"долги в семье",popular,"александра багирова семья в долг",34
"долги в семье",popular,"семья в долг александры багировой",34
"долги в семье",popular,"александр багиров семья в долг",30
"долги в семье",popular,"порно семья в долгах",22
"долги в семье",popular,"читать бесплатно семья в долг",21
"долги в семье",popular,"рассказ семья в долг",20
"долги в семье",popular,"семья в долг онлайн бесплатно",15
"долги в семье",popular,"семья в долг читать онлайн",15
"долги в семье",popular,"семья в долг читать онлайн бесплатно",15
"долги в семье",popular,"александра багирова семья в долг скачать",8
"долги в семье",popular,"тайна пропавшей в лесу семьи усольцевых долги",7
"долги в семье",popular,"эротика фильм семья в долгах",5
"долги в семье",popular,"как проявляются долгие стрессы в семье",5
