seed,tab,query,shows
"подруга",popular,"подруга",7909670
"подруга",popular,"подруга дне",814370
"подруга",popular,"подруга жены",690737
"подруга",popular,"с рождения подруге",608084
"подруга",popular,"с днем рождения дне подруга",601669
"подруга",popular,"с днем рождения подруге",601665
"подруга",popular,"порно с подругой",561346
"подруга",popular,"трахнул подругу",530715
"подруга",popular,"секс с подругой",501391
"подруга",popular,"поздравление подруге",384777
"подруга",popular,"русская подруга",370852
"подруга",popular,"подруга мамы",367841
"подруга",popular,"поздравление подруги с дне",275579
"подруга",popular,"поздравление с днем подруги",275579
"подруга",popular,"поздравления с дне рождения подруги",267592
"подруга",popular,"поздравление с днем рождения подруге",267588
"подруга",popular,"мамина подруга",260259
"подруга",popular,"трахает подругу",250973
"подруга",popular,"подруга друга",231715
"подруга",popular,"подруга сестры",220162
"подруга",popular,"ебаны подруги",198311
"подруга",popular,"ебал подругу",198183
"подруга",popular,"ебут подругу",198182
"подруга",popular,"подруги смотреть",198069
"подруга",popular,"выебал подругу",188991
"подруга",popular,"лет подруга",174896
"подруга",popular,"сын подруги",166471
"подруга",popular,"две подруги",165134
"подруга",popular,"песня подруга",149479
"подруга",popular,"можно подруга",148974
"подруга",popular,"фильм подруги",147143
"подруга",popular,"рождения подруга своими словами",136906
"подруга",popular,"лесби подруги",134616
"подруга",popular,"пока подруга",132133
"подруга",popular,"с днем подруге своими словами",130700
"подруга",popular,"лижет подруге",129271
"подруга",popular,"с дне рождения подруге своими словами",128496
"подруга",popular,"с днем рождения подруге своими словами",128496
"подруга",popular,"подруга приходила",125225
"подруга",popular,"приходи подруга",125225
"подруга",popular,"красивая подруга",117507
"подруга",popular,"спящую подругу",116510
"подруга",popular,"порно трахнул подругу",115026
"подруга",popular,"подруги бесплатно",109926
"подруга",popular,"подруга вк",104359
"подруга",popular,"домашняя подруга",101528
"подруга",popular,"подруга 18",98465
"подруга",popular,"подарок подруге",94794
"подруга",popular,"поздравление подруге своими словами",89704
"подруга",popular,"что подарить подруге",88340
"подруга",popular,"про подругу",87058
"подруга",popular,"подруги лесбиянки",85900
"подруга",popular,"жопы подруг",83927
"подруга",popular,"порно с подругой жены",83505
"подруга",popular,"подруги сериал",82229
"подруга",popular,"открытка подруге",82173
"подруга",popular,"трахнул подругу жены",81493
"подруга",popular,"молодые подруги",77886
"подруга",popular,"привела подругу",76558
"подруга",popular,"поздравление с рождением подруге своими",76550
"подруга",popular,"подруга скачать",76096
"подруга",popular,"поздравление с днем подруге своими словами",75423
"подруга",popular,"поздравление с рождением подруге своими словами",74352
"подруга",popular,"поздравления с днем рождения подругу своими словами",73778
"подруга",popular,"кончил в подругу",73665
"подруга",popular,"дрочит подруге",73327
"подруга",popular,"подруга матери",72299
"подруга",popular,"2 подруги",71162
"подруга",popular,"подруга с другом",70437
"подруга",popular,"разрешила подруге",70317
"подруга",popular,"пьяная подруга",70189
"подруга",popular,"сосущие подруга",69756
"подруга",popular,"секс с подругой жены",68489
"подруга",popular,"подруга дана",68310
"подруга",popular,"подруги дали",68089
"подруга",popular,"пизда подруги",67972
"подруга",popular,"подруга дала",67925
"подруга",popular,"русское порно с подругой",65514
"подруга",popular,"подругу жестко",65268
"подруга",popular,"подруга прикольные",65122
"подруга",popular,"подруга онлайн",64352
"подруга",popular,"подруги смотря порно",64324
"подруга",popular,"порно подруга смотрит",64224
"подруга",popular,"подруга детства",63649
"подруга",popular,"брат подруги",63632
"подруга",popular,"сиськи подруги",63006
"подруга",popular,"гола подруга",62840
"подруга",popular,"снято подругой",61076
"подруга",popular,"подруга снимает",61064
"подруга",popular,"порно с подругой мамы",60923
"подруга",popular,"голая подруга",60606
"подруга",popular,"отлизала подруге",60224
"подруга",popular,"очень подруга",59908
"подруга",popular,"киска подруги",58962
"подруга",popular,"подруги друг с другом",58801
"подруга",popular,"подруга после",57650
"подруга",popular,"поздравить подругу с днем",56795
"подруга",popular,"поздравляю с рождением подруге",56619
"подруга",popular,"пришел к подруге",56604
"подруга",popular,"пришла к подруге",56599
"подруга",popular,"подругу в рот",56584
"подруга",popular,"соблазнила подругу",56571
"подруга",popular,"подруга приходит к подруге",55978
"подруга",popular,"подруга женщины",55185
"подруга",popular,"сын маминой подруги",54871
"подруга",popular,"поздравить подругу с днем рождения",54558
"подруга",popular,"поздравить с дне рождения подругу",54558
"подруга",popular,"порно трахает подругу",54037
"подруга",popular,"подруга дочки",53202
"подруга",popular,"заставила подругу",52616
"подруга",popular,"твоя подруга",52264
"подруга",popular,"года день подруг",52191
"подруга",popular,"трахает подругу жены",51600
"подруга",popular,"1 подруга",51186
"подруга",popular,"подругу переживаю",50979
"подруга",popular,"подруга жены видео",50175
"подруга",popular,"порно ебал подругу",50046
"подруга",popular,"порно ебут подругу",50045
"подруга",popular,"смотреть бесплатно подруга",49918
"подруга",popular,"пока подруга спит",48371
"подруга",popular,"спящая пока подруга",48340
"подруга",popular,"аниме подруга",48246
"подруга",popular,"открытка с днем подруги",47750
"подруга",popular,"порно лесби подруги",47291
"подруга",popular,"с рождения подругу открытка",46859
"подруга",popular,"открытка с дне рождения подруге",46584
"подруга",popular,"открытка с днем рождения подруге",46584
"подруга",popular,"с днем рождения дне подруга открытки",46583
"подруга",popular,"подруга ли",46090
"подруга",popular,"попа подруги",45438
"подруга",popular,"разговор подруг",45394
"подруга",popular,"любящая подруга",45116
"подруга",popular,"подруга ели",45070
"подруга",popular,"руки подруг",45028
"подруга",popular,"подруга ест",44649
"подруга",popular,"порно выебал подругу",44619
"подруга",popular,"первые подруги",43994
"подруга",popular,"день подруги прикольно",43784
"подруга",popular,"3 подруги",43053
"подруга",popular,"свадьба подруги",42834
"подруга",popular,"куни подруге",42671
"подруга",popular,"остался с мамой подруги",42447
"подруга",popular,"ебет подругу жены",42369
"подруга",popular,"ебал подругу жены",42368
"подруга",popular,"и подруга будучи в",42032
"подруга",popular,"зрелая подруга",42029
"подруга",popular,"новая подруга",41837
"подруга",popular,"порно пока подруга",41591
"подруга",popular,"помогла подруге",41268
"подруга",popular,"подруги смотреть онлайн",39867
"подруга",popular,"8 подруг",39694
"подруга",popular,"начинать подруга",39374
"подруга",popular,"порно с подругой сестры",39219
"подруга",popular,"подруга ночь",38968
"подруга",popular,"подруга показала",38773
"подруга",popular,"порно секс с подругой",38706
"подруга",popular,"подруги онлайн бесплатно",38665
"подруга",popular,"подруги частное",38629
"подруга",popular,"жена привела подругу",38347
"подруга",popular,"что подарить подруге на рождение",38303
"подруга",popular,"что подарить подруге на день",38299
"подруга",popular,"подруги в школе",38275
"подруга",popular,"день лучших подруг",37959
"подруга",popular,"пожелания подруге",37667
"подруга",popular,"с рождения подруге прикольные",37603
"подруга",popular,"что подарить подруге на день рождения",37519
"подруга",popular,"с дне рождения подруге прикольные",37506
"подруга",popular,"с днем рождения подруге прикольные",37506
"подруга",popular,"секс с русской подругой",37432
"подруга",popular,"подругу пока жена",36995
"подруга",popular,"пригласила подругу",36961
"подруга",popular,"порно видео с подругой",36713
"подруга",popular,"подруга попросила",36561
"подруга",popular,"порно спящая подруга",36553
"подруга",popular,"рассказ подруги",36110
"подруга",popular,"порно подруга спит",36099
"подруга",popular,"порно подруга дочери",35875
"подруга",popular,"трахнул русскую подругу",35833
"подруга",popular,"видео русских подруг",35600
"подруга",popular,"изнасиловал подругу",35510
"подруга",popular,"парень девушка подруга девушки",35332
"подруга",popular,"говорящая подруга",35145
"подруга",popular,"что сказать подруге",35029
"подруга",popular,"муж жена и подруга",34873
"подруга",popular,"подруга под",34697
"подруга",popular,"подруги мальчики",34607
"подруга",popular,"стих подруге",34537
"подруга",popular,"порно с маминой подругой",33936
"подруга",popular,"три подруги",33933
"подруга",popular,"порно подруга сына",33914
"подруга",popular,"на лицо подруге",33768
"подруга",popular,"подруга мамки",33585
"подруга",popular,"позвала подругу",33561
"подруга",popular,"душ с подругой",33537
"подруга",popular,"трахнул подругу сестры",33301
"подруга",popular,"секс с подругой мамы",32724
"подруга",popular,"скачать песню подруга",32630
"подруга",popular,"трахнул подругу мамы",32469
"подруга",popular,"подруга женя",32397
"подруга",popular,"подруги оушена",32136
"подруга",popular,"сон подруга",32036
"подруга",popular,"рождения лучшей подруге",31857
"подруга",popular,"порно кончи подруга",31779
"подруга",popular,"подруга языком",31717
"подруга",popular,"смешная подруга",31410
"подруга",popular,"русское домашнее подруга",31294
"подруга",popular,"день красивой подруги",31227
"подруга",popular,"короче подруга",31142
"подруга",popular,"со своей подругой",30957
"подруга",popular,"найду подругу",30937
"подруга",popular,"секс с подругой видео",30886
"подруга",popular,"с подругой дома",30836
"подруга",popular,"4 подруги",30682
"подруга",popular,"подруга мамы на ночевке",30389
"подруга",popular,"жена с подругой русское",30256
"подруга",popular,"стать подругой",30223
"подруга",popular,"подругой стала",30138
"подруга",popular,"подруга старше",30060
"подруга",popular,"смотреть лучшая подруга",30052
"подруга",popular,"стали подругами",30032
"подруга",popular,"став подруга",30014
"подруга",popular,"трахнул мамину подругу",29954
"подруга",popular,"порно лижет подруге",29407
"подруга",popular,"эротика подруга",29037
"подруга",popular,"подруга сама",29036
"подруга",popular,"подругу жены смотреть",29020
"подруга",popular,"трахнул подругу девушки",28993
"подруга",popular,"подруга с членом",28914
"подруга",popular,"подруги смотреть онлайн бесплатно",28892
"подруга",popular,"подарок подруге на день",28760
"подруга",popular,"случайные подруги",28692
"подруга",popular,"порно привела подругу",28678
"подруга",popular,"подруга вк видео",28648
"подруга",popular,"перед подругой",28607
"подруга",popular,"подарок на рождение подруге",28515
"подруга",popular,"девочка с подругой",28483
"подруга",popular,"с юбилеем подруга",28327
"подруга",popular,"озвучка подруга",28274
"подруга",popular,"подарок подруге на день рождения",28272
"подруга",popular,"вижу подруги",27994
"подруга",popular,"порно разрешила подруге",27944
"подруга",popular,"подруга мамы русское",27939
"подруга",popular,"подруга увидела",27735
"подруга",popular,"секс с маминой подругой",27613
"подруга",popular,"порно с подругой девушки",27129
"подруга",popular,"пися подруги",27115
"подруга",popular,"8 подруг оушена",27101
"подруга",popular,"что подарить подруге на год",27079
"подруга",popular,"раздели подругу",27051
"подруга",popular,"подруги занялись сексом",27047
"подруга",popular,"смотреть фильм подруги",26927
"подруга",popular,"подруга дорога",26847
"подруга",popular,"слезы подруги",26815
"подруга",popular,"с днем рождения подруге красивые",26777
"подруга",popular,"подруги рядом",26694
"подруга",popular,"играем с подругой",26635
"подруга",popular,"подруги ребенка",26583
"подруга",popular,"лучшая подруга бесплатно",26576
"подруга",popular,"подруге в прозе",26567
"подруга",popular,"анал с подругой",26424
"подруга",popular,"трахнул подругу видео",26422
"подруга",popular,"трахнул подругу пока",26364
"подруга",popular,"русская мамина подруга",26346
"подруга",popular,"мало подруг",26337
"подруга",popular,"подруги мастурбируют",26328
"подруга",popular,"фильм лучшая подруга",26246
"подруга",popular,"секс трахнул подругу",26159
"подруга",popular,"раздел подругу",26158
"подруга",popular,"раздеть подругу",26073
"подруга",popular,"раздет подругу",26070
"подруга",popular,"секс с подругой сестры",25916
"подруга",popular,"сисястая подруга",25763
"подруга",popular,"подруга дней моих",25752
"подруга",popular,"там подруга",25686
"подруга",popular,"спит с подругой",25624
"подруга",popular,"просто подруга",25533
"подруга",popular,"связанная подруга",25436
"подруга",popular,"порно лесбиянки подруги",25396
"подруга",popular,"связала подругу",25293
"подруга",popular,"с дне рождения лучшей подруге",25171
"подруга",popular,"с днем рождения лучшей подруге",25171
"подруга",popular,"подруга 18 видео",25153
"подруга",popular,"с днем рождения подруга лет",25132
"подруга",popular,"подругу в попу",25106
"подруга",popular,"подруга мужик",25090
"подруга",popular,"подруге слова от души",25082
"подруга",popular,"мама разрешила остаться с подругой она переживает",24739
"подруга",popular,"что можно подарить подруге",24696
"подруга",popular,"уговорил подругу",24561
"подруга",popular,"к чему снится подруга",24465
"подруга",popular,"спящая подруга жены",24406
"подруга",popular,"жена спит подругой",24322
"подруга",popular,"секс с подругой девушки",24250
"подруга",popular,"с днем рождения подруге от души",24224
"подруга",popular,"подруга смотрит русское",24175
"подруга",popular,"девушка трахает подругу",24169
"подруга",popular,"слив подруг",24145
"подруга",popular,"подруга на камеру",24055
"подруга",popular,"что написать подруге",23959
"подруга",popular,"спалила подругу",23922
"подруга",popular,"большие сиськи подруги",23892
"подруга",popular,"подруга домой",23852
"подруга",popular,"бывшая подруга это",23841
"подруга",popular,"скрытая подруга",23614
"подруга",popular,"день подруги слова от души",23581
"подруга",popular,"маленькая подруга",23485
"подруга",popular,"девушка подруга видео",23409
"подруга",popular,"как поздравить подругу",23253
"подруга",popular,"мужем подруги русский",23204
"подруга",popular,"днем рождения подруге своими словами от души",23149
"подруга",popular,"папа подруги",23071
"подруга",popular,"качества подруги",22935
"подруга",popular,"прикольное поздравление подруге",22779
"подруга",popular,"подруге трогательное",22760
"подруга",popular,"лучшие подруги онлайн",22758
"подруга",popular,"изменил с подругой",22715
"подруга",popular,"изменяет с подругой",22715
"подруга",popular,"подруги ебутся",22706
"подруга",popular,"ночевка с подругой",22677
"подруга",popular,"подруга пришла в гости",22650
"подруга",popular,"подруга мамы разрешила порно",22604
"подруга",popular,"грудь подруги",22557
"подруга",popular,"старая подруга",22552
"подруга",popular,"выебал подругу жены",22459
"подруга",popular,"приходи подруга в гости",22443
"подруга",popular,"приходила подруга в гости",22443
"подруга",popular,"села на подругу",22408
"подруга",popular,"день подруг проза",22351
"подруга",popular,"худшая подруга",22269
"подруга",popular,"подруги сели на",22127
"подруга",popular,"садится на подругу",22110
"подруга",popular,"лучшая подруга смотреть бесплатно",22030
"подруга",popular,"читать подруги",21922
"подруга",popular,"рождение подруге пожелание",21872
"подруга",popular,"подругу раком",21818
"подруга",popular,"трахнул спящую подругу",21781
"подруга",popular,"подруге с рождением сына",21770
"подруга",popular,"порно с мужем подруги",21676
"подруга",popular,"подруга жил",21672
"подруга",popular,"встретил подругу",21647
"подруга",popular,"подруга перевод",21537
"подруга",popular,"мама разрешила мне остаться с подругой она",21519
"подруга",popular,"трахнул подругу друга",21492
"подруга",popular,"качества лучшей подруги",21412
"подруга",popular,"расскажи подругам",21348
"подруга",popular,"порно соблазнила подругу",21284
"подруга",popular,"т подругу",21264
"подруга",popular,"лучшая подруга смотреть онлайн",21096
"подруга",popular,"беременная подруга",21058
"подруга",popular,"заходи подруга",20968
"подруга",popular,"подруги на кухне",20884
"подруга",popular,"поздравление лучшей подруге",20862
"подруга",popular,"порно пришел к подруге",20814
"подруга",popular,"порно пришла к подруге",20814
"подруга",popular,"подруги 2018",20778
"подруга",popular,"подругу с днем сына",20737
"подруга",popular,"трахает русскую подругу",20734
"подруга",popular,"рождения подруге в прозе",20711
"подруга",popular,"заставила лизать подругу",20628
"подруга",popular,"мама отпустила к подруге на ночевку",20466
"подруга",popular,"девушка подруги русский",20389
"подруга",popular,"дорогая подруга",20311
"подруга",popular,"мачеха и ее подруги",20307
"подруга",popular,"порно видео подруга жены",20274
"подруга",popular,"насильно подругу",20156
"подруга",popular,"подруга утром",20122
"подруга",popular,"с дне рождения подруге в прозе",20060
"подруга",popular,"с днем рождения подруге в прозе",20060
"подруга",popular,"с дне рождения сына подруги",20028
"подруга",popular,"с днем рождения сына подруги",20028
"подруга",popular,"подруга слушать",19983
"подруга",popular,"подруга учит",19933
"подруга",popular,"подруги в душе",19928
"подруга",popular,"видео лучшей подруге",19902
"подруга",popular,"страпонит подругу",19886
"подруга",popular,"сын мамина подруга дорам",19878
"подруга",popular,"вылизала подруге",19779
"подруга",popular,"дорама сын маминой подруги дорам",19722
"подруга",popular,"сын маминой подруги дорама",19722
"подруга",popular,"поздравления от души подруге",19666
"подруга",popular,"реальная подруга",19661
"подруга",popular,"русское с подругой с разговорами",19626
"подруга",popular,"лижет пизду подруге",19549
"подруга",popular,"ноги подруги",19541
"подруга",popular,"думал что подруга",19533
"подруга",popular,"подруги 2024",19525
"подруга",popular,"смотреть онлайн бесплатно лучшая подруга",19439
"подруга",popular,"что сделать подруге",19400
"подруга",popular,"трахнула парня подруги",19353
"подруга",popular,"отец моей подруги",19308
"подруга",popular,"лучшая подруга смотреть в хорошем качестве",19266
"подруга",popular,"подруги 10",19142
"подруга",popular,"очками подруги",19114
"подруга",popular,"порно с парнем подруги",19107
"подруга",popular,"минут от подруги",18988
"подруга",popular,"подруга просила",18942
"подруга",popular,"осталась у подруги",18912
"подруга",popular,"подруги смотреть бесплатно в хорошем качестве",18905
"подруга",popular,"подруге 50",18879
"подруга",popular,"поздравление от души подруге своими словами",18829
"подруга",popular,"скрытая камера подруги",18779
"подруга",popular,"моя гениальная подруга",18695
"подруга",popular,"минет от подруги",18657
"подруга",popular,"порно трахнул подругу жены",18564
"подруга",popular,"трахают подругу видео",18563
"подруга",popular,"рождения подруга картинки",18558
"подруга",popular,"5 подруг",18556
"подруга",popular,"фото с подругой",18537
"подруга",popular,"очко подруги",18522
"подруга",popular,"подруга мужа видео",18461
"подруга",popular,"порно кончил в подругу",18372
"подруга",popular,"предложил подруге",18345
"подруга",popular,"парень трахает подругу",18342
"подруга",popular,"смотреть видео подруга",18315
"подруга",popular,"парень подруги видео",18292
"подруга",popular,"муж трахает подругу",18285
"подруга",popular,"подруга зашла",18251
"подруга",popular,"с днем подруги картинки",18213
"подруга",popular,"подруги вышли",18192
"подруга",popular,"симпатичная подруга",18170
"подруга",popular,"подруги сидят",18145
"подруга",popular,"подруга подруг скачать бесплатно",18141
"подруга",popular,"подруга вышла",18107
"подруга",popular,"писька подруги",18056
"подруга",popular,"мила подруга",18042
"подруга",popular,"лучшая подруга это",18041
"подруга",popular,"толстые подруги",18017
"подруга",popular,"милой подруге",18009
"подруга",popular,"подруга класс",17995
"подруга",popular,"порно остался с подругами мамы",17953
"подруга",popular,"порно с лучшей подругой",17895
"подруга",popular,"летняя подруга",17862
"подруга",popular,"поздравление с днем рождения подруге от души",17860
"подруга",popular,"разрешила остаться с подругой порно",17842
"подруга",popular,"подруги в туалете",17802
"подруга",popular,"работа подругой",17802
"подруга",popular,"подруге добро",17772
"подруга",popular,"русская подруга порно видео",17737
"подруга",popular,"мама разрешила остаться с подругой порно",17719
"подруга",popular,"кончи подруга жены",17669
"подруга",popular,"подруги онлайн в хорошем качестве",17656
"подруга",popular,"подруги онлайн бесплатно в хорошем качестве",17544
"подруга",popular,"картинки с днем рождения подруге",17518
"подруга",popular,"с дне рождения подруга картинки",17518
"подруга",popular,"подруга называешься",17508
"подруга",popular,"подруга школьница",17437
"подруга",popular,"взрослая подруга",17415
"подруга",popular,"порно сосущие подруги",17316
"подруга",popular,"лучшая подруга смотреть онлайн хорошем качестве",17306
"подруга",popular,"массаж подруге",17263
"подруга",popular,"подруги смотреть онлайн бесплатно в хорошем качестве",17213
"подруга",popular,"добрая подруга",17200
"подруга",popular,"измена с подругой",16936
"подруга",popular,"подругу стоя",16842
"подруга",popular,"русская подруга парень",16809
"подруга",popular,"сочная подруга",16809
"подруга",popular,"подруга на английском",16799
"подруга",popular,"комната подруги",16799
"подруга",popular,"секс с лучшей подругой",16773
"подруга",popular,"подруги в ванной",16723
"подруга",popular,"умершей подруги",16719
"подруга",popular,"поздравление с днем подруге прикольные",16717
"подруга",popular,"жена лижет подруге",16705
"подруга",popular,"порно подруга мамки",16673
"подруга",popular,"отдала подругу",16652
"подруга",popular,"ебал подругу русская",16584
"подруга",popular,"ебет русскую подругу",16584
"подруга",popular,"с др подруге",16559
"подруга",popular,"огромный подруга",16555
"подруга",popular,"кончил в рот подруге",16549
"подруга",popular,"поздравление подруге в прозе",16528
"подруга",popular,"фильм где подруга",16518
"подруга",popular,"жмж с подругой",16470
"подруга",popular,"поздравление с рождением подруге прикольные",16422
"подруга",popular,"поздравление с днем рождения подруге прикольные",16388
"подруга",popular,"поздравления с дне рождения подруге прикольные",16388
"подруга",popular,"подругу в попку",16302
"подруга",popular,"взяв подруги",16232
"подруга",popular,"подруги 12",16193
"подруга",popular,"трахнул подругу дочери",16169
"подруга",popular,"мама отпустила на ночевку к подруге переживает",16151
"подруга",popular,"сильная подруга",16142
"подруга",popular,"мама отпустила к подруге она переживает",16127
"подруга",popular,"умерла подруга",16091
"подруга",popular,"подруга мамы видео",16057
"подруга",popular,"девушка лижет подруге",16055
"подруга",popular,"порно ночевка подруга мамы",15985
"подруга",popular,"вместе с подругой",15947
"подруга",popular,"новая подруга в школе",15896
"подруга",popular,"муж моей подруги",15883
"подруга",popular,"приснилась подруга",15867
"подруга",popular,"русское порно трахнул подругу",15852
"подруга",popular,"подруги актеры",15849
"подруга",popular,"что делать с подругой",15774
"подруга",popular,"смотреть подруга мужа",15772
"подруга",popular,"стихи подруге рождения",15770
"подруга",popular,"порно пока подруга спит",15684
"подруга",popular,"пока подруга спящие порно",15682
"подруга",popular,"порно спящей пока подруга спит",15682
"подруга",popular,"зрелая подруга порно",15643
"подруга",popular,"фильм подруги оушена",15610
"подруга",popular,"подругу алису",15594
"подруга",popular,"подруге с рождением дочери",15564
"подруга",popular,"аккуратная и симпатичная подруга детства",15536
"подруга",popular,"рождения любимой подруги",15503
"подруга",popular,"девушка ебет подругу",15475
"подруга",popular,"девушки ебал подругу",15475
"подруга",popular,"секс с парнем подруги",15473
"подруга",popular,"дне рождения любимая подруга",15415
"подруга",popular,"дне подруги песня",15414
"подруга",popular,"день подруг песни",15412
"подруга",popular,"трахнул лучшую подругу",15408
"подруга",popular,"муж ебет подругу",15406
"подруга",popular,"муж ебал подругу",15405
"подруга",popular,"русское порно с подругой жены",15404
"подруга",popular,"подруга жены вк",15367
"подруга",popular,"села на лицо подруге",15360
"подруга",popular,"милфы подруги",15342
"подруга",popular,"сели на лицо подруги",15335
"подруга",popular,"садится на лицо подруге",15331
"подруга",popular,"подрочила подруге",15307
"подруга",popular,"с днем подруги короткие",15303
"подруга",popular,"с днем дочери подруги",15287
"подруга",popular,"с днем рождения подруге трогательные",15275
"подруга",popular,"девочки детства подруги детства",15256
"подруга",popular,"порно с подругой с разговорами",15228
"подруга",popular,"ххх с подругой",15219
"подруга",popular,"сексуальная подруга",15213
"подруга",popular,"ласкает подругу",15161
"подруга",popular,"начала с подругой",15118
"подруга",popular,"подруга сына русское",15112
"подруга",popular,"подруга невесты",15106
"подруга",popular,"фильм 8 подруг",15061
"подруга",popular,"подруги фильм 2018",15012
"подруга",popular,"с днем рождения подруге коротко",14953
"подруга",popular,"душевная подруга",14927
"подруга",popular,"подругу вдвоем",14879
"подруга",popular,"письмо подруге",14861
"подруга",popular,"понимающая подруга",14836
"подруга",popular,"подруги сериал 2024",14821
"подруга",popular,"трахает подругу пока",14794
"подруга",popular,"подруги лес",14790
"подруга",popular,"песня дне рождении подруги",14749
"подруга",popular,"фильм 8 подруг оушена",14738
"подруга",popular,"видео ебли подруг",14696
"подруга",popular,"поздравить подругу своими словами",14676
"подруга",popular,"подруги тг",14654
"подруга",popular,"порно сиськи подруги",14623
"подруга",popular,"много подруг",14611
"подруга",popular,"порно с подругой мачехи",14582
"подруга",popular,"подруга родителей",14552
"подруга",popular,"подруга оказалась",14454
"подруга",popular,"лучшая подруга жены",14438
"подруга",popular,"подруга сестры русское",14418
"подруга",popular,"домашнее порно с подругой",14416
"подруга",popular,"с дне рождения дочери подруги",14401
"подруга",popular,"с днем рождения дочери подруги",14401
"подруга",popular,"красивое поздравление подруге",14392
"подруга",popular,"трогательное поздравление подруге",14381
"подруга",popular,"смотреть сериал подруги",14368
"подруга",popular,"песня про подругу",14270
"подруга",popular,"парень моей подруги",14245
"подруга",popular,"порно заставила подругу",14232
"подруга",popular,"пожелания с дне рождения подруге",14176
"подруга",popular,"подруги 13",14157
"подруга",popular,"подруги встретились",14155
"подруга",popular,"пришла подруга жены",14153
"подруга",popular,"подруга ии",14150
"подруга",popular,"порно с подругой с большими",14140
"подруга",popular,"надо подруг",14107
"подруга",popular,"секс трахают подругу",14091
"подруга",popular,"грудастая подруга",14085
"подруга",popular,"жены приходят подруга",14070
"подруга",popular,"подруга жены приходит",14070
"подруга",popular,"подруги 1 2",14021
"подруга",popular,"порно подруга дрочила",13962
"подруга",popular,"порно дрочит подруге",13961
"подруга",popular,"трусики подруги",13931
"подруга",popular,"пришла подруга мамы",13927
"подруга",popular,"дрочил на подругу",13906
"подруга",popular,"поздравление с днем лучшей подруги",13888
"подруга",popular,"муж жена подруга секс",13841
"подруга",popular,"с рождения женщине подруге",13835
"подруга",popular,"тоже подруга",13816
"подруга",popular,"поздравление подруге с юбилеем",13807
"подруга",popular,"порно фильмы подруга",13802
"подруга",popular,"лижет киску подруге",13777
"подруга",popular,"с днем рождения женщине дне подруге",13770
"подруга",popular,"с днем рождения женщине подруге",13770
"подруга",popular,"с днем рождения любимая подруга",13747
"подруга",popular,"порно подруга с другом",13703
"подруга",popular,"порно видео трахнул подругу",13646
"подруга",popular,"как назвать подругу",13630
"подруга",popular,"секс с мужем подруги",13626
"подруга",popular,"жена с подругой домашнее",13623
"подруга",popular,"заброшка подруги",13598
"подруга",popular,"имена подруг",13594
"подруга",popular,"подруги фильм бесплатно",13583
"подруга",popular,"подруги 14",13559
"подруга",popular,"порно отлизала подруге",13558
"подруга",popular,"подруга детства с которой я играл",13554
"подруга",popular,"поздравления с рождением лучшей подруге",13551
"подруга",popular,"сосущие член подруги",13486
"подруга",popular,"поздравление с дне рождения лучшей подруге",13479
"подруга",popular,"поздравление с днем рождения лучшей подруге",13479
"подруга",popular,"поздравление с днем лета подруге",13478
"подруга",popular,"гуляю с подругой",13474
"подруга",popular,"поздравление с днем подруге лет",13471
"подруга",popular,"порно жена привела подругу",13421
"подруга",popular,"песня лучшая подруга",13401
"подруга",popular,"день бывших подруг",13392
"подруга",popular,"что значат подруги",13389
"подруга",popular,"что значит подруга",13389
"подруга",popular,"над подругой",13382
"подруга",popular,"девки подруги",13378
"подруга",popular,"18 видео секс подругой",13349
"подруга",popular,"что можно подруге на день рождения",13339
"подруга",popular,"порно муж жена и подруга",13296
"подруга",popular,"фуллы от подруги",13282
"подруга",popular,"6 подруг",13282
"подруга",popular,"всегда подругой",13260
"подруга",popular,"подругу блондинку",13242
"подруга",popular,"видео фуллы от подруги",13235
"подруга",popular,"через подругу",13230
"подруга",popular,"сестра подруги видео",13215
"подруга",popular,"поздравление подруге лет с днем рождения",13201
"подруга",popular,"муж трахает подругу жены",13183
"подруга",popular,"пацаны подруги",13173
"подруга",popular,"русские подруги частное",13173
"подруга",popular,"подруга предложения",13167
"подруга",popular,"с днем рождения подруге до слез",13092
"подруга",popular,"порно дав подруги",13072
"подруга",popular,"порно подругу в рот",13067
"подруга",popular,"хорошие слова подруге",13066
"подруга",popular,"порно подруги дали",13048
"подруга",popular,"подруга дала порно",13047
"подруга",popular,"подруги 11",13034
"подруга",popular,"подруги бумаги",13017
"подруга",popular,"клитор подруги",13006
"подруга",popular,"поздравление сына подруги",12924
"подруга",popular,"пока подруга не видит",12909
"подруга",popular,"короткое поздравление подруге",12886
"подруга",popular,"порно с подругой друга",12829
"подруга",popular,"порно подруги друга с другом",12823
"подруга",popular,"юмор подруге",12803
"подруга",popular,"проводили подругу",12755
"подруга",popular,"встреча подруг",12720
"подруга",popular,"город подруг",12719
"подруга",popular,"лучшая подруга сериал",12703
"подруга",popular,"порно пригласила подругу",12681
"подруга",popular,"идеи для подруг",12670
"подруга",popular,"рыжая подруга",12633
"подруга",popular,"насилует подругу",12599
"подруга",popular,"бабушки подруги",12595
"подруга",popular,"подруга девушка где",12559
"подруга",popular,"порно трахают подругу жены",12539
"подруга",popular,"подруг оушена 2018",12533
"подруга",popular,"самому лучшей подруге",12516
"подруга",popular,"поздравить подругу с днем словами",12506
"подруга",popular,"8 подруг 2018",12493
"подруга",popular,"лицо подруги порно",12493
"подруга",popular,"подруга убит",12481
"подруга",popular,"8 подруг оушена 2018",12474
"подруга",popular,"кончил в подругу жены",12438
"подруга",popular,"подруги раздеваются",12437
"подруга",popular,"подруги 40",12411
"подруга",popular,"сентябрь подруга",12404
"подруга",popular,"трогательные слова подруге",12386
"подруга",popular,"фильмы 2018 подруги оушена",12375
"подруга",popular,"секс порно подруга 18",12358
"подруга",popular,"трахнул пьяную подругу",12350
"подруга",popular,"ебал подругу видео",12348
"подруга",popular,"без подруг бесплатно",12345
"подруга",popular,"8 подруг оушена фильм 2018",12336
"подруга",popular,"8 подруг фильм 2018",12336
"подруга",popular,"день подруг смешное",12332
"подруга",popular,"смотреть бесплатно фильм подруги",12330
"подруга",popular,"русская подруга друга",12327
"подруга",popular,"подруги играют в школу",12293
"подруга",popular,"аккуратнее с подругами",12274
"подруга",popular,"бывшая подруга друга",12259
"подруга",popular,"порно подруга снимает",12250
"подруга",popular,"порно снятое подругой",12250
"подруга",popular,"хентай с подругой",12242
"подруга",popular,"развел подругу",12230
"подруга",popular,"подруги с детства и школы",12203
"подруга",popular,"жопастая подруга",12162
"подруга",popular,"подруга лесби русское",12155
"подруга",popular,"подруге 45",12141
"подруга",popular,"внутрь подруге",12133
"подруга",popular,"поздравляю с рождением подруге своими словами",12132
"подруга",popular,"можно ли подруге",12132
"подруга",popular,"подруга пристает к подруге",12129
"подруга",popular,"приставал к подруге",12129
"подруга",popular,"поздравление подруге в прозе с днем",12117
"подруга",popular,"анал подруги видео",12075
"подруга",popular,"засунул подруге",12038
"подруга",popular,"смотреть фильм лучшая подруга",12013
"подруга",popular,"платья подруг",12011
"подруга",popular,"фильмы про подруг",12008
"подруга",popular,"нежная подруга",12002
"подруга",popular,"девочка играет с подругой",11980
"подруга",popular,"поздравление с рождения подруге в прозе",11974
"подруга",popular,"влюбилась в подругу",11960
"подруга",popular,"квартира подруги",11959
"подруга",popular,"подруги все серии",11918
"подруга",popular,"подруга оттрахана",11908
"подруга",popular,"поздравления с днем рождения подруге в прозе",11898
"подруга",popular,"7 подруг",11884
"подруга",popular,"подруги 15",11871
"подруга",popular,"порно изнасиловал подругу",11845
"подруга",popular,"подруги волосы",11837
"подруга",popular,"подруга семьи",11834
"подруга",popular,"порно подруга фулл",11831
"подруга",popular,"аккуратная подруга детства с которой я играл",11825
"подруга",popular,"волосатая подруга",11823
"подруга",popular,"красивые слова подруге",11820
"подруга",popular,"поздравляем с днем рождения подруге своими словами",11796
"подруга",popular,"подруга бывшей девушки",11772
"подруга",popular,"что поделать с подругой",11745
"подруга",popular,"пьяная подруга жены",11728
"подруга",popular,"порно позвала подругу",11717
"подруга",popular,"название подруги",11715
"подруга",popular,"pornhub подруга",11706
"подруга",popular,"порно подруги первый",11702
"подруга",popular,"анальные подруги",11700
"подруга",popular,"оттрахал подругу",11665
"подруга",popular,"оттраханная подруга",11665
"подруга",popular,"секс с другом подруги",11656
"подруга",popular,"porn подруга",11645
"подруга",popular,"выебал подругу сестры",11631
"подруга",popular,"фильмы онлайн подруга",11618
"подруга",popular,"порно ебли жены подруги",11610
"подруга",popular,"главная подруга",11566
"подруга",popular,"ебал подругу смотреть",11565
"подруга",popular,"трахает подругу мамы",11547
"подруга",popular,"сила подруг",11525
"подруга",popular,"поздравление с летием подруге",11496
"подруга",popular,"подруги 16",11495
"подруга",popular,"подруга особого",11480
"подруга",popular,"видео где подруга",11476
"подруга",popular,"бывший парень бывшая подруга",11468
"подруга",popular,"жена пригласила подругу",11423
"подруга",popular,"что ответить подруге",11405
"подруга",popular,"подругу в очках в очко",11402
"подруга",popular,"поздравления с днем подруге трогательное",11398
"подруга",popular,"секс с подругой 18",11398
"подруга",popular,"трахнул подругу матери",11331
"подруга",popular,"подруги частное домашнее",11315
"подруга",popular,"порно видео секс с подругой",11314
"подруга",popular,"подруга присоединилась",11289
"подруга",popular,"подругу на вписке",11268
"подруга",popular,"порно ебал жену подруга",11265
"подруга",popular,"порно ебут подругу жены",11265
"подруга",popular,"поздравление с рождением подруге трогательные",11245
"подруга",popular,"лижет подруге русское",11226
"подруга",popular,"подругу по очереди",11223
"подруга",popular,"смотреть онлайн фильм подруги",11201
"подруга",popular,"подруга белая",11190
"подруга",popular,"трогательное поздравление с днем рождения подруге",11190
"подруга",popular,"пришел в гости к подруге",11189
"подруга",popular,"пинтерест подруги",11179
"подруга",popular,"е подругу",11172
"подруга",popular,"муж ебал подруге жене",11167
"подруга",popular,"муж ебет подругу жены",11164
"подруга",popular,"порно с подругой вк",11163
"подруга",popular,"моя чертовски хорошая подруга",11155
"подруга",popular,"жестко трахнул подругу",11121
"подруга",popular,"прийди в гости к подруге",11105
"подруга",popular,"прихожу к подруге в гости",11105
"подруга",popular,"устроили подругу",11102
"подруга",popular,"подруги на кровати",11093
"подруга",popular,"подарок подруге своими руками",11088
"подруга",popular,"короткие слова подруге",11088
"подруга",popular,"подруга ответ",11088
"подруга",popular,"подруга против подруги",11084
"подруга",popular,"подруга вечеринка",11056
"подруга",popular,"разные подруги",11044
"подруга",popular,"подругу тети",11043
"подруга",popular,"муж жена подруга видео",11036
"подруга",popular,"сыне подругу матери",11025
"подруга",popular,"русскую молодую подругу",11023
"подруга",popular,"подростки подруги",11011
"подруга",popular,"порно подругой озвучкой",11009
"подруга",popular,"две русских подруг",10987
"подруга",popular,"подруга группа",10962
"подруга",popular,"что подарить подруге на др",10956
"подруга",popular,"подруга в чулках",10952
"подруга",popular,"порно подруга после",10951
"подруга",popular,"мамина подруга видео",10935
"подруга",popular,"план подруги",10931
"подруга",popular,"трахнул двух подруг",10922
"подруга",popular,"секс первые подруга",10916
"подруга",popular,"на улице с подругой",10913
"подруга",popular,"стих с дне рождения подруге",10912
"подруга",popular,"стих с днем рождения подруге",10912
"подруга",popular,"отношение подруг",10890
"подруга",popular,"подруга карта",10855
"подруга",popular,"порно мама отпустила к подруге",10850
"подруга",popular,"трахнула мужа подруги",10788
"подруга",popular,"кино подруги",10779
"подруга",popular,"видео подруга бесплатно",10774
"подруга",popular,"видео для подруги",10743
"подруга",popular,"выебал подругу русское",10727
"подруга",popular,"бывшая подруга мужа",10726
"подруга",popular,"подруги 9",10689
"подруга",popular,"поздравление с днем подруге красивые",10687
"подруга",popular,"полном подругой",10681
"подруга",popular,"подруги получили",10672
"подруга",popular,"правильная подруга",10657
"подруга",popular,"секс с подругой друга",10645
"подруга",popular,"трогает подругу",10639
"подруга",popular,"подруга лучше девушки",10636
"подруга",popular,"подруга друга видео",10596
"подруга",popular,"аниме подруга детства",10578
"подруга",popular,"подруга игрушка",10573
"подруга",popular,"хочу подругу бывшей",10562
"подруга",popular,"подруга жены сосет",10560
"подруга",popular,"сосущие подруги жены",10560
"подруга",popular,"подруга шлюха",10514
"подруга",popular,"подруга 30",10507
"подруга",popular,"ебал подругу пока",10488
"подруга",popular,"ебут подругу пока",10488
"подруга",popular,"подольская подруга",10485
"подруга",popular,"подруги часть",10483
"подруга",popular,"поздравления с рождением красивые подруге",10481
"подруга",popular,"трахают подругу друга",10446
"подруга",popular,"красивое поздравление с днем рождения подруге",10444
"подруга",popular,"3 подруги 2",10443
"подруга",popular,"подруга особого назначения",10442
"подруга",popular,"porno подруга",10436
"подруга",popular,"подруга тома",10406
"подруга",popular,"двое подруг",10401
"подруга",popular,"попа подруги порно",10390
"подруга",popular,"наказал подругу",10384
"подруга",popular,"потому что подруга",10381
"подруга",popular,"поздравление подруге с днем короткие",10376
"подруга",popular,"какая бывшая подруга",10375
"подруга",popular,"выебал подругу мамы",10366
"подруга",popular,"порно 2 подруги",10353
"подруга",popular,"дорога подруга с днем",10336
"подруга",popular,"подруги целуются",10324
"подруга",popular,"тема подруга",10290
"подруга",popular,"трахает подругу сестры",10251
"подруга",popular,"поздравление с рождением подруге короткие",10237
"подруга",popular,"порно помог подруге",10193
"подруга",popular,"с днем подруги душевные",10172
"подруга",popular,"короткое поздравление с днем рождения подруге",10172
"подруга",popular,"песня с днем рождения подруга",10160
"подруга",popular,"порно отпустила на ночевку к подруге",10156
"подруга",popular,"быстрее подруга",10139
"подруга",popular,"порно страпон подругу",10133
"подруга",popular,"женская подруга",10119
"подруга",popular,"подруга негр",10113
"подруга",popular,"скачать день подруги",10111
"подруга",popular,"голы девушка подруга",10108
"подруга",popular,"вставил подруге",10103
"подруга",popular,"подруги елены",10096
"подруга",popular,"порно 18 с подругой",10076
"подруга",popular,"парень ебал подругу",10071
"подруга",popular,"парень ебет подругу",10071
"подруга",popular,"мама отпустила на ночевку к подруге порно",10043
"подруга",popular,"порно мама разрешила остаться с подругой переживает",10043
"подруга",popular,"порно анал с подругой",10041
"подруга",popular,"подруга хочет секса",10018
"подруга",popular,"порно куни подруге",10017
"подруга",popular,"подруга уехала",10011
"подруга",popular,"фуллы подруг 18",9998
"подруга",popular,"секс с красивой подругой",9995
"подруга",popular,"порно подруга жени",9989
"подруга",popular,"юная подруга",9981
"подруга",popular,"сквирт подруги",9975
"подруга",popular,"выебал подругу девушки",9970
"подруга",popular,"суровый подруга",9944
"подруга",popular,"с днем рождения подруге душевные",9938
"подруга",popular,"совратила подругу",9935
"подруга",popular,"разрешила остаться с подругой она переживает порно",9933
"подруга",popular,"смотреть парень подругу",9923
"подруга",popular,"игры с подругой",9899
"подруга",popular,"подруги спиной",9889
"подруга",popular,"подруга делает куни",9886
"подруга",popular,"с днем подруге своими словами трогательные",9875
"подруга",popular,"ролик подруги",9852
"подруга",popular,"спящая девушка подругой",9850
"подруга",popular,"подруга виду",9804
"подруга",popular,"приходи с подругой порно",9798
"подруга",popular,"подруга попала",9794
"подруга",popular,"порно трахнул подругу сестры",9789
"подруга",popular,"худые подруги",9786
"подруга",popular,"фуллы от подруги секс 18",9771
"подруга",popular,"подруге с днем рождения своими словами трогательные",9768
"подруга",popular,"юбку подруга",9767
"подруга",popular,"довела подругу",9760
"подруга",popular,"общение подругой",9758
"подруга",popular,"сходить подруга",9755
"подруга",popular,"поздравление подруге с рождением сына",9748
"подруга",popular,"скачать подруги рождением",9739
"подруга",popular,"домашний секс с подругой",9730
"подруга",popular,"отчим подруге",9722
"подруга",popular,"подруг одежда",9718
"подруга",popular,"ищущие подруг",9709
"подруга",popular,"ищу подругу",9708
"подруга",popular,"длинная подруга",9697
"подруга",popular,"время с подругой",9686
"подруга",popular,"с дне рождения подруг дорогой",9660
"подруга",popular,"смотреть мамина подруга",9654
"подруга",popular,"подруга порно переводом",9624
"подруга",popular,"подруга делает минет",9620
"подруга",popular,"подруга дне моих суровых",9602
"подруга",popular,"подруга дней моих суровых",9602
"подруга",popular,"milf подруга",9591
"подруга",popular,"часы подруге",9586
"подруга",popular,"с рождения дорогая подруга",9580
"подруга",popular,"поздравление подруге до слез",9580
"подруга",popular,"с днем рождения подруге смешные",9575
"подруга",popular,"кончил внутрь подруге",9548
"подруга",popular,"трахнул подругу смотреть",9545
"подруга",popular,"с днем рождения дорогая подруга",9525
"подруга",popular,"смотреть сын подруги",9523
"подруга",popular,"порно подруга попросила",9510
"подруга",popular,"русское порно с подругой с разговорами",9509
"подруга",popular,"подруги студентки",9508
"подруга",popular,"грязные подруги",9496
"подруга",popular,"теперь подруга",9496
"подруга",popular,"трахнул молодую подругу",9487
"подруга",popular,"подруга хочет порно",9483
"подруга",popular,"порно спалил подругу",9464
"подруга",popular,"текст песни подруга",9446
"подруга",popular,"поздравление женщине подруге",9433
"подруга",popular,"трахнул подругу вк",9421
"подруга",popular,"ебет подругу друга",9402
"подруга",popular,"поздравление дочери подруги",9393
"подруга",popular,"трахнул подругу сына",9389
"подруга",popular,"еду подругу",9386
"подруга",popular,"минет подруги видео",9363
"подруга",popular,"пришла подруга бывшей",9351
"подруга",popular,"выебал пока подруга",9335
"подруга",popular,"12 лет подруга",9320
"подруга",popular,"русские подруги лесбиянки",9317
"подруга",popular,"целую подруг",9295
"подруга",popular,"плачущая подруга",9293
"подруга",popular,"секс ебал подругу",9233
"подруга",popular,"секс ебут подругу",9230
"подруга",popular,"моя чертовски хорошая подруга фильм",9213
"подруга",popular,"застукал подругу",9205
"подруга",popular,"рядом спит подруга",9195
"подруга",popular,"спящие рядом подруги",9194
"подруга",popular,"порно с красивой подругой",9175
"подруга",popular,"зрелая подруга жены",9155
"подруга",popular,"поздравление с днем сына подруги",9143
"подруга",popular,"с днем подруг своими словами короткие",9130
"подруга",popular,"подруги крупно",9130
"подруга",popular,"веселые подруги",9098
"подруга",popular,"трах с подругой",9095
"подруга",popular,"секс выебал подругу",9065
"подруга",popular,"порно измена с подругой",9059
"подруга",popular,"фильмы онлайн бесплатно подруги",9050
"подруга",popular,"подруга секс порно анал",9020
"подруга",popular,"видео подруги жены русское",9013
"подруга",popular,"поеду подругу",9009
"подруга",popular,"с днем рождения подруга своими словами короткие",9005
"подруга",popular,"подруги занялись порно",9000
"подруга",popular,"переспал с подругой",8992
"подруга",popular,"переспала с подругой",8992
"подруга",popular,"подруги лесбийский",8979
"подруга",popular,"смотреть бесплатно подруга русское",8972
"подруга",popular,"видео эротика подруга",8969
"подруга",popular,"выебал спящую подругу",8964
"подруга",popular,"подруги лежат",8955
"подруга",popular,"куда с подругой",8950
"подруга",popular,"подруги фильм смотреть онлайн бесплатно",8943
"подруга",popular,"подруге кате",8941
"подруга",popular,"песни подруги бесплатно",8933
"подруга",popular,"онлайн фильмы лучшие подруги",8921
"подруга",popular,"подруга рая",8917
"подруга",popular,"подруга жены бесплатно",8914
"подруга",popular,"сейчас подруга",8891
"подруга",popular,"от первого лица подругам",8887
"подруга",popular,"скачать с днем рождения подруга",8854
"подруга",popular,"подруга с большой жопой",8848
"подруга",popular,"интересные подруги",8837
"подруга",popular,"русская подруга пришла",8811
"подруга",popular,"проиграл подругу",8810
"подруга",popular,"подруга сняла видео",8810
"подруга",popular,"трахает спящую подругу",8806
"подруга",popular,"поздравление с дне рождения сына подруги",8797
"подруга",popular,"поздравление с днем рождения сына подруги",8797
"подруга",popular,"полизала подруге",8793
"подруга",popular,"секс с молодой подругой",8792
"подруга",popular,"что можно подарить подруге на день",8783
"подруга",popular,"день подруги юмор",8766
"подруга",popular,"пришел к маме подруги",8750
"подруга",popular,"моя гениальная подруга сериал",8748
"подруга",popular,"подруги фильм девушка",8745
"подруга",popular,"бросила подруга",8744
"подруга",popular,"в жопу ебал подругу",8735
"подруга",popular,"ебет подругу в жопу",8735
"подруга",popular,"18 лет подруге",8727
"подруга",popular,"пасынок подруга",8726
"подруга",popular,"день рождения подруге своими руками",8717
"подруга",popular,"младшая подруга",8714
"подруга",popular,"подруги сериал онлайн",8702
"подруга",popular,"порно трахнул подругу мамы",8698
"подруга",popular,"фильм лучшие подруги бесплатно",8696
"подруга",popular,"двумя подругами видео",8695
"подруга",popular,"знакомая подруги",8694
"подруга",popular,"мама дочь подруги",8686
"подруга",popular,"порно с молодой подругой",8684
"подруга",popular,"подруги сюжет",8674
"подруга",popular,"сериал подруги смотреть онлайн",8669
"подруга",popular,"жду подруг",8666
"подруга",popular,"что можно подарить подруге на рождение",8658
"подруга",popular,"день мамы подруге",8629
"подруга",popular,"девушка дрочила подруге",8623
"подруга",popular,"девушка дрочит подруге",8623
"подруга",popular,"с днем рождения подруге с юмором",8598
"подруга",popular,"тайна подруги",8598
"подруга",popular,"работать подругой",8593
"подруга",popular,"что можно подарить подруге на день рождение",8582
"подруга",popular,"пришла подруга девушки",8578
"подруга",popular,"подругу толпой",8567
"подруга",popular,"легких подруг",8562
"подруга",popular,"подруга 20",8547
"подруга",popular,"даже подруга",8524
"подруга",popular,"в бане с подругой",8523
"подруга",popular,"как записать подругу",8522
"подруга",popular,"трогательное поздравление подруге своими словами",8506
"подруга",popular,"трахнул подругу пока жена",8501
"подруга",popular,"лижет подруге видео",8498
"подруга",popular,"добро утро подруге",8491
"подруга",popular,"50 лет подруге",8489
"подруга",popular,"доброе утро добро подруга",8486
"подруга",popular,"доброе утро подруга",8486
"подруга",popular,"сегодня подруги",8477
"подруга",popular,"смотреть без подруг",8474
"подруга",popular,"вопросы для подруг",8459
"подруга",popular,"слова подруге с днем рождения до слез",8458
"подруга",popular,"лесби лижет подруге",8453
"подруга",popular,"порно минет от подруги",8439
"подруга",popular,"верная подруга",8430
"подруга",popular,"на глазах у подруги",8421
"подруга",popular,"русские подруги любительское",8399
"подруга",popular,"секс с подругой мачехи",8397
"подруга",popular,"подругу за деньги",8389
"подруга",popular,"пышная подруга",8373
"подруга",popular,"порно где подруга",8372
"подруга",popular,"подруга пита",8368
"подруга",popular,"что можно поделать с подругой",8347
"подруга",popular,"секс с большой подруги",8341
"подруга",popular,"пьющая подруга",8310
"подруга",popular,"подруга тодоренко",8285
"подруга",popular,"выебал подругу друга",8282
"подруга",popular,"секс порно трахнул подругу",8272
"подруга",popular,"порно брат сестра и подруга",8269
"подруга",popular,"замужняя подруга",8266
"подруга",popular,"мелодрама подруги",8266
"подруга",popular,"жена с подругой с разговорами",8254
"подруга",popular,"порно спящая подруга жены",8243
"подруга",popular,"жена изменяет с подругой",8223
"подруга",popular,"молоденькую подругу",8220
"подруга",popular,"порно видео подруга мамы",8202
"подруга",popular,"порно подруга жены спит",8191
"подруга",popular,"подруга красотка",8184
"подруга",popular,"секс с подругой лесби",8183
"подруга",popular,"лето подруги",8181
"подруга",popular,"страшная подруга",8173
"подруга",popular,"подругу жены в жопу",8172
"подруга",popular,"пока бывшая подруга",8168
"подруга",popular,"трахнул подругу домашнее",8159
"подруга",popular,"порно изменил с подругой",8136
"подруга",popular,"порно изменяет с подругой",8136
"подруга",popular,"порно трах подруги",8136
"подруга",popular,"пропускать подруга",8125
"подруга",popular,"выебал подругу видео",8124
"подруга",popular,"трое подруг",8120
"подруга",popular,"страстная подруга",8109
"подруга",popular,"частное видео подруги",8094
"подруга",popular,"подруги делают порно",8091
"подруга",popular,"смотреть подруги все серии",8088
"подруга",popular,"подруга застряла",8086
"подруга",popular,"трахает мамину подругу",8081
"подруга",popular,"подруга проси ее",8067
"подруга",popular,"порно любительское подруга",8060
"подруга",popular,"открытка с днем подруге красивые",8043
"подруга",popular,"порно видео с подругой 18",8037
"подруга",popular,"подруга соседку",8030
"подруга",popular,"какой сделать подруге",8026
"подруга",popular,"подруги москва",8025
"подруга",popular,"заклятые подруги",8017
"подруга",popular,"контакт подруга",8009
"подруга",popular,"сын маминой подруги 2024",7985
"подруга",popular,"подруга подряд",7982
"подруга",popular,"трахнул красивую подругу",7980
"подруга",popular,"как подписать подругу",7976
"подруга",popular,"красивая открытка с рождением подруги",7961
"подруга",popular,"магазин подруг",7957
"подруга",popular,"даю в рот подруге",7954
"подруга",popular,"дал в рот подруге",7952
"подруга",popular,"дали в рот подруге",7952
"подруга",popular,"открытки с днем рождения подруге красивые",7951
"подруга",popular,"стрим подруг",7947
"подруга",popular,"бесплатно сериал подруги",7941
"подруга",popular,"трахнули подругу 18",7922
"подруга",popular,"подруга коллега",7913
"подруга",popular,"общага подруга",7903
"подруга",popular,"с юбилеем лет подруга",7878
"подруга",popular,"milf порно подруги",7876
"подруга",popular,"ситуация подруги",7876
"подруга",popular,"секс с подругой вк",7875
"подруга",popular,"день друзей подругам",7848
"подруга",popular,"сначала подругу",7847
"подруга",popular,"порно с двумя подругами",7821
"подруга",popular,"лучшая подруга 18",7805
"подруга",popular,"сериал смотреть бесплатно подруга",7803
"подруга",popular,"порно подруга с членом",7801
"подруга",popular,"лапаю подругу",7775
"подруга",popular,"вызвал подруг",7766
"подруга",popular,"лапает подругу",7757
"подруга",popular,"подругу крупным планом",7757
"подруга",popular,"бывшую подругу с другом",7757
"подруга",popular,"сняла мужа подруги",7753
"подруга",popular,"подруга настя",7742
"подруга",popular,"помощь подруг",7741
"подруга",popular,"подруге 55",7730
"подруга",popular,"никому тебя не отдам подруга моя",7729
"подруга",popular,"подруги море",7726
"подруга",popular,"трахнул подругу мачехи",7722
"подруга",popular,"пока подруга сестры",7714
"подруга",popular,"подарок на др подруге",7714
"подруга",popular,"подруга девушки на меня",7711
"подруга",popular,"семейная подруга",7710
"подруга",popular,"еë подруг еë",7693
"подруга",popular,"ебал подругу мамы",7688
"подруга",popular,"ебет подругу мамы",7688
"подруга",popular,"пожелания подруге на день",7678
"подруга",popular,"подруга пришла видео",7668
"подруга",popular,"поздравление с др подруге",7667
"подруга",popular,"порно муж жена подруга русский",7664
"подруга",popular,"привела русскую подругу",7660
"подруга",popular,"красивые слова с днем подруг",7657
"подруга",popular,"подруга писает",7650
"подруга",popular,"подруга научила",7642
"подруга",popular,"выебал мамину подругу",7629
"подруга",popular,"подруга учится",7628
"подруга",popular,"лучшая подруга фильм бесплатно онлайн",7623
"подруга",popular,"подруге 14 лет",7618
"подруга",popular,"жена подругу камера",7612
"подруга",popular,"порно без подруг",7600
"подруга",popular,"первый секс с подругой",7600
"подруга",popular,"порно инцест подруги",7598
"подруга",popular,"лучшая подруга фильм смотреть онлайн бесплатно",7585
"подруга",popular,"без подруг лучше",7580
"подруга",popular,"живи с подругой",7573
"подруга",popular,"жили с подругой",7573
"подруга",popular,"поздравления с днем подруга до слез",7560
"подруга",popular,"порно видео подруга сестры",7547
"подруга",popular,"смотреть фильм подруги бесплатно в хорошем",7530
"подруга",popular,"с подругой на русском языке",7526
"подруга",popular,"пустили подругу",7521
"подруга",popular,"мама отпустила к подруге она переживает порно",7519
"подруга",popular,"подруги 60",7508
"подруга",popular,"35 подруги",7499
"подруга",popular,"подруги дочке день",7498
"подруга",popular,"подруга в трусах",7497
"подруга",popular,"пришла подруга домой",7492
"подруга",popular,"проснулась подруга",7472
"подруга",popular,"жесткий секс с подругой",7471
"подруга",popular,"трогательные слова поздравления с днем рождения подруге",7467
"подруга",popular,"порно трахнул подругу девушки",7467
"подруга",popular,"твоя бывшая подруга",7463
"подруга",popular,"подруге 13 лет",7459
"подруга",popular,"парно с подругой",7459
"подруга",popular,"сериал мамина подруга",7459
"подруга",popular,"поздравление рождения женщине подруге",7456
"подруга",popular,"напоил подругу",7450
"подруга",popular,"пожелания на день рождения подруге",7442
"подруга",popular,"подруга снимает секс",7442
"подруга",popular,"жена позвала подругу",7435
"подруга",popular,"порнуха с подругой",7428
"подруга",popular,"поздравление с рождением подруге своими словами трогательные",7426
"подруга",popular,"подруги бывшей жены",7422
"подруга",popular,"трахает подругу сына",7420
"подруга",popular,"трахнул подругу жены русское",7420
"подруга",popular,"актрисы подруги",7418
"подруга",popular,"смотрит как трахают подругу",7403
"подруга",popular,"поздравление женщине с днем подруги",7389
"подруга",popular,"порно с подругой бесплатно",7384
"подруга",popular,"с рождением дочки подруге",7374
"подруга",popular,"день близких подруг",7373
"подруга",popular,"настоящая подруга",7370
"подруга",popular,"подруга маши",7366
"подруга",popular,"поздравление с днем рождения женщине подруге",7357
"подруга",popular,"что можно подруге на др",7336
"подруга",popular,"подруга целует подругу",7335
"подруга",popular,"подруга лена",7332
"подруга",popular,"подруги фильм хорошего качества",7331
"подруга",popular,"порно с братом подруги",7327
"подруга",popular,"подруга скучная",7315
"подруга",popular,"подруга часто",7305
"подруга",popular,"секс с двумя подругами",7305
"подруга",popular,"подругу замуж",7292
"подруга",popular,"сын маминой подруги сериал",7290
"подруга",popular,"рождения подругу детства",7286
"подруга",popular,"пока подруга рядом",7275
"подруга",popular,"подруга 11 лет",7272
"подруга",popular,"поздравление подруге с рождением слез",7268
"подруга",popular,"трахает подругу страпоном",7255
"подруга",popular,"вашей подругой",7247
"подруга",popular,"порно трахнул подругу пока",7243
"подруга",popular,"поставила подруга",7240
"подруга",popular,"пришел к подруге секс",7229
"подруга",popular,"день подруги бесплатно",7228
"подруга",popular,"поздравление подруге с днем рождения до слез",7216
"подруга",popular,"порно остался у подруги",7215
"подруга",popular,"поздравление подруге с рождением дочери",7204
"подруга",popular,"забирай подругу",7195
"подруга",popular,"подруга забрала",7194
"подруга",popular,"подруга пола",7191
"подруга",popular,"смешное поздравление подруге",7182
"подруга",popular,"как поддержать подругу",7174
"подруга",popular,"с днем подруг детства",7174
"подруга",popular,"подруга жениха",7171
"подруга",popular,"пришла подруга друга",7152
"подруга",popular,"лучшая подруга серия смотреть",7148
"подруга",popular,"сериал подруги смотреть онлайн бесплатно",7130
"подруга",popular,"подруги вики",7128
"подруга",popular,"секс с подругой смотря секс",7126
"подруга",popular,"какого день подруг",7126
"подруга",popular,"шикарной подруге",7125
"подруга",popular,"подругой рф",7116
"подруга",popular,"чем заняться с подругой",7114
"подруга",popular,"подруга наблюдает",7108
"подруга",popular,"подруга песня слушать",7107
"подруга",popular,"мини подруга",7106
"подруга",popular,"первое порно с подругой",7101
"подруга",popular,"сериал про подруг",7096
"подруга",popular,"кончил подруге на лицо",7093
"подруга",popular,"подруга пантеры",7087
"подруга",popular,"смотреть секс с подругой",7082
"подруга",popular,"эротические подруги",7079
"подруга",popular,"подруги лесбиянки видео",7078
"подруга",popular,"хорошего дня подруга своими словами",7072
"подруга",popular,"потрахались с подругой",7071
"подруга",popular,"пока подруга спит секс спящие",7070
"подруга",popular,"поздравление подруге на лет",7069
"подруга",popular,"подруга героя",7068
"подруга",popular,"подруга перестала",7066
"подруга",popular,"вторая подруга",7063
"подруга",popular,"подруги в деревне",7062
"подруга",popular,"подругу грубо",7059
"подруга",popular,"худшая подруга сериал",7058
"подруга",popular,"порно видео подруга девушки",7052
"подруга",popular,"трахнул подругу в жопу",7052
"подруга",popular,"смотреть фильм подруга в хорошем качестве",7049
"подруга",popular,"брат сестра и ее подруга",7046
"подруга",popular,"подруга наташа",7038
"подруга",popular,"типы подруг",7027
"подруга",popular,"пизда подруги жены",7013
"подруга",popular,"лучшая подруга фильм смотреть онлайн в хорошем",7002
"подруга",popular,"спящая подруга сестры",6997
"подруга",popular,"подруги россия",6995
"подруга",popular,"пройти подруга",6995
"подруга",popular,"поздравление подруге с юмором",6994
"подруга",popular,"дружба с подругой",6986
"подруга",popular,"смотрит как ебут подругу",6974
"подруга",popular,"молодой девушка подруга",6974
"подруга",popular,"русское порно с подругой мамы",6965
"подруга",popular,"п подруги",6965
"подруга",popular,"русскую подругу вк",6958
"подруга",popular,"имеет подругу",6956
"подруга",popular,"душевные слова подруге",6949
"подруга",popular,"друг парня подруги",6946
"подруга",popular,"с днем рождения дне подруга детства",6945
"подруга",popular,"с днем рождения подруге детства",6945
"подруга",popular,"подруга смерть",6943
"подруга",popular,"жесткое порно с подругой",6942
"подруга",popular,"лучшая подруга скачать",6936
"подруга",popular,"любительское с подругой",6934
"подруга",popular,"девушки заставили подругу",6926
"подруга",popular,"поздравление с днем дочери подруги",6923
"подруга",popular,"сестра спит подругой",6919
"подруга",popular,"с днем рождения подругу своими словами красиво",6919
"подруга",popular,"порно подруг первыми раз",6915
"подруга",popular,"жестко выебал подругу",6911
"подруга",popular,"соблазнила парня подруги",6909
"подруга",popular,"мамкина подруга",6901
"подруга",popular,"трахает подругу домашнее",6899
"подруга",popular,"поделился подругой",6894
"подруга",popular,"смотреть фильм подруги бесплатно в хорошем качестве",6891
"подруга",popular,"привет подруга",6884
"подруга",popular,"секс с спящей подругой",6881
"подруга",popular,"день рождения подруге бесплатно",6881
"подруга",popular,"танцуй подруга",6879
"подруга",popular,"танцующие подруги",6879
"подруга",popular,"бывший любимой подруге",6868
"подруга",popular,"памяти подруги",6866
"подруга",popular,"русское домашнее частное подруга",6858
"подруга",popular,"измена с подругой жены",6850
"подруга",popular,"с днем рождения дочку подруги",6833
"подруга",popular,"секс видео минет подруга",6829
"подруга",popular,"порно с подругой матери",6827
"подруга",popular,"изменила мужу с подругой",6809
"подруга",popular,"муж изменяет с подругой",6809
"подруга",popular,"ебал мамин подругу",6805
"подруга",popular,"ебет мамину подругу",6805
"подруга",popular,"ни подруга",6805
"подруга",popular,"подруга после школы",6802
"подруга",popular,"друзья подруги рф",6799
"подруга",popular,"подруг обману",6795
"подруга",popular,"трахает подругу дочери",6774
"подруга",popular,"порно увидела подругу",6765
"подруга",popular,"порно жмж с подругой",6758
"подруга",popular,"рождение мужа подруги",6754
"подруга",popular,"телефон снятое подругой",6728
"подруга",popular,"девушка делает подруге",6726
"подруга",popular,"трахнул подругу большим",6720
"подруга",popular,"скачать бесплатно песню подруга",6715
"подруга",popular,"подруга звонит",6714
"подруга",popular,"четыре подруги",6704
"подруга",popular,"подруги 1 серия",6699
"подруга",popular,"трахнул подругу мамки",6698
"подруга",popular,"жмж с подругой жены",6697
"подруга",popular,"девственность подруга",6695
"подруга",popular,"некрасивая подруга",6692
"подруга",popular,"душевное поздравление подруге",6684
"подруга",popular,"несколько подруг",6683
"подруга",popular,"порно русские подруги ебал",6670
"подруга",popular,"русское порно ебут подругу",6670
"подруга",popular,"уговорил подругу на секс",6669
"подруга",popular,"подруги диана",6669
"подруга",popular,"анус подруги",6669
"подруга",popular,"групповые подруги",6663
"подруга",popular,"музыка подруга",6659
"подруга",popular,"трахает двух подруг",6652
"подруга",popular,"подруги в сауне",6642
"подруга",popular,"во что поиграть с подругой",6641
"подруга",popular,"транс с подругой",6637
"подруга",popular,"порно с пьяной подругой",6628
"подруга",popular,"лесбийский секс подруг",6627
"подруга",popular,"подруга придумала",6626
"подруга",popular,"день подруги видео",6606
"подруга",popular,"ебал двух подруг",6605
"подруга",popular,"ебет двух подруг",6605
"подруга",popular,"потрогал подругу",6598
"подруга",popular,"подруга пыталась",6597
"подруга",popular,"смотреть сериал лучшая подруга",6597
"подруга",popular,"подруга 40 лет",6591
"подруга",popular,"подруга застала",6589
"подруга",popular,"поздравление с днем рождения дочери подруги",6587
"подруга",popular,"трахнул подругу дома",6579
"подруга",popular,"подруги 17",6577
"подруга",popular,"с днем рождения маму подруги",6562
"подруга",popular,"порно подруга домой",6560
"подруга",popular,"смотрим бесплатно подруги все серии",6560
"подруга",popular,"секс с подругой с разговорами",6559
"подруга",popular,"ебет подругу сестры",6559
"подруга",popular,"подругу по кругу",6552
"подруга",popular,"подруги читать онлайн",6547
"подруга",popular,"лучшая подруга все серии",6541
"подруга",popular,"диалог с подругой",6537
"подруга",popular,"подругой мир",6536
"подруга",popular,"возбуждающая подруга",6533
"подруга",popular,"видео подруга привела подругу",6529
"подруга",popular,"видео молодая подруга",6526
"подруга",popular,"возбужденная подруга",6520
"подруга",popular,"возбудил подругу",6517
"подруга",popular,"едет подруг",6511
"подруга",popular,"ебал подругу домашнее",6511
"подруга",popular,"ебут подругу домашнее",6511
"подруга",popular,"подруга занялась видео",6510
"подруга",popular,"снял подругу на телефон",6509
"подруга",popular,"подруга приставала порно",6509
"подруга",popular,"порно подруга пристает",6509
"подруга",popular,"подруга учитель",6504
"подруга",popular,"поддержка подруге",6496
"подруга",popular,"подруга жены 18",6495
"подруга",popular,"что пожелать подруге",6495
"подруга",popular,"девушка с членом с подругой",6488
"подруга",popular,"секс с подругой жены русское",6468
"подруга",popular,"прикольные открытки подруге",6464
"подруга",popular,"вебкам подруги",6457
"подруга",popular,"девушка друг подруга",6456
"подруга",popular,"трахнул подругу отца",6454
"подруга",popular,"секс с сыном подруги",6442
"подруга",popular,"подруга азиатка",6438
"подруга",popular,"песня бывшая подруга",6438
"подруга",popular,"подруги решили порно",6425
"подруга",popular,"подруга подруг бит",6420
"подруга",popular,"с подругой в машине",6413
"подруга",popular,"киска подруги видео",6408
"подруга",popular,"порно мужик подругу",6407
"подруга",popular,"подруги телки",6402
"подруга",popular,"порно ролики подруга",6400
"подруга",popular,"порно трахнул мамину подругу",6399
"подруга",popular,"секс с подругой дома",6398
"подруга",popular,"подруга д",6388
"подруга",popular,"развел подругу на секс",6387
"подруга",popular,"подруга делает что хочешь",6386
"подруга",popular,"с днем рождения лучшей подруге своими словами",6380
"подруга",popular,"подруга выходит замуж",6377
"подруга",popular,"подруги вышли замуж",6377
"подруга",popular,"подруга 15 лет",6373
"подруга",popular,"поздравление с днем подруге своими словами короткие",6370
"подруга",popular,"попробовали подруг",6369
"подруга",popular,"секс с подругой сиськи",6369
"подруга",popular,"лесбиянка лижет подруге",6365
"подруга",popular,"подруга ольги",6360
"подруга",popular,"шуточное подруге",6354
"подруга",popular,"люблю тебя подруга",6351
"подруга",popular,"любимая подруга люблю тебя",6348
"подруга",popular,"девушка подруга пиздой",6347
"подруга",popular,"дрочила парня подруги",6341
"подруга",popular,"присунул подруге",6324
"подруга",popular,"эро подруга",6320
"подруга",popular,"подруга тодоренко и подольская",6314
"подруга",popular,"правда подруга",6311
"подруга",popular,"подруга дарит",6308
"подруга",popular,"слова бывшей подруге",6307
"подруга",popular,"две девушки подруги",6302
"подруга",popular,"лесби подруга видео",6295
"подруга",popular,"поздравление с рождением подруге своими словами короткие",6295
"подруга",popular,"изнасилование подруги",6293
"подруга",popular,"порно душ подруге",6291
"подруга",popular,"бывшая подруга 3",6281
"подруга",popular,"что сказать бывшей подруге",6280
"подруга",popular,"видео любимой подруге",6279
"подруга",popular,"издевались подругой",6275
"подруга",popular,"порно под подругой",6274
"подруга",popular,"отымел подругу",6265
"подруга",popular,"отымела подругу",6265
"подруга",popular,"отыметь подругу",6265
"подруга",popular,"про лучшую подругу",6264
"подруга",popular,"классная подруга",6262
"подруга",popular,"трахнул подругу потом",6260
"подруга",popular,"порно с отцом подруги",6256
"подруга",popular,"подходящую подругу",6248
"подруга",popular,"фильм называется подруга",6248
"подруга",popular,"трогательно до слез подруге",6247
"подруга",popular,"постоянная подруга",6238
"подруга",popular,"подруги делают секс",6237
"подруга",popular,"трахнулись с подругой",6232
"подруга",popular,"забытая подруга",6231
"подруга",popular,"трахнул подругу после",6229
"подруга",popular,"секс с подругой дочери",6214
"подруга",popular,"подруга лишила подругу",6212
"подруга",popular,"трахнул подругу в анал",6196
"подруга",popular,"пробуют подруг",6191
"подруга",popular,"подруги мамы приходят порно",6181
"подруга",popular,"бывшая подруга говорит",6175
"подруга",popular,"порно анал минет от подруги",6172
"подруга",popular,"подруга брюнетка",6169
"подруга",popular,"трахнул бывшую подругу",6165
"подруга",popular,"порно подруга учит",6162
"подруга",popular,"соблазнила подругу на секс",6160
"подруга",popular,"подруге анне",6151
"подруга",popular,"соблазнила подругу русское",6149
"подруга",popular,"секс кончил в подругу",6143
"подруга",popular,"любительское видео подруга",6140
"подруга",popular,"русское подруга пока подруга",6137
"подруга",popular,"с днем рождения близкой подруге",6130
"подруга",popular,"зачем подруги",6122
"подруга",popular,"лучшая подруга серия смотреть онлайн",6121
"подруга",popular,"подруга баб",6119
"подруга",popular,"оставила подругу",6117
"подруга",popular,"порно уговорил подругу",6116
"подруга",popular,"секс видео трахнул подругу",6114
"подруга",popular,"бесплатный сериал лучшая подруга",6112
"подруга",popular,"порно видео муж подруги",6111
"подруга",popular,"транс трахает подругу",6109
"подруга",popular,"подруга русский фильм",6109
"подруга",popular,"какие подарки подруге",6108
"подруга",popular,"разрешила трахнуть подругу",6103
"подруга",popular,"трахают подругу жены пока",6102
"подруга",popular,"член парня подруги",6100
"подруга",popular,"подругу жены в рот",6100
"подруга",popular,"xxx с подругой",6092
"подруга",popular,"парню подругу жены",6090
"подруга",popular,"идеи на день рождения подруге",6088
"подруга",popular,"парень пришел к подругам",6083
"подруга",popular,"пришла к парню подруги",6083
"подруга",popular,"приятно подруге",6082
"подруга",popular,"текст для подруги",6066
"подруга",popular,"что означает подруга",6065
"подруга",popular,"подруга ошибка",6062
"подруга",popular,"песня подруга друга",6061
"подруга",popular,"подруга беби",6052
"подруга",popular,"сын маминой подруги 2024 сериал",6049
"подруга",popular,"подруге оле",6048
"подруга",popular,"ты моя подруга моя мадам",6044
"подруга",popular,"красивые пожелания подруге",6039
"подруга",popular,"подруга девушки 18",6035
"подруга",popular,"поздравить сына подруги",6031
"подруга",popular,"красная подруга",6030
"подруга",popular,"пусть подруга",6026
"подруга",popular,"порно подруга отсосала",6024
"подруга",popular,"сделала куни подруге",6014
"подруга",popular,"порно сводная подруга",5992
"подруга",popular,"девушки лесби подруги",5984
"подруга",popular,"с днем подруг текст",5982
"подруга",popular,"смотреть подруги все серии подряд",5977
"подруга",popular,"подругу глубоко",5976
"подруга",popular,"подруга в подъезде",5967
"подруга",popular,"с подругой в ванне",5965
"подруга",popular,"ебут спящую подругу",5963
"подруга",popular,"подруга ебала спящую подругу",5963
"подруга",popular,"видео 18 хорошие подруги",5962
"подруга",popular,"порно встретил подругу",5961
"подруга",popular,"лижет жопу подруге",5956
"подруга",popular,"грязный подруги порно",5949
"подруга",popular,"привела подругу для мужа",5942
"подруга",popular,"смотреть онлайн подруги все серии",5942
"подруга",popular,"подруга г",5941
"подруга",popular,"жена дрочит подруге",5939
"подруга",popular,"как найти подругу",5932
"подруга",popular,"подруга мамы вк",5931
"подруга",popular,"подруга показала сиськи",5927
"подруга",popular,"сын подруги бесплатно",5924
"подруга",popular,"описание подруги",5924
"подруга",popular,"моя гениальная подруга сезоны",5923
"подруга",popular,"сериал лучшие подруги онлайн",5915
"подруга",popular,"спящая подруга пьяна",5915
"подруга",popular,"сериал лучшая подруга смотреть онлайн",5906
"подруга",popular,"сестра пришла подруга",5904
"подруга",popular,"нюхает подругу",5898
"подруга",popular,"комедия подруга детства",5896
"подруга",popular,"пришли подруги сестры",5890
"подруга",popular,"мачеха подруги пасынок",5888
"подруга",popular,"порно с подругой дочки",5887
"подруга",popular,"30 лет подруге",5882
"подруга",popular,"домашнее порно с подругой жены",5873
"подруга",popular,"порно пришла подруга жены",5873
"подруга",popular,"жмж русские подруги",5865
"подруга",popular,"подруга все серии смотреть онлайн бесплатно",5859
"подруга",popular,"подруга м",5848
"подруга",popular,"подруга одноклассница",5848
"подруга",popular,"транс ебал подругу",5845
"подруга",popular,"транс ебет подругу",5845
"подруга",popular,"ничего подруга",5838
"подруга",popular,"порно с подругой с большими сиськами",5835
"подруга",popular,"порно приходит подруга жены",5834
"подруга",popular,"приходила подруга жены порно",5834
"подруга",popular,"ебал подругу сына",5827
"подруга",popular,"подруги собрались",5827
"подруга",popular,"лижет писю подруге",5825
"подруга",popular,"пизда русской подруги",5822
"подруга",popular,"поздравления с днем подруге с юмором",5814
"подруга",popular,"днем рождения подруга своими словами душевные",5813
"подруга",popular,"вместо подруги",5812
"подруга",popular,"доведи подругу до оргазма",5809
"подруга",popular,"довела подругу до оргазма",5807
"подруга",popular,"чужая подруга",5797
"подруга",popular,"смотреть сериал подруги бесплатно в хорошем",5796
"подруга",popular,"порно выебал подругу жены",5791
"подруга",popular,"наталья подруга",5789
"подруга",popular,"подруга любовницы",5789
"подруга",popular,"грудь подруги порно",5788
"подруга",popular,"разговоры подруг видео",5785
"подруга",popular,"порно подругу в попу",5782
"подруга",popular,"поимел подругу",5780
"подруга",popular,"оригинальный подарок подруге",5777
"подруга",popular,"порно заставила лизать подругу",5776
"подруга",popular,"порно зашла подруга",5772
"подруга",popular,"пьяная подруга спит",5771
"подруга",popular,"поздравление любимой подруге",5766
"подруга",popular,"мама друга подруга",5763
"подруга",popular,"открытки с пожеланиями подруге",5759
"подруга",popular,"сын маминой подруги русские",5753
"подруга",popular,"смотреть онлайн порно подругу",5751
"подруга",popular,"подруга сестры 18",5749
"подруга",popular,"вести подругу",5743
"подруга",popular,"помогла подруге кончить",5743
"подруга",popular,"сериал лучшая подруга онлайн бесплатно",5740
"подруга",popular,"поздравление с рождением подруге с юмором",5737
"подруга",popular,"сериал лучшая подруга смотреть онлайн бесплатно",5733
"подруга",popular,"красивые подруги жены",5733
"подруга",popular,"реклама подруги",5728
"подруга",popular,"мама дочка подруги дочки",5725
"подруга",popular,"отправь подруге",5723
"подруга",popular,"секс с подругой дочки",5721
"подруга",popular,"чеботина подруга",5712
"подруга",popular,"секс порно трах подруги",5711
"подруга",popular,"сестры бывших подруг",5708
"подруга",popular,"подруга чеботиной",5708
"подруга",popular,"любимая подруга это",5706
"подруга",popular,"необычная подруга",5703
"подруга",popular,"подруги дочери русское",5698
"подруга",popular,"вечер с подругой",5692
"подруга",popular,"порно русском сын подруги",5688
"подруга",popular,"одетые подруги",5682
"подруга",popular,"манга подруга",5677
"подруга",popular,"секс брат сестра подруга",5671
"подруга",popular,"куда сходить с подругой",5659
"подруга",popular,"секс порно видео лучшие подруги",5655
"подруга",popular,"сонник подруга",5651
"подруга",popular,"смотреть моя чертовски хорошая подруга",5644
"подруга",popular,"подруга должна",5641
"подруга",popular,"сын маминой подруги смотреть",5640
"подруга",popular,"открытки поздравления подруге",5637
"подруга",popular,"текст с днем рождения подруге",5631
"подруга",popular,"секс мама подруга сын",5629
"подруга",popular,"порно подруга видит",5628
"подруга",popular,"залезла подруге",5627
"подруга",popular,"порно лучших подруг 18",5626
"подруга",popular,"показать порно подруга",5620
"подруга",popular,"долбит подругу",5618
"подруга",popular,"русскую подругу жестко",5617
"подруга",popular,"с днем рождения мужа подруги",5616
"подруга",popular,"выебал пьяную подругу",5616
"подруга",popular,"45 лет подруге",5606
"подруга",popular,"трахнул подругу в гостях",5605
"подруга",popular,"парень подруги фильм",5604
"подруга",popular,"подруга любит видео",5597
"подруга",popular,"у подруги вырос",5591
"подруга",popular,"составить подруга",5589
"подруга",popular,"подруги 2025",5589
"подруга",popular,"подруга воли",5584
"подруга",popular,"русская сосущая подруга",5582
"подруга",popular,"голая подруга жены",5575
"подруга",popular,"видео бывшей подруги",5574
"подруга",popular,"первая лучшая подруга",5573
"подруга",popular,"скрытая подруги жена",5570
"подруга",popular,"трахает молодую подругу",5568
"подруга",popular,"подруга рожать",5566
"подруга",popular,"жестокие подруги",5566
"подруга",popular,"подруга уснула",5558
"подруга",popular,"лесби соблазнила подругу",5555
"подруга",popular,"красивая мама подруги",5552
"подруга",popular,"поздравление подруге своими словами до слез",5552
"подруга",popular,"мамина подруга русская озвучка",5549
"подруга",popular,"сосет при подруге",5538
"подруга",popular,"парень подруге делает",5535
"подруга",popular,"жена с подругой частное",5534
"подруга",popular,"комплименты подруге",5529
"подруга",popular,"порно девочек подруг",5526
"подруга",popular,"анал с подругой жены",5523
"подруга",popular,"красивая подруга друга",5520
"подруга",popular,"подруга р",5519
"подруга",popular,"смотреть сериал подруги бесплатно в хорошем качестве",5518
"подруга",popular,"порно страпонит подругу",5517
"подруга",popular,"трахают подругу жены русское",5516
"подруга",popular,"во что можно поиграть с подругой",5515
"подруга",popular,"фотки с подругой",5515
"подруга",popular,"подруга на час",5508
"подруга",popular,"порно подруги русский перевод",5508
"подруга",popular,"фильм подруга жены",5507
"подруга",popular,"секс лижет подруге",5505
"подруга",popular,"бесплатное русское порно подруга",5504
"подруга",popular,"привела подругу для секса",5502
"подруга",popular,"подруге очень красивые",5501
"подруга",popular,"подруга жены дала",5499
"подруга",popular,"смотреть порно трахнул подругу",5493
"подруга",popular,"подруга дрочит член",5492
"подруга",popular,"жена подруга большой",5489
"подруга",popular,"трахнул подругу брата",5487
"подруга",popular,"молодые красивые подруги",5486
"подруга",popular,"год сыну подруги",5484
"подруга",popular,"подруга снимает русское",5479
"подруга",popular,"подруга ж",5476
"подруга",popular,"sex порно подруга",5472
"подруга",popular,"кончил в киску подруге",5468
"подруга",popular,"порно с подругой pornhub",5467
"подруга",popular,"зрелая подруга мамы",5461
"подруга",popular,"снял подругу камеру",5451
"подруга",popular,"порно массаж подруге",5441
"подруга",popular,"спящей подруге видео",5440
"подруга",popular,"отец моей подруги сериал",5431
"подруга",popular,"хентай подруга жены",5429
"подруга",popular,"возраст подруг",5428
"подруга",popular,"подруга сосет видео",5422
"подруга",popular,"сосущая подруга видео",5422
"подруга",popular,"та самая подруга",5418
"подруга",popular,"подругу hd",5410
"подруга",popular,"порно трахнул спящую подругу",5409
"подруга",popular,"даша подруги",5406
"подруга",popular,"подруга спит видео",5406
"подруга",popular,"комикс подруги",5404
"подруга",popular,"teens подруги",5392
"подруга",popular,"с сводной подругой",5386
"подруга",popular,"секс milfs подруги",5386
"подруга",popular,"молодую подругу жены",5371
"подруга",popular,"роль подруги",5366
"подруга",popular,"пришел ко мне пришла подруга",5366
"подруга",popular,"обманула подругу",5361
"подруга",popular,"парень выебал подругу",5359
"подруга",popular,"сын маминой подруги озвучка",5357
"подруга",popular,"тут подруга",5354
"подруга",popular,"личная подруга",5350
"подруга",popular,"подруга возбудилась",5345
"подруга",popular,"подруга стала бывшей",5337
"подруга",popular,"собака подруги",5335
"подруга",popular,"сладкая подруга",5333
"подруга",popular,"соблазнила подругу видео",5331
"подруга",popular,"подруга люси",5321
"подруга",popular,"трахнул спящую подругу жены",5318
"подруга",popular,"жена спит трахнул подругу",5316
"подруга",popular,"спасибо подруга",5315
"подруга",popular,"мамина подруга бесплатно",5310
"подруга",popular,"трахаю подругу вк",5307
"подруга",popular,"подруга марин",5304
"подруга",popular,"порно секс с подругой жены",5300
"подруга",popular,"подруги читать онлайн бесплатно",5298
"подруга",popular,"секс порно milf подруга",5297
"подруга",popular,"лучшая подруга текст",5292
"подруга",popular,"отец подруги бесплатно",5291
"подруга",popular,"носила подругу",5287
"подруга",popular,"подруги сериал актеры",5287
"подруга",popular,"жена друга подруга жены",5287
"подруга",popular,"подруга мамы 18",5286
"подруга",popular,"трахается с парнем подруги",5279
"подруга",popular,"подруга сосет мужу",5278
"подруга",popular,"порно муж трахает подругу",5277
"подруга",popular,"любой подруга",5275
"подруга",popular,"кончил в подругу видео",5268
"подруга",popular,"русское порно с маминой подругой",5244
"подруга",popular,"смотреть фильм моя чертовски хорошая подруга",5243
"подруга",popular,"подруга учит сексу",5243
"подруга",popular,"подруга без секса",5239
"подруга",popular,"подруга жены порно вк",5237
"подруга",popular,"подруги двери",5236
"подруга",popular,"ножки подруги",5235
"подруга",popular,"подругу трах видео",5232
"подруга",popular,"кончил в подругу русское",5231
"подруга",popular,"порно видео с лучшей подругой",5230
"подруга",popular,"смотреть русское подруга жены",5229
"подруга",popular,"порно мастурбирует подруге",5229
"подруга",popular,"смотреть онлайн без подруг",5224
"подруга",popular,"подруга сделала минет",5218
"подруга",popular,"порно секс с лучшей подругой",5217
"подруга",popular,"дальше подруга",5216
"подруга",popular,"слова со словом подруга",5214
"подруга",popular,"девушка соблазнила подругу",5208
"подруга",popular,"подруги отдохнули",5203
"подруга",popular,"смотреть дорама подруга",5199
"подруга",popular,"худшая подруга смотреть",5194
"подруга",popular,"со спящей подругой",5191
"подруга",popular,"отстрапонила подругу",5191
"подруга",popular,"подруга главного героя",5186
"подруга",popular,"пока подруга спала рядом",5185
"подруга",popular,"спящую подругу пока рядом",5185
"подруга",popular,"с днем рождения бывшей подруге",5181
"подруга",popular,"жопа девушки подруги",5177
"подруга",popular,"задача подруги",5174
"подруга",popular,"домашнее порно с русской подругой",5172
"подруга",popular,"сначала подругу потом",5169
"подруга",popular,"жена страпонит подругу",5166
"подруга",popular,"друг мужа подруги",5165
"подруга",popular,"издеваются над подругой",5159
"подруга",popular,"песня подруга подольская",5158
"подруга",popular,"день подруг прикол",5157
"подруга",popular,"подруга завязала",5156
"подруга",popular,"подруга завязывает подругу",5154
"подруга",popular,"трахнул подругу дочки",5151
"подруга",popular,"подруга сразу",5149
"подруга",popular,"подруга японки",5148
"подруга",popular,"домашнее видео с подругой",5148
"подруга",popular,"порно с подругой русская озвучка",5145
"подруга",popular,"порно трахнул подругу друга",5144
"подруга",popular,"твоя любимая подруга",5143
"подруга",popular,"роман подруге",5140
"подруга",popular,"подруга готовит",5136
"подруга",popular,"фильм подруги актеры",5131
"подруга",popular,"преданные подруги",5129
"подруга",popular,"дочь маминой подруги",5121
"подруга",popular,"жестко трахает подругу",5121
"подруга",popular,"преданная подруга предала",5116
"подруга",popular,"тихи подруге",5112
"подруга",popular,"с днем подруги открытки с пожеланиями",5109
"подруга",popular,"жена хочет подругу",5105
"подруга",popular,"засадил подруге",5102
"подруга",popular,"стоны подругой",5102
"подруга",popular,"подруга девушки вк",5102
"подруга",popular,"парень лижет подруге",5097
"подруга",popular,"порно с подругой дома",5096
"подруга",popular,"секс с отцом подруги",5095
"подруга",popular,"какой подруги день рождения",5093
"подруга",popular,"подругу трахают большим",5092
"подруга",popular,"трах подругу анал",5092
"подруга",popular,"жена с подругой русское домашнее",5092
"подруга",popular,"стройные подруги",5091
"подруга",popular,"уломал подругу",5087
"подруга",popular,"подруга жены ххх",5084
"подруга",popular,"украли подругу",5081
"подруга",popular,"порно спящей подругой жены пока жена спит",5079
"подруга",popular,"бухая подруга",5078
"подруга",popular,"сосет парню подруги",5076
"подруга",popular,"потеряла подругу",5074
"подруга",popular,"потерянная подруга",5074
"подруга",popular,"2 подруги 2 друга",5074
"подруга",popular,"подруга легла",5073
"подруга",popular,"лучшая подруга все серии подряд",5065
"подруга",popular,"подруги развлекаются",5060
"подруга",popular,"ночная подруга",5057
"подруга",popular,"макс подруга",5056
"подруга",popular,"порно трахает подругу девушки",5054
"подруга",popular,"что можно подарить подруге на др",5052
"подруга",popular,"подруга mp4",5051
"подруга",popular,"подруга нету",5045
"подруга",popular,"поздравить подругу с летием",5042
"подруга",popular,"дочка маминой подруги",5034
"подруга",popular,"открытка с днем подруги прикольные",5020
"подруга",popular,"русское с разговорами подруга жены",5016
"подруга",popular,"подглядел за подругой",5010
"подруга",popular,"подруга делает жене",5005
"подруга",popular,"с днем рождения подруги открытки с пожеланиями",5001
"подруга",popular,"подруги на пляже",5001
"подруга",popular,"порвал подругу",4993
"подруга",popular,"порно подруга сама",4993
"подруга",popular,"розовые подруги",4990
"подруга",popular,"мать дочь подруга",4990
"подруга",popular,"подруга фокса",4987
"подруга",popular,"секс с пьяной подругой",4987
"подруга",popular,"подруга сына онлайн",4986
"подруга",popular,"общая подруга",4980
"подруга",popular,"подруга в белье",4979
"подруга",popular,"привел подругу домой",4976
"подруга",popular,"желаю подруге",4969
"подруга",popular,"твоя лучшая подруга",4968
"подруга",popular,"секс с подругой pornhub",4966
"подруга",popular,"порно лесби подруги русское",4963
"подруга",popular,"девчонки подруги",4961
"подруга",popular,"подруга 16 лет",4961
"подруга",popular,"мама мамины подруги",4960
"подруга",popular,"что можно написать подруге",4960
"подруга",popular,"спящие русские подруги",4959
"подруга",popular,"лучшие подруги все серии подряд смотреть",4959
"подруга",popular,"резиновая подруга",4952
"подруга",popular,"клип подруга",4951
"подруга",popular,"фильм две подруги",4948
"подруга",popular,"подруга ч",4944
"подруга",popular,"подруги оушена смотреть",4943
"подруга",popular,"напиши поздравление подруге",4943
"подруга",popular,"вещей подруга",4943
"подруга",popular,"русская подруга 18",4943
"подруга",popular,"моя гениальная подруга серия",4940
"подруга",popular,"против воли подругу",4940
"подруга",popular,"внук подруги",4940
"подруга",popular,"жена подруга реально",4934
"подруга",popular,"подруги жены без",4926
"подруга",popular,"пока девушка спит подруга",4923
"подруга",popular,"открытка с рождением подруге прикольные",4921
"подруга",popular,"порно teen подруги",4921
"подруга",popular,"люблю подругу бывшей",4919
"подруга",popular,"ночевать у подруги",4918
"подруга",popular,"поздравление подруге с 50",4916
"подруга",popular,"открытка с днем рождения подруге прикольная",4915
"подруга",popular,"пожелания подруге своими словами",4906
"подруга",popular,"соблазнил подругу мамы",4902
"подруга",popular,"поздравление близкой подруге",4900
"подруга",popular,"порно голая подруга",4896
"подруга",popular,"что купить подруге",4891
"подруга",popular,"video подруга",4891
"подруга",popular,"моя подруга беби моя мадам",4886
"подруга",popular,"подруги в колготках",4886
"подруга",popular,"поздравление лучшей подруге своими словами",4881
"подруга",popular,"отъебал подругу",4880
"подруга",popular,"прически подруге",4875
"подруга",popular,"подруга два члена",4875
"подруга",popular,"парень подруга мама порно",4874
"подруга",popular,"подруга дрочила другу",4874
"подруга",popular,"порно бесплатно подруга жены",4871
"подруга",popular,"поздравление на свадьбу подруге",4870
"подруга",popular,"день подруг смешные поздравления",4867
"подруга",popular,"красивые поздравляю с днем подруг",4867
"подруга",popular,"подруги дрочат друг другу",4864
"подруга",popular,"порно перед подругой",4861
"подруга",popular,"подруга жены эротика",4861
"подруга",popular,"день подруг пожеланиями красивые",4858
"подруга",popular,"подарок подруге из бумаги",4854
"подруга",popular,"подруга жены онлайн",4854
"подруга",popular,"какая подруга лучше",4853
"подруга",popular,"случайно трахнул подругу",4853
"подруга",popular,"порно пока подруга не видит",4852
"подруга",popular,"американские подруги",4851
"подруга",popular,"порно трахнул подругу дочери",4847
"подруга",popular,"где лучше подруги",4847
"подруга",popular,"моя подруга девственница",4841
"подруга",popular,"порно видео мамина подруга",4840
"подруга",popular,"что можно на ночевке с подругой",4840
"подруга",popular,"подруга жены соблазнила",4833
"подруга",popular,"подруги обиделись",4832
"подруга",popular,"секс с подругой жены видео",4832
"подруга",popular,"порно видео подруга ебет подругу",4832
"подруга",popular,"порно трахнул лучшую подругу",4829
"подруга",popular,"сериал где подруги",4829
"подруга",popular,"лижет подруге пока",4825
"подруга",popular,"поздравить с рождением подругу красиво",4825
"подруга",popular,"подруге прикольные смешные",4823
"подруга",popular,"сиськи подруги жены",4822
"подруга",popular,"с днем свадьбы подруге",4821
"подруга",popular,"чат с подругой",4821
"подруга",popular,"душевные поздравления подруге с днем",4818
"подруга",popular,"появилась подруга",4818
"подруга",popular,"потом к подруге",4814
"подруга",popular,"секс с подругой матери",4809
"подруга",popular,"подруги проблемы",4809
"подруга",popular,"лесбиянка трахнула подругу",4808
"подруга",popular,"подруга ню",4806
"подруга",popular,"девушка жестко подругу",4805
"подруга",popular,"трахает подругу в жопу",4804
"подруга",popular,"модный подруги",4799
"подруга",popular,"униженная подругами",4798
"подруга",popular,"хочу твою подругу",4796
"подруга",popular,"трахнула подругу страпоном",4796
"подруга",popular,"унижает подругу",4796
"подруга",popular,"подруги после клуба",4795
"подруга",popular,"порно вылизала подруге",4788
"подруга",popular,"комментарий подруге",4786
"подруга",popular,"порно ебля подруг",4784
"подруга",popular,"сводная сестра с подругой",4782
"подруга",popular,"фильм бывшие подруги",4781
"подруга",popular,"без подруг видео",4781
"подруга",popular,"порно со своей подругой",4780
"подруга",popular,"хентай привела подругу",4777
"подруга",popular,"какой подарить подруге",4775
"подруга",popular,"порно села на подругу",4770
"подруга",popular,"подруга держит",4767
"подруга",popular,"продал подругу",4764
"подруга",popular,"прикольная подруга юмор",4762
"подруга",popular,"русское порно частное подруги",4761
"подруга",popular,"про бывшую подругу",4759
"подруга",popular,"лишаю подругу девственности",4755
"подруга",popular,"богатая подруга",4754
"подруга",popular,"секс видео с лучшей подругой",4751
"подруга",popular,"порно трахнула парня подруги",4751
"подруга",popular,"заставила подругу русские",4748
"подруга",popular,"подругу сестренки",4747
"подруга",popular,"лишил девственности подругу",4744
"подруга",popular,"открой подругу",4743
"подруга",popular,"бесплатно смотреть видео подруга",4738
"подруга",popular,"подруги лижут друг другу",4737
"подруга",popular,"дырочка подруги",4735
"подруга",popular,"подруга моей дочери",4731
"подруга",popular,"порно видео трах подруг",4727
"подруга",popular,"подруга дорама русская",4726
"подруга",popular,"трахнул сисястую подругу",4722
"подруга",popular,"про двух подруг",4716
"подруга",popular,"дочь подруги видео",4715
"подруга",popular,"лесбиянка трахает подругу",4714
"подруга",popular,"порно спящих и подруга спит",4710
"подруга",popular,"подруга с большой грудью",4709
"подруга",popular,"канал подруга",4708
"подруга",popular,"спас подругу",4705
"подруга",popular,"порно парень трахает подругу",4704
"подруга",popular,"секс с подругой первый раз",4703
"подруга",popular,"подруга член мужа",4701
"подруга",popular,"чеботина лучшая подруга",4700
"подруга",popular,"кончил в подругу девушки",4700
"подруга",popular,"лучшая подруга чеботиной",4699
"подруга",popular,"со подругой жены",4699
"подруга",popular,"с днем подруги трогательные до слез",4696
"подруга",popular,"подруги 19",4695
"подруга",popular,"порно жена пригласила подругу",4686
"подруга",popular,"куни подруге жены",4686
"подруга",popular,"русскую подругу в жопу",4683
"подруга",popular,"моя подруга олениха",4680
"подруга",popular,"попросила трахнуть подругу",4679
"подруга",popular,"новый год подруге",4678
"подруга",popular,"сон бывшая подруга",4677
"подруга",popular,"выебал подругу в жопу",4676
"подруга",popular,"люся чеботина подруга",4675
"подруга",popular,"подруги люси чеботиной",4673
"подруга",popular,"аниме секс с подругой",4672
"подруга",popular,"отсос от подруги",4672
"подруга",popular,"трахает подругу матери",4671
"подруга",popular,"жена попросила подругу",4671
"подруга",popular,"порно сын маминой подруги",4671
"подруга",popular,"стихотворение подруге",4669
"подруга",popular,"больная подруга",4665
"подруга",popular,"лесби трахнула подругу",4661
"подруга",popular,"лижет подруге домашнее",4660
"подруга",popular,"пожилая подруга",4657
"подруга",popular,"ирина подруга",4655
"подруга",popular,"подруге 70",4655
"подруга",popular,"секси подруга",4653
"подруга",popular,"смотреть порно муж жена подруга",4653
"подруга",popular,"кончил в пизду подруге",4653
"подруга",popular,"праздники подруг",4648
"подруга",popular,"слова из слова подруга",4647
"подруга",popular,"подруга согласилась",4645
"подруга",popular,"как общаться с подругой",4643
"подруга",popular,"продолжай подруга",4640
"подруга",popular,"лучшие подруги занимаются",4638
"подруга",popular,"душевное поздравление с днем рождения подруге",4635
"подруга",popular,"сын мама подруга русское",4631
"подруга",popular,"спорт подруги",4628
"подруга",popular,"пришла мамина подруга",4626
"подруга",popular,"приходит мамина подруга",4615
"подруга",popular,"мамины подруги приходили",4613
"подруга",popular,"ебет подругу жены русское",4606
"подруга",popular,"грязный секс подруги",4606
"подруга",popular,"пока подруга в душе",4605
"подруга",popular,"ебал дочь подруги",4605
"подруга",popular,"отодрал подругу",4603
"подруга",popular,"2 лучшие подруги",4602
"подруга",popular,"с днем рождения подруга трогательные до слез",4601
"подруга",popular,"ебет подругу дочери",4595
"подруга",popular,"спокойной спокойной подруге",4592
"подруга",popular,"инцест с подругой",4589
"подруга",popular,"сериал подруги 2018",4589
"подруга",popular,"идеи для подарка подруге",4588
"дружба женщин",popular,"дружба женщин",24256
"дружба женщин",popular,"дружба мужчины и женщины",16292
"дружба женщин",popular,"дружбу между женщинами",16065
"дружба женщин",popular,"дружба между мужчиной и женщиной",14745
"дружба женщин",popular,"существует дружба между женщиной",6972
"дружба женщин",popular,"дружба мужчины и женщины существует",6880
"дружба женщин",popular,"дружба между мужчиной и женщиной существует",6870
"дружба женщин",popular,"существует ли дружба между женщинами",6675
"дружба женщин",popular,"существует ли дружба мужчины женщины",6654
"дружба женщин",popular,"существует ли дружба между мужчиной и женщиной",6591
"дружба женщин",popular,"может ли дружба между женщинами",6200
"дружба женщин",popular,"аниме дружба между женщиной",5034
"дружба женщин",popular,"дружба мужчина женщина аниме",5029
"дружба женщин",popular,"дружба между мужчиной и женщиной аниме",4985
"дружба женщин",popular,"существует ли дружба между женщиной аниме",3881
"дружба женщин",popular,"существовать дружба между мужчиной и женщиной аниме",3876
"дружба женщин",popular,"дружба между мужчиной и бывшей женщиной",2298
"дружба женщин",popular,"есть ли дружба мужчины и женщины",1756
"дружба женщин",popular,"есть ли дружба между мужчиной и женщиной",1729
"дружба женщин",popular,"смотреть дружба между мужчиной и женщиной",1593
"дружба женщин",popular,"совместимость в дружбе женщин",1514
"дружба женщин",popular,"дружба между мужчиной и женщиной аниме смотреть",1506
"дружба женщин",popular,"бывает дружба между женщиной",1129
"дружба женщин",popular,"дружба мужчины и женщины бывает",1118
"дружба женщин",popular,"бывает дружба между мужчиной и женщиной",1093
"дружба женщин",popular,"возможно дружба между женщинами",864
"дружба женщин",popular,"дружба мужчины и женщины возможна",845
"дружба женщин",popular,"про дружбу женщин",825
"дружба женщин",popular,"дружба между мужчиной и женщиной возможна",823
"дружба женщин",popular,"дружба женщины лев",696
"дружба женщин",popular,"бывает ли дружба между женщинами",658
"дружба женщин",popular,"бывает ли дружба между мужчиной женщиной",655
"дружба женщин",popular,"бывает ли дружба мужчины и женщины",653
"дружба женщин",popular,"женщины раки дружба",624
"дружба женщин",popular,"овен женщина дружба",623
"дружба женщин",popular,"дружба женщина телец",557
"дружба женщин",popular,"козероги женщины дружба",549
"дружба женщин",popular,"дружба женщин стрелец",543
"дружба женщин",popular,"про дружбу женщин и мужчин",533
"дружба женщин",popular,"дружба женщин водолей",528
"дружба женщин",popular,"весы женщина дружба",500
"дружба женщин",popular,"мужчина женщина любовь дружба",487
"дружба женщин",popular,"дружба женщин близнецов",476
"дружба женщин",popular,"рыбы женщина дружба",452
"дружба женщин",popular,"психология дружбы женщины",437
"дружба женщин",popular,"дружба мужчины и женщины психология",419
"дружба женщин",popular,"знакомство дружба женщины",407
"дружба женщин",popular,"про дружбу между женщинами",395
"дружба женщин",popular,"дружба между женщинами психология",390
"дружба женщин",popular,"дружба между мужчиной и женщиной психология",388
"дружба женщин",popular,"про дружбу между мужчиной и женщиной",379
"дружба женщин",popular,"возможна ли дружба женщин",378
"дружба женщин",popular,"фильм дружба женщин",358
"дружба женщин",popular,"дружба любовь между женщинами",350
"дружба женщин",popular,"какая дружба женщины",347
"дружба женщин",popular,"возможно ли дружба между женщинами",347
"дружба женщин",popular,"песня дружбу женщин",346
"дружба женщин",popular,"женщина скорпион в дружбе",341
"дружба женщин",popular,"возможна ли дружба мужчины и женщины",337
"дружба женщин",popular,"возможна ли дружба между мужчиной и женщиной",327
"дружба женщин",popular,"познакомиться женщиной для дружбы",321
"дружба женщин",popular,"женщина дева в дружбе",301
"дружба женщин",popular,"совместимость в дружбе женщины лев",288
"дружба женщин",popular,"скорпион и скорпион совместимость дружба женщин",273
"дружба женщин",popular,"сайт дружба женщина",261
"дружба женщин",popular,"совместимость женщины рака в дружбе",246
"дружба женщин",popular,"дружба женщин с бывшим",246
"дружба женщин",popular,"дружба женщин цитата",239
"дружба женщин",popular,"мужчина и женщина дружба видео",238
"дружба женщин",popular,"женщина телец совместимость в дружбе",234
"дружба женщин",popular,"женщина стрелец дружба совместимость",230
"дружба женщин",popular,"дева женщина совместимость в дружбе",220
"дружба женщин",popular,"женщина овен совместимость в дружбе",219
"дружба женщин",popular,"женщина близнецы совместимость в дружбе",218
"дружба женщин",popular,"женщина водолей дружба совместимость",215
"дружба женщин",popular,"женщины для дружбы и общения",215
"дружба женщин",popular,"совместимость в дружбе весы женщина",210
"дружба женщин",popular,"дружба мужчины и женщины цитаты",200
"дружба женщин",popular,"козерог женщина совместимость в дружбе",194
"дружба женщин",popular,"женщина ищет женщину для дружбы",194
"дружба женщин",popular,"дружба двух женщин",192
"дружба женщин",popular,"дружба между женщинами скорпионами",187
"дружба женщин",popular,"предложите дружбу женщине",184
"дружба женщин",popular,"дружба между женщинами дева",181
"дружба женщин",popular,"женщина рыбы совместимость в дружбе",179
"дружба женщин",popular,"совместимость в дружбе между женщинами",179
"дружба женщин",popular,"дружба между женщинами раками",174
"дружба женщин",popular,"дружба между женщинами цитаты",172
"дружба женщин",popular,"мужчина скорпион женщина скорпион дружба",172
"дружба женщин",popular,"дружба между мужчиной и женщиной цитаты",170
"дружба женщин",popular,"дружба между девушкой и женщиной",168
"дружба женщин",popular,"дружба и секс между женщинами",165
"дружба женщин",popular,"дружба между женщинами львами",162
"дружба женщин",popular,"фильм про дружбу женщин",160
"дружба женщин",popular,"дружба между мужчиной и женщиной манга",158
"дружба женщин",popular,"отношение мужчины и женщины в дружбе",156
"дружба женщин",popular,"дружба между женщинами тельцами",153
"дружба женщин",popular,"отношения дружбы между мужчиной и женщиной",152
"дружба женщин",popular,"дружба женщин картинки",149
"дружба женщин",popular,"дружба между мужчиной и женщиной порно",147
"дружба женщин",popular,"дружба между овном и овном женщины",146
"дружба женщин",popular,"день дружбы женщин",146
"дружба женщин",popular,"верите дружбу мужчиной женщиной",145
"дружба женщин",popular,"дружба парня и женщины",144
"дружба женщин",popular,"дружба мужчины и женщины фильм",143
"дружба женщин",popular,"просто дружба мужчина и женщина",136
"дружба женщин",popular,"дружба между мужчиной и женщиной персонажи",135
"дружба женщин",popular,"совместимость знаков дружба женщины",133
"дружба женщин",popular,"дружба между козерогами женщинами",132
"дружба женщин",popular,"веришь дружбу между мужчиной и женщиной",126
"дружба женщин",popular,"дружба между стрельцами женщинами",125
"дружба женщин",popular,"женщину для дружбы секса",124
"дружба женщин",popular,"дружба между женщинами какая",121
"дружба женщин",popular,"весы и весы дружба между женщинами",121
"дружба женщин",popular,"дружба между мужчиной и женщиной хентай",118
"дружба женщин",popular,"просто дружба между мужчиной и женщиной",118
"дружба женщин",popular,"мужчина лев и женщина лев дружба",113
"дружба женщин",popular,"женщина рыбы мужчина рыбы дружба",113
"дружба женщин",popular,"телец женщина и телец мужчина дружба",112
"дружба женщин",popular,"стрелец мужчина женщина стрелец дружба",111
"дружба женщин",popular,"какая дружба между мужчиной и женщиной",110
"дружба женщин",popular,"дружба между женщинами водолеями",110
"дружба женщин",popular,"дружба между парнем и женщиной",108
"дружба женщин",popular,"мужчина водолей и женщина водолей дружба",105
"дружба женщин",popular,"овен мужчина и овен женщина дружба",103
"дружба женщин",popular,"гороскоп дружба женщин",101
"дружба женщин",popular,"дружба между мужчиной и женщиной аниме персонажи",100
"дружба женщин",popular,"дружб женщинами без секса",98
"дружба женщин",popular,"общения и дружба мужчины и женщины",98
"дружба женщин",popular,"мужчина рак и женщина рак дружба",97
"дружба женщин",popular,"женщина ищет мужчину для дружбы",97
"дружба женщин",popular,"женщина овен женщина дева дружба",96
"дружба женщин",popular,"картинки дружба мужчина женщина",95
"дружба женщин",popular,"дружба в жизни женщины",94
"дружба женщин",popular,"найти женщину для дружбы",93
"дружба женщин",popular,"настоящая дружба женщин",91
"дружба женщин",popular,"женатый мужчина женатая женщина дружба",90
"дружба женщин",popular,"женщина ищет мужчину екб для дружбы",89
"дружба женщин",popular,"дружба женщины и мужчины невозможна",89
"дружба женщин",popular,"женщина близнецы мужчина близнецы дружба",88
"дружба женщин",popular,"дружба между мужчиной и женщиной невозможна",87
"дружба женщин",popular,"дружба между мужчиной и женщиной анилибрия",86
"дружба женщин",popular,"дружба мужчины и женщины мнения",85
"дружба женщин",popular,"дружба русские женщины",85
"дружба женщин",popular,"дружба взрослых женщин",85
"дружба женщин",popular,"лев и скорпион дружба женщин",83
"дружба женщин",popular,"сатья дружба мужчина и женщина",83
"дружба женщин",popular,"дружба между мужчиной и женщиной мнение",81
"дружба женщин",popular,"дружбы между мужчиной и женщиной заканчивается",80
"дружба женщин",popular,"совместимость дружбы знаков зодиака женщины и женщины",78
"дружба женщин",popular,"слова дружба между мужчиной и женщиной",77
"дружба женщин",popular,"дружба между мужчиной и женщиной сатья",75
"дружба женщин",popular,"женщина дружба что значит",75
"дружба женщин",popular,"дружба между женщинами рыбами",74
"дружба женщин",popular,"существует дружба между мужчиной и женщиной психология",74
"дружба женщин",popular,"50 лет дружбы женщины",74
"дружба женщин",popular,"дружба женщин по знакам",74
"дружба женщин",popular,"женщина и мужчина весы дружба",73
"дружба женщин",popular,"дружба между мужчиной и женщиной картинки",73
"дружба женщин",popular,"скачать песню дружба мужчины и женщины",72
"дружба женщин",popular,"песня про дружбу женщин",71
"дружба женщин",popular,"цитаты про дружбу женщин",71
"дружба женщин",popular,"стихи о дружбе женщин",70
"дружба женщин",popular,"крепкая дружба мужчины и женщины",69
"дружба женщин",popular,"рак лев дружба женщин",67
"дружба женщин",popular,"дружба знаков зодиака женщин с женщиной",66
"дружба женщин",popular,"дружба между мужчиной и женщиной ранобэ",66
"дружба женщин",popular,"тема дружбы между мужчиной и женщиной",66
"дружба женщин",popular,"дружба рака и тельца женщины",65
"дружба женщин",popular,"дружба между мужчиной и женщиной психолог",65
"дружба женщин",popular,"женщина овен женщина скорпион дружба",65
"дружба женщин",popular,"дружба женщина овен женщина рак",64
"дружба женщин",popular,"фильм про дружбу мужчины и женщины",64
"дружба женщин",popular,"существует ли дружба между женщинами психология",64
"дружба женщин",popular,"женщина предложила дружбу мужчине",63
"дружба женщин",popular,"спасибо за дружбу женщине",63
"дружба женщин",popular,"скорпион и телец дружба женщин",63
"дружба женщин",popular,"почему не бывает дружбы между женщинами",62
"дружба женщин",popular,"женщина скорпион и женщина близнецы дружба",61
"дружба женщин",popular,"скорпион дева женщины дружба",61
"дружба женщин",popular,"поздравление с дружбой женщинам",59
"дружба женщин",popular,"овен женщина водолей женщина дружба",59
"дружба женщин",popular,"дружба дева козерог женщины",59
"дружба женщин",popular,"водолей женщина скорпион женщина дружба",58
"дружба женщин",popular,"дружба между женщинами по дате рождения",57
"дружба женщин",popular,"водолей дева дружба женщин",57
"дружба женщин",popular,"козерог лев дружба женщины",56
"дружба женщин",popular,"химари дружба между мужчиной и женщиной",56
"дружба женщин",popular,"фильм про дружбу между женщинами",56
"дружба женщин",popular,"женщина телец женщина лев дружба",56
"дружба женщин",popular,"совместимость по дате рождения дружба между женщинами",55
"дружба женщин",popular,"мужская дружба и женщина",54
"дружба женщин",popular,"дружба весы овен женщины",54
"дружба женщин",popular,"цитата про дружбу мужчины и женщины",53
"дружба женщин",popular,"женщина лев женщина дева дружба",53
"дружба женщин",popular,"женщина весы женщина скорпион дружба",53
"дружба женщин",popular,"приколы дружба мужчины и женщины",53
"дружба женщин",popular,"телец и стрелец дружба женщин",52
"дружба женщин",popular,"как называется дружба между мужчиной и женщиной",52
"дружба женщин",popular,"женщину для любви и дружбы",52
"дружба женщин",popular,"весы женщина лев женщина дружба",52
"дружба женщин",popular,"дружба женщин фото",52
"дружба женщин",popular,"овен лев дружба женщины",51
"дружба женщин",popular,"близнец и дева дружба женщин",51
"дружба женщин",popular,"стрелец и скорпион дружба женщин",51
"дружба женщин",popular,"лев и водолей дружба женщин",51
"дружба женщин",popular,"познакомлюсь с женщиной для дружбы общения",51
"дружба женщин",popular,"зачем женщине дружба",50
"дружба женщин",popular,"песня про дружбу мужчины и женщины",49
"дружба женщин",popular,"фильм про дружбу между мужчиной и женщиной",49
"дружба женщин",popular,"весы козерог дружба женщин",49
"дружба женщин",popular,"фильмы о дружбе между женщинами",49
"дружба женщин",popular,"бывает дружба между мужчиной и женщиной психология",48
"дружба женщин",popular,"весы рак дружба женщины",48
"дружба женщин",popular,"дружба между женатыми мужчиной и женщиной",48
"дружба женщин",popular,"стихи о дружбе мужчины и женщины",48
"дружба женщин",popular,"дружба между мужчиной и женщиной прикол",48
"дружба женщин",popular,"что значит дружба мужчины и женщины",48
"дружба женщин",popular,"женщина рак и женщина козерог дружба",48
"дружба женщин",popular,"книга дружба между мужчиной и женщиной",48
"дружба женщин",popular,"рыба женщина лев женщина дружба",48
"дружба женщин",popular,"дружба весов и львов женщин",48
"дружба женщин",popular,"поздравление с днем дружбы женщине",47
"дружба женщин",popular,"близнецы лев дружба женщин",47
"дружба женщин",popular,"овен и дева совместимость дружба женщины",47
"дружба женщин",popular,"телец водолей дружба женщин",47
"дружба женщин",popular,"аниме может ли дружба женщины с мужчиной",46
"дружба женщин",popular,"женщина скорпион и женщина козерог дружба",46
"дружба женщин",popular,"дружба женщин дева стрелец",46
"дружба женщин",popular,"близнецы и телец дружба женщин",46
"дружба женщин",popular,"стрелец женщина лев женщина дружба",46
"дружба женщин",popular,"дружба женщина рак и женщина стрельца",46
"дружба женщин",popular,"дружба трех женщин",45
"дружба женщин",popular,"мужчина и женщина страсть дружба",45
"дружба женщин",popular,"дружба между мужчиной и женщиной ответы",45
"дружба женщин",popular,"женщина рак и женщина близнецы дружба",45
"дружба женщин",popular,"цитата про дружбу между мужчиной и женщиной",45
"дружба женщин",popular,"цитаты про дружбу между женщинами",45
"дружба женщин",popular,"женщина рыба дружба женщина скорпион",44
"дружба женщин",popular,"дружба женщин коллег",44
"дружба женщин",popular,"женщина рак женщина водолей дружба",44
"дружба женщин",popular,"фильм о дружбе между мужчиной и женщиной",44
"дружба женщин",popular,"женщина телец женщина дева дружба",43
"дружба женщин",popular,"дева рыбы женщина дружба",43
"дружба женщин",popular,"стрелец женщина рыба женщина дружба",43
"дружба женщин",popular,"одинокие женщины дружба",43
"дружба женщин",popular,"дружба мужа с женщиной",42
"дружба женщин",popular,"дружба между мужчиной и женщиной читать",42
"дружба женщин",popular,"дружба весы и близнецы женщины",42
"дружба женщин",popular,"женщина овен женщина стрелец дружба",41
"дружба женщин",popular,"дружба женщин спб",41
"дружба женщин",popular,"дружба мужчины и замужней женщиной",41
"дружба женщин",popular,"примеры дружбы женщин",41
"дружба женщин",popular,"хорошая дружба между мужчиной и женщиной",41
"дружба женщин",popular,"женщина рак женщина скорпион дружба",40
"дружба женщин",popular,"женщина и мужчина козерог совместимость дружба",40
"дружба женщин",popular,"дружба мужчины и женщины форум",40
"дружба женщин",popular,"дружба женщин дева и весы",39
"дружба женщин",popular,"дружбы мужчины и женщины с привилегиями",39
"дружба женщин",popular,"стихи про дружбу женщин",38
"дружба женщин",popular,"дружба женщина дева женщина рак",38
"дружба женщин",popular,"дружба близнецов и львов женщин",38
"дружба женщин",popular,"примеры дружбы мужчины и женщины",37
"дружба женщин",popular,"почему нет дружбы между женщинами",37
"дружба женщин",popular,"почему нет дружбы между мужчиной и женщиной",37
"дружба женщин",popular,"женщина и мужчина настоящая дружба",37
"дружба женщин",popular,"дружба между мужчиной и женщиной оскар",37
"дружба женщин",popular,"дружба между мужчиной и женщиной оскар уайльд",37
"дружба женщин",popular,"дружба между мужчиной и женщиной уайльд",37
"дружба женщин",popular,"женщина стрелец женщина весы дружба",36
"дружба женщин",popular,"женщина тигр дружба",36
"дружба женщин",popular,"совместимость женщина овен мужчина в дружбе",36
"дружба женщин",popular,"дружба стрельца и козерога женщины",36
"дружба женщин",popular,"дружба между замужними мужчиной и женщиной",36
"дружба женщин",popular,"сериал про дружбу женщин",36
"дружба женщин",popular,"женщина водолей женщина весы дружба",36
"дружба женщин",popular,"лев и скорпион совместимость дружба женщин",36
"дружба женщин",popular,"дружба женщин овна и козерога",36
"дружба женщин",popular,"овен телец дружба женщин",36
"дружба женщин",popular,"песня о дружбе мужчины и женщины",36
"дружба женщин",popular,"женщина лев и женщина рыбы совместимость дружбы",36
"дружба женщин",popular,"почему не существует дружбы между женщинами",35
"дружба женщин",popular,"дружба женщин в исламе",35
"дружба женщин",popular,"дружба между мужчиной и женщиной мемы",35
"дружба женщин",popular,"дружба с красивой женщиной",35
"дружба женщин",popular,"дружба между мужчиной и женщиной форум",35
"дружба женщин",popular,"что значит дружба между женщинами",35
"дружба женщин",popular,"женщина рыбы женщина близнецы дружба",34
"дружба женщин",popular,"статья о дружбе женщин",34
"дружба женщин",popular,"женщина рыба женщина овен дружба",33
"дружба женщин",popular,"водолей козерог дружба женщин",33
"дружба женщин",popular,"овен и дева дружба между женщинами",33
"дружба женщин",popular,"рак рыбы женщина дружба",33
"дружба женщин",popular,"видео о дружбе между мужчиной и женщиной",33
"дружба женщин",popular,"книги про дружбу женщин",33
"дружба женщин",popular,"статья о дружбе мужчины и женщины",32
"дружба женщин",popular,"православие дружба мужчины и женщины",32
"дружба женщин",popular,"телец и лев совместимость в дружбе женщины",32
"дружба женщин",popular,"настоящая дружба между женщинами",32
"дружба женщин",popular,"примеры дружбы между мужчиной и женщиной",32
"дружба женщин",popular,"дружба с замужней женщиной",32
"дружба женщин",popular,"совместимость рак и телец дружба женщин",32
"дружба женщин",popular,"женщины и собаки дружба",31
"дружба женщин",popular,"что значит дружба между мужчиной и женщиной",31
"дружба женщин",popular,"дружба между женщинами переросшая в любовь",31
"дружба женщин",popular,"настоящая дружба между мужчиной и женщиной",31
"дружба женщин",popular,"за дружбу картинки красивые женщине",31
"дружба женщин",popular,"спасибо за дружбу картинки красивые женщине",31
"дружба женщин",popular,"козерог и телец дружба женщин",31
"дружба женщин",popular,"телец и рыба дружба женщин",30
"дружба женщин",popular,"женщина рыбы женщина весы дружба",30
"дружба женщин",popular,"козерог женщина близнецы женщина дружба",30
"дружба женщин",popular,"дружба между мужчиной и женщиной православие",30
"дружба женщин",popular,"лев и рак дружба между женщинами",30
"дружба женщин",popular,"дружба рак и весы женщины совместимость",29
"дружба женщин",popular,"дружба мужчины и женщины высказывания",29
"дружба женщин",popular,"телец весы дружба женщин",29
"дружба женщин",popular,"дружба между мужчиной и женщиной опенинг",29
"дружба женщин",popular,"найти женщину для интимных отношений и дружбы",29
"дружба женщин",popular,"близнецы и скорпион дружба между женщинами",28
"дружба женщин",popular,"рыбы скорпион совместимость дружба женщин",28
"дружба женщин",popular,"дружба женщина козерог рыба женщины",28
"дружба женщин",popular,"змея женщина и дружба",28
"дружба женщин",popular,"дружба между мужчиной и женщиной бартон",28
"дружба женщин",popular,"книги про дружбу мужчины и женщины",28
"дружба женщин",popular,"женщина обезьяна и женщина дружба",27
"дружба женщин",popular,"дружба между мужчиной и женщиной скорпионами",27
"дружба женщин",popular,"совместимость рак и близнецы дружба женщин",27
"дружба женщин",popular,"почему дружба между мужчиной и женщиной невозможна",27
"дружба женщин",popular,"дружба между раком и тельцом женщины",27
"дружба женщин",popular,"весы и козерог совместимость в дружбе женщин",27
"дружба женщин",popular,"дружба между женщиной и мужчиной телец",27
"дружба женщин",popular,"дружба между мужчиной и женщиной тельцами",27
"дружба женщин",popular,"совместимость гороскопа и дружба женщины",26
"дружба женщин",popular,"абьюз в дружбе между женщинами",26
"дружба женщин",popular,"овен и рак совместимость в дружбе женщины",26
"дружба женщин",popular,"совместимость близнецы и скорпион дружба женщин",26
"дружба женщин",popular,"чехов дружба между мужчиной и женщиной",26
"дружба женщин",popular,"дружба между мужчиной и женщиной овном",26
"дружба женщин",popular,"дружба с женщиной с номером",26
"дружба женщин",popular,"дружба женщина близнецы женщина водолей",26
"дружба женщин",popular,"дружба мужчины женщины в исламе",26
"дружба женщин",popular,"дружба женщина и мужчина марк бартон",25
"дружба женщин",popular,"марк бартон дружба между мужчиной и женщиной",25
"дружба женщин",popular,"козерог и лев совместимость дружба женщин",25
"дружба женщин",popular,"дружба знаков зодиака женщин скорпион",25
"дружба женщин",popular,"водолей лев совместимость дружба женщина",25
"дружба женщин",popular,"открытка женщине за дружбу",25
"дружба женщин",popular,"дружба между мужчиной и женщиной в исламе",25
"дружба женщин",popular,"стихи о дружбе между женщинами",24
"дружба женщин",popular,"стихи о дружбе между мужчиной и женщиной",24
"дружба женщин",popular,"дружба между мужчиной и женщиной 18",24
"дружба женщин",popular,"дружба мужчина женщина афоризмы",24
"дружба женщин",popular,"скорпион и телец дружба между женщинами",24
"дружба женщин",popular,"зачем мужчине дружба с женщиной",24
"дружба женщин",popular,"открытки спасибо за дружбу женщине",24
"дружба женщин",popular,"договор дружбы между мужчиной и женщиной",23
"дружба женщин",popular,"песни про дружбу между мужчиной и женщиной",23
"дружба женщин",popular,"козерог рак совместимость дружба женщин",23
"дружба женщин",popular,"женщина водолей и женщина стрелец дружба",23
"дружба женщин",popular,"водолей и рыба дружба женщины",23
"дружба женщин",popular,"близнец и стрелец дружба женщин",23
"дружба женщин",popular,"номера телефонов женщин для дружбы",23
"дружба женщин",popular,"женщина для дружба в москва",22
"дружба женщин",popular,"знак зодиака рыбы женщина дружба",22
"дружба женщин",popular,"овен и телец совместимость дружба женщин",22
"дружба женщин",popular,"дружба между мужчиной и женщиной отзывы",22
"дружба женщин",popular,"дружба между мужчиной и женщиной после секса",21
"дружба женщин",popular,"водолей и скорпион совместимость дружба женщин",21
"дружба женщин",popular,"совместимость женщин в работе и дружбе",21
"дружба женщин",popular,"водолей и скорпион дружба между женщинами",21
"дружба женщин",popular,"рак и овен дружба между женщинами",21
"дружба женщин",popular,"дружба между стрельцом и скорпионом женщины",21
"дружба женщин",popular,"совместимость рыбы и близнецы дружбе женщины",21
"дружба женщин",popular,"телец и близнецы дружба между женщинами",20
"дружба женщин",popular,"дружба между двумя женщинами",20
"дружба женщин",popular,"дружба между мужчиной и женщиной вики",20
"дружба женщин",popular,"лев и козерог дружба между женщинами",20
"дружба женщин",popular,"овен скорпион совместимость дружба женщина женщина",19
"дружба женщин",popular,"дружба между водолеями женщина и мужчина",19
"дружба женщин",popular,"козерог и дева дружба между женщинами",19
"дружба женщин",popular,"стихи про дружбу мужчины и женщины",19
"дружба женщин",popular,"дружба мужчины и женщины анекдот",19
"дружба женщин",popular,"признаки дружбы между мужчиной и женщиной",19
"дружба женщин",popular,"телец и дева дружба между женщинами",18
"дружба женщин",popular,"женщина овен женщина близнец дружба",18
"дружба женщин",popular,"видеоролик группы пельмени дружба между мужчиной женщиной",18
"дружба женщин",popular,"дружба мужчины и женщины это секс",18
"дружба женщин",popular,"овен и весы совместимость дружба женщины",18
"дружба женщин",popular,"овен женщина скорпион мужчина дружба",18
"дружба женщин",popular,"анекдот дружбы между мужчиной и женщиной",18
"дружба женщин",popular,"дружба между мужчиной тельцом и женщиной раком",18
"дружба женщин",popular,"мемы про дружбу между мужчиной и женщиной",18
"дружба женщин",popular,"мемы про дружбу мужчины и женщины",18
"дружба женщин",popular,"стрелец и скорпион совместимость дружба женщин",18
"дружба женщин",popular,"название дружба между мужчиной и женщиной",18
"дружба женщин",popular,"рак знак женщина дружба",17
"дружба женщин",popular,"статья о дружбе между мужчиной и женщиной",17
"дружба женщин",popular,"дружба между знаками зодиака женщинами",17
"дружба женщин",popular,"телец и водолей совместимость в дружбе женщины",17
"дружба женщин",popular,"дружба между мужчиной и женщиной статусы",17
"дружба женщин",popular,"дружба мужчины и женщины статусы",17
"дружба женщин",popular,"дружба между мужчиной и женщиной это секс",17
"дружба женщин",popular,"лев и водолей дружба между женщинами",17
"дружба женщин",popular,"дружба между мужчиной и женщиной высказывания",17
"дружба женщин",popular,"стрелец и рак дружба между женщинами",16
"дружба женщин",popular,"стрелец и дева дружба между женщинами",16
"дружба женщин",popular,"дружба великих женщин",16
"дружба женщин",popular,"овен и козерог дружба между женщинами",16
"дружба женщин",popular,"юмор дружба мужчины женщины",16
"дружба женщин",popular,"дружба женщин на работе",16
"дружба женщин",popular,"лев стрелец совместимость дружба женщин",16
"дружба женщин",popular,"высказывания о дружбе женщин",15
"дружба женщин",popular,"стрелец и дева дружба женщин совместимость",15
"дружба женщин",popular,"скорпион и дева дружба между женщинами",15
"дружба женщин",popular,"дружба между мужчиной и женщиной великие",15
"дружба женщин",popular,"дева знак женщина в дружбе",15
"дружба женщин",popular,"скорпион и весы дружба между женщинами",15
"дружба женщин",popular,"скорпион и рак дружба между женщинами",15
"дружба женщин",popular,"овен и весы дружба между женщинами",15
"дружба женщин",popular,"про дружбу между женщинами со смыслом",14
"дружба женщин",popular,"дружба мужчина и женщина фото",14
"дружба женщин",popular,"козерог и рак дружба между женщинами",14
"дружба женщин",popular,"ищу женщину для общения дружбы и встреч",14
"дружба женщин",popular,"мужчина хочет дружбы с женщиной",14
"дружба женщин",popular,"статья про дружбу мужчины и женщины",14
"дружба женщин",popular,"близнецы и весы дружба между женщинами",14
"дружба женщин",popular,"телец и стрелец дружба между женщинами",13
"дружба женщин",popular,"козерог и рыба совместимость дружба женщин",13
"дружба женщин",popular,"рыбы мужчина и женщина телец дружба",13
"дружба женщин",popular,"открытка дружба между мужчиной и женщиной",13
"дружба женщин",popular,"крепкая дружба между мужчиной и женщиной",13
"дружба женщин",popular,"овен и лев дружба между женщинами",13
"дружба женщин",popular,"дружба между стрельцом мужчиной и женщиной",13
"дружба женщин",popular,"весы и рыбы совместимость в дружбе женщины",13
"дружба женщин",popular,"овен и рыбы совместимость в дружбе женщины",13
"дружба женщин",popular,"дружба между львом и тельцом женщины",13
"дружба женщин",popular,"картинка про дружбу мужчины и женщины",13
"дружба женщин",popular,"статья про дружбу между мужчиной и женщиной",13
"дружба женщин",popular,"мир дружба жвачка актеры женщины",13
"дружба женщин",popular,"песня о дружбе между мужчиной и женщиной",13
"дружба женщин",popular,"скорпион и лев дружба между женщинами",13
"дружба женщин",popular,"стрелец и весы дружба между женщинами",12
"дружба женщин",popular,"статус про дружбу между мужчиной и женщиной",12
"дружба женщин",popular,"статусы про дружбу мужчины и женщины",12
"дружба женщин",popular,"стихи про дружбу между женщинами",12
"дружба женщин",popular,"стихи про дружбу между мужчиной и женщиной",12
"дружба женщин",popular,"дружба между мужчиной и женщиной плюсы",12
"дружба женщин",popular,"плюсы дружбы мужчины и женщины",12
"дружба женщин",popular,"дружба между мужчиной девой и женщиной овном",12
"дружба женщин",popular,"прикол про дружбу между мужчиной и женщиной",12
"дружба женщин",popular,"овен скорпион дружба между женщинами",12
"дружба женщин",popular,"водолей и рыба дружба женщины совместимость",12
"дружба женщин",popular,"женщина рыба мужчина рак дружба",12
"дружба женщин",popular,"женщина рак в дружбе и любви",11
"дружба женщин",popular,"дружба между женщинами по знакам",11
"дружба женщин",popular,"дружба двух тельцов женщин",11
"дружба женщин",popular,"женщина в орске знакомства для дружбы общения",11
"дружба женщин",popular,"дева и лев дружба между женщинами",11
"дружба женщин",popular,"анекдот про дружбу женщин",11
"дружба женщин",popular,"анекдоты про дружбу мужчины и женщины",11
"дружба женщин",popular,"статистика дружба женщиной и женщиной",11
"дружба женщин",popular,"статистика дружбы между мужчиной и женщиной",11
"дружба женщин",popular,"статистика дружбы мужчин и женщин",11
"дружба женщин",popular,"дружба по переписке между мужчиной и женщиной",11
"дружба женщин",popular,"мужчина предлагает дружбу женщине зачем",11
"дружба женщин",popular,"весы и водолей дружба между женщинами",10
"дружба женщин",popular,"платоническая дружба между мужчиной и женщиной",10
"дружба женщин",popular,"роман громов песня дружба мужчины и женщины",10
"дружба женщин",popular,"фильм о дружбе женщины и осьминога",10
"дружба женщин",popular,"анекдоты про дружбу между мужчиной и женщиной",10
"дружба женщин",popular,"лев и весы дружба между женщинами",10
"дружба женщин",popular,"женщины овен и козерог дружбе совместимость",10
"дружба женщин",popular,"дружба между мужчиной девой и женщиной козерогом",10
"дружба женщин",popular,"рак и скорпион совместимость дружба женщин",10
"дружба женщин",popular,"аргумент дружба между мужчиной и женщиной",9
"дружба женщин",popular,"дружба между мужчиной и женщиной слабеет",9
"дружба женщин",popular,"водолей телец дружба между женщинами",9
"дружба женщин",popular,"дружба между скорпионом и козерогом женщины",9
"дружба женщин",popular,"дружба с нарциссом женщиной",9
"дружба женщин",popular,"стрелец и лев дружба между женщинами",9
"дружба женщин",popular,"дружба между знаками зодиака женщинами совместимость",9
"дружба женщин",popular,"познакомиться с женщиной для дружбы в спб",9
"дружба женщин",popular,"андрей ткачев о дружбе с женщиной",9
"дружба женщин",popular,"водолей стрелец совместимость женщинами в дружбе",9
"дружба женщин",popular,"овен и стрелец дружба между женщинами",8
"дружба женщин",popular,"москва телефон женщина дружба",8
"дружба женщин",popular,"дружба рак водолей между женщинами",8
"дружба женщин",popular,"дружба женщин знака лев и скорпион",8
"дружба женщин",popular,"овен и водолей дружба между женщинами",8
"дружба женщин",popular,"дружба подростка и взрослой женщины",8
"дружба женщин",popular,"женщина отсосала по старой школьной дружбе рассказ",8
"дружба женщин",popular,"случаи дружбы между мужчиной и женщиной",8
"дружба женщин",popular,"близнецы и водолей дружба между женщинами",7
"дружба женщин",popular,"дружба между женщинами сложнее мужских причины",7
"дружба женщин",popular,"афоризмы про дружбу между мужчиной и женщиной",7
"дружба женщин",popular,"зрелая женщина отсосала по старой школьной дружбе",7
"дружба женщин",popular,"женщина отсосала по старой школьной дружбе фото",7
"дружба женщин",popular,"близнецы и лев дружба между женщинами",7
"дружба женщин",popular,"козерог и стрелец дружба между женщинами",7
"дружба женщин",popular,"женщины награжденные 2 я орденами дружбы народов",7
"дружба женщин",popular,"дружба мужчины и женщины помеха для отношений",7
"дружба женщин",popular,"дружба двух скорпионов женщин",6
"дружба женщин",popular,"телец и весы дружба между женщинами",6
"дружба женщин",popular,"дружба козерог мужчина весы женщина",6
"дружба женщин",popular,"клуб одиноких женщин после 55 для дружбы",6
"дружба женщин",popular,"ролик дружба женщины с мужчиной",6
"дружба женщин",popular,"стендап дружба между мужчиной и женщиной",6
"дружба женщин",popular,"анкеты женщин которые ищут женщин для дружбы",6
"дружба женщин",popular,"лабковский михаил дружба между мужчиной и женщиной",6
"дружба женщин",popular,"корепанов дружба между мужчиной и женщиной",6
"дружба женщин",popular,"женщина отсосала по старой школьной дружбе фоторассказ",6
"дружба женщин",popular,"ищу женщину в москве для гостевой дружбы",6
"дружба женщин",popular,"маркарян дружба между мужчиной и женщиной",5
"дружба женщин",popular,"абьюз в дружбе между женщинами признаки",5
"дружба женщин",popular,"статья психолог дружба женщины с мужчиной",5
"дружба женщин",popular,"дружба и работа телец и рак женщины",5
"дружба женщин",popular,"ревность в дружбе женщин",5
"дружба женщин",popular,"близнецы и козерог дружба между женщинами",5
"дружба женщин",popular,"дружба мужчины и женщины психология фрейд",5
"дружба женщин",popular,"как женщине предложить другой женщине дружбу",5
"дружба женщин",popular,"голые женщины в саду дружба г челябинск",5
"дружба женщин",popular,"дружба между мужчиной и женщиной мнение священника",5
"дружба женщин",popular,"тигр и обезьяна совместимость дружба двух женщин",5
"дружба женщин",popular,"за дружбу с женщиной и с поцелуйчиком",5
"дружба женщин",popular,"стрелец водолей дружба между женщинами",4
"дружба женщин",popular,"овен и телец дружба между женщинами",4
"дружба женщин",popular,"дружба между мужчиной и женщиной весы",4
"дружба женщин",popular,"дружба рассказы написанные женщинами купить",1
"ссора с подругой",popular,"ссора с подругой",4125
"ссора с подругой",popular,"после ссоры с подругой",1565
"ссора с подругой",popular,"ссора с бывшей подругой",893
"ссора с подругой",popular,"к чему снится ссора с подругой",570
"ссора с подругой",popular,"сильная ссора с подругой",518
"ссора с подругой",popular,"ссора с подругой как помириться",501
"ссора с подругой",popular,"как помириться с подругой после ссоры",477
"ссора с подругой",popular,"причины ссоры с подругой",401
"ссора с подругой",popular,"как помириться с подругой после сильной ссоры",365
"ссора с подругой",popular,"ссоры с лучшей подругой",276
"ссора с подругой",popular,"ссора с подругой во сне",207
"ссора с подругой",popular,"приснилась ссора с подругой",139
"ссора с подругой",popular,"сон ссора с подругой к чему снится",129
"ссора с подругой",popular,"с днем рождения подруге в ссоре",124
"ссора с подругой",popular,"ссора с подругой что делать",119
"ссора с подругой",popular,"ссора с подругой как общаться",118
"ссора с подругой",popular,"переписки с подругой ссоры",104
"ссора с подругой",popular,"ссора с мужем подруги",100
"ссора с подругой",popular,"как общаться с подругой после ссоры",97
"ссора с подругой",popular,"секс с подругой после ссоры",89
"ссора с подругой",popular,"ссора с близкой подругой",89
"ссора с подругой",popular,"ссора с подругой слова",88
"ссора с подругой",popular,"ссора с подругой порно",83
"ссора с подругой",popular,"про ссоры с подругой",73
"ссора с подругой",popular,"что значит ссора с подругой",65
"ссора с подругой",popular,"поздравление подруге с которой в ссоре",64
"ссора с подругой",popular,"к чему снится ссора с лучшей подругой",61
"ссора с подругой",popular,"к чему снится ссора с бывшей подругой",52
"ссора с подругой",popular,"сонник ссора с подругой",49
"ссора с подругой",popular,"порно с подругой после ссоры",49
"ссора с подругой",popular,"сон ссора с бывшей подругой",42
"ссора с подругой",popular,"как начать ссору с подругой",41
"ссора с подругой",popular,"к чему снится ссора с близкой подругой",41
"ссора с подругой",popular,"приснилась ссора с бывшей подругой",36
"ссора с подругой",popular,"ситуации ссоры с подругой",36
"ссора с подругой",popular,"с подругой постоянные ссоры",33
"ссора с подругой",popular,"секс с подругой после ссоры с девушкой",33
"ссора с подругой",popular,"что делать после ссоры с подругой",31
"ссора с подругой",popular,"молитва ссора с подругой",29
"ссора с подругой",popular,"примеры ссоры с подругой",29
"ссора с подругой",popular,"ида галич ссора с подругой",28
"ссора с подругой",popular,"видеть во сне ссору с подругой",27
"ссора с подругой",popular,"приснился сон ссора с подругой",27
"ссора с подругой",popular,"ссора с подругой таро",26
"ссора с подругой",popular,"сон ссора с лучшей подругой",26
"ссора с подругой",popular,"как пережить ссору с подругой",24
"ссора с подругой",popular,"поздравить подругу с которой в ссоре",23
"ссора с подругой",popular,"почему снится ссора с подругой",18
"ссора с подругой",popular,"что значит сон ссора с подругой",17
"ссора с подругой",popular,"что значит если снится ссора с подругой",17
"ссора с подругой",popular,"с день рождения подруге после ссоры",17
"ссора с подругой",popular,"приснилась ссора с лучшей подругой",16
"ссора с подругой",popular,"песня ссора с подругой",16
"ссора с подругой",popular,"как вернуть подругу после ссоры с помощью",15
"ссора с подругой",popular,"как подружиться с подругой после ссоры",14
"ссора с подругой",popular,"фразы ссор с подругой",14
"ссора с подругой",popular,"ссора с подругой из за парня",13
"ссора с подругой",popular,"как быть близко с подругой после ссоры",13
"ссора с подругой",popular,"секс с лучшей подругой девушки после ссоры",13
"ссора с подругой",popular,"как вернуть общение с подругой после ссоры",12
"ссора с подругой",popular,"текст для ссоры с подругой",10
"ссора с подругой",popular,"как поговорить с подругой после ссоры",9
"ссора с подругой",popular,"что значит если приснилась ссора с подругой",9
"ссора с подругой",popular,"ссоры с подругой драка",9
"ссора с подругой",popular,"заговор чтобы помириться с подругой после ссоры",8
"ссора с подругой",popular,"текст с извинениями подруге при ссоре",8
"ссора с подругой",popular,"к чему снится ссора с давней подругой",8
"ссора с подругой",popular,"подруга поддержала после ссоры с девушкой секс",7
"ссора с подругой",popular,"после ссоры с подругой чувствую облегчение",7
"ссора с подругой",popular,"сон про ссору с подругой",7
"ссора с подругой",popular,"как успокоиться после ссоры с подругой",7
"ссора с подругой",popular,"сон ссора с подругой ответы майл",6
"ссора с подругой",popular,"трахает подругу после ссоры с девушкой",6
"ссора с подругой",popular,"аргументы для ссоры с подругой",5
"ссора с подругой",popular,"трахнул подругу после ссоры с девушкой",5
"ссора с подругой",popular,"молитва о примирении с подругой после ссоры",5
"ссора с подругой",popular,"подруги после ссоры помирились с помощью секса",5
"предательство подруги",popular,"предательство подруги",3192
"предательство подруги",popular,"предательство бывшей подруги",990
"предательство подруги",popular,"предательство подруга муж",649
"предательство подруги",popular,"про предательство подруги",647
"предательство подруги",popular,"мелодрама предательство подруги",243
"предательство подруги",popular,"предательство лучшей подруги",220
"предательство подруги",popular,"предательство подруги фильм",177
"предательство подруги",popular,"мелодрама про предательство подруги",174
"предательство подруги",popular,"к чему снится предательство подруги",117
"предательство подруги",popular,"песня про предательство подруги",108
"предательство подруги",popular,"смотреть предательство подруги",101
"предательство подруги",popular,"предательство подруги цитаты",97
"предательство подруги",popular,"фильмы про предательство подруг",94
"предательство подруги",popular,"как пережить предательство подруги",93
"предательство подруги",popular,"история предательства подруги",93
"предательство подруги",popular,"предательство друзей предательство подруг",88
"предательство подруги",popular,"предательство подруг сериал",82
"предательство подруги",popular,"предательство парня и подруги",73
"предательство подруги",popular,"предательство подруг сон",67
"предательство подруги",popular,"предательство подруги в прошлом",62
"предательство подруги",popular,"русская мелодрама предательство подруги",54
"предательство подруги",popular,"цитата про предательство подруги",51
"предательство подруги",popular,"истории про предательство подруг",50
"предательство подруги",popular,"простить предательство подруги",46
"предательство подруги",popular,"предательство близкой подруги",44
"предательство подруги",popular,"порно предательство подруги",42
"предательство подруги",popular,"сериалы про предательство подруги",42
"предательство подруги",popular,"предательство любимой подруги",42
"предательство подруги",popular,"к чему снится предательство подруги во сне",40
"предательство подруги",popular,"предательство подруги текст",39
"предательство подруги",popular,"русские мелодрамы про предательство подруг",33
"предательство подруги",popular,"смотреть фильм предательство подруги",32
"предательство подруги",popular,"смотреть мелодраму предательство подруги",32
"предательство подруги",popular,"песня о предательстве подруги",30
"предательство подруги",popular,"про предательство лучшей подруги",29
"предательство подруги",popular,"картинка предательство подруги",29
"предательство подруги",popular,"стих про предательство подруги",29
"предательство подруги",popular,"статус предательство подруг",28
"предательство подруги",popular,"как отомстить подруге за предательство",27
"предательство подруги",popular,"книга предательство подруги",27
"предательство подруги",popular,"слова предательство подруги",26
"предательство подруги",popular,"леди диана предательство от подруги",25
"предательство подруги",popular,"предательство со стороны подруги",23
"предательство подруги",popular,"смотреть фильм про предательство подруги",21
"предательство подруги",popular,"как справиться с предательством подруги",20
"предательство подруги",popular,"приснилось предательство подруги",19
"предательство подруги",popular,"предательство подруги как пережить советы психолога",19
"предательство подруги",popular,"мелодрамы про подруг мужа предательства смотреть бесплатно",18
"предательство подруги",popular,"фильм про предательство подруги и мужа",17
"предательство подруги",popular,"измена развод предательство мужа сестры подруги читать",16
"предательство подруги",popular,"сериалы русские про предательство подруг",16
"предательство подруги",popular,"кино предательство подруги мелодрама 2026",15
"предательство подруги",popular,"предательство лучшей подруги фильм",15
"предательство подруги",popular,"русские сериалы про предательство и месть подруг",15
"предательство подруги",popular,"статусы про предательство подруги",14
"предательство подруги",popular,"стихи о предательстве подруги",14
"предательство подруги",popular,"сонник предательство подруги",13
"предательство подруги",popular,"предательство между подругами",13
"предательство подруги",popular,"как пережить предательство лучшей подруги",12
"предательство подруги",popular,"песня про предательство подруги текст",12
"предательство подруги",popular,"мелодрама про предательство подруги или сестры",12
"предательство подруги",popular,"рассказ предательство подруги",11
"предательство подруги",popular,"ненавижу подругу за предательство",10
"предательство подруги",popular,"как забыть предательство подруги",10
"предательство подруги",popular,"смотреть фильм про предательство зависть подруг",9
"предательство подруги",popular,"картинки про предательство подруги",9
"предательство подруги",popular,"как поступить с предателем предательство подруги",9
"предательство подруги",popular,"грустные песни про предательство подруги",9
"предательство подруги",popular,"не хочу прощать подруге предательства а она",6
"предательство подруги",popular,"смотреть мини сериалы мелодрамы про предательство подруг",6
"предательство подруги",popular,"прощальное письмо подруге до слез предательство",5
"предательство подруги",popular,"приснилось предательство от подруги что может значить",5
"предательство подруги",popular,"порно фильм отчим предательство подруги",5
"предательство подруги",popular,"подлое предательство лучшей подруги с русским переводом",3
"зависть подруги",popular,"зависть подруги",1722
"зависть подруги",popular,"зависть подруги фильм",246
"зависть подруги",popular,"как зависть подруги разрушила ее жизнь",171
"зависть подруги",popular,"фильм как зависть подруги разрушила",169
"зависть подруги",popular,"про зависть подруг",161
"зависть подруги",popular,"как зависть подруги разрушила ее жизнь фильм",158
"зависть подруги",popular,"зависть бывшей подруги",147
"зависть подруги",popular,"зависть подруги сериал",123
"зависть подруги",popular,"зависть подруги мелодрама",118
"зависть подруги",popular,"сильная история как зависть подруги",112
"зависть подруги",popular,"сильная история как зависть подруги разрушила",104
"зависть подруги",popular,"сильная история как зависть подруги разрушила жизнь",103
"зависть подруги",popular,"мелодрам как зависть подруги разрушила жизнь",94
"зависть подруги",popular,"зависть лучшей подруги",82
"зависть подруги",popular,"зависть подруги что делать",54
"зависть подруги",popular,"подруга убила из зависти",47
"зависть подруги",popular,"как справиться с завистью к подруге",44
"зависть подруги",popular,"зависть между подругами",43
"зависть подруги",popular,"фильм про зависть подруг",41
"зависть подруги",popular,"признаки зависти подруги",41
"зависть подруги",popular,"смотреть фильм зависть подруги",34
"зависть подруги",popular,"гузеева про зависть к подруге на рублевке",34
"зависть подруги",popular,"зависть красивой подруге",33
"зависть подруги",popular,"как избавиться от зависти к подруге",21
"зависть подруги",popular,"порно рассказы зависть подруги",20
"зависть подруги",popular,"зависть подруги песня",19
"зависть подруги",popular,"как проявляется зависть подруги",18
"зависть подруги",popular,"молитвы от зависти подруг",15
"зависть подруги",popular,"зависть подруги форум",15
"зависть подруги",popular,"худ фильм как зависть подруги разрушила жизнь",15
"зависть подруги",popular,"как распознать зависть подруги",15
"зависть подруги",popular,"зависть подруг видео ню",11
"зависть подруги",popular,"убила подругу из зависти россия криминал",10
"зависть подруги",popular,"тест на зависть подруги",10
"зависть подруги",popular,"смотреть фильм про предательство зависть подруг",9
"зависть подруги",popular,"заговор от зависти подруги",9
"зависть подруги",popular,"зависть подруги признаки и последствия",9
"зависть подруги",popular,"как выглядит зависть подруги",8
"зависть подруги",popular,"подруга перестала общаться из за зависти",8
"зависть подруги",popular,"зависть лучшей подруги dzen ru",7
"зависть подруги",popular,"истории о зависти подруги",7
"зависть подруги",popular,"смотреть зависть подруги разрушила",7
"зависть подруги",popular,"три подруги ложь и зависть",7
"зависть подруги",popular,"зависть подруги как моей жизни внешности признаки",5
"зависть подруги",popular,"как зависть подруги ун фильм смотреть",5
"коллектив на работе",popular,"коллективы на работах",13676
"коллектив на работе",popular,"новый коллектив на работе",1513
"коллектив на работе",popular,"женский коллектив на работе",521
"коллектив на работе",popular,"хороший коллектив на работе",451
"коллектив на работе",popular,"план работы коллектива на год",426
"коллектив на работе",popular,"токсичный коллектив на работе",403
"коллектив на работе",popular,"про коллектив на работе",392
"коллектив на работе",popular,"отношение в коллективе на работе",364
"коллектив на работе",popular,"как вести себя в коллективе на работе",344
"коллектив на работе",popular,"классный коллектив на работе",317
"коллектив на работе",popular,"проблемы коллектива на работе",292
"коллектив на работе",popular,"дружный коллектив на работе",236
"коллектив на работе",popular,"план работы коллектива на учебный год",213
"коллектив на работе",popular,"работа на сплочение коллектива",208
"коллектив на работе",popular,"песня про коллектив на работе",207
"коллектив на работе",popular,"психология коллектива на работе",194
"коллектив на работе",popular,"семья на работе коллектив",185
"коллектив на работе",popular,"на работе коллектив младше",174
"коллектив на работе",popular,"правила коллектива на работе",168
"коллектив на работе",popular,"конфликт в коллективе на работе",157
"коллектив на работе",popular,"мужской коллектив на работе",153
"коллектив на работе",popular,"виды коллективов на работе",151
"коллектив на работе",popular,"не принимает коллектив на работе",150
"коллектив на работе",popular,"не принят коллективом на работе",150
"коллектив на работе",popular,"влияние коллектива на работу",149
"коллектив на работе",popular,"молодой коллектив на работе",133
"коллектив на работе",popular,"порно на работе коллективом",132
"коллектив на работе",popular,"как влиться в новый коллектив на работе",130
"коллектив на работе",popular,"новый год в коллективе на работе",127
"коллектив на работе",popular,"коллектив на работе игнорирует",127
"коллектив на работе",popular,"поздравление коллектива на работе",126
"коллектив на работе",popular,"какой может быть коллектив на работе",126
"коллектив на работе",popular,"веселый коллектив на работе",121
"коллектив на работе",popular,"плохой коллектив на работе",121
"коллектив на работе",popular,"на работе главное коллектив",120
"коллектив на работе",popular,"молитва на коллектив на работе",116
"коллектив на работе",popular,"график работы на коллектив",115
"коллектив на работе",popular,"песня про коллектив на работе веселая",112
"коллектив на работе",popular,"день рождения в коллективе на работе",112
"коллектив на работе",popular,"характеристика коллектива на работе",112
"коллектив на работе",popular,"роль коллектива на работе",112
"коллектив на работе",popular,"уважение в коллективе на работе",112
"коллектив на работе",popular,"тяжелый коллектив на работе",102
"коллектив на работе",popular,"взаимоотношения в коллективе на работе",101
"коллектив на работе",popular,"конкурсы в коллективе на работе",101
"коллектив на работе",popular,"общение на работе в коллективе",99
"коллектив на работе",popular,"работа трудового коллектива на предприятии",99
"коллектив на работе",popular,"не нравится коллектив на работе",97
"коллектив на работе",popular,"игры для коллектива на работе",97
"коллектив на работе",popular,"типы коллективов на работе",93
"коллектив на работе",popular,"настроить коллектив на работу",83
"коллектив на работе",popular,"душа коллектива на работе",79
"коллектив на работе",popular,"задача на организацию работы коллектива",75
"коллектив на работе",popular,"руководитель новый коллектив на работе",75
"коллектив на работе",popular,"что подарить коллективу на работе",74
"коллектив на работе",popular,"сложный коллектив на работе",72
"коллектив на работе",popular,"как выжить в коллективе на работе",72
"коллектив на работе",popular,"мероприятия для коллектива на работе",72
"коллектив на работе",popular,"старый коллектив на работе",71
"коллектив на работе",popular,"картинки коллектива на работе",68
"коллектив на работе",popular,"молитва чтобы коллектив уважал на работе",68
"коллектив на работе",popular,"ужасный коллектив на работе",65
"коллектив на работе",popular,"не люблю коллектив на работе",64
"коллектив на работе",popular,"коллектив не вышел на работу",56
"коллектив на работе",popular,"отличный коллектив на работе",56
"коллектив на работе",popular,"фото коллектива на работе",54
"коллектив на работе",popular,"знакомства с коллективом на работе",54
"коллектив на работе",popular,"негативный коллектив на работе",54
"коллектив на работе",popular,"коллектив на работе не общается",54
"коллектив на работе",popular,"токсичный коллектив на работе что делать",53
"коллектив на работе",popular,"устроилась на работу новый коллектив",53
"коллектив на работе",popular,"мужчина в женском коллективе на работе",53
"коллектив на работе",popular,"адаптация в новом коллективе на работе",51
"коллектив на работе",popular,"план работы вокального коллектива на год",51
"коллектив на работе",popular,"пожелание коллективу на работе",49
"коллектив на работе",popular,"что важно в коллективе на работе",49
"коллектив на работе",popular,"коллектив на работе форум",48
"коллектив на работе",popular,"дисциплина в коллективе на работе",47
"коллектив на работе",popular,"травля в коллективе на работе",47
"коллектив на работе",popular,"факторы влияющие на работу коллектива",47
"коллектив на работе",popular,"чем угощать коллектив на работе",46
"коллектив на работе",popular,"как сплотить коллектив на работе",45
"коллектив на работе",popular,"боюсь коллектива на работе",45
"коллектив на работе",popular,"буллинг в коллективе на работе",44
"коллектив на работе",popular,"обстановка в коллективе на работе",43
"коллектив на работе",popular,"не принял коллектив на новой работе",41
"коллектив на работе",popular,"про дружный коллектив на работе",39
"коллектив на работе",popular,"этикет на работе в коллективе",39
"коллектив на работе",popular,"тренинги в коллективе на работе",38
"коллектив на работе",popular,"правила поведения на работе в коллективе",37
"коллектив на работе",popular,"про коллектив на работе прикольные",37
"коллектив на работе",popular,"коллектив на работе отзывы",36
"коллектив на работе",popular,"трудовой договор на работу трудовых коллективов",36
"коллектив на работе",popular,"тест на коллектив на работе",36
"коллектив на работе",popular,"на работе позитивный коллектив",36
"коллектив на работе",popular,"игры на сплочение коллектива на работе",36
"коллектив на работе",popular,"токсичный коллектив на работе признаки",35
"коллектив на работе",popular,"традиции в коллективе на работе",34
"коллектив на работе",popular,"сплетни в коллективе на работе",33
"коллектив на работе",popular,"план работы на сплочение коллектива",33
"коллектив на работе",popular,"как адаптироваться в новом коллективе на работе",32
"коллектив на работе",popular,"песня про дружный коллектив на работе",30
"коллектив на работе",popular,"ненавижу коллектив на работе",30
"коллектив на работе",popular,"крыса в коллективе на работе",30
"коллектив на работе",popular,"пьющий коллектив на работе",29
"коллектив на работе",popular,"у нас на работе шикарный коллектив",29
"коллектив на работе",popular,"змеиный коллектив на работе",29
"коллектив на работе",popular,"отсутствие коллектива на работе",29
"коллектив на работе",popular,"сложности в коллективе на работе",28
"коллектив на работе",popular,"как выжить в токсичном коллективе на работе",27
"коллектив на работе",popular,"правила этикета на работе в коллективе",27
"коллектив на работе",popular,"подарок коллективу на работе",27
"коллектив на работе",popular,"картинки про коллектив на работе",26
"коллектив на работе",popular,"песня для коллектива на работе",25
"коллектив на работе",popular,"если на работе коллектив против тебя",24
"коллектив на работе",popular,"раздражает коллектив на работе",24
"коллектив на работе",popular,"зависть на работе в женском коллективе",23
"коллектив на работе",popular,"заговор на уважение в коллективе на работе",23
"коллектив на работе",popular,"гнилой коллектив на работе",23
"коллектив на работе",popular,"не вписываюсь в коллектив на работе",22
"коллектив на работе",popular,"как описать коллектив на работе",22
"коллектив на работе",popular,"коллектив на работе таро расклад",21
"коллектив на работе",popular,"как управлять коллективом на работе",21
"коллектив на работе",popular,"психология на работе и отношения в коллективе",21
"коллектив на работе",popular,"дедовщина в коллективе на работе",20
"коллектив на работе",popular,"возрастной коллектив на работе",20
"коллектив на работе",popular,"травля в коллективе на работе что делать",20
"коллектив на работе",popular,"стих про коллектив на работе",20
"коллектив на работе",popular,"не могу влиться в коллектив на работе",19
"коллектив на работе",popular,"как выжить в женском коллективе на работе",19
"коллектив на работе",popular,"игра для коллектива на работе с юмором",19
"коллектив на работе",popular,"приглашаем на работу в дружный коллектив",18
"коллектив на работе",popular,"песня про коллектив на работе веселая скачать",18
"коллектив на работе",popular,"план работы хореографического коллектива на год",18
"коллектив на работе",popular,"не нравится коллектив на работе что делать",18
"коллектив на работе",popular,"коллектив на работе приколы",17
"коллектив на работе",popular,"дедовщина на работе в женском коллективе",17
"коллектив на работе",popular,"как объединить коллектив на работе",17
"коллектив на работе",popular,"коллектив на работе цитаты",16
"коллектив на работе",popular,"буллинг в коллективе на работе как бороться",16
"коллектив на работе",popular,"тосты в коллективе на работе",16
"коллектив на работе",popular,"не нравится коллектив на новой работе",16
"коллектив на работе",popular,"бесит коллектив на работе",16
"коллектив на работе",popular,"мероприятия для коллектива на работе сплочения",15
"коллектив на работе",popular,"как заслужить уважение в коллективе на работе",14
"коллектив на работе",popular,"изгой в коллективе на работе",14
"коллектив на работе",popular,"плохой коллектив на работе что делать",13
"коллектив на работе",popular,"цитаты про коллектив на работе",13
"коллектив на работе",popular,"картинки про коллектив на работе прикольные",13
"коллектив на работе",popular,"как добиться уважения в коллективе на работе",13
"коллектив на работе",popular,"как наладить отношения в коллективе на работе",13
"коллектив на работе",popular,"злой коллектив на работе",12
"коллектив на работе",popular,"крысиный коллектив на работе",12
"коллектив на работе",popular,"как завоевать уважение в коллективе на работе",12
"коллектив на работе",popular,"правила общения на работе в коллективе",12
"коллектив на работе",popular,"песни про коллектив на работе прикольные",12
"коллектив на работе",popular,"стих про коллектив на работе прикольные",11
"коллектив на работе",popular,"креативное фото коллектива на работе",11
"коллектив на работе",popular,"можно отличаться от своего коллектива на работе",11
"коллектив на работе",popular,"психология в коллективе на работе с коллегами",11
"коллектив на работе",popular,"игры для сплочения коллектива взрослых на работе",11
"коллектив на работе",popular,"ссср влияние коллектива на работу пожарных",11
"коллектив на работе",popular,"видео у нас на работе шикарный коллектив",11
"коллектив на работе",popular,"женщина в мужском коллективе на работе",11
"коллектив на работе",popular,"разминка на работе для коллектива",10
"коллектив на работе",popular,"этикет на работе в коллективе правила поведения",10
"коллектив на работе",popular,"девиз на работе для коллектива",10
"коллектив на работе",popular,"как сплотить коллектив на работе руководителю",9
"коллектив на работе",popular,"три способа выжить на работе в коллективе",9
"коллектив на работе",popular,"токсичный коллектив на работе срочно увольняться",8
"коллектив на работе",popular,"цитаты про коллектив на работе со смыслом",8
"коллектив на работе",popular,"изгой в коллективе на работе что делать",8
"коллектив на работе",popular,"как войти в коллектив на работе",8
"коллектив на работе",popular,"женская зависть на работе в мужском коллективе",7
"коллектив на работе",popular,"почему коллектив на работе не любит трудоголиков",7
"коллектив на работе",popular,"некомфортно в коллективе на работе",7
"коллектив на работе",popular,"бабский коллектив на работе",7
"коллектив на работе",popular,"изжога на работу на коллектив",7
"коллектив на работе",popular,"стихи о коллективе дружном на работе",7
"коллектив на работе",popular,"как привыкнуть к новому коллективу на работе",7
"коллектив на работе",popular,"обвинили на работе в коллективе в воровстве",7
"коллектив на работе",popular,"заговор чтобы уважал коллектив на работе",7
"коллектив на работе",popular,"молитвы чтобы уважали на работе начальство коллектив",7
"коллектив на работе",popular,"не уживаюсь в коллективе на работе",6
"коллектив на работе",popular,"новый коллектив на работе чего нельзя делать",6
"коллектив на работе",popular,"фотоальбомы на 25 лет работы в коллективе",6
"коллектив на работе",popular,"гадание есть ли завистники коллективе на работе",6
"коллектив на работе",popular,"зависть на работе в женском коллективе признаки",6
"коллектив на работе",popular,"змеиный коллектив на работе картинки",6
"коллектив на работе",popular,"крыса в коллективе на работе как бороться",6
"коллектив на работе",popular,"коллектив на работе злой завистливый",6
"коллектив на работе",popular,"на сколько важен коллектив на работе",5
"коллектив на работе",popular,"стихи про дружный коллектив на работе",5
"коллектив на работе",popular,"как присоединиться к коллективу на новой работе",5
"коллектив на работе",popular,"шутки про коллектив на работе",5
"коллектив на работе",popular,"гадание на работу кто враг в коллективе",5
"коллектив на работе",popular,"адаптация в новом коллективе на работе видеокурс",5
"коллектив на работе",popular,"как сплотить коллектив на работе мероприятия",5
"коллектив на работе",popular,"торт для коллектива на работу",4
"коллектив на работе",popular,"коллектив какой может быть на работе прилагательные",3
"сплетни",popular,"сплетен сплетенный",229630
"сплетни",popular,"сплетни",212953
"сплетни",popular,"слухи сплетни",31517
"сплетни",popular,"сплетен 2",24678
"сплетни",popular,"сплетен браслет",20086
"сплетни",popular,"дому сплетни",19820
"сплетни",popular,"дом 2 сплетни",18835
"сплетни",popular,"слухи сплетни 2",17395
"сплетни",popular,"сокольские сплетни",15171
"сплетни",popular,"сплетни вконтакте",14723
"сплетни",popular,"новости сплетни",12793
"сплетни",popular,"дом сплетни и слухи",11564
"сплетни",popular,"дом 2 слухи и сплетни",11328
"сплетни",popular,"день сплетен",11222
"сплетни",popular,"последние сплетни",10252
"сплетни",popular,"сплетни 6",9821
"сплетни",popular,"сплетни реже",9736
"сплетни",popular,"сплетни режа",9711
"сплетни",popular,"новости слухи сплетни",9588
"сплетни",popular,"мало сплетен",9375
"сплетни",popular,"корзина сплетен",8818
"сплетни",popular,"сплетни железногорск",8772
"сплетни",popular,"сплетни илимского",8470
"сплетни",popular,"сплетни железногорска илимского",8469
"сплетни",popular,"сплетни контакте",8365
"сплетни",popular,"дом новости сплетни",8202
"сплетни",popular,"дом 2 новости сплетни",7955
"сплетни",popular,"дом 2 сплетни 6 дней",7864
"сплетни",popular,"дом 2 слухи сплетни 6 дней",7827
"сплетни",popular,"сплетни дом 2 на 6",7795
"сплетни",popular,"новости слухи сплетни дом",7546
"сплетни",popular,"сплетни дом 2 раньше",7513
"сплетни",popular,"2 новости слухи сплетни",7337
"сплетни",popular,"дом 2 новости слухи сплетни",7333
"сплетни",popular,"дом 2 слухи сплетни раньше",7324
"сплетни",popular,"сплетни дом 2 раньше на 6 дней",6872
"сплетни",popular,"сплетни шум",6617
"сплетни",popular,"последние новости сплетни",6607
"сплетни",popular,"антон с сплетни",6466
"сплетни",popular,"дом последние сплетни",6363
"сплетни",popular,"2 последние сплетни",6291
"сплетни",popular,"дом 2 последние сплетни",6280
"сплетни",popular,"сплетни покров",6226
"сплетни",popular,"сокольские сплетни вконтакте",6157
"сплетни",popular,"последние сплетни слухи дом 2",6149
"сплетни",popular,"сплетни лук",6086
"сплетни",popular,"последние новости сплетни слухи",6026
"сплетни",popular,"сплетни шум лук",5995
"сплетни",popular,"не хочу сплетен",5820
"сплетни",popular,"сплетни бар",5760
"сплетни",popular,"день слухов и сплетен",5743
"сплетни",popular,"сплетни сегодня",5738
"сплетни",popular,"сплетни шоу",5690
"сплетни",popular,"сплетни слухи новости дня",5441
"сплетни",popular,"про сплетни",5414
"сплетни",popular,"свежие сплетни",5400
"сплетни",popular,"слухи и сплетни 6 дней",5391
"сплетни",popular,"последние новости сплетни слухи дома",5286
"сплетни",popular,"новости сплетни на 6 дней раньше",5267
"сплетни",popular,"последние новости дома 2 сплетни",5258
"сплетни",popular,"дом 2 последние новости слухи сплетни",5223
"сплетни",popular,"дом сплетни новости 6",5020
"сплетни",popular,"дом 2 новости сплетни 6",5017
"сплетни",popular,"сплетен 3",4637
"сплетни",popular,"6 дней раньше слухи и сплетни",4618
"сплетни",popular,"сплетни кока",4498
"сплетни",popular,"клава сплетни",4468
"сплетни",popular,"краснохолмские сплетни",4451
"сплетни",popular,"дом 2 эфиры сплетни",4443
"сплетни",popular,"сплетни и слухи дома на 6",4339
"сплетни",popular,"клава кока сплетни",4336
"сплетни",popular,"дом 2 слухи и сплетни на 6",4281
"сплетни",popular,"дом 2 эфиры слухи сплетни",4274
"сплетни",popular,"сплетни крестцы",4150
"сплетни",popular,"сплетен на станке из резинок",4142
"сплетни",popular,"сплетни вк",4103
"сплетни",popular,"сплетни дома 2 шлок",4066
"сплетни",popular,"сплетни шум клава",4053
"сплетни",popular,"кока сплетни шум",4012
"сплетни",popular,"слухи сплетни дом 2 раньше эфиров",3987
"сплетни",popular,"сплетни шум клава кока",3937
"сплетни",popular,"сплетни песня",3935
"сплетни",popular,"больше сплетен",3893
"сплетни",popular,"слухи и сплетни крестцы",3822
"сплетни",popular,"сплетни слухи дом шлок",3822
"сплетни",popular,"шлок 2 слухи сплетни",3821
"сплетни",popular,"бизнес сплетни",3798
"сплетни",popular,"сплетни шоу бизнеса",3736
"сплетни",popular,"сплетни шум лук клава",3697
"сплетни",popular,"без сплетен",3666
"сплетни",popular,"сплетни шум лук кока",3642
"сплетни",popular,"клава кока сплетни лук",3602
"сплетни",popular,"сплетни шум лук клава кока",3588
"сплетни",popular,"слухи сплетни на сегодня",3536
"сплетни",popular,"новости сплетни сегодня",3536
"сплетни",popular,"сплетни скачать",3522
"сплетни",popular,"фильм сплетня",3172
"сплетни",popular,"сплетни дом на шлок",3147
"сплетни",popular,"сплетни мурашкина",3090
"сплетни",popular,"молоковские сплетни",2956
"сплетни",popular,"сплетни людей",2935
"сплетни",popular,"слухи и сплетни шлок",2920
"сплетни",popular,"видео сплетни",2881
"сплетни",popular,"сплетни asti",2777
"сплетни",popular,"тверские сплетни",2774
"сплетни",popular,"сплетни режа в контакте",2773
"сплетни",popular,"сплетни by anna",2757
"сплетни",popular,"бывший сплетни",2752
"сплетни",popular,"слухи и сплетни дом 2 шлок",2705
"сплетни",popular,"сплетни by anna asti",2703
"сплетни",popular,"новости на сегодня сплетни слухи",2689
"сплетни",popular,"сплетни суть",2680
"сплетни",popular,"город сплетен",2595
"сплетни",popular,"цвет сплетен",2532
"сплетни",popular,"асти сплетни",2521
"сплетни",popular,"сколько сплетен",2510
"сплетни",popular,"сплетни 2026",2494
"сплетни",popular,"дом 2 новости сплетни раньше эфира",2482
"сплетни",popular,"краснохолмские сплетни вконтакте",2471
"сплетни",popular,"сплетни клип",2458
"сплетни",popular,"последние сплетни и слухи",2403
"сплетни",popular,"сплетни дома 2 сегодня",2386
"сплетни",popular,"какой сплетни",2385
"сплетни",popular,"дом 2 шлок сплетни новости",2383
"сплетни",popular,"тверские сплетни вконтакте",2375
"сплетни",popular,"мурашкино сплетни",2374
"сплетни",popular,"сплетни дом на шлок новости",2312
"сплетни",popular,"свежие сплетни и слухи",2279
"сплетни",popular,"сплетни дубликат",2228
"сплетни",popular,"слухи сплетни дом на сегодня",2226
"сплетни",popular,"шлок слухи новости сплетни",2219
"сплетни",popular,"сплетни за спиной",2216
"сплетни",popular,"дом 2 новости слухи сплетни шлок",2181
"сплетни",popular,"клип сплетни шум",2179
"сплетни",popular,"сплетни новости 6 раньше эфира",2170
"сплетни",popular,"сплетен из веток",2169
"сплетни",popular,"последние сплетни на сегодня",2135
"сплетни",popular,"последние сплетни и слухи 2",2003
"сплетни",popular,"дом последние сплетни и слухи",2001
"сплетни",popular,"сплетни шум лук клип",1981
"сплетни",popular,"сплетни сокола",1971
"сплетни",popular,"сокольские сплетни дубликат",1804
"сплетни",popular,"сплетня 2000",1796
"сплетни",popular,"сплетни ру",1787
"сплетни",popular,"сплетни новости дом 2 сегодня",1771
"сплетни",popular,"сплетни спб",1757
"сплетни",popular,"тверские сплетни вконтакте тверская область",1735
"сплетни",popular,"вологодские сплетни",1733
"сплетни",popular,"сплетня фильм 2000",1697
"сплетни",popular,"слухи сплетни шоу",1695
"сплетни",popular,"слухи сплетни последние на сегодня",1692
"сплетни",popular,"сплетни фото",1686
"сплетни",popular,"сплетни нея",1676
"сплетни",popular,"свежие новости сплетни",1674
"сплетни",popular,"дом2 сплетни",1673
"сплетни",popular,"слухи сплетни ру",1666
"сплетни",popular,"сплетни дом 2 последние шлок",1633
"сплетни",popular,"шлок последние сплетни слухи дом 2",1633
"сплетни",popular,"сплетни отзывы",1600
"сплетни",popular,"сокольские сплетни в контакте",1599
"сплетни",popular,"слушай сплетни",1597
"сплетни",popular,"молоковские сплетни вконтакте",1578
"сплетни",popular,"вечер сплетен",1567
"сплетни",popular,"москва сплетни",1557
"сплетни",popular,"события сплетни",1555
"сплетни",popular,"вконтакте слухи и сплетни",1549
"сплетни",popular,"слухи и сплетни крестцы вконтакте",1533
"сплетни",popular,"дом 2 новости сплетни слухи на сегодня",1532
"сплетни",popular,"подслушано сплетни",1524
"сплетни",popular,"сплетен судеб",1517
"сплетни",popular,"кока сплетни клип",1511
"сплетни",popular,"сплетни г",1506
"сплетни",popular,"свежие новости слухи сплетни",1504
"сплетни",popular,"сплетни смотреть",1499
"сплетни",popular,"клип сплетни клава",1485
"сплетни",popular,"сплетни слухи события",1471
"сплетни",popular,"дом 2 сплетни слух события",1465
"сплетни",popular,"дом 2 сплетни события",1465
"сплетни",popular,"дом последние новости и сплетни",1458
"сплетни",popular,"скачать песню сплетни",1456
"сплетни",popular,"клип клавы коки сплетни",1447
"сплетни",popular,"скандал сплетни",1419
"сплетни",popular,"сплетни выпуск",1412
"сплетни",popular,"последние сплетни слухи новости на сегодня",1399
"сплетни",popular,"сплетня года",1389
"сплетни",popular,"сплетни анна",1386
"сплетни",popular,"российские сплетни",1372
"сплетни",popular,"дом 2 сегодня последние сплетни слухи",1368
"сплетни",popular,"антон с сплетни последний",1349
"сплетни",popular,"кока клип сплетни шум",1336
"сплетни",popular,"дом 2 новости на сегодня последние сплетни",1325
"сплетни",popular,"дом2 слухи и сплетни",1325
"сплетни",popular,"сплетни валуйки",1308
"сплетни",popular,"клип клавы коки сплетни шум",1305
"сплетни",popular,"новости шоу сплетни",1293
"сплетни",popular,"молоковские сплетни тверские",1291
"сплетни",popular,"сокольские сплетни вологодская",1250
"сплетни",popular,"самая свежая сплетня",1248
"сплетни",popular,"анна асти сплетни",1235
"сплетни",popular,"вк сплетни железногорска",1212
"сплетни",popular,"дни ру сплетни",1211
"сплетни",popular,"сплетни железногорска илимского вк",1208
"сплетни",popular,"светские сплетни",1204
"сплетни",popular,"сплетня на хариуса",1201
"сплетни",popular,"сплетни город реж",1196
"сплетни",popular,"сплетни шум лук клава клип",1195
"сплетни",popular,"кока сплетни шум лук клип",1183
"сплетни",popular,"сплетня книга",1180
"сплетни",popular,"дом2 ру слухи сплетни",1172
"сплетни",popular,"дом2 ру сплетни",1172
"сплетни",popular,"время сплетен",1164
"сплетни",popular,"сплетни бесплатно",1163
"сплетни",popular,"клава кока сплетни шум лук клип",1159
"сплетни",popular,"сплетни говорят",1159
"сплетни",popular,"сплетни карасук",1144
"сплетни",popular,"сплетни на работе",1141
"сплетни",popular,"сплетни конюшенная",1136
"сплетни",popular,"дом 2 последние события сплетни",1132
"сплетни",popular,"дом 2 последние сплетни слухи события",1132
"сплетни",popular,"последние сплетни слухи события",1132
"сплетни",popular,"гуф сплетни",1128
"сплетни",popular,"сплетни петербурга",1101
"сплетни",popular,"молоковские сплетни вконтакте тверская",1100
"сплетни",popular,"распустить сплетни",1099
"сплетни",popular,"распущенная сплетня",1099
"сплетни",popular,"виды сплетен",1090
"сплетни",popular,"молоковские сплетни тверская область",1071
"сплетни",popular,"зеленогорские сплетни",1067
"сплетни",popular,"сплетни санкт петербурга",1061
"сплетни",popular,"клуб сплетни",1058
"сплетни",popular,"сплетни российского шоу",1048
"сплетни",popular,"настоящие сплетни",1046
"сплетни",popular,"сплетни шоу бизнеса российских",1044
"сплетни",popular,"сплетни артик",1042
"сплетни",popular,"2 свежие сплетни",1039
"сплетни",popular,"новые сплетни",1037
"сплетни",popular,"антон с сплетни выпуски",1031
"сплетни",popular,"дом2 ру самые свежие слухи сплетни",1030
"сплетни",popular,"дом2 ру самые свежие сплетни",1030
"сплетни",popular,"дом2 ру самые сплетни",1030
"сплетни",popular,"дом2 ру свежие сплетни",1030
"сплетни",popular,"дом2 свежие сплетни",1030
"сплетни",popular,"дом2 свежие сплетни слухи",1030
"сплетни",popular,"дом свежие сплетни",1028
"сплетни",popular,"шоу бизнес сплетни сегодня",1022
"сплетни",popular,"сплетни конюшенная площадь",1020
"сплетни",popular,"сплетни вологодской области",1018
"сплетни",popular,"мир сплетен",1018
"сплетни",popular,"сплетни где",1015
"сплетни",popular,"сплетни by anna asti конюшенная",1014
"сплетни",popular,"дом 2 свежие сплетни",1013
"сплетни",popular,"владимирские сплетни",1011
"сплетни",popular,"сплетни сокола вологодской",1010
"сплетни",popular,"сплетни by anna asti конюшенная площадь",1010
"сплетни",popular,"антон с сплетни последний выпуск",1008
"сплетни",popular,"краснохолмские сплетни тверская",1003
"сплетни",popular,"сплетни конюшенная площадь 2г",1002
"сплетни",popular,"сплетни by anna asti конюшенная площадь 2г",1000
"сплетни",popular,"суворкин сплетни",996
"сплетни",popular,"сплетни почему",994
"сплетни",popular,"сплетни муромцева",992
"сплетни",popular,"сплетни муромцево",992
"сплетни",popular,"последние сплетни шоу",983
"сплетни",popular,"сплетни хорошо",983
"сплетни",popular,"слухи и сплетни шоу бизнеса",981
"сплетни",popular,"краснохолмские сплетни вконтакте тверская",967
"сплетни",popular,"сплетни покров владимирская",961
"сплетни",popular,"сплетни дома 2 вперед",959
"сплетни",popular,"владимирская область сплетни",955
"сплетни",popular,"дом2 слухи сплетни раньше",942
"сплетни",popular,"сплетни дом2 на 6 дней раньше",942
"сплетни",popular,"сплетни красного",942
"сплетни",popular,"последние сплетни бизнеса",941
"сплетни",popular,"последние сплетни шоу бизнеса",941
"сплетни",popular,"песни сплетни шум",938
"сплетни",popular,"сплетни текст",938
"сплетни",popular,"сплетни бар спб",936
"сплетни",popular,"сплетни покрова владимирской области",932
"сплетни",popular,"сокольские сплетни сокола",931
"сплетни",popular,"гнездо сплетен",928
"сплетни",popular,"правильная сплетня",927
"сплетни",popular,"сплетни интриги",924
"сплетни",popular,"антон суворкин сплетни",923
"сплетни",popular,"краснодар сплетни",922
"сплетни",popular,"сплетни меню",908
"сплетни",popular,"поделилась сплетнями",906
"сплетни",popular,"со сплетнями",901
"сплетни",popular,"свежие сплетни и слухи дом",889
"сплетни",popular,"дом 2 свежие слухи и сплетни",887
"сплетни",popular,"сплетни слухи на сегодня свежие",884
"сплетни",popular,"молоковские сплетни вконтакте тверская область",883
"сплетни",popular,"свежие новости сплетни на сегодня",878
"сплетни",popular,"свежие новости слухи сплетни на сегодня",876
"сплетни",popular,"молитва от сплетен",869
"сплетни",popular,"артик и асти сплетни",866
"сплетни",popular,"сплетни рассказывать",860
"сплетни",popular,"сплетни карина",854
"сплетни",popular,"песня сплетни лук",854
"сплетни",popular,"сплетни шум лук песня",846
"сплетни",popular,"свежие сплетни для настоящей лентяйки",842
"сплетни",popular,"сплетни ело",840
"сплетни",popular,"сколько боли за душой сколько сплетен",824
"сплетни",popular,"сплетни 1",824
"сплетни",popular,"сплетни зло",821
"сплетни",popular,"сплетни шоу бизнеса знаменитостей",818
"сплетни",popular,"собираете сплетни",816
"сплетни",popular,"сплетни ивделя",807
"сплетни",popular,"сколько сплетен за спиной",807
"сплетни",popular,"последние слухи сплетни шоу",801
"сплетни",popular,"последние слухи сплетни шоу бизнеса",801
"сплетни",popular,"злых сплетен",790
"сплетни",popular,"дом2 ру самые слухи и сплетни",783
"сплетни",popular,"дом2 ру свежие сплетни и слухи",783
"сплетни",popular,"новости слухи сплетни новости шоу",777
"сплетни",popular,"новости сплетни слухи шоу бизнеса",777
"сплетни",popular,"диана сплетни",776
"сплетни",popular,"сколько боли за спиной сколько сплетен",772
"сплетни",popular,"антон с сплетни 2026",769
"сплетни",popular,"сплетни женщин",765
"сплетни",popular,"сколько боли за душой сплетен спиной",765
"сплетни",popular,"сплетни 4",763
"сплетни",popular,"дом 2 последние новости события сплетни",762
"сплетни",popular,"дом 2 события новости сплетни",762
"сплетни",popular,"новости дом 2 последние слухи сплетни события",762
"сплетни",popular,"новости слухи сплетни события дома 2",762
"сплетни",popular,"последние новости сплетни слухи события",762
"сплетни",popular,"лента сплетен",762
"сплетни",popular,"сплетни г реж",761
"сплетни",popular,"поделилась свежими сплетнями",759
"сплетни",popular,"карина мурашкина сплетни",758
"сплетни",popular,"антон сплетни видео",753
"сплетни",popular,"сплетни любимое",752
"сплетни",popular,"сегодня день сплетен",751
"сплетни",popular,"слухи сплетни в контакте",750
"сплетни",popular,"слухи и сплетни 2 на сегодня",748
"сплетни",popular,"слухи и сплетни дома 2 на сегодня",747
"сплетни",popular,"сплетни by anna asti фото",742
"сплетни",popular,"сокольские сплетни вконтакте дубликат",736
"сплетни",popular,"сплетни дубликат вконтакте",736
"сплетни",popular,"подруги сплетни",735
"сплетни",popular,"сплетни читать",726
"сплетни",popular,"вологодская область сокольский сплетни",718
"сплетни",popular,"сплетни тарко",710
"сплетни",popular,"сплетни тарко сале",710
"сплетни",popular,"неделя сплетни",700
"сплетни",popular,"сплетни став",700
"сплетни",popular,"сплетня онлайн",698
"сплетни",popular,"любишь сплетни",693
"сплетни",popular,"сплетни что делают",684
"сплетни",popular,"девушка сплетен",658
"сплетни",popular,"сплетни by anna asti отзывы",652
"сплетни",popular,"краснохолмские сплетни тверская область",648
"сплетни",popular,"дом2 новости слух сплетни",643
"сплетни",popular,"дом2 новости сплетни",643
"сплетни",popular,"дом2 ру новости слухи сплетни",643
"сплетни",popular,"дом2 ру новости сплетни",643
"сплетни",popular,"дом 2 слухи сплетни на неделю",643
"сплетни",popular,"сплетни слухи недели",643
"сплетни",popular,"скачать сплетни шум",639
"сплетни",popular,"дом2 ру слухи и сплетни 6",638
"сплетни",popular,"дом2 слухи и сплетни на 6",638
"сплетни",popular,"сплетни мем",638
"сплетни",popular,"вконтакте сплетни железногорска",637
"сплетни",popular,"сплетни железногорска илимского вконтакте",637
"сплетни",popular,"последние сплетни знаменитостей",637
"сплетни",popular,"знак сплетен",636
"сплетни",popular,"сплетни караоке",634
"сплетни",popular,"за спиной сплетни песня",633
"сплетни",popular,"сплетни кузнецкий мост",631
"сплетни",popular,"сплетен игра",626
"сплетни",popular,"сплетни лайф",624
"сплетни",popular,"сплетни бар москва",623
"сплетни",popular,"краснохолмские сплетни вконтакте тверская область",621
"сплетни",popular,"сплетни дом в контакте",613
"сплетни",popular,"сплетни дома 2 в контакте",613
"сплетни",popular,"картинка сплетни",611
"сплетни",popular,"сплетни шум лук скачать",607
"сплетни",popular,"сплетни сериал",606
"сплетни",popular,"дома в контакте слухи сплетни",603
"сплетни",popular,"слухи и сплетни дом 2 в контакте",603
"сплетни",popular,"скандалы сплетни шоу",601
"сплетни",popular,"ни сплетни",600
"сплетни",popular,"вологодские сплетни в контакте",600
"сплетни",popular,"асти сплетни скачать",598
"сплетни",popular,"ответ сплетням",594
"сплетни",popular,"пустили сплетни",593
"сплетни",popular,"сплетни шоу бизнеса знаменитостей последние",591
"сплетни",popular,"сплетня скачать бесплатно",591
"сплетни",popular,"клава кока песни сплетни",590
"сплетни",popular,"сегодняшние сплетни",590
"сплетни",popular,"сплетни шахтерска",588
"сплетни",popular,"бар сплетни асти",586
"сплетни",popular,"сплетни 5",578
"сплетни",popular,"сайты сплетен",578
"сплетни",popular,"вологодские сплетни вконтакте",575
"сплетни",popular,"сплетни мужчины",575
"сплетни",popular,"сплетни района",573
"сплетни",popular,"сплетни орлов",572
"сплетни",popular,"сплетни красного холма",572
"сплетни",popular,"дом свежие сплетни новости",572
"сплетни",popular,"сплетни дома 2 на неделю вперед",571
"сплетни",popular,"знаменитости слухи сплетни",571
"сплетни",popular,"дом 2 свежие новости сплетни",569
"сплетни",popular,"знаменитости последние сплетни слухи",568
"сплетни",popular,"сплетни by anna asti кузнецкий мост",568
"сплетни",popular,"кузнецкий мост 3 сплетни",564
"сплетни",popular,"сплетни сокола вологодской области",563
"сплетни",popular,"артик сплетни скачать",563
"сплетни",popular,"слова из слова сплетня",561
"сплетни",popular,"последние новости сплетни шоу",560
"сплетни",popular,"сплетни шастун",558
"сплетни",popular,"сплетни by anna asti ул кузнецкий",555
"сплетни",popular,"свежие новости сплетни слухи дома",550
"сплетни",popular,"2 свежие слухи новости сплетни",548
"сплетни",popular,"дом 2 свежие новости слухи сплетни",548
"сплетни",popular,"друг сплетни",547
"сплетни",popular,"сокольские сплетни барахолка",545
"сплетни",popular,"сплетни сокола дубликат",545
"сплетни",popular,"диана сплетни лайф",542
"сплетни",popular,"светские новости и сплетни",539
"сплетни",popular,"артик асти сплетни скачать",535
"сплетни",popular,"сплетни by anna asti санкт петербург",534
"сплетни",popular,"цепочка сплетен",534
"сплетни",popular,"сокольские сплетни вконтакте вологодская",532
"сплетни",popular,"от сплетен и злых языков",531
"сплетни",popular,"сплетни это простыми",530
"сплетни",popular,"дом2 ру самые свежие серии сплетни",529
"сплетни",popular,"дом2 свежие серии и сплетни",529
"сплетни",popular,"слухи и сплетни дом2 серии",529
"сплетни",popular,"клава кока песня сплетни шум",527
"сплетни",popular,"песня сколько сплетни за душой",526
"сплетни",popular,"сплетня и клевета",526
"сплетни",popular,"песня сколько боли за душой сколько сплетен",525
"сплетни",popular,"новости сплетни шоу бизнеса последние",521
"сплетни",popular,"дом2 новости на сегодня сплетни",521
"сплетни",popular,"дом2 новости слухи сплетни на сегодня",521
"сплетни",popular,"дом2 ру сплетни слухи сегодня",521
"сплетни",popular,"дом2 слухи сплетни сегодня",521
"сплетни",popular,"дом2 сплетни сегодня",521
"сплетни",popular,"новости дом2 ру на сегодня сплетни слухи",521
"сплетни",popular,"новости сегодня дом2 ру сплетни",521
"сплетни",popular,"антон s сплетни",520
"сплетни",popular,"сплетни нефтекамск",518
"сплетни",popular,"распространяет сплетни",518
"сплетни",popular,"сплетни by anna asti москва",516
"сплетни",popular,"новости знаменитости сплетни",514
"сплетни",popular,"написать сплетню",511
"сплетни",popular,"сплетни свердловской области",511
"сплетни",popular,"новости знаменитостей последние сплетни",510
"сплетни",popular,"сплетня актеры",510
"сплетни",popular,"разговоры сплетни",509
"сплетни",popular,"antons сплетни",508
"сплетни",popular,"слухи и сплетни шоу бизнеса сегодня",508
"сплетни",popular,"сплетни красноярск",508
"сплетни",popular,"сплетни бар анна",508
"сплетни",popular,"anton s сплетни",507
"сплетни",popular,"песня сколько сплетен за спиной",504
"сплетни",popular,"сплетни бар анна асти",502
"сплетни",popular,"дом2 ру самые свежие новости сплетни",501
"сплетни",popular,"дом2 ру свежие новости слухи сплетни",501
"сплетни",popular,"дом2 ру свежие новости сплетни",501
"сплетни",popular,"дом2 самые свежие сплетни новости слухи",501
"сплетни",popular,"дом2 свежие новости сплетни",501
"сплетни",popular,"дом2 свежие новости сплетни слухи",501
"сплетни",popular,"слухи сплетни скандалы",500
"сплетни",popular,"новости знаменитостей последние сплетни слухи",498
"сплетни",popular,"щучьи сплетни",498
"сплетни",popular,"сплетни реж свердловской",496
"сплетни",popular,"новости шоу бизнеса последние сплетни слухи",496
"сплетни",popular,"сколько сплетен за спиной скачать",491
"сплетни",popular,"сплетни режа свердловской области",491
"сплетни",popular,"песня сплетни шум лук клава",491
"сплетни",popular,"слухи и сплетни крестцы новгородской",490
"сплетни",popular,"сплетни ижевск",490
"сплетни",popular,"сплетни екатеринбург",486
"сплетни",popular,"слухи сплетни российского шоу",484
"сплетни",popular,"новости и сплетни шоу бизнеса",480
"сплетни",popular,"песня клавы коки сплетни шум лук",479
"сплетни",popular,"сплетни пересмешника",478
"сплетни",popular,"источник сплетен",478
"сплетни",popular,"включите сплетен",477
"сплетни",popular,"обсуждать сплетни",477
"сплетни",popular,"зеленогорские сплетни вконтакте",473
"сплетни",popular,"сплетня дзен",473
"сплетни",popular,"канал сплетни",472
"сплетни",popular,"новости и сплетни 2 свежие",470
"сплетни",popular,"сплетня саммер",470
"сплетни",popular,"новости сплетни шоу бизнеса знаменитостей",465
"сплетни",popular,"новости шоу бизнеса знаменитостей последние сплетни",465
"сплетни",popular,"сплетни коллег",462
"сплетни",popular,"как пишется сплетен",460
"сплетни",popular,"российские знаменитости сплетни",460
"сплетни",popular,"кока сплетни скачать",460
"сплетни",popular,"сплетни шоу бизнеса российских знаменитостей",459
"сплетни",popular,"сплетня катя саммер",457
"сплетни",popular,"сокольские сплетни в контакте вологодская",457
"сплетни",popular,"сплетни 18",456
"сплетни",popular,"кафе сплетни",456
"сплетни",popular,"снасть сплетня",456
"сплетни",popular,"новости шоу бизнеса знаменитостей последние сплетни слухи",454
"сплетни",popular,"новости шоу бизнеса знаменитостей сплетни слухи",454
"сплетни",popular,"сплетни сегодня 2026",453
"сплетни",popular,"группа сплетни",451
"сплетни",popular,"сплетни казань",451
"сплетни",popular,"российские звезды сплетни",450
"сплетни",popular,"сплетни отношение",446
"сплетни",popular,"дана сплетни",445
"сплетни",popular,"давай сплетни",444
"сплетни",popular,"женские сплетни",442
"сплетни",popular,"сплетни о звездах",442
"сплетни",popular,"клава кока сплетни скачать",441
"сплетни",popular,"любовь и сплетни",440
"сплетни",popular,"сплетни покров в контакте",439
"сплетни",popular,"камеди сплетни",437
"сплетни",popular,"скачать песню за спиной сплетни",435
"сплетни",popular,"живите сплетнями",434
"сплетни",popular,"сплетни сокола в контакте",428
"сплетни",popular,"сплетни орел",421
"сплетни",popular,"дом 2 свежие эфиры сплетни",420
"сплетни",popular,"клава кока сплетни шум скачать",416
"сплетни",popular,"иркутские сплетни",416
"сплетни",popular,"сплетни валуйки в контакте",413
"сплетни",popular,"сплетни железногорска иркутской",413
"сплетни",popular,"сплетни шум лук кока скачать",413
"сплетни",popular,"карта сплетен",412
"сплетни",popular,"сплетни железногорска илимского иркутской",411
"сплетни",popular,"поделилась сплетнями камеди",410
"сплетни",popular,"сплетни шум лук клава скачать",408
"сплетни",popular,"сплетни обо мне",407
"сплетни",popular,"сплетня купить",407
"сплетни",popular,"сплетни шум лук клава кока скачать",405
"сплетни",popular,"сплетни 10",403
"сплетни",popular,"слухи сплетни крестцы новгородской области",402
"сплетни",popular,"сплетни йошкар",402
"сплетни",popular,"цитаты про сплетни",401
"сплетни",popular,"сплетни йошкар ола",400
"сплетни",popular,"сплетни йошкар оле",400
"сплетни",popular,"электрогорская сплетня",399
"сплетни",popular,"сплетни бар by anna",396
"сплетни",popular,"заговор от сплетен",396
"сплетни",popular,"сплетни сканворд",395
"сплетни",popular,"сплетни про людей",394
"сплетни",popular,"шоу бизнес новости сплетни сегодня",392
"сплетни",popular,"последние светские сплетни",389
"сплетни",popular,"эфир дом 2 сегодня сплетни",389
"сплетни",popular,"новости скандалы сплетни",389
"сплетни",popular,"сокол сплетни вконтакте",385
"сплетни",popular,"как реагировать на сплетни",384
"сплетни",popular,"дом два сплетни",384
"сплетни",popular,"новости сплетни российского шоу",380
"сплетни",popular,"скачать песню сколько сплетен за душой",380
"сплетни",popular,"дом2 свежие слухи сплетни на сегодня",379
"сплетни",popular,"распространение сплетен",378
"сплетни",popular,"дом 2 сплетни 6 дней вперед",377
"сплетни",popular,"разносят сплетни",377
"сплетни",popular,"ходить сплетне",376
"сплетни",popular,"сплетни шел",375
"сплетни",popular,"антон с 2026 последние сплетни",375
"сплетни",popular,"антон с сплетни последний выпуск 2026",375
"сплетни",popular,"светские сплетни сегодня",373
"сплетни",popular,"последние светские новости сплетни",372
"сплетни",popular,"светские новости и сплетни последние на сегодня",372
"сплетни",popular,"светские сплетни и новости на сегодня",372
"сплетни",popular,"сплетня аудиокнига",371
"сплетни",popular,"дом 2 ру сплетни",370
"сплетни",popular,"несколько сплетен",367
"сплетни",popular,"молитвы от злых сплетен",366
"сплетни",popular,"скачать песню сколько сплетен за спиной",366
"сплетни",popular,"звук сплетен",366
"сплетни",popular,"как сплетен канат",365
"сплетни",popular,"русские сплетни",365
"сплетни",popular,"как называются сплетни",361
"сплетни",popular,"песня сплетни артик",361
"сплетни",popular,"китайские сплетни",361
"сплетни",popular,"новые сплетни дом 2",360
"сплетни",popular,"сплетни за спиной таро",360
"сплетни",popular,"дом 2 ру сплетни слухи",359
"сплетни",popular,"сплетни асти песня",359
"сплетни",popular,"камеди свежие сплетни",359
"сплетни",popular,"дом 2 сплетни вк",358
"сплетни",popular,"сплетни режа вк",358
"сплетни",popular,"камеди поделилась свежими сплетнями",356
"сплетни",popular,"подслушано покрове сплетни",355
"сплетни",popular,"бар сплетни санкт",355
"сплетни",popular,"сплетни бар by anna asti",355
"сплетни",popular,"расклад сплетни",352
"сплетни",popular,"сплетни бар санкт петербург",350
"сплетни",popular,"бежецкие сплетни",348
"сплетни",popular,"примеры сплетен",348
"сплетни",popular,"сплетни режа в контакте свердловской",347
"сплетни",popular,"ресторан сплетни",344
"сплетни",popular,"сплетни покров вконтакте",344
"сплетни",popular,"сокольские сплетни г сокол",343
"сплетни",popular,"сплетни г сокол",343
"сплетни",popular,"сплетни режа в контакте свердловской области",342
"сплетни",popular,"сплетни и муж",341
"сплетни",popular,"сокольские сплетни г сокол вологодская",340
"сплетни",popular,"новости сплетни слухи российский шоу",339
"сплетни",popular,"новости сплетни слухи российский шоу бизнес",339
"сплетни",popular,"камеди клаб сплетни",338
"сплетни",popular,"будут ли сплетни",337
"сплетни",popular,"ночь сплетен",333
"сплетни",popular,"сокольские сплетни в контакте вологодская область",333
"сплетни",popular,"антон с сплетни сегодня",330
"сплетни",popular,"сплетни коноша",330
"сплетни",popular,"сплетни в коллективе",330
"сплетни",popular,"танец сплетни",329
"сплетни",popular,"сплетни ставрополь",327
"сплетни",popular,"сандовские сплетни",326
"сплетни",popular,"верить сплетням",326
"сплетни",popular,"прочитать сплетни",326
"сплетни",popular,"газета сплетен",326
"сплетни",popular,"чужие сплетни",326
"сплетни",popular,"молоковские сплетни в контакте",325
"сплетни",popular,"камеди клаб поделилась сплетнями",323
"сплетни",popular,"час сплетен",323
"сплетни",popular,"антон s видео сплетни",323
"сплетни",popular,"сплетни артик и асти песня",322
"сплетни",popular,"сплетни в контакте железногорск",322
"сплетни",popular,"сплетни железногорска илимского в контакте",322
"сплетни",popular,"покровские сплетни",321
"сплетни",popular,"главный сплетни",321
"сплетни",popular,"сплетни в школе",321
"сплетни",popular,"система сплетен",318
"сплетни",popular,"сплетни синоним",318
"сплетни",popular,"невинные сплетни",318
"сплетни",popular,"сплетни наговоры",318
"сплетни",popular,"молитва от языков и сплетен",313
"сплетни",popular,"сокольские сплетни вологодская область вконтакте",312
"сплетни",popular,"молитва от сплетен и злых языков",312
"сплетни",popular,"пару сплетен",312
"сплетни",popular,"сплетни статусы",311
"сплетни",popular,"сплетни бар краснодар",310
"сплетни",popular,"зеленогорские сплетни спб",306
"сплетни",popular,"таро расклады сплетни",306
"сплетни",popular,"сплетни красный холм в контакте",306
"сплетни",popular,"омские сплетни",305
"сплетни",popular,"скандалы сплетни слухи шоу",303
"сплетни",popular,"слухи сплетни скандалы шоу бизнеса",303
"сплетни",popular,"сплетни покров вконтакте владимирская",303
"сплетни",popular,"сплетни покров вконтакте владимирская область",303
"сплетни",popular,"сплетни соседей",302
"сплетни",popular,"как назвать сплетни",302
"сплетни",popular,"сокол сплетни вологодская обл",298
"сплетни",popular,"сплетни на дзене",296
"сплетни",popular,"сплетни пересмешника гайд",295
"сплетни",popular,"сплетни денди",295
"сплетни",popular,"крысы сплетни",294
"сплетни",popular,"сплетни п",293
"сплетни",popular,"твои сплетни",293
"сплетни",popular,"сплетни м",293
"сплетни",popular,"сплетни зависть",292
"сплетни",popular,"сплетни света",291
"сплетни",popular,"кравец карибидис сплетни",290
"сплетни",popular,"внимание сплетня",289
"сплетни",popular,"кнут сплетен",287
"сплетни",popular,"ловец сплетен",287
"сплетни",popular,"дом2новости и сплетни",286
"сплетни",popular,"дом2новости слухи и сплетни",286
"сплетни",popular,"статья за сплетни",285
"сплетни",popular,"свежие сплетни битон",285
"сплетни",popular,"вологодская обл г сокол сплетни",285
"сплетни",popular,"сокол сплетни вологодская обл сокольские",285
"сплетни",popular,"сокольские сплетни вологодская обл",285
"сплетни",popular,"сокольские сплетни г сокол вологодская обл",285
"сплетни",popular,"сплетни магнитогорска",285
"сплетни",popular,"сплетни by anna asti меню",284
"сплетни",popular,"дом2новости слухи слухи сплетни на 6",282
"сплетни",popular,"сплетни на английском",282
"сплетни",popular,"новости шоу бизнеса скандалы сплетни",281
"сплетни",popular,"истории сплетни",281
"сплетни",popular,"сокольские сплетни вконтакте барахолка",280
"сплетни",popular,"антон с сплетни вк",280
"сплетни",popular,"сплетни российского шоу бизнеса сегодня",280
"сплетни",popular,"свежие сплетни камеди клаб",278
"сплетни",popular,"фразы сплетен",277
"сплетни",popular,"бар сплетни екатеринбург",277
"сплетни",popular,"поделилась свежими сплетнями камеди клаб",277
"сплетни",popular,"свежие сплетни крестцы",276
"сплетни",popular,"слухи и сплетни крестцы свежие",276
"сплетни",popular,"сплетня смотреть онлайн",275
"сплетни",popular,"сокольские сплетни сокол вологодской области",274
"сплетни",popular,"сплетни в исламе",273
"сплетни",popular,"сплетни новосибирск",273
"сплетни",popular,"боялся сплетен",272
"сплетни",popular,"сплетни тг",272
"сплетни",popular,"сильные молитвы от сплетен",272
"сплетни",popular,"каждом сплетни",269
"сплетни",popular,"сплетни учалы",269
"сплетни",popular,"последние российские сплетни",269
"сплетни",popular,"кравец карибидис поделилась сплетнями",268
"сплетни",popular,"дом 2 ру новости сплетни",266
"сплетни",popular,"новости дом 2 ру на сегодня сплетни",266
"сплетни",popular,"поделилась свежими сплетнями кравец",265
"сплетни",popular,"смотреть фильм сплетня",265
"сплетни",popular,"сплетни девочки",264
"сплетни",popular,"сокол дубликат сокольские сплетни",263
"сплетни",popular,"скандалы и сплетни шоу бизнеса",263
"сплетни",popular,"сплетни текст песни",263
"сплетни",popular,"сплетни в муромцево омская",263
"сплетни",popular,"сплетни ютуба ютуб",260
"сплетни",popular,"последние сплетни шоу бизнеса сегодня",260
"сплетни",popular,"бар сплетни красноярск",259
"сплетни",popular,"сплетни 8",256
"сплетни",popular,"2 ру новости слухи сплетни",256
"сплетни",popular,"дом 2 ру новости слухи сплетни",256
"сплетни",popular,"дом 2 ру сплетни слухи сегодня",256
"сплетни",popular,"скандалы и сплетни шоу бизнеса сегодня",255
"сплетни",popular,"сокольские сплетни дубликат барахолка",255
"сплетни",popular,"против сплетен",253
"сплетни",popular,"начинать сплетни",253
"сплетни",popular,"сплетни муромцева омская область",252
"сплетни",popular,"сплетни муромцево омской области",252
"сплетни",popular,"поделилась свежими сплетнями карибидис",252
"сплетни",popular,"сплетни асти москва",252
"сплетни",popular,"последние сплетни российского шоу",251
"сплетни",popular,"последние сплетни российского шоу бизнеса",251
"сплетни",popular,"кравец карибидис свежие сплетни",251
"сплетни",popular,"сплетни бабаева",250
"сплетни",popular,"сплетни бабаево",250
"сплетни",popular,"сплетни это простыми словами",250
"сплетни",popular,"сплетни шум лук кто снимался",248
"сплетни",popular,"слухи и сплетни железногорске",247
"сплетни",popular,"сплетни обсуждение",246
"сплетни",popular,"гора сплетен",245
"сплетни",popular,"новости сплетни в контакте",245
"сплетни",popular,"деревня сплетни",244
"сплетни",popular,"красная 72 сплетни",244
"сплетни",popular,"сплетня книга катя",243
"сплетни",popular,"расклад сплетни за моей спиной",243
"сплетни",popular,"сплетни тюмень",242
"сплетни",popular,"сплетни на кухне",242
"сплетни",popular,"сплетни железногорска илимского признавашки",241
"сплетни",popular,"сплетни про звезд",240
"сплетни",popular,"кравец и карибидис поделилась свежими сплетнями",240
"сплетни",popular,"сплетни телефон",240
"сплетни",popular,"как сделать сплетню",239
"сплетни",popular,"сплетни предложение",238
"сплетни",popular,"сплетни питер",238
"сплетни",popular,"сплетни by anna asti красная",237
"сплетни",popular,"закрытый сплетен",237
"сплетни",popular,"порно сплетни",237
"сплетни",popular,"человек распускающий сплетни",236
"сплетни",popular,"дом два новости сплетни",236
"сплетни",popular,"сплетня дорама",236
"сплетни",popular,"последние новости сплетни российского шоу",235
"сплетни",popular,"последние новости сплетни российского шоу бизнеса",235
"сплетни",popular,"мир денди сплетни",234
"сплетни",popular,"сплетни петушки",233
"сплетни",popular,"новости сплетни российского шоу бизнеса знаменитостей",232
"сплетни",popular,"последние сплетни российского шоу бизнеса знаменитостей",232
"сплетни",popular,"скачать песню сплетни шум",231
"сплетни",popular,"сплетни звезд шоу",230
"сплетни",popular,"российские новости знаменитостей последние сплетни слухи",230
"сплетни",popular,"слухи и сплетни железногорск курской",230
"сплетни",popular,"сплетни шум текст",230
"сплетни",popular,"скачать бесплатно песню сплетня",230
"сплетни",popular,"свежие сплетни для настоящей лентяйки скачать",229
"сплетни",popular,"сплетни пушкина",228
"сплетни",popular,"сплетни любовь и танцы",228
"сплетни",popular,"зеленогорские сплетни вконтакте спб",228
"сплетни",popular,"антон суворкин сплетни видео",227
"сплетни",popular,"сплетни куйбышева",227
"сплетни",popular,"сплетни by anna asti красная ул",226
"сплетни",popular,"сплетни первой",226
"сплетни",popular,"от сплетен и злых языков сильная",226
"сплетни",popular,"интересная сплетня",225
"сплетни",popular,"сплетни за моей спиной таро расклад",224
"сплетни",popular,"сплетни 30",224
"сплетни",popular,"сплетни мурашкина шастун",224
"сплетни",popular,"сплетня книга катя саммер",224
"сплетни",popular,"про сплетен за спиной",223
"сплетни",popular,"скандалы шоу бизнеса сегодня новости сплетни",223
"сплетни",popular,"про сплетни слух",222
"сплетни",popular,"поделилась свежими сплетнями полностью",222
"сплетни",popular,"сплетни юбилейный просп 15б",221
"сплетни",popular,"сплетни марий",220
"сплетни",popular,"сплетни сокола вологодской области вконтакте",220
"сплетни",popular,"сплетни россии",220
"сплетни",popular,"слухи сплетни за 6",219
"сплетни",popular,"сплетень",218
"сплетни",popular,"песня сплетни шум лук скачать",218
"сплетни",popular,"ищу сплетни",218
"сплетни",popular,"звездные сплетни",217
"сплетни",popular,"сплетни анна асти москва",216
"сплетни",popular,"кто снимался в клипе сплетни",215
"сплетни",popular,"сплетни одноклассники",215
"сплетни",popular,"сплетни о звездах шоу бизнеса",215
"сплетни",popular,"заговор от злых сплетен",214
"сплетни",popular,"сплетни номер",214
"сплетни",popular,"режевские сплетни",214
"сплетни",popular,"сплетни почему люди",214
"сплетни",popular,"молитвы от наговоров сплетен",214
"сплетни",popular,"сплетня читать онлайн",214
"сплетни",popular,"сплетни асти спб",213
"сплетни",popular,"дом2 слухи и сплетни шлок",213
"сплетни",popular,"сплетни тамбов",212
"сплетни",popular,"рыбалка на сплетню",212
"сплетни",popular,"сплетни шоубиза",212
"сплетни",popular,"сплетни писать",212
"сплетни",popular,"свежие сплетни шоу",211
"сплетни",popular,"от зла и сплетен заговор",211
"сплетни",popular,"жду сплетен",210
"сплетни",popular,"сплетни антон шастун",209
"сплетни",popular,"сплетни тут",209
"сплетни",popular,"официальные сплетни",208
"сплетни",popular,"гуф сплетни текст",208
"сплетни",popular,"сплетни с кариной",208
"сплетни",popular,"пустые сплетни",207
"сплетни",popular,"сплетни александров",207
"сплетни",popular,"защита от сплетен",207
"сплетни",popular,"новости шоу бизнеса сплетни слухи сегодня",207
"сплетни",popular,"скачать песню сплетни артик",207
"сплетни",popular,"поделилась свежими сплетнями смотреть",207
"сплетни",popular,"сплетни шум лук текст",205
"сплетни",popular,"кто снимался в клипе сплетни шум",205
"сплетни",popular,"сплетни покров вк",204
"сплетни",popular,"новости слухи сплетни дома два",203
"сплетни",popular,"сплетни страны",203
"сплетни",popular,"молоковские сплетни 2",203
"сплетни",popular,"сплетни ai rtik",202
"сплетни",popular,"причины сплетен",202
"сплетни",popular,"молитва от сплетен и злых языков сильная",201
"сплетни",popular,"гадание сплетни",201
"сплетни",popular,"волна сплетен",201
"сплетни",popular,"алтайская сплетня",201
"сплетни",popular,"сплетни поселка",200
"сплетни",popular,"скачать песню асти сплетни",199
"сплетни",popular,"слухи и сплетни железногорск курской области",199
"сплетни",popular,"сплетни 13",199
"сплетни",popular,"щучьи сплетни книга",199
"сплетни",popular,"свежие сплетни аудиокнига",198
"сплетни",popular,"сокольские сплетни дубликат барахолка вконтакте",198
"сплетни",popular,"поделилась свежими сплетнями камеди полностью",197
"сплетни",popular,"тверские сплетни в контакте",197
"сплетни",popular,"глупые сплетни",195
"сплетни",popular,"заговор от сплетен и злых языков",195
"сплетни",popular,"подслушано покров владимирская область сплетни",194
"сплетни",popular,"грязная сплетня",194
"сплетни",popular,"клава кока сплетни шум кто снимался",194
"сплетни",popular,"сплетни бауманская",194
"сплетни",popular,"карасуке сплетни вк",194
"сплетни",popular,"журнал сплетен",193
"сплетни",popular,"сплетни личная жизнь",193
"сплетни",popular,"сплетни с кариной мурашкиной",193
"сплетни",popular,"стендап сплетни",193
"сплетни",popular,"сплетни читать бесплатно",192
"сплетни",popular,"сплетни by anna asti краснодар",191
"сплетни",popular,"придумать сплетню",191
"сплетни",popular,"сплетни сотрудников",191
"сплетни",popular,"сплетни дня слухи события",191
"сплетни",popular,"бог сплетен",190
"сплетни",popular,"сплетни асти краснодар",189
"сплетни",popular,"вк видео сплетни",188
"сплетни",popular,"сплетни анна асти спб",187
"сплетни",popular,"сплетни голос",186
"сплетни",popular,"ai rtik ai sti сплетни",186
"сплетни",popular,"сплетни город реж свердловской",186
"сплетни",popular,"сплетни город реж свердловской области",186
"сплетни",popular,"максим в теме шоубиза сплетни спорт",186
"сплетни",popular,"сплетни чат",185
"сплетни",popular,"сплетни 5 букв",185
"сплетни",popular,"сплетни йошкар ола клуб",185
"сплетни",popular,"сплетни мурашкина орлов",185
"сплетни",popular,"алексеев сплетни",185
"сплетни",popular,"м с битон свежие сплетни",184
"сплетни",popular,"скачать песню артик и асти сплетни",184
"сплетни",popular,"сплетни 10 букв",184
"сплетни",popular,"невинные сплетни бауманская",183
"сплетни",popular,"сплетни бар меню",183
"сплетни",popular,"сплетни вольгинский",183
"сплетни",popular,"сплетня 7 букв",183
"сплетни",popular,"сплетни шоу бизнеса российских знаменитостей сегодня",182
"сплетни",popular,"сплетни это грех",182
"сплетни",popular,"сплетни вокруг",182
"сплетни",popular,"сплетня книга скачать",182
"сплетни",popular,"слухи и сплетни магнитогорск",181
"сплетни",popular,"шоу сплетни с мурашкиной",181
"сплетни",popular,"весьегонские сплетни",181
"сплетни",popular,"поделилась свежими сплетнями смотреть полностью",180
"сплетни",popular,"сплетни зеленогорска",180
"сплетни",popular,"новости слухи сплетни скандалы",180
"сплетни",popular,"богиня сплетен",179
"сплетни",popular,"папа сплетен",178
"сплетни",popular,"шоу бизнес новости сплетни скандалы слухи",178
"сплетни",popular,"кто снимался в клипе сплетни шум лук",178
"сплетни",popular,"сандовские сплетни вконтакте",177
"сплетни",popular,"сандовские сплетни вконтакте тверская",176
"сплетни",popular,"сплетни елец",176
"сплетни",popular,"сокольские сплетни вологодская область город сокол",176
"сплетни",popular,"бабьи сплетни",176
"сплетни",popular,"как работает сплетня",176
"сплетни",popular,"шепот сплетен",175
"сплетни",popular,"видео про сплетни",175
"сплетни",popular,"ловля на сплетню",175
"сплетни",popular,"сокольские сплетни вконтакте вологодская область город",175
"сплетни",popular,"сплетни дома 2 самые",174
"сплетни",popular,"надоели сплетни",174
"сплетни",popular,"подслушано валуйки сплетни",174
"сплетни",popular,"фильм сплетня онлайн",174
"сплетни",popular,"сплетни сокола в контакте вологодской области",173
"сплетни",popular,"дом 2 самые свежие сплетни",173
"сплетни",popular,"дом 2 слухи сплетни самые свежие",173
"сплетни",popular,"сплетни расследования",173
"сплетни",popular,"фильм сплетня актеры",173
"сплетни",popular,"сокольские сплетни вконтакте вологодская область город сокол",173
"сплетни",popular,"книга свежие сплетни",173
"сплетни",popular,"фильм сплетня смотреть онлайн",172
"сплетни",popular,"сплетни откуда",172
"сплетни",popular,"сплетни 31",172
"сплетни",popular,"сокольские сплетни в контакте сокол",172
"сплетни",popular,"разные сплетни",172
"сплетни",popular,"битон свежие сплетни для настоящей лентяйки",171
"сплетни",popular,"сплетни зачем",170
"сплетни",popular,"свежие сплетни шоу бизнеса",170
"сплетни",popular,"сплетни город реж в контакте",169
"сплетни",popular,"человек собирающий сплетни",169
"сплетни",popular,"сплетни шум лук смотреть",169
"сплетни",popular,"форумы сплетен",169
"сплетни",popular,"сплетня читать онлайн бесплатно",168
"сплетни",popular,"сплетни подслушано сокольское",168
"сплетни",popular,"сплетни как ответить",168
"сплетни",popular,"сокольские сплетни вконтакте подслушано",167
"сплетни",popular,"ни сплетни света",166
"сплетни",popular,"сплетни о звездах шоу бизнеса российских",166
"сплетни",popular,"сплетни анна асти краснодар",166
"сплетни",popular,"поделилась свежими сплетнями камеди клаб смотреть",165
"сплетни",popular,"песня про сплетни",165
"сплетни",popular,"смотреть клип сплетни шум",165
"сплетни",popular,"сандовские сплетни вконтакте тверская область",164
"сплетни",popular,"снежинск сплетни",163
"сплетни",popular,"сокольские сплетни вконтакте подслушано сокол",163
"сплетни",popular,"сокольские сплетни подслушано сокол",163
"сплетни",popular,"смотреть бесплатно сплетня",163
"сплетни",popular,"сплетни куйбышева 61",163
"сплетни",popular,"сплетни москва отзывы",163
"сплетни",popular,"символ сплетен",162
"сплетни",popular,"сплетни шум лук смотреть клип",162
"сплетни",popular,"советские сплетни",162
"сплетни",popular,"клава кока сплетни шум лук кто снимался",162
"сплетни",popular,"сплетни тарко сале вконтакте",161
"сплетни",popular,"как ловить на сплетню",161
"сплетни",popular,"молитва от клеветы от сплетней",161
"сплетни",popular,"сплетни в снежинске вконтакте",161
"сплетни",popular,"ловля хариуса сплетней",161
"сплетни",popular,"ангел сплетен",160
"сплетни",popular,"что значит сплетни",160
"сплетни",popular,"интернет сплетни",160
"сплетни",popular,"сплетни астрономическая ул 6 18",160
"сплетни",popular,"сплетни туапсе",160
"сплетни",popular,"сплетни покров владимирская область вконтакте подслушано",159
"сплетни",popular,"асмр сплетни",159
"сплетни",popular,"огонь сплетен",159
"сплетни",popular,"сплетни кунгур",159
"сплетни",popular,"слухи сплетни сайты",158
"сплетни",popular,"гуф сплетни скачать",158
"сплетни",popular,"разводить сплетни",158
"сплетни",popular,"скачать песню кока сплетни",158
"сплетни",popular,"сплетни на кухне дзен",158
"сплетни",popular,"сокольские сплетни в соколе вологодской",157
"сплетни",popular,"сплетни адрес",157
"сплетни",popular,"сплетни железногорска илимского иркутской области",157
"сплетни",popular,"сплетни щигры",157
"сплетни",popular,"пошехонье слухи сплетни",157
"сплетни",popular,"роман сплетня",156
"сплетни",popular,"поделилась свежими сплетнями камеди клаб смотреть полностью",156
"сплетни",popular,"сплетни марина",156
"сплетни",popular,"молитва от сплетен на работе",156
"сплетни",popular,"сплетни смотреть онлайн бесплатно",156
"сплетни",popular,"сплетни режа вконтакте",156
"сплетни",popular,"сплетни краснокамск",155
"сплетни",popular,"сплетни шарья",155
"сплетни",popular,"сплетни дружба",155
"сплетни",popular,"сплетни бар by anna asti москва",155
"сплетни",popular,"сплетни клуб нефтекамск",154
"сплетни",popular,"сплетни казань караоке",154
"сплетни",popular,"сайт дома 2 сплетни и слухи",154
"сплетни",popular,"сплетни ну",153
"сплетни",popular,"сплетни 1 1 5",153
"сплетни",popular,"сплетни и слухи пос крестцы вконтакте",153
"сплетни",popular,"ложь сплетня",153
"сплетни",popular,"сплетни новости вконтакте",152
"сплетни",popular,"сплетни новости реж",152
"сплетни",popular,"крестцы новости слухи и сплетни",152
"сплетни",popular,"новости сплетни крестцы",152
"сплетни",popular,"киркоров сплетни",151
"сплетни",popular,"люди распространяющие сплетни",151
"сплетни",popular,"клава кока песня сплетни скачать",151
"сплетни",popular,"сплетни помогают",151
"сплетни",popular,"сплетни бай",150
"сплетни",popular,"сплетни валуйки в контакте подслушано",150
"сплетни",popular,"сплетни дома два сегодня",150
"сплетни",popular,"антон суворкин сплетни последние",150
"сплетни",popular,"петушинские сплетни",150
"сплетни",popular,"как обращать на сплетни",149
"сплетни",popular,"кто снимался в клипе коки сплетни",149
"сплетни",popular,"выдержит сплетен",149
"сплетни",popular,"сплетни петушинский район",149
"сплетни",popular,"сплетни покров владимирская область петушинский",149
"сплетни",popular,"сплетни покров владимирская область петушинский район",149
"сплетни",popular,"король сплетен",148
"сплетни",popular,"свежие сплетни для настоящей лентяйки скачать бесплатно",148
"сплетни",popular,"сплетни конфликты",147
"сплетни",popular,"сплетни цель",147
"сплетни",popular,"сплетни пересуды",146
"сплетни",popular,"сплетни арти",146
"сплетни",popular,"дом 2 ру свежие сплетни",146
"сплетни",popular,"дом два слухи сплетни сегодня",146
"сплетни",popular,"сплетни мира 79",146
"сплетни",popular,"сплетни скандалы интриги",146
"сплетни",popular,"поговорки сплетнях",146
"сплетни",popular,"слухи и сплетни российского",145
"сплетни",popular,"сплетни о китайских актерах",145
"сплетни",popular,"сплетни факты",145
"сплетни",popular,"бар сплетни тамбов",145
"сплетни",popular,"новости режа в контакте сплетни",145
"сплетни",popular,"сплетня рыболовная",145
"сплетни",popular,"сплетни режа в контакте вконтакте",145
"сплетни",popular,"скачать песню клавы коки сплетни шум",145
"сплетни",popular,"слухи и сплетни российского шоу бизнеса",144
"сплетни",popular,"клип песни сплетни",144
"сплетни",popular,"принцесса сплетен",144
"сплетни",popular,"скачать песню сплетни шум лук кока",144
"сплетни",popular,"муромцево омская область сплетни в контакте",143
"сплетни",popular,"слухи и сплетни п",143
"сплетни",popular,"новости режа в контакте сплетни вконтакте",143
"сплетни",popular,"сплетни пенза",143
"сплетни",popular,"кино сплетня",142
"сплетни",popular,"сплетни клевета наговоры",142
"сплетни",popular,"сплетни прикол",142
"сплетни",popular,"смотреть сплетня 2000",142
"сплетни",popular,"скачать песню сплетни шум лук клава",141
"сплетни",popular,"скачать песню сплетни шум лук клава кока",141
"сплетни",popular,"сплетня смотреть в хорошем",141
"сплетни",popular,"наказать за сплетни",141
"сплетни",popular,"свежие сплетни для настоящей лентяйки аудиокнига",141
"сплетни",popular,"идеи для сплетен",141
"сплетни",popular,"сплетни по другому",140
"сплетни",popular,"сплетня 2 серия",140
"сплетни",popular,"сплетни просп мира",140
"сплетни",popular,"сплетни просп мира 79",140
"сплетни",popular,"сплетни ул куйбышева 61",140
"сплетни",popular,"снасть сплетня на хариуса",140
"сплетни",popular,"tenderlybae сплетни",140
"сплетни",popular,"сплетни челябинска",140
"сплетни",popular,"сплетня онлайн в хорошем качестве",139
"сплетни",popular,"сплетни асти бар москва",139
"сплетни",popular,"что говорят про сплетни",139
"сплетни",popular,"сплетни интриги расследования",138
"сплетни",popular,"как не обращать внимание на сплетни",138
"сплетни",popular,"сплетни 16",138
"сплетни",popular,"знакомства сплетни",138
"сплетни",popular,"сплетни екб",138
"сплетни",popular,"сплетня онлайн бесплатно в хорошем качестве",138
"сплетни",popular,"дом два новости слухи сплетни на сегодня",138
"сплетни",popular,"сплетни бар новосибирск",138
"сплетни",popular,"смотреть фильм сплетня 2000",137
"сплетни",popular,"сплетни бай асти",137
"сплетни",popular,"сергей орлов сплетни",137
"сплетни",popular,"передача сплетни",137
"сплетни",popular,"последние сплетни скандалы шоу бизнеса",136
"сплетни",popular,"слухи и сплетни арти",136
"сплетни",popular,"сплетни смешное",135
"сплетни",popular,"мем про сплетни",135
"сплетни",popular,"бар сплетни ижевск",135
"сплетни",popular,"статусы про сплетни",135
"сплетни",popular,"сплетня стих",135
"сплетни",popular,"знаменитости скандалы сплетни",135
"сплетни",popular,"молитва от клеветы наговоров сплетен",135
"сплетни",popular,"караидель сплетни",134
"сплетни",popular,"сплетня смотреть онлайн в хорошем качестве",134
"сплетни",popular,"сплетни дно",133
"сплетни",popular,"сплетни это правда",133
"сплетни",popular,"режевские сплетни свежие",133
"сплетни",popular,"сплетни бабушек",133
"сплетни",popular,"сплетня смотреть онлайн бесплатно в хорошем",132
"сплетни",popular,"скандалы шоу бизнеса знаменитостей последние сплетни",132
"сплетни",popular,"сплетни котлас",132
"сплетни",popular,"сплетни яндере",132
"сплетни",popular,"сплетни г реж в контакте",132
"сплетни",popular,"приложение сплетни",132
"сплетни",popular,"фильм сплетня отзывы",132
"сплетни",popular,"странные сплетни",132
"сплетни",popular,"слухи и сплетни п крестцы",131
"сплетни",popular,"дом 2 слухи сплетни колючка",131
"сплетни",popular,"сплетни дом 2 колючка",131
"сплетни",popular,"сплетня своими руками",131
"сплетни",popular,"сплетни библия",131
"сплетни",popular,"песни гуфа сплетни",131
"сплетни",popular,"рассказы сплетни",130
"сплетни",popular,"сплетни бар отзывы",130
"сплетни",popular,"детские сплетни",130
"сплетни",popular,"дом 2 новости слухи сплетни колючка",130
"сплетни",popular,"дом 2 новости сплетни колючка",130
"сплетни",popular,"сплетни какая статья",130
"сплетни",popular,"сплетни ейска",130
"сплетни",popular,"сплетни про работу",130
"сплетни",popular,"сплетни и слухи дома 2 с зелеными",130
"сплетни",popular,"железногорск илимский новости сплетни",130
"сплетни",popular,"сплетня 2000 актеры",129
"сплетни",popular,"звезды сплетни скандалы",129
"сплетни",popular,"свежие сплетни для настоящей лентяйки читать",129
"сплетни",popular,"ни сплетни ни бостон",129
"сплетни",popular,"ни сплетни света ни бостон",129
"сплетни",popular,"сколько сплетен за спиной скачать бесплатно",128
"сплетни",popular,"сплетни тендерлибае",128
"сплетни",popular,"красота сплетни",128
"сплетни",popular,"мем крыса сплетни",128
"сплетни",popular,"антон с сплетни смотреть",128
"сплетни",popular,"клава кока сплетни текст",128
"сплетни",popular,"кока сплетни текст",128
"сплетни",popular,"темы для сплетен",127
"сплетни",popular,"сплетня фильм 2000 актеры",127
"сплетни",popular,"сплетня юмор",127
"сплетни",popular,"российские звезды сплетни слухи",127
"сплетни",popular,"дом два сплетни и слухи",127
"сплетни",popular,"караидель сплетни скандалы",126
"сплетни",popular,"подслушано караидель скандалы сплетни",126
"сплетни",popular,"подслушано караидель сплетни",126
"сплетни",popular,"скандалы сплетни российских звезд",125
"сплетни",popular,"слухи скандалы сплетни российского",125
"сплетни",popular,"слухи сплетни скандалы звезд",125
"сплетни",popular,"слухи сплетни скандалы российских звезд",125
"сплетни",popular,"антонс сплетни",125
"сплетни",popular,"сплетни эстрады",125
"сплетни",popular,"сплетни 25",125
"сплетни",popular,"сплетни сестры",125
"сплетни",popular,"сплетни тореза",124
"сплетни",popular,"послушать сплетни",124
"сплетни",popular,"осуждения сплетни",124
"сплетни",popular,"дом 2 слухи и сплетни самое",124
"сплетни",popular,"сплетни перевод",124
"сплетни",popular,"сплетни by anna asti москва отзывы",123
"сплетни",popular,"сплетни головой",123
"сплетни",popular,"страх сплетен",123
"сплетни",popular,"сплетни юбилейный просп 15б фото",123
"сплетни",popular,"сплетни за спиной цитаты",123
"сплетни",popular,"собчак сплетни",123
"сплетни",popular,"объект сплетен",123
"сплетни",popular,"слухи и сплетни колючка",123
"сплетни",popular,"цена сплетни",123
"сплетни",popular,"сплетни оренбурга",123
"сплетни",popular,"секрет сплетни",123
"сплетни",popular,"сплетни число",122
"сплетни",popular,"сплетни мужиков",122
"сплетни",popular,"настрой сплетня",122
"сплетни",popular,"сплетни тв",122
"сплетни",popular,"всякие сплетни",122
"сплетни",popular,"28 сплетен",122
"сплетни",popular,"сплетни чистка",122
"сплетни",popular,"передает сплетни",122
"сплетни",popular,"сокольские сплетни в контакте вологодская обл",121
"сплетни",popular,"сплетни про подруг",120
"сплетни",popular,"сплетня 2000 онлайн",120
"сплетни",popular,"сплетня 2000 смотреть онлайн",120
"сплетни",popular,"клава кока сплетни шум текст",120
"сплетни",popular,"сплетня 4 буквы",119
"сплетни",popular,"сплетни 14",119
"сплетни",popular,"природа сплетен",119
"сплетни",popular,"новости сплетни на колючке",119
"сплетни",popular,"сплетни на колючке",119
"сплетни",popular,"телеграмм сплетни",119
"сплетни",popular,"сплетни интриги слухи",118
"сплетни",popular,"как сплетен мочалка",118
"сплетни",popular,"сплетни блоггеров",118
"сплетни",popular,"слухи сплетни вк",118
"сплетни",popular,"люди любящие сплетни",118
"сплетни",popular,"сплетни амина",118
"сплетни",popular,"т с сплетня",118
"сплетни",popular,"сплетни анна асти бар москва",117
"сплетни",popular,"тур сплетни",117
"сплетни",popular,"сплетни горловой",117
"сплетни",popular,"сплетня фильм 2000 смотреть онлайн",117
"сплетни",popular,"фильм сплетня 2000 онлайн",117
"сплетни",popular,"дом два раньше сплетни",117
"сплетни",popular,"хватит сплетен",117
"сплетни",popular,"бабские сплетни",117
"сплетни",popular,"как узнавать сплетни",116
"сплетни",popular,"сплетни в семье",116
"сплетни",popular,"караоке бар сплетни",116
"сплетни",popular,"кофейня сплетни",116
"сплетни",popular,"молоковские сплетни в контакте тверская",116
"сплетни",popular,"сплетни донецка",115
"сплетни",popular,"цветы сплетни",115
"сплетни",popular,"сплетни бабок",115
"сплетни",popular,"психология сплетен",115
"сплетни",popular,"сильный заговор от сплетней",114
"сплетни",popular,"сплетни бай анна асти",114
"сплетни",popular,"ночной клуб сплетни",114
"сплетни",popular,"сплетни 2025",114
"сплетни",popular,"рыболовная снасть сплетня",114
"сплетни",popular,"открыть сплетни",114
"сплетни",popular,"anton s live сплетни",114
"сплетни",popular,"бар сплетен суль и",113
"сплетни",popular,"бар сплетен суль и пепш",113
"сплетни",popular,"сплетни как себя вести",113
"сплетни",popular,"сплетня на хариуса как ловить",113
"сплетни",popular,"дом сплетни и слухи колючка",112
"сплетни",popular,"проблема сплетен",112
"сплетни",popular,"молоковские сплетни в контакте тверская область",112
"сплетни",popular,"сплетня значение",112
"сплетни",popular,"сплетни нальчик",112
"сплетни",popular,"любинские сплетни в любинском",112
"сплетни",popular,"слушать аудиокнигу сплетня",111
"сплетни",popular,"сплетни пускает человек",111
"сплетни",popular,"сплетни сканворд 10",111
"сплетни",popular,"до 2м свежие слухи сплетни",111
"сплетни",popular,"сплетни эвенкии",111
"сплетни",popular,"минусы сплетен",111
"сплетни",popular,"сплетни любые",110
"сплетни",popular,"зеркала сплетен",110
"сплетни",popular,"поплавок для сплетни",110
"сплетни",popular,"тгк сплетни",110
"сплетни",popular,"смотреть бесплатно фильм сплетня",110
"сплетни",popular,"верхнеуральские сплетни",110
"сплетни",popular,"исторические сплетни",110
"сплетни",popular,"сплетни это плохо",110
"сплетни",popular,"богиня сайт сплетен",109
"сплетни",popular,"королева сплетен",109
"сплетни",popular,"сплетни родных",109
"сплетни",popular,"повод для сплетен",108
"сплетни",popular,"ложная сплетня",108
"сплетни",popular,"сплетни яндере симулятор",108
"сплетни",popular,"сплетни вход",108
"сплетни",popular,"фильм сплетни смотреть онлайн бесплатно",108
"сплетни",popular,"топ сплетен",107
"сплетни",popular,"заговор от сплетен и злых языков сильная",107
"сплетни",popular,"жесткая сплетня",107
"сплетни",popular,"сплетни симс 4",107
"сплетни",popular,"сплетни шадринск",107
"сплетни",popular,"антон s последние сплетни",107
"сплетни",popular,"женские сплетни фильм",107
"сплетни",popular,"сплетней занимается",107
"сплетни",popular,"грязи сплетни",107
"сплетни",popular,"сплетни чита",107
"сплетни",popular,"сплетни пермь",107
"сплетни",popular,"сплетни 10 букв сканворд",106
"сплетни",popular,"плести сплетни",106
"сплетни",popular,"смотреть шоу сплетни",106
"сплетни",popular,"ура сплетни",106
"сплетни",popular,"бабаевские сплетни",106
"сплетни",popular,"власенко щучьи сплетни",106
"сплетни",popular,"ненавижу сплетни",106
"сплетни",popular,"желтые сплетни",105
"сплетни",popular,"группа красный холм сплетни",105
"сплетни",popular,"сплетни про артистов",104
"сплетни",popular,"бар сплетни конюшенная",104
"сплетни",popular,"сплетни учителей",104
"сплетни",popular,"сплетни бежецка",104
"сплетни",popular,"клава кока сплетни шум лук текст",104
"сплетни",popular,"кока сплетни шум лук текст",104
"сплетни",popular,"сплетни шум лук клава текст",104
"сплетни",popular,"секс сплетни",104
"сплетни",popular,"дзержинские сплетни",104
"сплетни",popular,"сплетня 2000 отзывы",104
"сплетни",popular,"сплетня фильм 2000 отзывы",104
"сплетни",popular,"ни сплетни ни бостон ни милый",103
"сплетни",popular,"ни сплетни света ни бостон ни милый",103
"сплетни",popular,"клип песни сплетни шум лук",103
"сплетни",popular,"сплетни пересмешника прохождение",103
"сплетни",popular,"сплетник сплетни",103
"сплетни",popular,"наказание за сплетни",103
"сплетни",popular,"высокий сплетни",103
"сплетни",popular,"распускают сплетни что делать",103
"сплетни",popular,"сплетен рифма",103
"сплетни",popular,"весьегонск сплетни",103
"сплетни",popular,"пустой разговор сплетня",102
"сплетни",popular,"кати саммер сплетня аудиокнига",102
"сплетни",popular,"сплетни скандалы слухи интриги российских звезд",102
"сплетни",popular,"миллерово сплетни",102
"сплетни",popular,"сплетня начальнику",102
"сплетни",popular,"сплетни узловой",102
"сплетни",popular,"сплетни муз тв",102
"сплетни",popular,"сплетни культуры",102
"сплетни",popular,"страница сплетен",102
"сплетни",popular,"сплетни в прессе",101
"сплетни",popular,"сплетни ура ру",101
"сплетни",popular,"как стать сплетни",101
"сплетни",popular,"бар сплетни асти спб",101
"сплетни",popular,"городские сплетни",101
"сплетни",popular,"жанр сплетни",101
"сплетни",popular,"женские сплетни 1999",101
"сплетни",popular,"сплетни узловая и слухи",101
"сплетни",popular,"новости артистов сплетни",101
"сплетни",popular,"высоцкий сплетни",100
"сплетни",popular,"сплетни компании",100
"сплетни",popular,"сплетни ульяновск",100
"сплетни",popular,"сплетни умирают",100
"сплетни",popular,"бежецкие сплетни вконтакте",100
"сплетни",popular,"сплетни шутки",100
"сплетни",popular,"сплетни ру последние новости",100
"сплетни",popular,"кадников сплетни",100
"сплетни",popular,"молоковские сплетни в контакте 2",100
"сплетни",popular,"сплетни кадникова",100
"сплетни",popular,"магазин сплетен",99
"сплетни",popular,"диброва сплетни",99
"сплетни",popular,"сплетни 03",99
"сплетни",popular,"сплетни сокола вк",99
"сплетни",popular,"слив сплетни",99
"сплетни",popular,"молоковские сплетни 2 0 вконтакте",99
"сплетни",popular,"алатырские сплетни",98
"сплетни",popular,"смотреть фильмы онлайн сплетня в хорошем",98
"сплетни",popular,"кофе сплетни",98
"сплетни",popular,"сплетни 7 букв сканворд",98
"сплетни",popular,"ловушка сплетен",98
"сплетни",popular,"сплетни в рмэ",98
"сплетни",popular,"диана сплетни ютубе",98
"сплетни",popular,"молоковские сплетни 2 0 вконтакте тверская область",98
"сплетни",popular,"неровные сплетни",98
"сплетни",popular,"песня надоели сплетни",97
"сплетни",popular,"цитаты про сплетни за спиной",97
"сплетни",popular,"пущенная сплетня 4",97
"сплетни",popular,"подруга рассказывает сплетни",97
"сплетни",popular,"сплетни бабаевского района",97
"сплетни",popular,"женские сплетни фильм 1999",97
"сплетни",popular,"про артистов новости свежие сплетни",97
"сплетни",popular,"сплетни про артистов свежие",97
"сплетни",popular,"сплетня похожие",97
"сплетни",popular,"знакомства и сплетни пенза",97
"сплетни",popular,"сплетни с женой",97
"сплетни",popular,"сплетни о чацком",97
"сплетни",popular,"смотреть фильм сплетня в хорошем качестве",96
"сплетни",popular,"фильм в хорошем качестве сплетня",96
"сплетни",popular,"сплетни несешь",96
"сплетни",popular,"сплетни сенсации",96
"сплетни",popular,"мальчик мужчина сплетни",96
"сплетни",popular,"сплетня 2000 смотреть онлайн бесплатно",96
"сплетни",popular,"молитва от сплетен врагов",96
"сплетни",popular,"сплетни определение",96
"сплетни",popular,"сплетни бакала",96
"сплетни",popular,"сильная молитва от сплетен на работе",96
"сплетни",popular,"весьегонские сплетни вконтакте",96
"сплетни",popular,"заговоры и молитвы от сплетен",95
"сплетни",popular,"что сплетни из бисера",95
"сплетни",popular,"сплетни артистов эстрады",95
"сплетни",popular,"сплетни про артистов эстрады",95
"сплетни",popular,"сплетни про артистов эстрады свежие",95
"сплетни",popular,"сплетни про артистов эстрады свежие новости",95
"сплетни",popular,"сплетни владимир",95
"сплетни",popular,"сплетни нижнеудинска",95
"сплетни",popular,"песня сплетни сплетни слушать",95
"сплетни",popular,"крестцы слухи и сплетни сегодня",95
"сплетни",popular,"сплетни шум лук видео",94
"сплетни",popular,"яйские сплетни",94
"сплетни",popular,"сплетни электросталь",94
"сплетни",popular,"турецкие сплетни",94
"сплетни",popular,"сплетни турдизи",94
"сплетни",popular,"сплетня читать онлайн бесплатно полностью",94
"сплетни",popular,"сплетня читать онлайн полностью",94
"сплетни",popular,"сплетни амвросиевка",94
"сплетни",popular,"сплетни бываешь",94
"сплетни",popular,"белгородские сплетни",94
"сплетни",popular,"рутуб сплетни",94
"сплетни",popular,"скачать музыку сплетни",94
"сплетни",popular,"сплетни желтой прессы",93
"сплетни",popular,"сплетня фильм 2000 смотреть онлайн бесплатно",93
"сплетни",popular,"схема сплетни",93
"сплетни",popular,"свежие сплетни для настоящей лентяйки читать онлайн",93
"сплетни",popular,"сплетни шоу бизнеса российских знаменитостей сегодня 2026",93
"сплетни",popular,"сплетни 22",93
"сплетни",popular,"сплетни железногорска илимского 18",93
"сплетни",popular,"сплетни железногорска илимского вк 18 признавашки",93
"сплетни",popular,"сплетни железногорска илимского признавашки 18",93
"сплетни",popular,"сплетни нижняя",93
"сплетни",popular,"слухи сплетни крестцы свежие новости",93
"сплетни",popular,"обвинили в сплетнях",92
"сплетни",popular,"использовать сплетни",92
"сплетни",popular,"щучьи сплетни ольга власенко",92
"сплетни",popular,"диана сплетни лайф ютуб",92
"сплетни",popular,"бар сплетни спб анна",92
"сплетни",popular,"сплетни ответственность",91
"сплетни",popular,"антон с сплетни новое",91
"сплетни",popular,"сплетни в виде версий",91
"сплетни",popular,"сплетни сети",91
"сплетни",popular,"молитва защита от сплетен",91
"сплетни",popular,"сплетни сплетничать",91
"сплетни",popular,"сплетни свекрови",91
"сплетни",popular,"забить на сплетни",91
"сплетни",popular,"комната сплетен",91
"сплетни",popular,"бар сплетни спб анна асти",90
"сплетни",popular,"сплетни белгородской области",90
"сплетни",popular,"вк сплетни валуйки",90
"сплетни",popular,"сплетни 21",90
"сплетни",popular,"трек сплетни",90
"сплетни",popular,"сплетни падежи",90
"сплетни",popular,"сплетни и слухи челябинск",90
"сплетни",popular,"слухи и сплетни суть",90
"сплетни",popular,"сплетни ян",90
"сплетни",popular,"волочкова сплетни",90
"сплетни",popular,"сплетни черемхово",90
"сплетни",popular,"девичьи сплетни",89
"сплетни",popular,"сплетни 29",89
"сплетни",popular,"сплетни жидковский",89
"сплетни",popular,"поверили сплетням",89
"сплетни",popular,"шоу карины мурашкиной сплетни",89
"сплетни",popular,"хадисы сплетни",88
"сплетни",popular,"сплетни оса",88
"сплетни",popular,"антон с сплетни перезалив",88
"сплетни",popular,"тг канал сплетни",88
"сплетни",popular,"сплетни кроссворд",88
"сплетни",popular,"сплетни билеты",88
"сплетни",popular,"художественных сплетен",88
"сплетни",popular,"сплетни как относится",87
"сплетни",popular,"подслушано в муромцево сплетни",87
"сплетни",popular,"жертвы сплетен",87
"сплетни",popular,"обереги от сплетен",87
"сплетни",popular,"приложение слушай сплетни",87
"сплетни",popular,"сплетни бар спб на конюшенной",87
"сплетни",popular,"слухи и сплетни луга",87
"сплетни",popular,"фильм про сплетни",86
"сплетни",popular,"сплетни путины",86
"сплетни",popular,"из мака алого сплетен его венец",86
"сплетни",popular,"сплетни ул дзержинского",86
"сплетни",popular,"сплетни ул дзержинского 131а",86
"сплетни",popular,"про меня распустили сплетни",86
"сплетни",popular,"обычные сплетни",86
"сплетни",popular,"сплетни ремикс",86
"сплетни",popular,"бездетная женщина не побоялась бабских сплетен",86
"сплетни",popular,"таро сплетни обо мне",86
"сплетни",popular,"весьегонские сплетни вконтакте тверская",86
"сплетни",popular,"сплетни завистника",86
"сплетни",popular,"сплетни юбилейный просп 15б нефтекамск",86
"сплетни",popular,"подслушано в муромцево омская область сплетни",85
"сплетни",popular,"подслушано в муромцево сплетни омская",85
"сплетни",popular,"сплетни и слухи желтой",85
"сплетни",popular,"сплетни и слухи желтой прессы",85
"сплетни",popular,"дом 2 новости слухи сплетни юморы",85
"сплетни",popular,"сплетни валуйки белгородская",85
"сплетни",popular,"сплетни калач",85
"сплетни",popular,"сплетни калач на дону",85
"сплетни",popular,"сплетни карасук вконтакте",85
"сплетни",popular,"сплетня 6 букв",85
"сплетни",popular,"две крысы сплетни",85
"сплетни",popular,"из букв сплетня",84
"сплетни",popular,"статья за распространение сплетен",84
"сплетни",popular,"статья слухи и сплетни",84
"сплетни",popular,"клип песни клавы коки сплетни",84
"сплетни",popular,"сплетни родственников",84
"сплетни",popular,"плеть сплетен",84
"сплетни",popular,"прощаю сплетни",84
"сплетни",popular,"сплетни орехово",84
"сплетни",popular,"сплетни ж",83
"сплетни",popular,"как понять сплетни",83
"сплетни",popular,"сплетни за спиной человека",83
"сплетни",popular,"как защитит от сплетен",82
"сплетни",popular,"ленин и сплетни",82
"сплетни",popular,"сплетни орехово зуева",82
"сплетни",popular,"сплетни орехово зуево",82
"сплетни",popular,"сплетня туда сюда",82
"сплетни",popular,"сплетни пост",82
"сплетни",popular,"сплетни коллег на работе",82
"сплетни",popular,"о жизни и о сплетнях",82
"сплетни",popular,"книга сплетни читать",82
"сплетни",popular,"клуб сплетни спб",82
"сплетни",popular,"салон сплетни",82
"сплетни",popular,"сплетня песня амины",82
"сплетни",popular,"сплетни валуйки белгородской области",82
"сплетни",popular,"устала от сплетен",81
"сплетни",popular,"ствол дерева сплетен",81
"сплетни",popular,"сплетни ru",81
"сплетни",popular,"сплетни в классе",81
"сплетни",popular,"критика сплетни",81
"сплетни",popular,"список сплетни",81
"сплетни",popular,"клава кока сплетни шум смотреть",81
"сплетни",popular,"краснохолмские сплетни подслушано",80
"сплетни",popular,"женский стендап сплетни",80
"сплетни",popular,"сплетни пословица",80
"сплетни",popular,"неровные сплетни 10",80
"сплетни",popular,"как рыбачить на сплетню",80
"сплетни",popular,"сплетни на работе что делать",80
"сплетни",popular,"сплетни шум лук слушать",80
"сплетни",popular,"устали от сплетен",80
"сплетни",popular,"слова со слова сплетня",80
"сплетни",popular,"сплетни про мужчин",80
"сплетни",popular,"мукбанг сплетни",80
"сплетни",popular,"клава кока клип песни сплетни шум",80
"сплетни",popular,"сплетни учалы в контакте",80
"сплетни",popular,"слухи сплетни шарья",80
"сплетни",popular,"сплетни город реж свердловской области официальный",80
"сплетни",popular,"книга свежие сплетни для настоящей лентяйки",79
"сплетни",popular,"режевские сплетни вконтакте",79
"сплетни",popular,"смотреть клип клавы коки сплетни",79
"сплетни",popular,"смотреть клип клавы коки сплетни шум",79
"сплетни",popular,"клава кока сплетни шум лук смотреть",79
"сплетни",popular,"кока сплетни шум лук смотреть",79
"сплетни",popular,"битон свежие сплетни скачать бесплатно",79
"сплетни",popular,"алена сплетни",79
"сплетни",popular,"сплетни какой грех",79
"сплетни",popular,"исторические сплетни дзен",79
"сплетни",popular,"сплетни царево",79
"сплетни",popular,"сплетни царево пестречинский район",79
"сплетни",popular,"какую сплетню придумать",79
"сплетни",popular,"архангельская область красноборские сплетни",79
"сплетни",popular,"сплетни баб",78
"сплетни",popular,"избегайте сплетен",78
"сплетни",popular,"солнечное сплетни",78
"сплетни",popular,"что означают сплетни",78
"сплетни",popular,"костюм сплетни",78
"сплетни",popular,"амина тендерлибае сплетня",78
"сплетни",popular,"сплетни шум лук клава кока клип смотреть",78
"сплетни",popular,"слухи и сплетни п крестцы новгородской",78
"сплетни",popular,"слухи и сплетни п крестцы новгородской области",78
"сплетни",popular,"создать сплетни",78
"сплетни",popular,"деревенские сплетни",78
"сплетни",popular,"песня сплетня тендерлибае",77
"сплетни",popular,"подросток сплетни",77
"сплетни",popular,"видео клавы коки сплетни",77
"сплетни",popular,"сплетни шум лук клава кока видео",77
"сплетни",popular,"япд девичьи сплетни отношения красота",77
"сплетни",popular,"шлок ру сплетни",77
"сплетни",popular,"шлок ру сплетни слухи",77
"сплетни",popular,"две крысы сплетни мем",77
"сплетни",popular,"сплетни бар анна асти санкт петербург",77
"сплетни",popular,"офис сплетни",77
"сплетни",popular,"жизнь и сплетни семья великобритании",77
"сплетни",popular,"дом сплетни за 6 дней раньше",77
"сплетни",popular,"как рождаются сплетни",77
"сплетни",popular,"сплетня множественное число",76
"сплетни",popular,"сплетни шахтерска в контакте",76
"сплетни",popular,"сплетни шоу бизнеса россии",76
"сплетни",popular,"летние сплетни",76
"сплетни",popular,"наводить сплетни",76
"сплетни",popular,"убита сплетнями",76
"сплетни",popular,"скандалы знаменитостей последние сплетни слухи",76
"сплетни",popular,"скандалы сплетни слухи шоу бизнеса знаменитостей",76
"сплетни",popular,"скандалы шоу бизнеса знаменитостей последние сплетни слухи",76
"сплетни",popular,"вот пустили сплетню тешат",76
"сплетни",popular,"гей сплетни",76
"сплетни",popular,"сплетни мухи",75
"сплетни",popular,"сплетни просп мира 79 фото",75
"сплетни",popular,"караоке сплетни москва",75
"сплетни",popular,"сплетни ахтубинска",75
"сплетни",popular,"сплетня gossip",75
"сплетни",popular,"яйские сплетни вк",75
"сплетни",popular,"антон с сплетни вконтакте",75
"сплетни",popular,"антон лайф сплетни",75
"сплетни",popular,"беседка сплетен",75
"сплетни",popular,"сплетни желтой прессы сегодня",75
"сплетни",popular,"бегу рассказывать сплетни",75
"сплетни",popular,"сплетен насекомое",74
"сплетни",popular,"неровные сплетни 10 букв",74
"сплетни",popular,"ида галич сплетни",74
"сплетни",popular,"картинки про сплетни",74
"сплетни",popular,"картина сплетни",74
"сплетни",popular,"плюсы сплетен",74
"сплетни",popular,"текст песни сплетни шум",74
"сплетни",popular,"кафе сплетни ульяновск",74
"сплетни",popular,"как реагировать на сплетни на работе",74
"сплетни",popular,"сплетни златоуст",74
"сплетни",popular,"дуа от сплетни",74
"сплетни",popular,"сотни сплетен",74
"сплетни",popular,"сплетни одежда",74
"сплетни",popular,"сплетни лаунж",74
"сплетни",popular,"сплетни ростова",74
"сплетни",popular,"бар сплетни питер",74
"сплетни",popular,"слухи и сплетни поселок салми",74
"сплетни",popular,"сокольские сплетни г сокол вологодская обл дубликат",74
"сплетни",popular,"судиславские сплетни",74
"сплетни",popular,"вот пустили сплетню тешат душу",73
"сплетни",popular,"сплетня на хариуса своими руками",73
"сплетни",popular,"отличие слухов от сплетен",73
"сплетни",popular,"слухи сплетни челябинск сегодня",73
"сплетни",popular,"сплетни шум лук текст песни",73
"сплетни",popular,"каргопольские сплетни",73
"сплетни",popular,"сплетни рф",73
"сплетни",popular,"синоним слова сплетни",73
"сплетни",popular,"запах сплетен и",73
"сплетни",popular,"краснохолмские сплетни в контакте",72
"сплетни",popular,"бывший собирает сплетни",72
"сплетни",popular,"молитва о защите от сплетен и наговоров",72
"сплетни",popular,"клава кока слушать сплетни",72
"сплетни",popular,"клава сплетни слушать",72
"сплетни",popular,"ералаш сплетни",72
"сплетни",popular,"читать журнал знаменитости и сплетни",72
"сплетни",popular,"сплетни ивделя в одноклассниках",72
"сплетни",popular,"вк краснохолмские сплетни",72
"сплетни",popular,"газета сплетен 7",72
"сплетни",popular,"прикольные сплетни",72
"сплетни",popular,"сплетни 24",71
"сплетни",popular,"участник сплетен",71
"сплетни",popular,"неровные сплетни сканворд",71
"сплетни",popular,"новости и сплетни дом 2 в контакте",71
"сплетни",popular,"департамент сплетен",71
"сплетни",popular,"сплетни краснокамск в контакте",71
"сплетни",popular,"светские сплетни российского",71
"сплетни",popular,"невинные сплетни бауманская ул",71
"сплетни",popular,"сплетни ул кешокова 77",71
"сплетни",popular,"карасук контакт сплетни",71
"сплетни",popular,"сплетни сергей орлов мурашкина",71
"сплетни",popular,"антон с сплетни вконтакте лайф",71
"сплетни",popular,"сплетни православие",70
"сплетни",popular,"подслушано сплетни учалы",70
"сплетни",popular,"сплетни улан",70
"сплетни",popular,"сплетни улан удэ",70
"сплетни",popular,"сплетни малащенко",70
"сплетни",popular,"слухи и сплетни шоубизнеса",70
"сплетни",popular,"невинные сплетни бауманская ул 13",70
"сплетни",popular,"невинные сплетни бауманская ул 13 стр 1",70
"сплетни",popular,"сплетни дайла мир денди",70
"сплетни",popular,"сплетни молоково тверская",70
"сплетни",popular,"никогда не слушайте сплетен",70
"сплетни",popular,"сплетни любовь и танцы красноярск",70
"сплетни",popular,"сплетни бакала а в контакте",70
"сплетни",popular,"вк молоковские сплетни",70
"сплетни",popular,"стул для сплетен",70
"сплетни",popular,"сплетни про школу",70
"сплетни",popular,"слухи и сплетни просп ленина 71б",69
"сплетни",popular,"ура ру сплетни челябинск",69
"сплетни",popular,"рождение сплетни",69
"сплетни",popular,"сплетни вк шоу",69
"сплетни",popular,"сплетни города покрова",69
"сплетни",popular,"сплетни высказывание",69
"сплетни",popular,"сплетни город реж свердловской области официальный сайт",69
"сплетни",popular,"сплетни ильичево лен обл",69
"сплетни",popular,"сплетни реж свердловской области официальный сайт",69
"сплетни",popular,"не слушай сплетен о другом",68
"сплетни",popular,"звездные сплетни одноклассники",68
"сплетни",popular,"бесплатно дом 2 сплетни",68
"сплетни",popular,"светские сплетни звезд",68
"сплетни",popular,"поговорки про сплетни",68
"сплетни",popular,"сплетня сюжет",68
"сплетни",popular,"три с сплетни",68
"сплетни",popular,"слова про сплетен",68
"сплетни",popular,"сплетни ул куйбышева 61 фото",68
"сплетни",popular,"анонимные сплетни и слухи",68
"сплетни",popular,"вк сокольские сплетни",68
"сплетни",popular,"уж эти сплетни",68
"сплетни",popular,"колонка сплетен",67
"сплетни",popular,"сплетни покровского округа",67
"сплетни",popular,"сплетни блогеров",67
"сплетни",popular,"лазарев сплетни",67
"сплетни",popular,"кафе сплетни кунгур",67
"сплетни",popular,"добрые сплетни",67
"сплетни",popular,"китайские сплетни зеленоград",67
"сплетни",popular,"давай где не будет сплетен",67
"сплетни",popular,"чедвик торговец сплетнями",67
"сплетни",popular,"сплетни о вас таро",67
"сплетни",popular,"день сплетен 6 августа",67
"сплетни",popular,"бар сплетни стендап",67
"сплетни",popular,"сплетни волжский",67
"сплетни",popular,"сплетни карасук подслушано",67
"сплетни",popular,"неровные сплетни сканворд 10",67
"сплетни",popular,"vk сплетни",66
"сплетни",popular,"сериалы про сплетни",66
"сплетни",popular,"псалмы от сплетен",66
"сплетни",popular,"слова из букв сплетня",66
"сплетни",popular,"сплетни в жизни человека",66
"сплетни",popular,"сплетни ирбея",66
"сплетни",popular,"когда сплетня становится сплетня",66
"сплетни",popular,"на работе распускают сплетни",66
"сплетни",popular,"дом 2 вк сплетни и слухи",66
"сплетни",popular,"люди слушающие сплетни",66
"сплетни",popular,"буллинг сплетни",65
"сплетни",popular,"сплетни телевидения",65
"сплетни",popular,"порно фильм сплетня",65
"сплетни",popular,"молитвы от злых сплетен на работе",65
"сплетни",popular,"сплетни клуб санкт петербург",65
"сплетни",popular,"карты сплетен таро",65
"сплетни",popular,"антон сплетни на дзене",65
"сплетни",popular,"сплетни by anna asti спб",65
"сплетни",popular,"сплетни про меня что делать",65
"сплетни",popular,"светские сплетни о российских звездах",65
"сплетни",popular,"от сглаза и сплетен",64
"сплетни",popular,"громкие сплетни",64
"сплетни",popular,"фразы про сплетни",64
"сплетни",popular,"слухи и сплетни тюмени",64
"сплетни",popular,"слухи сплетни крестцы в контакте",64
"сплетни",popular,"клип песни сплетни шум лук клава кока",64
"сплетни",popular,"сплетни другим словом",64
"сплетни",popular,"сплетни телеграм",64
"сплетни",popular,"сплетни шум круг",64
"сплетни",popular,"монтаж сплетни",64
"сплетни",popular,"сплетни про девушку",64
"сплетни",popular,"ловушка сплетен дорама",64
"сплетни",popular,"кто поет сплетня",64
"сплетни",popular,"цитаты про сплетни со смыслом",64
"сплетни",popular,"цитаты о сплетнях",64
"сплетни",popular,"школьные сплетни",63
"сплетни",popular,"свежие сплетни для настоящей лентяйки слушать",63
"сплетни",popular,"сплетни интриги за моей спиной",63
"сплетни",popular,"береги от сплетен",63
"сплетни",popular,"как связать сплетню",63
"сплетни",popular,"сплетни шум лук скачать бесплатно",63
"сплетни",popular,"сплетни с психологом",63
"сплетни",popular,"молитва сплетен на работе злых языков",63
"сплетни",popular,"слухи и сплетни дома 2 анонимный",63
"сплетни",popular,"дом 2 слухи и сплетни шлок свежие",63
"сплетни",popular,"сплетни шаляпин",63
"сплетни",popular,"сплетни оса в контакте",63
"сплетни",popular,"слухи и сплетни ряжска",63
"сплетни",popular,"сплетни ряжск",63
"сплетни",popular,"сплетни за спиной 2026",62
"сплетни",popular,"сплетни агрессия",62
"сплетни",popular,"сплетни владивосток",62
"сплетни",popular,"птица сплетня",62
"сплетни",popular,"дом два последние новости слухи сплетни",62
"сплетни",popular,"неровные сплетни 10 букв сканворд",62
"сплетни",popular,"сплетни днр",62
"сплетни",popular,"лпшки сплетни",62
"сплетни",popular,"сплетни про женщин",62
"сплетни",popular,"тайны и сплетни",62
"сплетни",popular,"программа сплетни",62
"сплетни",popular,"антон суворкин сплетни видео от подростковый",62
"сплетни",popular,"сплетни шахтерска вконтакте",61
"сплетни",popular,"клава кока сплетни шум слушать",61
"сплетни",popular,"кока сплетни шум слушать",61
"сплетни",popular,"сплетни разрушают",61
"сплетни",popular,"сплетни уральский",61
"сплетни",popular,"мужские сплетни",61
"сплетни",popular,"про сплетни за спиной со смыслом",61
"сплетни",popular,"сплетен окончание",61
"сплетни",popular,"тюмень ру новости сплетни",61
"сплетни",popular,"уроки и сплетен",61
"сплетни",popular,"кадниковские сплетни",61
"сплетни",popular,"кадниковский сплетни",61
"сплетни",popular,"решетка сплетен",61
"сплетни",popular,"хозяйка обители заблудших душ читайте свежие сплетни",61
"сплетни",popular,"клава кока сплетни скачать бесплатно",61
"сплетни",popular,"сильная молитва от сплетен врагов",61
"сплетни",popular,"скачать сплетни ai rtik",61
"сплетни",popular,"день слухов и сплетен 31 августа",60
"сплетни",popular,"оуэн главный повод для сплетен в кофейне",60
"сплетни",popular,"сплетни отзывы спб",60
"сплетни",popular,"мне нравятся сплетни",60
"сплетни",popular,"катя саммер сплетня слушать",60
"сплетни",popular,"сплетни mp3",60
"сплетни",popular,"слова песни сплетни",60
"сплетни",popular,"сплетни красного холма тверской",60
"сплетни",popular,"сплетни советская ул 67а",60
"сплетни",popular,"сплетни авсюнино",60
"сплетни",popular,"сплетни г миллерово",60
"сплетни",popular,"почему любят сплетни",59
"сплетни",popular,"права сплетни",59
"сплетни",popular,"тура эвенкия сплетни",59
"сплетни",popular,"сплетни звезд сегодня",59
"сплетни",popular,"скачать книгу щучьи сплетни",59
"сплетни",popular,"никаких сплетен",59
"сплетни",popular,"сплетня на хариуса купить",59
"сплетни",popular,"сплетни просп мира 79 отзывы",59
"сплетни",popular,"стамбульские сплетни",59
"сплетни",popular,"сбор сплетен",59
"сплетни",popular,"песня амины тендерлибае сплетня",59
"сплетни",popular,"новости крестцы новгородская слухи и сплетни",59
"сплетни",popular,"сплетни жлк",59
"сплетни",popular,"статья за распространение слухов и сплетен",59
"сплетни",popular,"сплетни слухи тюмень последние новости слухи",59
"сплетни",popular,"сплетни саратов",59
"сплетни",popular,"дедовичи слухи сплетни",59
"сплетни",popular,"семейные сплетни",58
"сплетни",popular,"сплетня книга отзывы",58
"сплетни",popular,"светская хроника новости скандалы сплетни",58
"сплетни",popular,"сплетни бар фото",58
"сплетни",popular,"сплетни г валуйки",58
"сплетни",popular,"максим в теме сплетни и шоу бизнес",58
"сплетни",popular,"более полутора суток не слушать сплетен",58
"сплетни",popular,"сплетни мода",58
"сплетни",popular,"беседа сплетни",58
"сплетни",popular,"гость сплетни",58
"сплетни",popular,"высоцкий сплетни песня",58
"сплетни",popular,"слухи сплетни караоке",58
"сплетни",popular,"сплетни в родительном падеже",58
"сплетни",popular,"шаховские сплетни",57
"сплетни",popular,"давай уедем где не будет сплетен",57
"сплетни",popular,"сплетни во сне",57
"сплетни",popular,"сплетни про мужа",57
"сплетни",popular,"никогда не слушайте слухов и сплетен",57
"сплетни",popular,"сплетня читать саммер",57
"сплетни",popular,"ходят слухи сплетни",57
"сплетни",popular,"сплетня о сумасшествии",57
"сплетни",popular,"ушла из сплетен",57
"сплетни",popular,"сокольские сплетни вологодская область г",57
"сплетни",popular,"статья за сплетни и клевету",57
"сплетни",popular,"уральские пельмени сплетни",57
"сплетни",popular,"сплетни всегда будут",56
"сплетни",popular,"сплетни город благодарный",56
"сплетни",popular,"музыка сплетни шум лук",56
"сплетни",popular,"место для сплетен",56
"сплетни",popular,"сплетни какое наказание",56
"сплетни",popular,"какие сплетни можно придумать",56
"сплетни",popular,"унизили сплетнями",56
"сплетни",popular,"сплетни абаза",56
"сплетни",popular,"зона сплетен",56
"сплетни",popular,"сплетни с малиновской",56
"сплетни",popular,"антонес сплетни",56
"сплетни",popular,"кости сплетни",56
"сплетни",popular,"сплетни бесси",56
"сплетни",popular,"пустой разговор сплетня 7",56
"сплетни",popular,"краснохолиские сплетни",56
"сплетни",popular,"антон сплетни ютуб",56
"сплетни",popular,"сплетня катя саммер читать",56
"сплетни",popular,"сплетни г валуйки белгородская область",56
"сплетни",popular,"сплетня аудиокнига бесплатно",55
"сплетни",popular,"бывшая пускает сплетни",55
"сплетни",popular,"таро гадание сплетни",55
"сплетни",popular,"сплетни бар by anna краснодар",55
"сплетни",popular,"сплетни про друга",55
"сплетни",popular,"сплетни бренд",55
"сплетни",popular,"сплетни на первом",55
"сплетни",popular,"ночной клуб сплетни нефтекамск",55
"сплетни",popular,"королевские сплетни",55
"сплетни",popular,"новости и сплетни в турдизи",55
"сплетни",popular,"сплетни 03 улан удэ",55
"сплетни",popular,"нижегородские сплетни",55
"сплетни",popular,"спиннинг для сплетни",55
"сплетни",popular,"г сокол вологодская область сплетни",55
"сплетни",popular,"сокольские сплетни г сокол вологодская область",55
"сплетни",popular,"мудрость сплетни",55
"сплетни",popular,"пустой разговор сплетня 7 букв",55
"сплетни",popular,"сми сплетни",55
"сплетни",popular,"е сплетни",54
"сплетни",popular,"китайские сплетни ул панфилова 11",54
"сплетни",popular,"сплетни шахтерска официал в вконтакте",54
"сплетни",popular,"сплетни афиша",54
"сплетни",popular,"заговор на сплетен работе",54
"сплетни",popular,"сплетни полезны",54
"сплетни",popular,"путь сплетни",54
"сплетни",popular,"яндекс сплетни",54
"сплетни",popular,"шок сплетни",54
"сплетни",popular,"симс читать журнал знаменитости и сплетни",54
"сплетни",popular,"сплетни род",54
"сплетни",popular,"травля и сплетни",54
"сплетни",popular,"сплетни плесецкого района",54
"сплетни",popular,"стихи про сплетни",53
"сплетни",popular,"сплетни карасук вконтакте подслушано",53
"сплетни",popular,"guf сплетни",53
"сплетни",popular,"дом 2 свежие слухи сплетни на сегодня",53
"сплетни",popular,"дом 2 свежие сплетни на сегодня",53
"сплетни",popular,"сплетни ава",53
"сплетни",popular,"слухи и сплетни распускают",53
"сплетни",popular,"скачать книга свежие сплетни",53
"сплетни",popular,"сплетни в селе",53
"сплетни",popular,"сплетни бобров",53
"сплетни",popular,"как появляются сплетни",53
"сплетни",popular,"изменить сплетни",53
"сплетни",popular,"сплетня 9 букв",53
"сплетни",popular,"сплетни маникюр",53
"сплетни",popular,"слухи и сплетни тюмени сегодня",53
"сплетни",popular,"сплетни режим",53
"сплетни",popular,"антон суворкин сплетни вк",53
"сплетни",popular,"сплетни са",53
"сплетни",popular,"как реагировать на сплетни за спиной",53
"сплетни",popular,"сплетни и слухи за спиной",53
"сплетни",popular,"клава кока сплетни шум скачать бесплатно",52
"сплетни",popular,"популярные сплетни",52
"сплетни",popular,"сплетни горе от ума",52
"сплетни",popular,"клава кока сплетни шум лук слушать",52
"сплетни",popular,"кока сплетни шум лук слушать",52
"сплетни",popular,"сплетни шум лук клава слушать",52
"сплетни",popular,"слухи сплетни цитаты",52
"сплетни",popular,"шепотки от сплетен",52
"сплетни",popular,"кабаева сплетни",52
"сплетни",popular,"ai rtik ai sti сплетни скачать",52
"сплетни",popular,"артик и асти сплетни скачать бесплатно",52
"сплетни",popular,"крестецкие сплетни",52
"сплетни",popular,"клава кока сплетни шум лук скачать бесплатно",51
"сплетни",popular,"отдел сплетен",51
"сплетни",popular,"слухи и сплетни о звездах",51
"сплетни",popular,"сплетний",51
"сплетни",popular,"сплетни тарнога",51
"сплетни",popular,"вред сплетен",51
"сплетни",popular,"ислам про сплетни",51
"сплетни",popular,"сплетни казани 18",51
"сплетни",popular,"рабочие сплетни",51
"сплетни",popular,"сплетни шоу биза",51
"сплетни",popular,"сплетня 6 букв сканворд",51
"сплетни",popular,"антон сплетни канье",51
"сплетни",popular,"сплетни время работы",51
"сплетни",popular,"tea сплетня",51
"сплетни",popular,"газетное сплетня",51
"сплетни",popular,"клуб сплетни москва",51
"сплетни",popular,"остановить сплетни",50
"сплетни",popular,"сексуальные сплетни",50
"сплетни",popular,"светские сплетни на сегодняшний день",50
"сплетни",popular,"немного сплетен",50
"сплетни",popular,"что считается сплетнями",50
"сплетни",popular,"сплетни красного холма тверской области",50
"сплетни",popular,"система сплетен дорама",50
"сплетни",popular,"новости тура эвенкия сплетни",50
"сплетни",popular,"новости эвенкии сплетни",50
"сплетни",popular,"алиханов откуда вылез сплетни",50
"сплетни",popular,"сплетня 2002",50
"сплетни",popular,"жить без сплетен",50
"сплетни",popular,"сплетни коряжма",50
"сплетни",popular,"сплетни кандалакша",50
"сплетни",popular,"новости шерловой горы харанор сплетни",50
"сплетни",popular,"сусанинские сплетни",50
"сплетни",popular,"шерловая гора сплетни",50
"сплетни",popular,"сплетни бар кузнецкий мост",49
"сплетни",popular,"блоги сплетен",49
"сплетни",popular,"ералаш ох уж эти сплетни",49
"сплетни",popular,"ох уж эти сплетни",49
"сплетни",popular,"сплетни екб бар",49
"сплетни",popular,"сплетни шейкера",49
"сплетни",popular,"мужчина распустил сплетни",49
"сплетни",popular,"чистая сплетня",49
"сплетни",popular,"упражнения сплетни",49
"сплетни",popular,"канал про сплетни",49
"сплетни",popular,"дом 2 самые свежие сплетни новости слухи",49
"сплетни",popular,"сплетни дом 2 самые свежие новости",49
"сплетни",popular,"сплетни анекдоты",49
"сплетни",popular,"сплетни астрономическая ул 6 18 меню",49
"сплетни",popular,"олег сплетня",49
"сплетни",popular,"молитва от сплетен злых людей",48
"сплетни",popular,"сплетни или слухи 5",48
"сплетни",popular,"антон с сплетни рутуб",48
"сплетни",popular,"аватарка сплетни",48
"сплетни",popular,"последние сплетни из дома 2 на сегодня",48
"сплетни",popular,"сплетня аудиокнига слушать бесплатно",48
"сплетни",popular,"книга про сплетни",48
"сплетни",popular,"сплетни радио",48
"сплетни",popular,"свежие сплетни слушать аудиокнигу",48
"сплетни",popular,"сплетни ставрополь клуб",48
"сплетни",popular,"сокольские сплетни работа",48
"сплетни",popular,"сплетни и оговоры",48
"сплетни",popular,"сплетни лесного",48
"сплетни",popular,"вопросы для сплетен",48
"сплетни",popular,"сплетни мурашкина 31",48
"сплетни",popular,"сплетни р",48
"сплетни",popular,"сплетня для рыбалки на хариуса",48
"сплетни",popular,"смотреть антон s сплетни последний выпуск",48
"сплетни",popular,"сплетни счет",48
"сплетни",popular,"человек который любит сплетни",48
"сплетни",popular,"сплетни про семью",48
"сплетни",popular,"зеленогорские сплетни в контакте",48
"сплетни",popular,"сплетни сусанино",48
"сплетни",popular,"сусанино костромская область сплетни",48
"сплетни",popular,"сусанино костромская сплетни",48
"сплетни",popular,"бар сплетни адрес",47
"сплетни",popular,"сплетни о гарри",47
"сплетни",popular,"сплетни астрономическая ул 6 18 фото",47
"сплетни",popular,"фото слухи сплетни",47
"сплетни",popular,"сплетни мурашкина жидковский",47
"сплетни",popular,"вздорные сплетни",47
"сплетни",popular,"сплетни про мальчика",47
"сплетни",popular,"не хватает сплетен",47
"сплетни",popular,"сплетни коран",47
"сплетни",popular,"сплетни новый год",47
"сплетни",popular,"скачать краснохолмская сплетни",47
"сплетни",popular,"ритуал от сплетен",47
"сплетни",popular,"сплетни режим работы",47
"сплетни",popular,"рыба сплетня",47
"сплетни",popular,"бульварные сплетни",47
"сплетни",popular,"сплетни людей цитаты",47
"сплетни",popular,"укус сплетня",46
"сплетни",popular,"антон с сплетни вк видео",46
"сплетни",popular,"тетрадь сплетен",46
"сплетни",popular,"шоу сплетни билеты",46
"сплетни",popular,"сплетни раевский",46
"сплетни",popular,"сплетни юбилейный просп 15б меню",46
"сплетни",popular,"прекрати сплетни",46
"сплетни",popular,"сплетня словарь",46
"сплетни",popular,"сплетни валерия",46
"сплетни",popular,"грех ли сплетни",46
"сплетни",popular,"сплетни за глаза",46
"сплетни",popular,"чехов сплетни",46
"сплетни",popular,"пойми меня жертвы сплетен",46
"сплетни",popular,"сплетни artik asti",46
"сплетни",popular,"сплетни бывшие подруга",46
"сплетни",popular,"цитата про сплетни за спиной со смыслом",46
"сплетни",popular,"цитаты со смыслом за сплетни",46
"сплетни",popular,"музыка клава кока сплетни шум лук",46
"сплетни",popular,"уволили за сплетни",46
"сплетни",popular,"доска сплетен",46
"сплетни",popular,"основа сплетни",46
"сплетни",popular,"злословие и сплетни",46
"сплетни",popular,"слухи и сплетни оренбург",46
"сплетни",popular,"симс фриплей журнал знаменитости и сплетни",45
"сплетни",popular,"заявление на сплетни",45
"сплетни",popular,"слухи сплетни ресторан",45
"сплетни",popular,"сплетни про звезд российских",45
"сплетни",popular,"клуб сплетни краснодар",45
"сплетни",popular,"сплетни бомонда",45
"сплетни",popular,"сплетни нижняя тура",45
"сплетни",popular,"как пережить сплетни",45
"сплетни",popular,"лев сплетни",45
"сплетни",popular,"сплетни омска",45
"сплетни",popular,"сплетни выгоничи",45
"сплетни",popular,"сплетни уфы",45
"сплетни",popular,"сплетня еда",45
"сплетни",popular,"сплетни с мурашкиной вк",45
"сплетни",popular,"муз тв премьера сплетни шедевр",45
"сплетни",popular,"краснохолмские сплетни вконтакте тверская обл",45
"сплетни",popular,"сплетни объявление",45
"сплетни",popular,"сплетни гуф год",45
"сплетни",popular,"обо мне распускают сплетни",45
"сплетни",popular,"проект сплетни",45
"сплетни",popular,"сплетни лениногорска",45
"сплетни",popular,"мужчина собирает сплетни",45
"сплетни",popular,"признаки сплетен",45
"сплетни",popular,"сплетни шахтерска днр",44
"сплетни",popular,"песня сплетни сплетня туда сюда",44
"сплетни",popular,"бар сплетни казань",44
"сплетни",popular,"сплетни великого новгорода",44
"сплетни",popular,"сплетни подружек",44
"сплетни",popular,"шепот сплетен слышит",44
"сплетни",popular,"человек который разносит сплетни",44
"сплетни",popular,"почему верят сплетням",44
"сплетни",popular,"антон с сплетни сегодня рутуб",44
"сплетни",popular,"как противостоять сплетням",44
"сплетни",popular,"сплетни красноярск вконтакте",44
"общение с коллегами",popular,"общение с коллегами",3592
"общение с коллегами",popular,"общение с бывшими коллегами",484
"общение с коллегами",popular,"общение на работе с коллегами",356
"общение с коллегами",popular,"профессиональное общение с коллегами",331
"общение с коллегами",popular,"правила общения с коллегами",220
"общение с коллегами",popular,"деловое общение с коллегами",198
"общение с коллегами",popular,"этика общения с коллегами",125
"общение с коллегами",popular,"проблемы общения с коллегами",125
"общение с коллегами",popular,"общение педагога с коллегами",106
"общение с коллегами",popular,"общение с пациентом и коллегами",105
"общение с коллегами",popular,"общение медицинской сестры с коллегами",104
"общение с коллегами",popular,"общение с коллегами мужчинами",100
"общение с коллегами",popular,"эффективное общение с коллегами",96
"общение с коллегами",popular,"правильное общение с коллегами",94
"общение с коллегами",popular,"стили общения с коллегами",90
"общение с коллегами",popular,"общение учителя с коллегами",89
"общение с коллегами",popular,"формы общения с коллегами",79
"общение с коллегами",popular,"характеристика общения с коллегами",77
"общение с коллегами",popular,"нормы общения с коллегами",72
"общение с коллегами",popular,"темы для общения с коллегами",71
"общение с коллегами",popular,"общение мужа с коллегой",58
"общение с коллегами",popular,"общение с коллегой женщиной",57
"общение с коллегами",popular,"примеры общения с коллегами",57
"общение с коллегами",popular,"особенности общения с коллегами",55
"общение с коллегами",popular,"принципы общения с коллегой",54
"общение с коллегами",popular,"дистанция в общении с коллегами",53
"общение с коллегами",popular,"этика общения с коллегами правила",47
"общение с коллегами",popular,"педагогическое общение с коллегами",45
"общение с коллегами",popular,"неформальное общение с коллегами",41
"общение с коллегами",popular,"как называется общение с коллегами",39
"общение с коллегами",popular,"трудности в общении с коллегами",39
"общение с коллегами",popular,"этикет общения с коллегами",36
"общение с коллегами",popular,"деловое общение правило общения с коллегами",36
"общение с коллегами",popular,"культура общения с коллегами",34
"общение с коллегами",popular,"навыки общения с коллегами",32
"общение с коллегами",popular,"дистанция при общении с коллегами личная",32
"общение с коллегами",popular,"мессенджер для общения с коллегами",30
"общение с коллегами",popular,"общение с коллегами психология",27
"общение с коллегами",popular,"общение с коллегами психологами",24
"общение с коллегами",popular,"общение с пациентом родственниками коллегами",22
"общение с коллегами",popular,"корпоративная этика общения с коллегами",17
"общение с коллегами",popular,"общение с коллегами на работе правила",13
"общение с коллегами",popular,"общение с токсичным коллегой",11
"общение с коллегами",popular,"общение с женатым коллегой",11
"общение с коллегами",popular,"общение с коллегами гостиницы",6
