seed,tab,query,shows
"старший ребенок",popular,"старший ребенок",260325
"старший ребенок",popular,"ребенок старшей группы",97313
"старший ребенок",popular,"дети старше года",75696
"старший ребенок",popular,"детей старшего дошкольного",32320
"старший ребенок",popular,"дети старшего дошкольного возраста",30640
"старший ребенок",popular,"дети какие постарше",20929
"старший ребенок",popular,"игры детей старше",15065
"старший ребенок",popular,"дети старше родителей",14439
"старший ребенок",popular,"дети старшей группе детского сада",13755
"старший ребенок",popular,"детям старше 18",13482
"старший ребенок",popular,"ребенка в сад в старшую группу",12327
"старший ребенок",popular,"детям старше 5 лет",12140
"старший ребенок",popular,"многодетные старшие дети",11819
"старший ребенок",popular,"детям старше 6 лет",11109
"старший ребенок",popular,"детям старше 18 лет",10283
"старший ребенок",popular,"день старшего ребенка",10013
"старший ребенок",popular,"детей старше 3 лет",9650
"старший ребенок",popular,"развитие детей старшего возраста",9433
"старший ребенок",popular,"развитии детей старшего дошкольного возраста",8154
"старший ребенок",popular,"ребенок старше 7",8117
"старший ребенок",popular,"дети старшей школы",7686
"старший ребенок",popular,"дети старше 14 лет",6686
"старший ребенок",popular,"детей старше 7 лет",6496
"старший ребенок",popular,"старшая сестра дети",6446
"старший ребенок",popular,"день ребенка старшая группа",6368
"старший ребенок",popular,"развития детей старшей группы",6291
"старший ребенок",popular,"ребенок старше 1 года",6194
"старший ребенок",popular,"для занятий детей старшего",6109
"старший ребенок",popular,"особенности старших детей",5900
"старший ребенок",popular,"игры детей старшего возраста",5893
"старший ребенок",popular,"со старшими детьми",5871
"старший ребенок",popular,"для детей старше 5",5704
"старший ребенок",popular,"учится старший ребенок",5673
"старший ребенок",popular,"для детей старше 3",5666
"старший ребенок",popular,"старшему ребенку сколько",5396
"старший ребенок",popular,"про старших детей",5182
"старший ребенок",popular,"беседа с детьми старшей",5181
"старший ребенок",popular,"дети стали старше",5057
"старший ребенок",popular,"ребенок становится старше",5057
"старший ребенок",popular,"работы детей старшая группа",5004
"старший ребенок",popular,"дети старших классов",4901
"старший ребенок",popular,"игры для детей старшей группы",4535
"старший ребенок",popular,"детей старше 10 лет",4481
"старший ребенок",popular,"занятие с детьми старшей группы",4456
"старший ребенок",popular,"почему старший ребенок",4346
"старший ребенок",popular,"взрослым и детям старше",4248
"старший ребенок",popular,"старшая группа возраст детей",4239
"старший ребенок",popular,"где старшие дети",4239
"старший ребенок",popular,"жизнь старших детей",4236
"старший ребенок",popular,"детей старшего дошкольного возраста формирование",4108
"старший ребенок",popular,"старшие дети матери",4055
"старший ребенок",popular,"конспект детям старшей группы",4025
"старший ребенок",popular,"дети старшего возраста какой возраст",3967
"старший ребенок",popular,"дети старшей возрастной группы",3852
"старший ребенок",popular,"многодетная семья ребенок старше 18",3837
"старший ребенок",popular,"старшие дети в многодетной семье",3730
"старший ребенок",popular,"самому старшему ребенку",3633
"старший ребенок",popular,"старшее поколение детям",3625
"старший ребенок",popular,"в сад с детьми старше",3583
"старший ребенок",popular,"детей среднего и старшего",3551
"старший ребенок",popular,"18 лет старшему ребенку многодетная",3517
"старший ребенок",popular,"воспитание старших детей",3512
"старший ребенок",popular,"старший ребенок 8",3482
"старший ребенок",popular,"скачать ребенка постарше",3475
"старший ребенок",popular,"развития у детей старшего дошкольного",3453
"старший ребенок",popular,"слова детей старше",3411
"старший ребенок",popular,"пособие на детей старше",3403
"старший ребенок",popular,"возрастные особенности детей старшего",3353
"старший ребенок",popular,"первый старший ребенок",3317
"старший ребенок",popular,"сколько старшему ребенку лет",3228
"старший ребенок",popular,"количество детей в старшей группе",3184
"старший ребенок",popular,"дети дошкольной старшей группы",3123
"старший ребенок",popular,"трое детей старшей",3119
"старший ребенок",popular,"ребенок старше 15 лет",3093
"старший ребенок",popular,"формирование у детей старшего дошкольного",3019
"старший ребенок",popular,"дети старше 16",3012
"старший ребенок",popular,"деятельность детей старшего возраста",2904
"старший ребенок",popular,"многодетная семья ребенок старше 18 лет",2836
"старший ребенок",popular,"старший ребенок средний ребенок младший ребенок",2803
"старший ребенок",popular,"развитие ребенка старше года",2796
"старший ребенок",popular,"старший ребенок статусы",2684
"старший ребенок",popular,"что делают старшие дети",2681
"старший ребенок",popular,"индивидуальная детьми старшая группа",2678
"старший ребенок",popular,"осень для детей старшая группа",2649
"старший ребенок",popular,"презентации для детей старшей",2638
"старший ребенок",popular,"детей старше 8 лет",2633
"старший ребенок",popular,"самый старший ребенок",2629
"старший ребенок",popular,"деятельности детей старшего дошкольного",2618
"старший ребенок",popular,"речь детей в старшей группе",2595
"старший ребенок",popular,"особенности детей старшего возраста",2582
"старший ребенок",popular,"беседа с детьми в старшей группе",2582
"старший ребенок",popular,"песни для детей постарше",2578
"старший ребенок",popular,"возрастные особенности детей старшей группы",2572
"старший ребенок",popular,"деятельность детей старшего дошкольного возраста",2564
"старший ребенок",popular,"сказки для детей постарше",2562
"старший ребенок",popular,"максимальное количество детей в старшей группе",2549
"старший ребенок",popular,"детей и людей постарше в",2504
"старший ребенок",popular,"мультики для детей постарше",2500
"старший ребенок",popular,"видео для детей постарше",2491
"старший ребенок",popular,"особенности детей в старшей группе",2458
"старший ребенок",popular,"является старшим ребенком",2452
"старший ребенок",popular,"дети старше 16 лет",2391
"старший ребенок",popular,"младший старший ребенок в семье",2359
"старший ребенок",popular,"конспект занятий детей старшей группы",2357
"старший ребенок",popular,"речи детей старшего дошкольного возраста",2248
"старший ребенок",popular,"муж старший ребенок",2209
"старший ребенок",popular,"детей старшего дошкольного возраста 5",2143
"старший ребенок",popular,"сериал дети старше",2134
"старший ребенок",popular,"дети старше игрушки",2100
"старший ребенок",popular,"задачи детей старшей группы",2070
"старший ребенок",popular,"дети помогают старшим",2064
"старший ребенок",popular,"индивидуальная работа с детьми старшая",2064
"старший ребенок",popular,"особенности детей старшего дошкольного возраста",2023
"старший ребенок",popular,"возраст детей старшей дошкольной группы",2013
"старший ребенок",popular,"индивидуально детьми в старшей",1990
"старший ребенок",popular,"отношения старшему ребенку",1954
"старший ребенок",popular,"презентация для детей старшей группы",1947
"старший ребенок",popular,"воспитание детей старшего возраста",1855
"старший ребенок",popular,"детей старше трех лет",1854
"старший ребенок",popular,"дети старше 30",1846
"старший ребенок",popular,"детей старшего дошкольного возраста 6",1844
"старший ребенок",popular,"старший ребенок учится очно",1820
"старший ребенок",popular,"задания для детей постарше",1802
"старший ребенок",popular,"что должен ребенок старшая группа",1779
"старший ребенок",popular,"ребенок старше новорожденного",1777
"старший ребенок",popular,"дети старше 23 лет",1772
"старший ребенок",popular,"безопасность детей старшая группа",1710
"старший ребенок",popular,"дети старше 17 лет",1706
"старший ребенок",popular,"воспитание детей старшего дошкольного",1688
"старший ребенок",popular,"детей старшего дошкольного возраста средством",1676
"старший ребенок",popular,"дети на 2 года старше",1673
"старший ребенок",popular,"детям старше двух лет",1669
"старший ребенок",popular,"работа с детьми старшего возраста",1655
"старший ребенок",popular,"старший друг ребенку",1644
"старший ребенок",popular,"конспекты занятий для детей старшей",1632
"старший ребенок",popular,"воспитание детей старшего дошкольного возраста",1626
"старший ребенок",popular,"деятельность детей в старшей группе",1623
"старший ребенок",popular,"особенности детей старшей группы детского сада",1619
"старший ребенок",popular,"у ребенка старше 6",1597
"старший ребенок",popular,"для детей старше 12",1593
"старший ребенок",popular,"игры для детей старшего дошкольного возраста",1586
"старший ребенок",popular,"питания детей старше года",1578
"старший ребенок",popular,"программа для детей старшей группы",1576
"старший ребенок",popular,"дети старшего школьного возраста",1575
"старший ребенок",popular,"старший ребенок сказал",1565
"старший ребенок",popular,"обучение детей старшей группы",1564
"старший ребенок",popular,"развитие речи детей старшего возраста",1556
"старший ребенок",popular,"стихи детям старшей",1550
"старший ребенок",popular,"активности детей старшего дошкольного возраста",1543
"старший ребенок",popular,"песни для детей старшей группы",1535
"старший ребенок",popular,"детей в возрасте старше 5",1533
"старший ребенок",popular,"можно ребенка в группу старше",1526
"старший ребенок",popular,"старшие дети рассказ",1519
"старший ребенок",popular,"социальное развитие ребенка старшего дошкольного возраста",1512
"старший ребенок",popular,"старшие дети в младшей группе",1492
"старший ребенок",popular,"загранпаспорт ребенку старше 14",1489
"старший ребенок",popular,"вопросы для старших детей",1486
"старший ребенок",popular,"подвижные игры старшие дети",1478
"старший ребенок",popular,"ребенок со старшей группе",1469
"старший ребенок",popular,"картинки для старших детей",1469
"старший ребенок",popular,"собрание родителей детей старшей группы",1469
"старший ребенок",popular,"детей 3 5 лет старше",1463
"старший ребенок",popular,"проект для детей старшей",1462
"старший ребенок",popular,"занятия с детьми старшего возраста",1460
"старший ребенок",popular,"речи у детей старшего",1460
"старший ребенок",popular,"развитие речи детей старшего дошкольного",1437
"старший ребенок",popular,"картинки дети старшая группа",1410
"старший ребенок",popular,"развитие речи детей старшего дошкольного возраста",1409
"старший ребенок",popular,"гимнастика для детей старшая группа",1408
"старший ребенок",popular,"фильм старшие дети",1391
"старший ребенок",popular,"детей старше 11 лет",1389
"старший ребенок",popular,"индивидуальная работа с детьми в старшей группе",1366
"старший ребенок",popular,"беседа с детьми старшей группы на тему",1364
"старший ребенок",popular,"работы с детьми старшего дошкольного",1361
"старший ребенок",popular,"представления детей старшего дошкольного возраста",1339
"старший ребенок",popular,"музыка для детей постарше",1327
"старший ребенок",popular,"дети средней и старшей групп",1322
"старший ребенок",popular,"сценарий для детей старшей группы",1317
"старший ребенок",popular,"единое пособие на старшего ребенка",1315
"старший ребенок",popular,"диагностика детей старшей группы",1307
"старший ребенок",popular,"представлений у детей старшего",1305
"старший ребенок",popular,"дети старшего возраста это",1301
"старший ребенок",popular,"работа с детьми старшего дошкольного возраста",1297
"старший ребенок",popular,"для детей старше 12 лет",1296
"старший ребенок",popular,"какой ребенок старшего дошкольного возраста",1291
"старший ребенок",popular,"старший возраст детей в детском саду",1290
"старший ребенок",popular,"танцы для детей постарше",1290
"старший ребенок",popular,"как старшие дети получили",1275
"старший ребенок",popular,"детей постарше мальчиков и",1264
"старший ребенок",popular,"в формировании у детей старшего",1261
"старший ребенок",popular,"старший ребенок характеристика",1261
"старший ребенок",popular,"заболели старшие дети",1260
"старший ребенок",popular,"финансовая грамотность детей старшего дошкольного возраста",1252
"старший ребенок",popular,"женщина старше с ребенком",1237
"старший ребенок",popular,"онр детей старшего возраста",1233
"старший ребенок",popular,"старший ребенок выше",1220
"старший ребенок",popular,"темы для детей старшего дошкольного возраста",1217
"старший ребенок",popular,"детей старшего дошкольного возраста задачи",1207
"старший ребенок",popular,"любите старших детей",1204
"старший ребенок",popular,"мультфильмы для детей старше",1204
"старший ребенок",popular,"детей старшего дошкольного возраста 1",1189
"старший ребенок",popular,"для старших детей можно",1185
"старший ребенок",popular,"онр детей старшего дошкольного возраста",1169
"старший ребенок",popular,"социальная активность детей старшего дошкольного возраста",1167
"старший ребенок",popular,"если старшему ребенку исполнилось 18 лет",1155
"старший ребенок",popular,"музыка детям старшей группы",1154
"старший ребенок",popular,"загранпаспорт ребенку старше 14 лет",1152
"старший ребенок",popular,"задания для детей старшей группы",1149
"старший ребенок",popular,"детский сад дети старшая группа игры",1135
"старший ребенок",popular,"воспитания детей старшей группы",1094
"старший ребенок",popular,"сказки для детей старшей группы",1091
"старший ребенок",popular,"книга для детей постарше",1089
"старший ребенок",popular,"старший возраст детей в доу",1084
"старший ребенок",popular,"рисунки старших детей",1083
"старший ребенок",popular,"порно дети старше",1068
"старший ребенок",popular,"особенности развития детей старшего",1067
"старший ребенок",popular,"дети среднего и старшего возраста",1066
"старший ребенок",popular,"подготовка старшего ребенка",1057
"старший ребенок",popular,"речи у детей старшего дошкольного",1050
"старший ребенок",popular,"старший ребенок беременность",1045
"старший ребенок",popular,"детей старшего дошкольного возраста цель",1045
"старший ребенок",popular,"старший ребенок учится в школе",1043
"старший ребенок",popular,"игры с детьми старшего дошкольного",1036
"старший ребенок",popular,"для детей старше 4 лет",1029
"старший ребенок",popular,"представлений у детей старшего дошкольного",1026
"старший ребенок",popular,"образование детей старшего дошкольного",1020
"старший ребенок",popular,"зарядка для детей постарше",1018
"старший ребенок",popular,"фото старших детей",1015
"старший ребенок",popular,"жена старше и с ребенком",1014
"старший ребенок",popular,"для детей старшей и подготовительной групп",1014
"старший ребенок",popular,"прогулка детей старшей группы",1010
"старший ребенок",popular,"чем старше отец ребенка",999
"старший ребенок",popular,"детям про осень старшая группа",992
"старший ребенок",popular,"проблемы старшего ребенка",981
"старший ребенок",popular,"игры для детских детей постарше",981
"старший ребенок",popular,"детей старшего дошкольного возраста посредством",979
"старший ребенок",popular,"старший ребенок в семье это",973
"старший ребенок",popular,"детей старшего дошкольного возраста через",970
"старший ребенок",popular,"уход за ребенком старше года",962
"старший ребенок",popular,"обучение детей старшего дошкольного возраста",959
"старший ребенок",popular,"развитие деятельности детей старшего дошкольного возраста",956
"старший ребенок",popular,"дидактические игры для детей старшей",953
"старший ребенок",popular,"больной старший ребенок",952
"старший ребенок",popular,"игры детей старшего года",944
"старший ребенок",popular,"занятия для детей старшего дошкольного возраста",938
"старший ребенок",popular,"что умеют дети старшей группы",936
"старший ребенок",popular,"навыков детей старшего дошкольного возраста",917
"старший ребенок",popular,"тяжело быть старшим ребенком",916
"старший ребенок",popular,"что должны уметь дети старшей",914
"старший ребенок",popular,"основы развития детей старшего дошкольного возраста",912
"старший ребенок",popular,"план для детей старшей группы",908
"старший ребенок",popular,"познавательное развитие детей старшего возраста",905
"старший ребенок",popular,"истории старших детей",904
"старший ребенок",popular,"сколько детям в старшей группе",904
"старший ребенок",popular,"дидактические игры детей старшего возраста",898
"старший ребенок",popular,"старшие дети малыши",893
"старший ребенок",popular,"отцы и дети старший сын",878
"старший ребенок",popular,"игры для детей старшей группы детского",878
"старший ребенок",popular,"стихи для детей старшей группы",878
"старший ребенок",popular,"обучение детей старшей группы грамоте",875
"старший ребенок",popular,"способности детей старшего дошкольного",869
"старший ребенок",popular,"детей старшего дошкольного возраста 3",868
"старший ребенок",popular,"подвижные игры для детей старшей группы",867
"старший ребенок",popular,"возрастные особенности детей старшего возраста",867
"старший ребенок",popular,"если старшие дети совершеннолетние",865
"старший ребенок",popular,"танец для детей старшей группы",862
"старший ребенок",popular,"он старше хочет ребенка",861
"старший ребенок",popular,"песня про детей постарше",853
"старший ребенок",popular,"способности детей старшего дошкольного возраста",848
"старший ребенок",popular,"старшая школа возраст детей",843
"старший ребенок",popular,"зарядка для детей старшей группы",843
"старший ребенок",popular,"познавательное развитие детей старшего дошкольного",841
"старший ребенок",popular,"детей старшего дошкольного возраста 2",841
"старший ребенок",popular,"рисование с детьми старшей группы",841
"старший ребенок",popular,"детям более старшего возраста",835
"старший ребенок",popular,"утренний гимнастика для детей для старшей",834
"старший ребенок",popular,"познавательное развитие детей старшего дошкольного возраста",832
"старший ребенок",popular,"сериал игры детей старше",822
"старший ребенок",popular,"сериал дети старшего возраста",819
"старший ребенок",popular,"сериал игры детей старшего возраста",818
"старший ребенок",popular,"план работу с детьми старшей группы",815
"старший ребенок",popular,"выплаты старшим детям сво",814
"старший ребенок",popular,"старший ребенок болеет",809
"старший ребенок",popular,"образование детей старшего дошкольного возраста",808
"старший ребенок",popular,"дети старшего возраста 16",807
"старший ребенок",popular,"диагностика детей старшего возраста",800
"старший ребенок",popular,"утренняя гимнастика для детей старшей группы",798
"старший ребенок",popular,"тетрадь для детей старшего дошкольного",797
"старший ребенок",popular,"активности у детей старшего дошкольного",791
"старший ребенок",popular,"старшему воспитателю от детей",790
"старший ребенок",popular,"тетрадь для детей старшего дошкольного возраста",789
"старший ребенок",popular,"время на старшего ребенка",788
"старший ребенок",popular,"старший ребенок не любим",785
"старший ребенок",popular,"внук старше ребенка",781
"старший ребенок",popular,"знакомство с детьми старшей группы",778
"старший ребенок",popular,"программа для детей старшего дошкольного возраста",776
"старший ребенок",popular,"загадки для старших детей",765
"старший ребенок",popular,"дидактическая игра детей старшего дошкольного возраста",754
"старший ребенок",popular,"старший ребенок как мама",750
"старший ребенок",popular,"занятия с детьми старше года",746
"старший ребенок",popular,"ребенок инвалид старше 18 лет",745
"старший ребенок",popular,"старшие дети автор",743
"старший ребенок",popular,"дети старше 7 лет ипотека",729
"старший ребенок",popular,"дети девочка старше мальчика",727
"старший ребенок",popular,"если старший ребенок ходит",724
"старший ребенок",popular,"видео для детей старшей группы",716
"старший ребенок",popular,"детей старшего дошкольного и младшего",714
"старший ребенок",popular,"возрастные особенности детей старшего дошкольного",713
"старший ребенок",popular,"как средство развития детей старшего возраста",712
"старший ребенок",popular,"праздник для детей старшей группы",710
"старший ребенок",popular,"возрастные особенности детей старшего дошкольного возраста",710
"старший ребенок",popular,"консультация для детей старшей группы",709
"старший ребенок",popular,"развитие способностей детей старшего дошкольного возраста",707
"старший ребенок",popular,"навыков у детей старшего дошкольного",705
"старший ребенок",popular,"в старшей группе детей учат",705
"старший ребенок",popular,"выплаты детям старше 18 лет",702
"старший ребенок",popular,"дети рисуют старшая группа",702
"старший ребенок",popular,"родитель ребенка старше 18",702
"старший ребенок",popular,"развитие детей в игре старшая",699
"старший ребенок",popular,"темы занятий для детей старшей группы",698
"старший ребенок",popular,"играем с детьми постарше",698
"старший ребенок",popular,"старший ребенок тоже ребенок",696
"старший ребенок",popular,"старшему ребенку 21 год",696
"старший ребенок",popular,"внимание дети старшая группа",688
"старший ребенок",popular,"форум дети старшие",686
"старший ребенок",popular,"развитие детей старше 3 лет",683
"старший ребенок",popular,"мужчина старше с ребенком",681
"старший ребенок",popular,"тест старший ребенок",680
"старший ребенок",popular,"аппликации для детей постарше",679
"старший ребенок",popular,"произведения для детей постарше",673
"старший ребенок",popular,"старшая группа какой возраст детей",673
"старший ребенок",popular,"лепка детей старшей группы",668
"старший ребенок",popular,"консультации для родителей детей старшей группы",666
"старший ребенок",popular,"двигательная активность детей старшая группа",665
"старший ребенок",popular,"самостоятельная деятельность детей старшая",657
"старший ребенок",popular,"математика для детей старшей группы",657
"старший ребенок",popular,"старший ребенок как называется",655
"старший ребенок",popular,"планирование для детей старшей группы",652
"старший ребенок",popular,"15 дети старше 2",650
"старший ребенок",popular,"конспект с детьми старшего дошкольного возраста",650
"старший ребенок",popular,"что знает ребенок в старшей группе",649
"старший ребенок",popular,"обиженный старший ребенок",644
"старший ребенок",popular,"ребенка обижают старшие",644
"старший ребенок",popular,"раскраска для детей старшей",641
"старший ребенок",popular,"алименты детям старше 18",638
"старший ребенок",popular,"особенности развития детей старшего возраста",638
"старший ребенок",popular,"дети на год старше стали",632
"старший ребенок",popular,"суммарный объем двигательной активности детей старшей группы",631
"старший ребенок",popular,"развитие речи для детей старшей группы",627
"старший ребенок",popular,"проект для детей старшего дошкольного",626
"старший ребенок",popular,"дети старше 3 х лет",626
"старший ребенок",popular,"поведение детей старшего возраста",625
"старший ребенок",popular,"финансовая грамотность у детей старшего дошкольного",617
"старший ребенок",popular,"развлечение для детей старшая группа",615
"старший ребенок",popular,"как получить инн на ребенка старше",614
"старший ребенок",popular,"диагностика детей старшего дошкольного",614
"старший ребенок",popular,"задачи для детей старшего возраста",611
"старший ребенок",popular,"вопросы для детей старшей группы",611
"старший ребенок",popular,"как получить инн на ребенка старше 14",609
"старший ребенок",popular,"мышления детей старшего дошкольного",608
"старший ребенок",popular,"кровати для детей постарше",607
"старший ребенок",popular,"мероприятие для детей старшей группы",607
"старший ребенок",popular,"труд детей старшей группы",606
"старший ребенок",popular,"мышление ребенка старшего дошкольного возраста",602
"старший ребенок",popular,"старшие против детей",601
"старший ребенок",popular,"детей старше 18 лет 3",599
"старший ребенок",popular,"дети младше чем старшие что делать",598
"старший ребенок",popular,"школе детей старшего дошкольного возраста",596
"старший ребенок",popular,"проект для детей старшего дошкольного возраста",595
"старший ребенок",popular,"песенки для детей постарше",594
"старший ребенок",popular,"программа развития детей старшего дошкольного возраста",594
"старший ребенок",popular,"диагностика детей старшего дошкольного возраста",592
"старший ребенок",popular,"аппликация для детей старшей группы",589
"старший ребенок",popular,"вопросы ответы детям старшей группы",588
"старший ребенок",popular,"дети недели для старшей группы",586
"старший ребенок",popular,"чувства старшего ребенка",586
"старший ребенок",popular,"семейная ипотека дети старше 7",586
"старший ребенок",popular,"овощи для детей старшая группа",583
"старший ребенок",popular,"старший ребенок в семье 8",583
"старший ребенок",popular,"дети старшего дошкольного возраста с тнр",580
"старший ребенок",popular,"дидактические игры для детей старшей группы",577
"старший ребенок",popular,"проект для детей старшей группы",577
"старший ребенок",popular,"любовь старшего ребенка",575
"старший ребенок",popular,"третий ребенок и старшие дети",574
"старший ребенок",popular,"питание детей старше 1 года",573
"старший ребенок",popular,"ребенок и природа старшая",572
"старший ребенок",popular,"дети постарше голые",570
"старший ребенок",popular,"что должны уметь дети в старшей группе",570
"старший ребенок",popular,"познавательное развитие детей старшей группы",567
"старший ребенок",popular,"детские песни для детей постарше",565
"старший ребенок",popular,"цель и задачи детей старшей группы",564
"старший ребенок",popular,"семейная ипотека дети старше 7 лет",558
"старший ребенок",popular,"курсовая старший дошкольный возраст детей",556
"старший ребенок",popular,"связной речи детей старшего дошкольного",555
"старший ребенок",popular,"детей в старшем возрасте виды",551
"старший ребенок",popular,"что должны знать дети в старшей группе",549
"старший ребенок",popular,"связная речь детей старшего дошкольного возраста",547
"старший ребенок",popular,"пособие на детей старше 17",538
"старший ребенок",popular,"детей старшего дошкольного возраста 4",536
"старший ребенок",popular,"патриотическое воспитание детей старшего возраста",536
"старший ребенок",popular,"дети с зпр старшего дошкольного возраста",535
"старший ребенок",popular,"родители и старший и младший ребенок",534
"старший ребенок",popular,"культуры детей старшего дошкольного возраста",532
"старший ребенок",popular,"взрослых и детей старше 6",531
"старший ребенок",popular,"включи старшие дети",530
"старший ребенок",popular,"дети старшего возраста должны",528
"старший ребенок",popular,"дети старшего возраста смотреть",528
"старший ребенок",popular,"конкурсы детям старшим",527
"старший ребенок",popular,"вопросы для детей старшего возраста",524
"старший ребенок",popular,"старшая группа возраст детей в детском",523
"старший ребенок",popular,"девушка с ребенком старше",522
"старший ребенок",popular,"беседы с детьми старшего возраста",517
"старший ребенок",popular,"детей старшего дошкольного возраста методами",515
"старший ребенок",popular,"особенности развития детей старшего дошкольного возраста",513
"старший ребенок",popular,"рассказы для детей старшей группы",511
"старший ребенок",popular,"загадки для детей старшей группы",510
"старший ребенок",popular,"коммуникативная развитие детей старшего возраста",508
"старший ребенок",popular,"многодетная семья дети старше 23 лет",505
"старший ребенок",popular,"для детей постарше имеющая",505
"старший ребенок",popular,"старшая группа в саду возраст детей",504
"старший ребенок",popular,"секс детей старших",504
"старший ребенок",popular,"комплексы старшего ребенка",504
"старший ребенок",popular,"многодетные семьи старший ребенок возраст",503
"старший ребенок",popular,"поздравление старшему ребенку",503
"старший ребенок",popular,"презентации для детей старшего возраста",503
"старший ребенок",popular,"трое детей старшей 18",502
"старший ребенок",popular,"викторина для детей старшей",501
"старший ребенок",popular,"советские мультики для детей постарше",500
"старший ребенок",popular,"мультики старые советские для детей постарше",498
"старший ребенок",popular,"характеристика на ребенка старшей группы",498
"старший ребенок",popular,"патриотическое воспитание детей старшего дошкольного",496
"старший ребенок",popular,"старшие классы возраст детей",495
"старший ребенок",popular,"проблемы детей старшего дошкольного возраста",491
"старший ребенок",popular,"речевое развитие детей старшей группы",490
"старший ребенок",popular,"смотреть игры детей старше",490
"старший ребенок",popular,"если старший ребенок ходит в сад",489
"старший ребенок",popular,"конструирование детей старшего дошкольного возраста",484
"старший ребенок",popular,"игрушки для детей старше года",482
"старший ребенок",popular,"проекты с детьми старшего возраста",482
"старший ребенок",popular,"рисование детей старшего дошкольного возраста",482
"старший ребенок",popular,"пособия на детей старше 17 лет",481
"старший ребенок",popular,"занятие с детьми старшей группы развитие",480
"старший ребенок",popular,"ознакомление детей старшего дошкольного возраста",478
"старший ребенок",popular,"взрослых людей и детей старше",477
"старший ребенок",popular,"получить инн ребенку старше 14 лет",477
"старший ребенок",popular,"безопасность детей старшего возраста",476
"старший ребенок",popular,"пдд с детьми старшей группы",476
"старший ребенок",popular,"раскраски для детей старшей группы",476
"старший ребенок",popular,"смотреть игры детей старшего возраста",475
"старший ребенок",popular,"коммуникативного развития детей старшего дошкольного",475
"старший ребенок",popular,"кровать для детей старше года",473
"старший ребенок",popular,"бью старшего ребенка",473
"старший ребенок",popular,"день знаний для детей старшей группы",472
"старший ребенок",popular,"осенний сценарий для детей старшей группы",470
"старший ребенок",popular,"старшая группа возраст детей в детском саду",470
"старший ребенок",popular,"задачи развития детей старшего дошкольного возраста",469
"старший ребенок",popular,"многодетная семья если старшему ребенку больше 18",469
"старший ребенок",popular,"в семье три ребенка старшая",468
"старший ребенок",popular,"патриотическое воспитание детей старшего дошкольного возраста",467
"старший ребенок",popular,"поведение детей в старшей группе",465
"старший ребенок",popular,"старше 7 детей в семье",465
"старший ребенок",popular,"дети раннего и старшего возраста",464
"старший ребенок",popular,"образовательная деятельность детей старшего дошкольного возраста",464
"старший ребенок",popular,"коммуникативное развитие детей старшего дошкольного возраста",464
"старший ребенок",popular,"старшем возрасте ребенку становится",459
"старший ребенок",popular,"исследование детей старшего возраста",458
"старший ребенок",popular,"речевое развитие детей старшего возраста",458
"старший ребенок",popular,"занятия детей старшей группы доу",457
"старший ребенок",popular,"постарше детей детского дома",456
"старший ребенок",popular,"дети старший брат и младшая сестра",454
"старший ребенок",popular,"самостоятельная деятельность детей в старшей группе",453
"старший ребенок",popular,"психическое развитие детей старшего дошкольного возраста",453
"старший ребенок",popular,"занятия с детьми старшей с онр",452
"старший ребенок",popular,"сказки для детей старшего возраста",452
"старший ребенок",popular,"сердце старше ребенка",452
"старший ребенок",popular,"рисование с детьми старшего возраста",450
"старший ребенок",popular,"старший ребенок ответственность",449
"старший ребенок",popular,"поведение детей старшего дошкольного возраста",449
"старший ребенок",popular,"самый старший ребенок в семье",448
"старший ребенок",popular,"воспитание ребенка старше года",443
"старший ребенок",popular,"игровая деятельность детей старшего возраста",443
"старший ребенок",popular,"питание ребенка старше 3 лет",443
"старший ребенок",popular,"картотека для детей старшей группы",439
"старший ребенок",popular,"формирование навыков детей старшего дошкольного возраста",436
"старший ребенок",popular,"упражнения для детей старшей группы",435
"старший ребенок",popular,"развитие ребенка старше 7 лет",435
"старший ребенок",popular,"произведения для детей старшей группы",433
"старший ребенок",popular,"приобщение детей старшего возраста",433
"старший ребенок",popular,"ребенок и окружающий мир старшая группа",432
"старший ребенок",popular,"методика формирования детей старшего дошкольного возраста",429
"старший ребенок",popular,"пособие на ребенка старше 18 лет",427
"старший ребенок",popular,"навыки детей старшей группы",424
"старший ребенок",popular,"физическое развитие детей старшей группы",424
"старший ребенок",popular,"дети старшего возраста 2021",422
"старший ребенок",popular,"взрослым и детям старше 12",420
"старший ребенок",popular,"оставить на старшего ребенка",420
"старший ребенок",popular,"дети старшего возраста совместно",420
"старший ребенок",popular,"алименты на ребенка старше 18 лет",420
"старший ребенок",popular,"лет паспорт ребенка старше 14",419
"старший ребенок",popular,"занятия с детьми тнр старшая",419
"старший ребенок",popular,"умений у детей старшего",418
"старший ребенок",popular,"общение детей с детьми старшей",417
"старший ребенок",popular,"советские мультфильмы для детей постарше",416
"старший ребенок",popular,"зарядка под музыку для старших детей",415
"старший ребенок",popular,"творческое развитие детей старшего дошкольного возраста",415
"старший ребенок",popular,"приобщения детей старшего дошкольного возраста",414
"старший ребенок",popular,"особенности развития ребенка старшей группы",413
"старший ребенок",popular,"детей старшего дошкольного возраста экологической",411
"старший ребенок",popular,"игровая деятельность детей старшего дошкольного возраста",408
"старший ребенок",popular,"4 детей старшему 16 лет",407
"старший ребенок",popular,"развитие мышления детей старшего дошкольного возраста",407
"старший ребенок",popular,"аудиосказки для детей для детей старше",405
"старший ребенок",popular,"зарядка для детей старшей группы музыка",403
"старший ребенок",popular,"физминутка для детей старшей",403
"старший ребенок",popular,"многодетные до какого возраста старшего ребенка",403
"старший ребенок",popular,"речевого развития детей старшего дошкольного возраста",402
"старший ребенок",popular,"как называют старшего ребенка",402
"старший ребенок",popular,"интересы детей старшего дошкольного возраста",402
"старший ребенок",popular,"сюжетно ролевая игра детей старшего возраста",402
"старший ребенок",popular,"заболевания детей старшего возраста",400
"старший ребенок",popular,"письмо старшему ребенку",398
"старший ребенок",popular,"нарисовать с детьми старшей группы",397
"старший ребенок",popular,"взрослым и детям старше 12 лет",395
"старший ребенок",popular,"прием детей старшая группа",394
"старший ребенок",popular,"обязанности старшего ребенка",393
"старший ребенок",popular,"беседы с детьми старшая группа цель",391
"старший ребенок",popular,"план по самообразованию детьми старшего возраста",391
"старший ребенок",popular,"список детей старшей группы",390
"старший ребенок",popular,"внимание для старшего ребенка",390
"старший ребенок",popular,"питание детей старшего возраста",389
"старший ребенок",popular,"для детей старше 3 х",388
"старший ребенок",popular,"финансовая грамотность для детей старшего возраста",388
"старший ребенок",popular,"фрукты для детей старшей группы",387
"старший ребенок",popular,"детей старшего дошкольного возраста анализ",387
"старший ребенок",popular,"особенности развития детей старше года",385
"старший ребенок",popular,"задания для детей старшего возраста",383
"старший ребенок",popular,"работа с детьми старшего воспитателя",383
"старший ребенок",popular,"интересное для детей старшей группы",383
"старший ребенок",popular,"связной речи у детей старшего",380
"старший ребенок",popular,"нравственное воспитание детей старшего дошкольного возраста",379
"старший ребенок",popular,"старшие дети любят младших",377
"старший ребенок",popular,"правила для детей в старшей группе",376
"старший ребенок",popular,"исследования детей старшего дошкольного возраста",375
"старший ребенок",popular,"ребенок постарше обижает ребенка помладше",375
"старший ребенок",popular,"старший ребенок обижает младшего",375
"старший ребенок",popular,"слушать детям старшей группы",374
"старший ребенок",popular,"старший брат стал ребенком",372
"старший ребенок",popular,"режим детей группы старшей группе",370
"старший ребенок",popular,"нищева тетрадь для детей старшего",369
"старший ребенок",popular,"грамота для детей старшей группы",369
"старший ребенок",popular,"стих про старших детей",368
"старший ребенок",popular,"старшие дети воспитывают младших",366
"старший ребенок",popular,"игры для детей старше 5",364
"старший ребенок",popular,"коляски для детей постарше",364
"старший ребенок",popular,"дети младшего среднего и старшего возраста",363
"старший ребенок",popular,"помощь старшим для детей",362
"старший ребенок",popular,"родительское собрание с детьми старшая группа",362
"старший ребенок",popular,"обучение грамоте детей старшего возраста",361
"старший ребенок",popular,"конспекты занятий для детей старшего возраста",361
"старший ребенок",popular,"физминутка для детей старшей группы",361
"старший ребенок",popular,"рекомендации детям старшей группы",361
"старший ребенок",popular,"игры детей старшего бесплатно возраста",361
"старший ребенок",popular,"рабочая программа для детей старшей группы",361
"старший ребенок",popular,"кружки для детей старшей группы",361
"старший ребенок",popular,"кружок для детей старшей группы",361
"старший ребенок",popular,"для детей постарше и подростков",359
"старший ребенок",popular,"зарядка для детей под музыку старшая группа",359
"старший ребенок",popular,"сферы детей старшего дошкольного возраста",358
"старший ребенок",popular,"развитие навыков у детей старшего",358
"старший ребенок",popular,"развития творческих способностей детей старшего",357
"старший ребенок",popular,"старший ребенок с младшей сестрой",356
"старший ребенок",popular,"почему старших детей любят",356
"старший ребенок",popular,"дети старшего дошкольного возраста статья",356
"старший ребенок",popular,"консультации дети старшего дошкольного возраста",355
"старший ребенок",popular,"оформить пособие на старших детей",355
"старший ребенок",popular,"примеры детям старшая группа",355
"старший ребенок",popular,"осенние песни для детей старшей группы",355
"старший ребенок",popular,"вопросы для детей старшего дошкольного возраста",354
"старший ребенок",popular,"старшие дети помогают младшим",351
"старший ребенок",popular,"старшие дети в больших семьях",351
"старший ребенок",popular,"кричу на старшего ребенка",348
"старший ребенок",popular,"детские работы детей старшей группы",348
"старший ребенок",popular,"литература для детей старшей группы",347
"старший ребенок",popular,"характеристика возраста детей старшего возраста",345
"старший ребенок",popular,"художественно эстетическое развитие детей старшая группа",344
"старший ребенок",popular,"новый год детям в старшей группе",342
"старший ребенок",popular,"знаний детей старшего дошкольного возраста",342
"старший ребенок",popular,"детские песни для детей старшей группы",342
"старший ребенок",popular,"детям старше шести лет",341
"старший ребенок",popular,"вкр детей старшего дошкольного возраста",341
"старший ребенок",popular,"познавательная деятельность детей старшего дошкольного возраста",341
"старший ребенок",popular,"трое детей старшему 18 лет",340
"старший ребенок",popular,"игрушки для детей старшей группы",340
"старший ребенок",popular,"старшие дети смотреть онлайн",340
"старший ребенок",popular,"больничный по уходу за старшим ребенком",339
"старший ребенок",popular,"сценарий день ребенка старшая группа",339
"старший ребенок",popular,"ребенок и природа старшая группа",339
"старший ребенок",popular,"дети старшего возраста сериал смотреть",338
"старший ребенок",popular,"смотреть сериал игры детей старшего",338
"старший ребенок",popular,"физическое развитие ребенка старше года",337
"старший ребенок",popular,"экскурсия детей старшей группы",337
"старший ребенок",popular,"песни про осень для детей старшей группы",337
"старший ребенок",popular,"детей постарше можно купить",336
"старший ребенок",popular,"многодетная семья до какого возраста старшего ребенка",336
"старший ребенок",popular,"мониторинг ребенка старшей группы",336
"старший ребенок",popular,"мероприятия для детей старшего возраста",335
"старший ребенок",popular,"презентация для детей старшего дошкольного возраста",334
"старший ребенок",popular,"игры детей старшей группе с целями",332
"старший ребенок",popular,"отношений детей старшего дошкольного возраста",331
"старший ребенок",popular,"способностей у детей старшего",331
"старший ребенок",popular,"читаем детям старшей группы",331
"старший ребенок",popular,"читать детям старшей группы",331
"старший ребенок",popular,"обучение детей грамоте старший дошкольный возраст",330
"старший ребенок",popular,"книги детей старшего дошкольного возраста",329
"старший ребенок",popular,"игра детей старшего возраста онлайн",328
"старший ребенок",popular,"игры детей старшего возраста 2021",328
"старший ребенок",popular,"игры детей старшего 2",327
"старший ребенок",popular,"детей старшего дошкольного возраста со",326
"старший ребенок",popular,"выступление детей старших",325
"старший ребенок",popular,"беседа с детьми в старшей группе сентябрь",325
"старший ребенок",popular,"общение детей старшего дошкольного возраста",325
"старший ребенок",popular,"тематическое планирование для детей старшей группы",324
"старший ребенок",popular,"дети старшего возраста смотреть онлайн",323
"старший ребенок",popular,"представление на ребенка старшая группа",323
"старший ребенок",popular,"современные дети старший дошкольный возраст",322
"старший ребенок",popular,"физическое развитие детей старшего возраста",322
"старший ребенок",popular,"дидактические для детей старшего дошкольного возраста",321
"старший ребенок",popular,"старший ребенок от первого брака",320
"старший ребенок",popular,"игры детей старшего смотреть онлайн",320
"старший ребенок",popular,"игры дети старшего возраста смотреть онлайн",320
"старший ребенок",popular,"самообразование воспитателя детей старшего возраста",319
"старший ребенок",popular,"вычет на ребенка старше 18",318
"старший ребенок",popular,"третий ребенок если старшему 18",318
"старший ребенок",popular,"математическое развитие детей старшего",317
"старший ребенок",popular,"игра старших детей смотреть бесплатно",316
"старший ребенок",popular,"игры детей старше возраста смотреть бесплатно",316
"старший ребенок",popular,"грудь старшему ребенку",315
"старший ребенок",popular,"ребенка старше пяти лет",315
"старший ребенок",popular,"для детей старше 9 лет",313
"старший ребенок",popular,"описание детьми старшей группы",313
"старший ребенок",popular,"семейная ипотека дети старше 6 лет",312
"старший ребенок",popular,"мастер класс с детьми старших классов",312
"старший ребенок",popular,"игры детей старшего возраста серия",312
"старший ребенок",popular,"пожарная безопасность детям старшей группы",310
"старший ребенок",popular,"внимания детей старшего дошкольного",310
"старший ребенок",popular,"весь год дети старшей группы",308
"старший ребенок",popular,"упражнения для детей старшего дошкольного возраста",308
"старший ребенок",popular,"нищева тетрадь для детей старшего дошкольного",308
"старший ребенок",popular,"лепка для детей постарше",308
"старший ребенок",popular,"связная речь у детей старшего дошкольного",307
"старший ребенок",popular,"конспект занятия с детьми старшего дошкольного возраста",307
"старший ребенок",popular,"сценарий для детей старшего дошкольного возраста",307
"старший ребенок",popular,"развлечения для детей старшего возраста",306
"старший ребенок",popular,"тетрадь для детей старшего дошкольного возраста нищева",306
"старший ребенок",popular,"творческие способности детей старшего возраста",306
"старший ребенок",popular,"дети старшего возраста смотреть онлайн бесплатно",305
"старший ребенок",popular,"пособия для детей старшей группы",304
"старший ребенок",popular,"культуры у детей старшего",304
"старший ребенок",popular,"стихи про детей старшей группы",304
"старший ребенок",popular,"эмоциональное развитие детей старшего дошкольного возраста",304
"старший ребенок",popular,"квест для детей старшей группе",303
"старший ребенок",popular,"онлайн бесплатно игры детей старшего",303
"старший ребенок",popular,"безопасность детей старшего дошкольного возраста",302
"старший ребенок",popular,"игр старших детей смотреть бесплатно онлайн",302
"старший ребенок",popular,"игры детей старшего возраста смотреть онлайн бесплатно",302
"старший ребенок",popular,"консультации для детей старшего возраста",301
"старший ребенок",popular,"требования к старшему ребенку",299
"старший ребенок",popular,"советы старшим детям",299
"старший ребенок",popular,"у детей старшей группы детского",299
"старший ребенок",popular,"книги для детей старшая группа",297
"старший ребенок",popular,"творческие способности детей старшего дошкольного",297
"старший ребенок",popular,"жена старше мужа с ребенком",297
"старший ребенок",popular,"восприятие детей старшего дошкольного возраста",297
"старший ребенок",popular,"чтение детям в старшей группе",296
"старший ребенок",popular,"старшее поколение отцы и дети",296
"старший ребенок",popular,"возраст для детей старше 3 лет",295
"старший ребенок",popular,"внимание детей старшего дошкольного возраста",295
"старший ребенок",popular,"работа с родителями детей старшей группы",294
"старший ребенок",popular,"усыновить ребенка постарше",294
"старший ребенок",popular,"тест детям старшей группы",292
"старший ребенок",popular,"творчество детей старшего возраста",292
"старший ребенок",popular,"лепка с детьми старшего возраста",292
"старший ребенок",popular,"аппликация детей старшего дошкольного возраста",292
"старший ребенок",popular,"учесть старших детей",292
"старший ребенок",popular,"старшие дети характер",291
"старший ребенок",popular,"творческие способности детей старшего дошкольного возраста",290
"старший ребенок",popular,"игры детей старшего возраста сериал 2021",290
"старший ребенок",popular,"игры старших детей сериал 2021",290
"старший ребенок",popular,"сериал дети старшего возраста 2021",290
"старший ребенок",popular,"что делают дети в старшей группе",290
"старший ребенок",popular,"старших детей пожалуйста",289
"старший ребенок",popular,"старших детей любят больше",289
"старший ребенок",popular,"виды деятельности детей старшего дошкольного возраста",289
"старший ребенок",popular,"старшие дети умнее",289
"старший ребенок",popular,"с днем рождения старшего ребенка",288
"старший ребенок",popular,"игра для детей старше 5 лет",288
"старший ребенок",popular,"викторина для детей старшей группы",287
"старший ребенок",popular,"связная речь детей в старшей",287
"старший ребенок",popular,"подвижные игры детей старшего дошкольного возраста",286
"старший ребенок",popular,"ребенка определили в старшую группу",286
"старший ребенок",popular,"занятие психолога с детьми старшей",285
"старший ребенок",popular,"зарядка с музыкой для детей старшей",285
"старший ребенок",popular,"познавательная активность детей старшего возраста",285
"старший ребенок",popular,"детей идут в старшую группу",284
"старший ребенок",popular,"беседа с детьми саду старшая группа",283
"старший ребенок",popular,"стихотворение для детей старшей группы",283
"старший ребенок",popular,"музыкальная игра для детей старшей",282
"старший ребенок",popular,"глаза старше чем ребенок",282
"старший ребенок",popular,"если в семье старший ребенок девочка",282
"старший ребенок",popular,"мультфильмы для детей старше года",282
"старший ребенок",popular,"иом ребенка старшая группа",282
"старший ребенок",popular,"поделки для детей постарше",281
"старший ребенок",popular,"в семье четверо детей старшая девочка",280
"старший ребенок",popular,"права на детей старше 18 лет",280
"старший ребенок",popular,"утренник для детей старшей группы",279
"старший ребенок",popular,"опыты с детьми старшей группы",279
"старший ребенок",popular,"муж старший ребенок в семье",279
"старший ребенок",popular,"реанимация детей старше года",279
"старший ребенок",popular,"движений детей старшего дошкольного возраста",279
"старший ребенок",popular,"детей старшего дошкольного возраста является",278
"старший ребенок",popular,"характеристика детей старшего дошкольного",278
"старший ребенок",popular,"ребенок боится старших детей",278
"старший ребенок",popular,"для детей старше 13 лет",277
"старший ребенок",popular,"развитие творческих способностей детей старшего возраста",277
"старший ребенок",popular,"сценарий праздника для детей старшей группы",277
"старший ребенок",popular,"наследство старшим детям",277
"старший ребенок",popular,"беседа с детьми старшего дошкольного",276
"старший ребенок",popular,"детей старшего дошкольного возраста практическая",276
"старший ребенок",popular,"совместная деятельность детей старшего возраста",276
"старший ребенок",popular,"старшая сестра стала ребенком",276
"старший ребенок",popular,"рисунки для детей старшей группы",275
"старший ребенок",popular,"старший дошкольный возраст прием детей",275
"старший ребенок",popular,"формирование у детей старшего дошкольного через",274
"старший ребенок",popular,"сказка сказка для детей старшего дошкольного",273
"старший ребенок",popular,"календарное планирование для детей старшей группы",273
"старший ребенок",popular,"аппликация с детьми старшего возраста",273
"старший ребенок",popular,"режим дня ребенка старшей группы",272
"старший ребенок",popular,"проектная деятельность детей старшего дошкольного возраста",272
"старший ребенок",popular,"познавательной активности детей старшего дошкольного",271
"старший ребенок",popular,"поведения у детей старшего дошкольного",271
"старший ребенок",popular,"совместные для детей старшей группы",271
"старший ребенок",popular,"для детей старше 6 месяцев",271
"старший ребенок",popular,"характеристика детей от воспитателя старшей группы",271
"старший ребенок",popular,"познавательная активность детей старшего дошкольного возраста",270
"старший ребенок",popular,"развитие мышления у детей старшего дошкольного",270
"старший ребенок",popular,"новорожденный заболел старший ребенок",270
"старший ребенок",popular,"дети девочки старшая группа",270
"старший ребенок",popular,"математических представлений у детей старшего",270
"старший ребенок",popular,"творчество детей старшего дошкольного возраста",269
"старший ребенок",popular,"день ребенка занятие в старшей группе",269
"старший ребенок",popular,"математические представления детей старшего дошкольного возраста",269
"старший ребенок",popular,"старший ребенок и роды",268
"старший ребенок",popular,"характеристика детей старшего дошкольного возраста",267
"старший ребенок",popular,"поздравление детей старшей группы",267
"старший ребенок",popular,"осенний праздник для детей старшей группы",267
"старший ребенок",popular,"правила поведения детей в старшей группе",266
"старший ребенок",popular,"детей старшего дошкольного возраста предмет",266
"старший ребенок",popular,"сценка для детей старшая группа",266
"старший ребенок",popular,"методики для детей старшего дошкольного возраста",265
"старший ребенок",popular,"литвинова конструирование с детьми старшего возраста",264
"старший ребенок",popular,"самообразование с детьми старшего возраста",264
"старший ребенок",popular,"детей старшего дошкольного возраста актуальность",263
"старший ребенок",popular,"чем старше ребенок тем меньше",262
"старший ребенок",popular,"литвинова конструирование с детьми старшего дошкольного",262
"старший ребенок",popular,"литвинова конструирование с детьми старшего дошкольного возраста",262
"старший ребенок",popular,"смесь для ребенка старше года",261
"старший ребенок",popular,"беседа с детьми старшего дошкольного возраста",261
"старший ребенок",popular,"игры детей старшего среднего возраста",261
"старший ребенок",popular,"развитие детей младшего и старшего возраста",261
"старший ребенок",popular,"сказки для детей старшего дошкольного возраста",260
"старший ребенок",popular,"задания для детей старшего дошкольного возраста",260
"старший ребенок",popular,"игры детей старшего возраста 5",259
"старший ребенок",popular,"права детей старшая группа",259
"старший ребенок",popular,"при лечении детей старше",258
"старший ребенок",popular,"детей старшего дошкольного возраста необходимо",258
"старший ребенок",popular,"вычет на детей старше 18 лет",258
"старший ребенок",popular,"день ребенка в доу старшая группа",257
"старший ребенок",popular,"лепка с детьми старшего дошкольного возраста",257
"старший ребенок",popular,"занятие с детьми зпр старшая группа",256
"старший ребенок",popular,"сериал игры детей старшего возраста бесплатно",256
"старший ребенок",popular,"наблюдение за старшими детьми",256
"старший ребенок",popular,"умений у детей старшего дошкольного",255
"старший ребенок",popular,"дети не уважают старших",255
"старший ребенок",popular,"психологические особенности детей старшего",255
"старший ребенок",popular,"сериал игры детей старшего возраста онлайн",254
"старший ребенок",popular,"старший детей 90",254
"старший ребенок",popular,"совместная деятельность детей старшего дошкольного возраста",254
"старший ребенок",popular,"процесс формирования детей старшего дошкольного возраста",254
"старший ребенок",popular,"день рождения ребенка старшая группа",253
"старший ребенок",popular,"дети старшего возраста сериал смотреть онлайн",252
"старший ребенок",popular,"игры детей старшего возраста сериал смотреть онлайн",252
"старший ребенок",popular,"игры старших детей сериал смотреть онлайн",252
"старший ребенок",popular,"характеристики ребенка старшей детский сад",251
"старший ребенок",popular,"музыкальное развитие детей старшего дошкольного возраста",251
"старший ребенок",popular,"петя старше ребенок",251
"старший ребенок",popular,"образовательная деятельность детей в старшей группе",251
"старший ребенок",popular,"развитие ребенка старшего школьного возраста",250
"старший ребенок",popular,"развитие интересов детей старшего дошкольного возраста",250
"старший ребенок",popular,"труд детей старшего дошкольного возраста",250
"старший ребенок",popular,"познавательного интереса детей старшего дошкольного",250
"старший ребенок",popular,"индивидуальный маршрут ребенка старшей группы",250
"старший ребенок",popular,"сюжетно ролевые игры детей старшей группы",249
"старший ребенок",popular,"мероприятие для детей старшего дошкольного возраста",248
"старший ребенок",popular,"день воспитателя с детьми старшей группы",248
"старший ребенок",popular,"детская деятельность детей старшей группы",248
"старший ребенок",popular,"пальчиковая гимнастика для детей постарше",248
"старший ребенок",popular,"аппликация с детьми старшего дошкольного",247
"старший ребенок",popular,"познавательный интерес детей старшего дошкольного возраста",246
"старший ребенок",popular,"дети о старшем брате",246
"старший ребенок",popular,"старший ребенок не хочет младшего",246
"старший ребенок",popular,"пособие по уходу за ребенком старше",245
"старший ребенок",popular,"чем занимаются дети в старшей группе",245
"старший ребенок",popular,"игры старших детей сериал смотреть бесплатно",245
"старший ребенок",popular,"самообразование с детьми старшего дошкольного возраста",244
"старший ребенок",popular,"развлечение для детей старшего дошкольного возраста",244
"старший ребенок",popular,"отпуск по уходу за старшим ребенком",244
"старший ребенок",popular,"характеристика ребенка старшей группы детского",243
"старший ребенок",popular,"дружба для детей старшей группы",243
"старший ребенок",popular,"ребенка старшего возраста принимать",243
"старший ребенок",popular,"перспективный план с детьми старшей группы",243
"старший ребенок",popular,"влияние старших на детей",243
"старший ребенок",popular,"ипотека с детьми старше 6 лет",242
"старший ребенок",popular,"педагогические условия детей старшего дошкольного возраста",241
"старший ребенок",popular,"характеристика детей старшей группы детского сада",241
"старший ребенок",popular,"картинки детей старшего дошкольного возраста",240
"старший ребенок",popular,"словарь детей старшего дошкольного возраста",239
"старший ребенок",popular,"фото детей старшая группа",239
"старший ребенок",popular,"родительское собрание особенности детей старшего возраста",238
"старший ребенок",popular,"народные игры для детей старшей",238
"старший ребенок",popular,"ролевые игры для старших детей",237
"старший ребенок",popular,"методики развития детей старшего дошкольного возраста",236
"старший ребенок",popular,"подготовка детей к грамоте старшая группа",235
"старший ребенок",popular,"добрые игры для детей старшей группы",235
"старший ребенок",popular,"ревность старших детей",235
"старший ребенок",popular,"куклы старшие дети",235
"старший ребенок",popular,"профилактика детей старшего возраста",233
"старший ребенок",popular,"фильм дети старшего возраста",232
"старший ребенок",popular,"диагностика развития детей старшей группе",231
"старший ребенок",popular,"пмпк ребенка старшая группа",231
"старший ребенок",popular,"занятия детей старшей группы с психологом",231
"старший ребенок",popular,"подвижные игры для детей старшего возраста",230
"старший ребенок",popular,"льготы на детей старше 18 лет",229
"старший ребенок",popular,"мультики для детей старше год",229
"старший ребенок",popular,"общее развитие детей старшего дошкольного возраста",228
"старший ребенок",popular,"в день детям старше 6",228
"старший ребенок",popular,"перевод ребенка в группу постарше",228
"старший ребенок",popular,"регистрация ребенка старше 14 лет",227
"старший ребенок",popular,"игры детей старшего возраста 1",226
"старший ребенок",popular,"слушать сказку детям постарше",226
"старший ребенок",popular,"синдром старшего ребенка",226
"старший ребенок",popular,"рабочие тетради для детей старшей группы",225
"старший ребенок",popular,"принцип старшего ребенка",225
"старший ребенок",popular,"воспитатели о детях старшей группы",224
"старший ребенок",popular,"игры для детей старше 7",223
"старший ребенок",popular,"какие пособия на детей старше",223
"старший ребенок",popular,"отношений у детей старшего дошкольного",222
"старший ребенок",popular,"день детям старше 12",222
"старший ребенок",popular,"культуры у детей старшего дошкольного",222
"старший ребенок",popular,"звуки для детей старшей группы",221
"старший ребенок",popular,"ребенок если мама старше папы",221
"старший ребенок",popular,"и детям старше шести",220
"старший ребенок",popular,"налоговый вычет дети старше 18",220
"старший ребенок",popular,"диагностика детей в детском саду старшая группа",219
"старший ребенок",popular,"консультация для родителей детей старшего возраста",219
"старший ребенок",popular,"игры детей старшего 7 лет",218
"старший ребенок",popular,"развитие детей старшего дошкольного возраста курсовая",218
"старший ребенок",popular,"совместная деятельность с детьми старшего дошкольного",218
"старший ребенок",popular,"конспект обучение детей старшей группы",217
"старший ребенок",popular,"индивидуальный план с детьми старшей группы",217
"старший ребенок",popular,"дети виторгана старшего",217
"старший ребенок",popular,"выплаты детям старше 3 лет",216
"старший ребенок",popular,"безопасность беседа с детьми старшей группы",216
"старший ребенок",popular,"музыкальные произведения детям старшей группы",216
"старший ребенок",popular,"игры со старшими детьми",215
"старший ребенок",popular,"аудиосказки для детей старше лет",215
"старший ребенок",popular,"восприятия у детей старшего дошкольного",214
"старший ребенок",popular,"переход детей в старшую группу",213
"старший ребенок",popular,"прописка детей старше года",213
"старший ребенок",popular,"патриотическое воспитание детей старшей группы",213
"старший ребенок",popular,"смерть детей старше года",212
"старший ребенок",popular,"пособия детям старше 7 лет",212
"старший ребенок",popular,"старшие дети психология",212
"старший ребенок",popular,"детям старшей группы день россии",211
"старший ребенок",popular,"старшие дети рудковской",211
"старший ребенок",popular,"давать детям старше 6",210
"старший ребенок",popular,"социально коммуникативное развитие ребенка старшего возраста",210
"старший ребенок",popular,"развитие старшего ребенка в семье",210
"старший ребенок",popular,"работа с детьми старшая группа картотека",209
"старший ребенок",popular,"конструирование для детей старшей группы",208
"старший ребенок",popular,"художественное развитие детей старшего дошкольного возраста",207
"старший ребенок",popular,"прогулки с детьми в старшей",207
"старший ребенок",popular,"песни для детей старшего возраста",206
"старший ребенок",popular,"профессии для детей старшая группа",205
"старший ребенок",popular,"развитие детей старше 1 года",205
"старший ребенок",popular,"дети старшего возраста понятие",205
"старший ребенок",popular,"подарки детям старшей группы",205
"старший ребенок",popular,"старший ребенок на английском",205
"старший ребенок",popular,"исследовательская деятельность детей старшего дошкольного возраста",204
"старший ребенок",popular,"старший ребенок стал маленьким",204
"старший ребенок",popular,"приветствие детей старшей группы",204
"старший ребенок",popular,"особенности дети старшего школьного возраста",204
"старший ребенок",popular,"пальчиковая гимнастика для детей старшей группы",204
"старший ребенок",popular,"готовность детей старшего дошкольного",203
"старший ребенок",popular,"народы россии для детей старшей группы",202
"старший ребенок",popular,"деревья для детей старшей группы",202
"старший ребенок",popular,"как перевести ребенка в группу постарше",201
"старший ребенок",popular,"обследование детей старшей группы",201
"старший ребенок",popular,"попа детей старших",201
"старший ребенок",popular,"развитие творчества детей старшего дошкольного возраста",201
"старший ребенок",popular,"готовности детей старшего дошкольного возраста",200
"старший ребенок",popular,"моторики детей старшего дошкольного",200
"старший ребенок",popular,"недостаточность питания у детей старше года",199
"старший ребенок",popular,"игрушки для детей старшего возраста",199
"старший ребенок",popular,"плюсы старшего ребенка",199
"старший ребенок",popular,"права ребенка детей старшего возраста",199
"старший ребенок",popular,"утренняя зарядка для детей старшей",198
"старший ребенок",popular,"2 ребенка маленький и постарше",198
"старший ребенок",popular,"скачать песни для детей старшей",198
"старший ребенок",popular,"подготовка детей к обучению грамоте старшая группа",198
"старший ребенок",popular,"выплаты сво детям старше 18 лет",196
"старший ребенок",popular,"много детей я старшая",196
"старший ребенок",popular,"фильм игры детей старше",196
"старший ребенок",popular,"воображение детей старшего дошкольного возраста",195
"старший ребенок",popular,"социально коммуникативное развитие детей старшего дошкольного",195
"старший ребенок",popular,"мультфильмы для детей старшей группы",194
"старший ребенок",popular,"театр детей старшей группы",194
"старший ребенок",popular,"стихи для детей старшего возраста",194
"старший ребенок",popular,"обследование ребенка старшего дошкольного возраста",194
"старший ребенок",popular,"ребенок самый старший в группе",194
"старший ребенок",popular,"оригами для старших детей",193
"старший ребенок",popular,"физическое развитие ребенка старшего дошкольного возраста",193
"старший ребенок",popular,"т с дети старшего возраста",192
"старший ребенок",popular,"картотека для детей старшего дошкольного возраста",191
"старший ребенок",popular,"настольные игры для старших детей",191
"старший ребенок",popular,"ребенок черно старший",191
"старший ребенок",popular,"методы развития детей старшего дошкольного возраста",191
"старший ребенок",popular,"чем занять старшего ребенка",191
"старший ребенок",popular,"сказки детям старшей группы детского сада",190
"старший ребенок",popular,"занятие безопасность детей старшая группа",190
"старший ребенок",popular,"диагностика развития детей старшего дошкольного возраста",190
"старший ребенок",popular,"формирование умение детей старшего дошкольного возраста",190
"старший ребенок",popular,"знали все старшие дети",190
"старший ребенок",popular,"пдд для детей старшего возраста",190
"старший ребенок",popular,"старший ребенок ревнует",190
"старший ребенок",popular,"память детей старшего дошкольного возраста",190
"старший ребенок",popular,"третий ребенок если старшему 18 лет",189
"старший ребенок",popular,"конструкторы для старших детей",189
"старший ребенок",popular,"социально коммуникативное развитие детей старшей группы",189
"старший ребенок",popular,"старшим ребенком из трех младших детей",188
"старший ребенок",popular,"план старшего воспитателя с детьми",188
"старший ребенок",popular,"беседа игры с детьми старшей группы",188
"старший ребенок",popular,"в семье трое детей старшему 18",188
"старший ребенок",popular,"старший воспитатель работает с детьми",187
"старший ребенок",popular,"как принять старшего ребенка",187
"старший ребенок",popular,"карточки для детей старшей группы",187
"старший ребенок",popular,"детей старшего дошкольного возраста экспериментальной",187
"старший ребенок",popular,"старший ребенок сидит с младшим",187
"старший ребенок",popular,"методики на старшего ребенка",187
"старший ребенок",popular,"дети старший мальчик младше девочка",186
"старший ребенок",popular,"беседа с детьми старшей группы 1 сентября",185
"старший ребенок",popular,"психологические особенности детей старшего возраста",185
"старший ребенок",popular,"пособие на ребенка старше 3",184
"старший ребенок",popular,"к концу году дети старшей группы",184
"старший ребенок",popular,"фэмп с детьми старшей группы",184
"старший ребенок",popular,"игра занятие для детей старшей группы",184
"старший ребенок",popular,"гимнастика для детей старшего возраста",184
"старший ребенок",popular,"поделки для детей старшая группа",184
"старший ребенок",popular,"многодетность если старшему ребенку 18",184
"старший ребенок",popular,"здорового образа жизни детей старшего",184
"старший ребенок",popular,"викторина для детей старшего возраста",184
"старший ребенок",popular,"игровая деятельность детей старшей группы",183
"старший ребенок",popular,"дети старшей крови",183
"старший ребенок",popular,"дети постарше словосочетание",183
"старший ребенок",popular,"занятия со старшими детьми",182
"старший ребенок",popular,"дети бондарчука старшего",182
"старший ребенок",popular,"старшему ребенку не купили",182
"старший ребенок",popular,"выплаты детям старше 17 лет",182
"старший ребенок",popular,"помощь старших детей младшим",182
"старший ребенок",popular,"дети взрослеют становятся старше",182
"старший ребенок",popular,"эстафета для детей старшей группы",181
"старший ребенок",popular,"лечебное питание для детей старше года",181
"старший ребенок",popular,"возраст детей младшей средней старшей групп",181
"старший ребенок",popular,"экологическое воспитание детей старшего дошкольного",181
"старший ребенок",popular,"дети старшего дошкольного возраста с овз",180
"старший ребенок",popular,"развитие внимания детей старшего дошкольного возраста",180
"старший ребенок",popular,"танец осенний для детей старшей группы",180
"старший ребенок",popular,"индивидуальная работа с детьми цель старшая",180
"старший ребенок",popular,"творческая деятельность детей старшего дошкольного возраста",180
"старший ребенок",popular,"виды деятельности детей старшая группа",179
"старший ребенок",popular,"где получить инн на ребенка старше 14",179
"старший ребенок",popular,"семья для детей старшего возраста",179
"старший ребенок",popular,"опыты с детьми старшего возраста",178
"старший ребенок",popular,"видео для детей старшего возраста",178
"старший ребенок",popular,"что нужно ребенку в старшей группе",177
"старший ребенок",popular,"экологическое воспитание детей старшего возраста",177
"старший ребенок",popular,"деятельность детей старшая группа конспект",177
"старший ребенок",popular,"игры детей старшего возраста 7",177
"старший ребенок",popular,"сколько лет детям в старшей школе",176
"старший ребенок",popular,"дети играют старший возраст",176
"старший ребенок",popular,"дети средней и старшей группы возраст",176
"старший ребенок",popular,"чему научатся дети старшей группы",176
"старший ребенок",popular,"памятка для родителей детей старшей группы",175
"старший ребенок",popular,"экологическое воспитание детей старшего дошкольного возраста",175
"старший ребенок",popular,"старшие дети ответственнее",175
"старший ребенок",popular,"единое пособие на детей старше 18",175
"старший ребенок",popular,"игры для детей старше 6 лет",175
"старший ребенок",popular,"книги для детей старшего возраста",175
"старший ребенок",popular,"задачи воспитания детей старшей группы",175
"старший ребенок",popular,"ребенок встречает с постарше",174
"старший ребенок",popular,"ваш ребенок постарше то",173
"старший ребенок",popular,"развитие познавательной активности детей старшего возраста",173
"старший ребенок",popular,"правильно ли старшего ребенка",173
"старший ребенок",popular,"математическое развитие детей старшего дошкольного возраста",173
"старший ребенок",popular,"игры для улицы для детей постарше",173
"старший ребенок",popular,"мелкая моторика детей старшего дошкольного возраста",173
"старший ребенок",popular,"старшая группа сколько лет детям",173
"старший ребенок",popular,"квест для детей старшего возраста",172
"старший ребенок",popular,"мультики для детей старше 2",172
"старший ребенок",popular,"перспективный план работы детьми старшей группы",171
"старший ребенок",popular,"старший ребенок бьет младшего",171
"старший ребенок",popular,"виды игр детей старшего дошкольного возраста",171
"старший ребенок",popular,"оставить ребенка со старшим ребенком",171
"старший ребенок",popular,"проблемы развития детей старшего дошкольного возраста",171
"старший ребенок",popular,"воспитание детей старший младший",171
"старший ребенок",popular,"наблюдение с детьми старшей группы",171
"старший ребенок",popular,"для детей постарше начиная с",171
"старший ребенок",popular,"детям о мире в старшей группе",170
"старший ребенок",popular,"развитие познавательных интересов детей старшего дошкольного возраста",170
"старший ребенок",popular,"загадки для детей постарше с ответами",170
"старший ребенок",popular,"литература для детей старшего возраста",169
"старший ребенок",popular,"счет детей в старшей группе",169
"старший ребенок",popular,"аудиосказки для детей старшей группы",169
"старший ребенок",popular,"планирование деятельности с детьми старшей группы",168
"старший ребенок",popular,"утренняя зарядка для детей старшей группы",168
"старший ребенок",popular,"коммуникативных навыков у детей старшего",168
"старший ребенок",popular,"сделал ребенка старшей сестре",168
"старший ребенок",popular,"ипотека с двумя детьми старше 7",167
"старший ребенок",popular,"досуг для детей старшей",167
"старший ребенок",popular,"картотека игр для детей старшей группы",167
"старший ребенок",popular,"компенсация детям старше 18 лет",166
"старший ребенок",popular,"оригами для детей старшей группы",166
"старший ребенок",popular,"игры детей старшего возраста 2",166
"старший ребенок",popular,"гимн старших детей",166
"старший ребенок",popular,"для детей старшего дошкольного возраста характерно",165
"старший ребенок",popular,"семейная ипотека с детьми старше 6",165
"старший ребенок",popular,"многодетная семья до скольки лет старшего ребенка",165
"старший ребенок",popular,"взрослые игры старших детей",164
"старший ребенок",popular,"почему старшего ребенка любят больше",163
"старший ребенок",popular,"общение детей в старшей группе",162
"старший ребенок",popular,"сценарии развлечений детей старшей группы",162
"старший ребенок",popular,"акция внимание дети в старшей группе",162
"старший ребенок",popular,"температура у старшего ребенка",162
"старший ребенок",popular,"эмоциональная сфера детей старшего дошкольного возраста",161
"старший ребенок",popular,"игровые технологии детей старшего возраста",161
"старший ребенок",popular,"аудиокнига детям постарше",161
"старший ребенок",popular,"младенец и старшие дети",161
"старший ребенок",popular,"занятия педагога психолога с детьми старшей группы",161
"старший ребенок",popular,"старшем дошкольном возрасте дети начинают",161
"старший ребенок",popular,"понятие ребенок старшего дошкольного возраста",161
"старший ребенок",popular,"сказки на ночь для детей постарше",160
"старший ребенок",popular,"дети трахают постарше",160
"старший ребенок",popular,"лечение детей старшего возраста",160
"старший ребенок",popular,"средства воспитания детей старшего дошкольного возраста",160
"старший ребенок",popular,"звукопроизношения детей старшего дошкольного возраста",160
"старший ребенок",popular,"массы тела дети старше",159
"старший ребенок",popular,"игрушки для детей старше 3 лет",159
"старший ребенок",popular,"безопасного поведения у детей старшего",159
"старший ребенок",popular,"дети ебут постарше",159
"старший ребенок",popular,"в старшей группе детей знакомят с",158
"старший ребенок",popular,"игры детей старшего возраста 2021 смотреть",158
"старший ребенок",popular,"сценарий осеннего праздника для детей старшей группы",158
"старший ребенок",popular,"питание детей старшего школьного возраста",157
"старший ребенок",popular,"коммуникативные навыки детей старшего дошкольного возраста",157
"старший ребенок",popular,"праздник для детей старшего дошкольного возраста",156
"старший ребенок",popular,"рассказы для детей старшего возраста",156
"старший ребенок",popular,"сферы у детей старшего дошкольного",156
"старший ребенок",popular,"как воспитывать старшего ребенка",156
"старший ребенок",popular,"детей старшего дошкольного возраста трудовому",156
"старший ребенок",popular,"игры детей старшей школы",156
"старший ребенок",popular,"экспериментальная деятельность детей старшего возраста",156
"старший ребенок",popular,"познавательные процессы детей старшего дошкольного",155
"старший ребенок",popular,"квест игры для детей старшей группы",155
"старший ребенок",popular,"аудиосказки для детей постарше слушать",155
"старший ребенок",popular,"психологических особенностей ребенка старшего дошкольного",154
"старший ребенок",popular,"методика диагностика детей старшего возраста",154
"старший ребенок",popular,"сказки для старших детей детского сада",154
"старший ребенок",popular,"игрушка для детей старше трех лет",154
"старший ребенок",popular,"дети среднего и старшего школьного возраста",154
"старший ребенок",popular,"прописи для детей постарше",154
"старший ребенок",popular,"мама детям в старшей группе",153
"старший ребенок",popular,"игры детей старшего возраста онлайн 2021",153
"старший ребенок",popular,"познавательные процессы детей старшего дошкольного возраста",153
"старший ребенок",popular,"логическое мышление дети старшего дошкольного возраста",153
"старший ребенок",popular,"сценарий сказка для детей старшей",152
"старший ребенок",popular,"старший ребенок заболел ветрянкой",152
"старший ребенок",popular,"как относятся старший ребенок",152
"старший ребенок",popular,"песенки для детей старшей группы",152
"старший ребенок",popular,"читать детям старшего возраста",152
"старший ребенок",popular,"характеристика ребенка пмпк старшая группа",151
"старший ребенок",popular,"сон ребенка старше года",151
"старший ребенок",popular,"кружки для детей старшего дошкольного возраста",151
"старший ребенок",popular,"кружок для детей старшего дошкольного возраста",151
"старший ребенок",popular,"старшие дети живут с бывшим мужем",151
"старший ребенок",popular,"пособия на детей старше 7",150
"старший ребенок",popular,"общение с детьми старшего возраста",150
"старший ребенок",popular,"развитие связной речи детей старшей группы",150
"старший ребенок",popular,"ситуации для детей старшей группы",149
"старший ребенок",popular,"оказывается чем старше ребенок",149
"старший ребенок",popular,"транспорт детям старшей группы",149
"старший ребенок",popular,"безопасность детей на дороге старшая группа",147
"старший ребенок",popular,"родителям детей старше 10 лет",147
"старший ребенок",popular,"подвижные игры для детей старшего дошкольного",147
"старший ребенок",popular,"младшего ребенка любят больше чем старшего",147
"старший ребенок",popular,"игры детей старшего возраста 3",146
"старший ребенок",popular,"задания по математике для старших детей",146
"старший ребенок",popular,"скачать игра старший ребенок",146
"старший ребенок",popular,"музыкальная игра для детей старшей группы",146
"старший ребенок",popular,"развлечения детей саду старшей группы",146
"старший ребенок",popular,"особенности речи детей старшего дошкольного возраста",146
"старший ребенок",popular,"недостаточность питания у детей старше 1 года",145
"старший ребенок",popular,"барбоскины старший ребенок",145
"старший ребенок",popular,"нод с детьми старшей группы",145
"старший ребенок",popular,"финансовая грамотность для детей старшей группы",145
"старший ребенок",popular,"ненавижу старшего ребенка",145
"старший ребенок",popular,"старший ребенок акиньшиной",144
"старший ребенок",popular,"мультики для детей старше 3",144
"старший ребенок",popular,"развивающая деятельность детей старшей группы",144
"старший ребенок",popular,"адаптация детей старшей группы",144
"старший ребенок",popular,"психологические особенности детей старшего дошкольного возраста",144
"старший ребенок",popular,"прописать ребенка старше 14 лет",143
"старший ребенок",popular,"художественная литература для детей старшей группы",143
"старший ребенок",popular,"уход за ребенком старше 15 лет",143
"старший ребенок",popular,"нравственно патриотическое воспитание детей старшего возраста",143
"старший ребенок",popular,"игры детей старшего класса",142
"старший ребенок",popular,"детям старше 16 пособие",142
"старший ребенок",popular,"театрализованные игры детей старшего",142
"старший ребенок",popular,"письму детей старшего дошкольного возраста",142
"старший ребенок",popular,"списки детей старшего возраста",142
"старший ребенок",popular,"русские сказки для детей постарше",142
"старший ребенок",popular,"развитие воображения ребенка старшего дошкольного возраста",141
"старший ребенок",popular,"развития воображения детей старшего дошкольного",141
"старший ребенок",popular,"уход за ребенком старше 1 года",141
"старший ребенок",popular,"средней игры для детей старшей группы",141
"старший ребенок",popular,"прописи для детей старшей группы",141
"старший ребенок",popular,"стих для детей старшего дошкольного возраста",140
"старший ребенок",popular,"организация детей на прогулке старшая группа",140
"старший ребенок",popular,"задания для детей старшей группы по математике",140
"старший ребенок",popular,"детей старшего дошкольного возраста объект",140
"старший ребенок",popular,"дети старшего дошкольного возраста определение",140
"старший ребенок",popular,"дети старшего дошкольного возраста с дизартрией",140
"старший ребенок",popular,"математическое развитие детей старшей группы",139
"старший ребенок",popular,"рекомендации родителям детей старшей группы",139
"старший ребенок",popular,"ценности детей старшего дошкольного возраста",139
"старший ребенок",popular,"пособия детям старше 16 лет",139
"старший ребенок",popular,"стихи про осень для детей старшей группы",139
"старший ребенок",popular,"игры старших детей сериал смотреть 2021",139
"старший ребенок",popular,"смотреть сериал дети старшего возраста 2021",139
"старший ребенок",popular,"игры для старших и младших детей",139
"старший ребенок",popular,"развлечения детей старшей группы детского сада",139
"старший ребенок",popular,"уважение к старшим для детей",138
"старший ребенок",popular,"экспериментальная деятельность детей старшего дошкольного возраста",138
"старший ребенок",popular,"материнский капитал на обучение старшего ребенка",138
"старший ребенок",popular,"познавательно исследовательская деятельность детей старшего возраста",138
"старший ребенок",popular,"здоровье детей старшего дошкольного возраста",138
"старший ребенок",popular,"после рождения младшего ребенка старший",138
"старший ребенок",popular,"дети войны старшая группа",137
"старший ребенок",popular,"конспект занятия детей тнр старшей группы",137
"старший ребенок",popular,"тревожность детей старшего дошкольного возраста",137
"старший ребенок",popular,"календарный план для детей старшей группы",137
"старший ребенок",popular,"если старший ребенок ходит в школу",137
"старший ребенок",popular,"воспитание детей старшей дошкольной группы",136
"старший ребенок",popular,"задачи воспитания детей старшего дошкольного возраста",136
"старший ребенок",popular,"домашнее задание для детей старшая группа",136
"старший ребенок",popular,"совместная деятельность с детьми в старшей группе",136
"старший ребенок",popular,"артикуляционная гимнастика для детей старшая",136
"старший ребенок",popular,"чем занять детей старшей группы",136
"старший ребенок",popular,"методики диагностики детей старшего дошкольного возраста",135
"старший ребенок",popular,"утренние беседы с детьми в старшей",135
"старший ребенок",popular,"утренняя беседа с детьми в старшей группе",135
"старший ребенок",popular,"занятие с детьми овз старшая группа",135
"старший ребенок",popular,"старший воспитатель с детьми с овз",135
"старший ребенок",popular,"учебная деятельность детей старшего дошкольного возраста",135
"старший ребенок",popular,"темы консультации для родителей старших детей",135
"старший ребенок",popular,"витамины для детей старше 12 лет",135
"старший ребенок",popular,"старший ребенок забирает младшего из сада",134
"старший ребенок",popular,"разработка с детьми старшего дошкольного возраста",134
"старший ребенок",popular,"дети старшего подросткового возраста",134
"старший ребенок",popular,"чтение для детей старшего возраста",134
"старший ребенок",popular,"чтение художественной литературы детям старшей группы",133
"старший ребенок",popular,"план занятий с детьми старшей группы",133
"старший ребенок",popular,"личность ребенка старшего дошкольного возраста",133
"старший ребенок",popular,"раздражает старший ребенок",133
"старший ребенок",popular,"бесплатно дети старше 6 лет",132
"старший ребенок",popular,"дети рождаются старше всех",132
"старший ребенок",popular,"гимнастика для детей старшего дошкольного возраста",132
"старший ребенок",popular,"мастер классы для детей старшего возраста",132
"старший ребенок",popular,"конкурсы для детей старшего возраста",132
"старший ребенок",popular,"задачи обучения детей старшей группы",132
"старший ребенок",popular,"дети делают зарядку старшая группа",132
"старший ребенок",popular,"почему дети выглядят старше",131
"старший ребенок",popular,"заболел старший ребенок а дома новорожденный",131
"старший ребенок",popular,"доверенность на ребенка старшей сестре",131
"старший ребенок",popular,"комплекс гимнастики для детей старшей группы",131
"старший ребенок",popular,"цветы для детей старшей группы",130
"старший ребенок",popular,"загадки для детей старшего возраста",130
"старший ребенок",popular,"дети постарше часть речи",130
"старший ребенок",popular,"роль старшего ребенка в семье",130
"старший ребенок",popular,"возраст детей старшей группы доу",130
"старший ребенок",popular,"фотоотчет с детьми старшая группа",130
"старший ребенок",popular,"родителям о детях старшего возраста",130
"старший ребенок",popular,"женщина постарше без детей",129
"старший ребенок",popular,"старшие дети успешнее",129
"старший ребенок",popular,"беседа с родителями детей старшей группы",128
"старший ребенок",popular,"муж старше не хочет детей",128
"старший ребенок",popular,"старший и ребенок аниме",128
"старший ребенок",popular,"магазины для детей постарше",128
"старший ребенок",popular,"осенняя сказка для детей старшей группы",128
"старший ребенок",popular,"пособие на детей старше 3 лет",128
"старший ребенок",popular,"взаимодействие с детьми в старшей группе",128
"старший ребенок",popular,"как быть старшему ребенку девочке",128
"старший ребенок",popular,"знаний у детей старшего дошкольного",128
"старший ребенок",popular,"программа для детей старшей группы сада",127
"старший ребенок",popular,"выплаты на ребенка старше 3",127
"старший ребенок",popular,"детские стихи для детей постарше",127
"старший ребенок",popular,"старший ребенок не слушается",126
"старший ребенок",popular,"коммуникативные навыки у детей дошкольного старшего",126
"старший ребенок",popular,"в основном у детей старшего",126
"старший ребенок",popular,"фонематическое развитие детей старшего",126
"старший ребенок",popular,"темы проектов для детей старшей группы",126
"старший ребенок",popular,"карта развития ребенка старшая группа",126
"старший ребенок",popular,"музыка для детей старшего возраста",126
"старший ребенок",popular,"игры детей старшего школьного возраста",125
"старший ребенок",popular,"сценарии с детьми старшего возраста",125
"старший ребенок",popular,"для детей постарше клуб",125
"старший ребенок",popular,"беседы с детьми старшей группы пдд",125
"старший ребенок",popular,"сказки для детей старше 5",124
"старший ребенок",popular,"как старшие дети рисуют",124
"старший ребенок",popular,"развития памяти детей старшего дошкольного возраста",124
"старший ребенок",popular,"картины для детей старшей группы",124
"старший ребенок",popular,"литература для детей старшего дошкольного возраста",124
"старший ребенок",popular,"нет старших и младших детей в",124
"старший ребенок",popular,"ребенок старшей группы какой он",124
"старший ребенок",popular,"форма для детей старшего дошкольного возраста",124
"старший ребенок",popular,"старшие дети знакомятся с",124
"старший ребенок",popular,"перевозка детей старше 7",124
"старший ребенок",popular,"хрестоматия для детей старшей",124
"старший ребенок",popular,"как подготовить старшего ребенка",123
"старший ребенок",popular,"дети старше нового мужа",123
"старший ребенок",popular,"просто дети стали старше",123
"старший ребенок",popular,"отношения старших и младших детей",123
"старший ребенок",popular,"работа с ребенком овз старшая группа",123
"старший ребенок",popular,"конкурсы для детей старшей группы",122
"старший ребенок",popular,"система развития детей старшего дошкольного возраста",122
"старший ребенок",popular,"сюжетная игра для детей старшей группы",122
"старший ребенок",popular,"опыты с детьми старшего дошкольного",122
"старший ребенок",popular,"опыты с детьми старшего дошкольного возраста",122
"старший ребенок",popular,"родители не любят старших детей",122
"старший ребенок",popular,"ребенок не слушает старших",122
"старший ребенок",popular,"технологическая карта для детей старшей группы",121
"старший ребенок",popular,"ребенок общается со старшими детьми",121
"старший ребенок",popular,"ребенок и старшая сестра порно",121
"старший ребенок",popular,"читаем детям старшего дошкольного возраста",121
"старший ребенок",popular,"читать детям старшего дошкольного возраста",121
"старший ребенок",popular,"курсовая игра детей старшего дошкольного возраста",121
"старший ребенок",popular,"примеры для детей старшего дошкольного возраста",121
"старший ребенок",popular,"ролевые игры для детей старшей группы",120
"старший ребенок",popular,"художественное эстетическое развитие детей старшего возраста",120
"старший ребенок",popular,"рабочая программа для детей старшего возраста",120
"старший ребенок",popular,"прописка ребенка старше 14 лет",120
"старший ребенок",popular,"детский сад игры детей старшего возраста",120
"старший ребенок",popular,"творческое развитие детей старшая группа",120
"старший ребенок",popular,"развитие рисования детей старшего дошкольного возраста",120
"старший ребенок",popular,"игры на улице для детей старшей группы",120
"старший ребенок",popular,"индивидуальные образовательные маршруты детей старшей группы",120
"старший ребенок",popular,"беседа дети мира старшая группа",119
"старший ребенок",popular,"питание детей старшего дошкольного возраста",119
"старший ребенок",popular,"рисование дети делают зарядку старшая",119
"старший ребенок",popular,"открытое занятие для детей старшая группа",119
"старший ребенок",popular,"выплаты сво гибель дети старшие детям",118
"старший ребенок",popular,"старший ребенок не принимает младшего",118
"старший ребенок",popular,"квесты для детей старшего дошкольного возраста",118
"старший ребенок",popular,"питание детей старше года клинические рекомендации",118
"старший ребенок",popular,"эстетическому развитию детей старшего дошкольного",118
"старший ребенок",popular,"воспитательная работа с детьми старшей группы",118
"старший ребенок",popular,"неделя безопасности ребенка старшая группа",117
"старший ребенок",popular,"народные игры для детей старшего возраста",117
"старший ребенок",popular,"чего не должен старший ребенок",117
"старший ребенок",popular,"педагогические особенности детей старшего дошкольного возраста",117
"старший ребенок",popular,"программа обучения детей старшего дошкольного возраста",117
"старший ребенок",popular,"фильм ребенок становится старше",117
"старший ребенок",popular,"в старшем дошкольном возрасте дети должны",117
"старший ребенок",popular,"эстетическое развитие детей старшего дошкольного возраста",117
"старший ребенок",popular,"травмы старшего ребенка",117
"старший ребенок",popular,"аудиокниги для детей 10 лет и старше",117
"старший ребенок",popular,"нравственное воспитание детей старшей группы",116
"старший ребенок",popular,"налоговый вычет на ребенка старше 18 лет",116
"старший ребенок",popular,"что делают старшие дети в семьях",116
"старший ребенок",popular,"почему младших любят больше чем старших детей",116
"старший ребенок",popular,"сценарии сказки для детей старшей группы",116
"старший ребенок",popular,"социализация детей старшего дошкольного возраста",116
"старший ребенок",popular,"больничный ребенок старше 7 лет",116
"старший ребенок",popular,"спортивные развлечения для старших детей",115
"старший ребенок",popular,"мелкой моторики у детей старшего",115
"старший ребенок",popular,"роман отцы и дети старшее поколение",115
"старший ребенок",popular,"программа обучения детей старшей группы",115
"старший ребенок",popular,"уделять внимания старшему ребенку",114
"старший ребенок",popular,"для старших детей спб",114
"старший ребенок",popular,"темы проектов для детей старшего возраста",114
"старший ребенок",popular,"сценарий утренника для детей старшей группы",114
"старший ребенок",popular,"игры упражнения для детей старшей группе",114
"старший ребенок",popular,"развитие восприятия детей старшего дошкольного возраста",114
"старший ребенок",popular,"аудиосказка для детей старше 10",114
"старший ребенок",popular,"машинки для детей постарше",113
"старший ребенок",popular,"игры для детей старше 3 лет",113
"старший ребенок",popular,"викторины для детей старшего дошкольного возраста",113
"старший ребенок",popular,"речевые игры детей старшего дошкольного возраста",113
"старший ребенок",popular,"характер ребенка старшего возраста",113
"старший ребенок",popular,"хрестоматия для детей старшего возраста",113
"старший ребенок",popular,"хрестоматия для детей старшего дошкольного",113
"старший ребенок",popular,"хрестоматия для детей старшего дошкольного возраста",113
"старший ребенок",popular,"одаренные дети старшая группа",113
"старший ребенок",popular,"и старше беременные женщины дети",112
"старший ребенок",popular,"младший ребенок в школу к старшему",112
"старший ребенок",popular,"список литературы для детей старшей группы",112
"старший ребенок",popular,"игры для детей доу старшая группа",112
"старший ребенок",popular,"музыкальная игра для детей старшего возраста",112
"старший ребенок",popular,"фильм где дети старше родителей",112
"старший ребенок",popular,"старшие дети дмитрия",111
"старший ребенок",popular,"старшая сестра не хочет детей",111
"старший ребенок",popular,"формы работы с детьми старшей группы",111
"старший ребенок",popular,"рисунки детей старшей группы на тему",111
"старший ребенок",popular,"как старший ребенок реагирует",111
"старший ребенок",popular,"тематический день ребенка в старшей группе",111
"старший ребенок",popular,"речевые нарушения детей старшего дошкольного возраста",110
"старший ребенок",popular,"дорожные знаки для детей старшей группы",110
"старший ребенок",popular,"реакция старшего ребенка на",110
"старший ребенок",popular,"ребенок самый старший в саду",110
"старший ребенок",popular,"можно ли детям старше 5 лет",110
"старший ребенок",popular,"творчество детей в старшей группе",110
"старший ребенок",popular,"времена года для детей старшей группы",110
"старший ребенок",popular,"в семье старший ребенок малую",110
"старший ребенок",popular,"игрушки для детей старшего дошкольного возраста",110
"старший ребенок",popular,"самообразование для детей старшей группы",110
"старший ребенок",popular,"ребенку месяц старший заболел",110
"старший ребенок",popular,"познавательные игры детей старшего дошкольного возраста",110
"старший ребенок",popular,"правила родителей для старшего ребенка",109
"старший ребенок",popular,"ролевые игры для детей старшего возраста",109
"старший ребенок",popular,"энтеральное питание для детей старше года",109
"старший ребенок",popular,"разговоры с детьми старшая группа",109
"старший ребенок",popular,"развитие общения детей старшего дошкольного возраста",109
"старший ребенок",popular,"план деятельности детей в старшей группе",109
"старший ребенок",popular,"агрессивное поведение ребенка старшего возраста",109
"старший ребенок",popular,"дети колесникова старшего",108
"старший ребенок",popular,"сказки детям старше 5 лет",108
"старший ребенок",popular,"музыкальные занятия для детей старшей группы",108
"старший ребенок",popular,"дополнительное образование детей старшего дошкольного возраста",108
"старший ребенок",popular,"проектная деятельность с детьми старшего возраста",108
"старший ребенок",popular,"рассказ для детей старшего дошкольного возраста",108
"старший ребенок",popular,"старший ребенок в семье проблемы",108
"старший ребенок",popular,"анализ развития детей старшего дошкольного возраста",108
"старший ребенок",popular,"избивают старших детей",107
"старший ребенок",popular,"беседы старшего воспитателя с детьми",107
"старший ребенок",popular,"физкультурное занятие детей старшей группы",107
"старший ребенок",popular,"ревность старшего ребенка к младшему",107
"старший ребенок",popular,"профориентации детей старшего дошкольного возраста",107
"старший ребенок",popular,"особенности воспитания детей старшего возраста",107
"старший ребенок",popular,"о профессиях детям старшего возраста",106
"старший ребенок",popular,"интерактивная игра для детей старшей группы",106
"старший ребенок",popular,"эксперимент с детьми старшей группы",106
"старший ребенок",popular,"портрет ребенка старшей группы",106
"старший ребенок",popular,"воображения у детей старшего дошкольного",106
"старший ребенок",popular,"русские народные детей в старшей группе",106
"старший ребенок",popular,"педагогика детей старшего дошкольного возраста",106
"старший ребенок",popular,"сказка для детей старшей группы слушать",106
"старший ребенок",popular,"перевозка детей старше 7 лет",106
"старший ребенок",popular,"памяти у детей старшего дошкольного",105
"старший ребенок",popular,"долг старшего ребенка",105
"старший ребенок",popular,"открытка для старших детей",105
"старший ребенок",popular,"эмоциональный интеллект детей старшего дошкольного возраста",105
"старший ребенок",popular,"индивидуальная работа детьми старшего возраста",104
"старший ребенок",popular,"темы проектов для детей старшего дошкольного",104
"старший ребенок",popular,"для детей старше от трех",104
"старший ребенок",popular,"раскраски для детей старшего возраста",104
"старший ребенок",popular,"игры для старших детей онлайн",104
"старший ребенок",popular,"младший ребенок выше старшего",104
"старший ребенок",popular,"характеристика старшего ребенка в семье",104
"старший ребенок",popular,"перспективное планирование для детей старшей группы",104
"старший ребенок",popular,"отношение родителей с старшим ребенком",104
"старший ребенок",popular,"развитие внимание у детей старшего возраста",104
"старший ребенок",popular,"мем старшие дети",104
"старший ребенок",popular,"артикуляционная гимнастика для детей старшей группы",103
"старший ребенок",popular,"танцы для детей старшего возраста",103
"старший ребенок",popular,"музыкальная зарядка для старших детей",103
"старший ребенок",popular,"вода для детей старшей группы",103
"старший ребенок",popular,"дети с нарушением зрения старшего возраста",103
"старший ребенок",popular,"театрализованное развитие детей старшего дошкольного возраста",103
"старший ребенок",popular,"родился 2 ребенок старшему 2 года",103
"старший ребенок",popular,"коммуникативных способностей детей старшего дошкольного",102
"старший ребенок",popular,"игры для детей старше 4",102
"старший ребенок",popular,"конспект игры для детей старшей группы",102
"старший ребенок",popular,"в семье 3 ребенка старшая девочка",102
"старший ребенок",popular,"психолого педагогические особенности детей старшего",102
"старший ребенок",popular,"игры детей старшего возраста 6",102
"старший ребенок",popular,"музыкальная деятельность детей старшего дошкольного возраста",102
"старший ребенок",popular,"мониторинг детей в детском саду старшая группа",102
"старший ребенок",popular,"индивидуальные маршруты детей доу старшая группа",102
"старший ребенок",popular,"стихотворение о старшем ребенке",101
"старший ребенок",popular,"детям о россии старшая группа",101
"старший ребенок",popular,"народные игры для детей старшей группы",101
"старший ребенок",popular,"сопровождение детей старшего дошкольного возраста",101
"старший ребенок",popular,"на ребенка наступил старший ребенок",101
"старший ребенок",popular,"наблюдение детей старшего дошкольного возраста",101
"старший ребенок",popular,"уровень развития детей старшей группы",101
"старший ребенок",popular,"проезд ребенка старше 7 лет",101
"старший ребенок",popular,"обж с детьми старшей группы",101
"старший ребенок",popular,"монологическая речь детей старшего возраста",101
"старший ребенок",popular,"самообразование развитие речи детей старшей группы",100
"старший ребенок",popular,"трудовое воспитание детей старшей группы",100
"старший ребенок",popular,"старшие дети яны рудковской",100
"старший ребенок",popular,"математика для детей старшего возраста",100
"старший ребенок",popular,"в старшей группе детского сада 28 детей",100
"старший ребенок",popular,"коммуникативные способности детей старшего дошкольного возраста",100
"старший ребенок",popular,"старших детей любят меньше",100
"старший ребенок",popular,"физкультминутка для детей старшей",100
"старший ребенок",popular,"забота о детях и старших",100
"старший ребенок",popular,"особенности восприятия детей старшего дошкольного возраста",100
"старший ребенок",popular,"русские народные сказки для детей постарше",100
"старший ребенок",popular,"пдд для детей старшего дошкольного возраста",99
"старший ребенок",popular,"старшая сестра дрочит ребенку",99
"старший ребенок",popular,"сценарий осеннего утренника для детей старшей группы",99
"старший ребенок",popular,"моторика у детей старшего дошкольного возраста",99
"старший ребенок",popular,"особенности обучения детей старшего возраста",99
"старший ребенок",popular,"лечебные смеси для детей старше года",98
"старший ребенок",popular,"конспект беседа с детьми старшей группы",98
"старший ребенок",popular,"больничный ребенку старше 15 лет",98
"старший ребенок",popular,"ребенок и природа старшая группа темы",98
"старший ребенок",popular,"тилорон детям старше 7",98
"старший ребенок",popular,"барбоскины кто самый старший из детей",98
"старший ребенок",popular,"сценка про овощи для детей старшей группы",98
"старший ребенок",popular,"квест игра для детей старшего возраста",98
"старший ребенок",popular,"дежурства детей старшая группа",98
"старший ребенок",popular,"картотека бесед с детьми в старшей группе",97
"старший ребенок",popular,"сказки для детей постарше читать",97
"старший ребенок",popular,"всемирный день ребенка старшая группа",97
"старший ребенок",popular,"мультфильмы для детей старше 4 лет",97
"старший ребенок",popular,"ваш ребенок в старшей группе",97
"старший ребенок",popular,"коммуникативные игры для детей старшего",97
"старший ребенок",popular,"музыкальная зарядка для детей старшей группы",96
"старший ребенок",popular,"старшая дочь не хочет детей",96
"старший ребенок",popular,"смеси для детей старше 1 года",96
"старший ребенок",popular,"эмоции детей старшего дошкольного возраста",96
"старший ребенок",popular,"игры на прогулке с детьми старшей группы",96
"старший ребенок",popular,"музыка для детей старше года",96
"старший ребенок",popular,"детям старшей группы о семье",96
"старший ребенок",popular,"крестный старший ребенок",96
"старший ребенок",popular,"бесплатные игры для детей старшего возраста онлайн",96
"старший ребенок",popular,"срываюсь на старшего ребенка",95
"старший ребенок",popular,"бедные старшие дети",95
"старший ребенок",popular,"ребенок говорит что старше родителей",95
"старший ребенок",popular,"развитие мелкой моторики у детей старшего",95
"старший ребенок",popular,"игры для детей старше 10",95
"старший ребенок",popular,"роль старших детей в воспитании",95
"старший ребенок",popular,"ветрянка у старшего ребенка",95
"старший ребенок",popular,"нравственные качества детей старшего дошкольного возраста",95
"старший ребенок",popular,"детские проекты для детей старшей группы",95
"старший ребенок",popular,"стихотворение про детей старшей группы",95
"старший ребенок",popular,"сверстниками детей старшего дошкольного возраста",94
"старший ребенок",popular,"игры для детей старшего возраста сериал смотреть",94
"старший ребенок",popular,"старший ребенок одинокий",94
"старший ребенок",popular,"комплекс утренней гимнастики для детей старшей группы",94
"старший ребенок",popular,"особенности старших детей в семье",94
"старший ребенок",popular,"взаимодействие родителей с детьми старшая группа",94
"старший ребенок",popular,"от кого старшие дети роналду",93
"старший ребенок",popular,"дети постарше как пишется",93
"старший ребенок",popular,"музыкальные способности детей старшего дошкольного возраста",93
"старший ребенок",popular,"песни для детей старше года",93
"старший ребенок",popular,"чему должен научиться ребенок в старшей группе",93
"старший ребенок",popular,"уход за детьми старшего возраста",93
"старший ребенок",popular,"монологическая речь детей старшего дошкольного возраста",93
"старший ребенок",popular,"особенности воспитания ребенка старшего дошкольного возраста",93
"старший ребенок",popular,"игры детей старшего возраста роли",93
"старший ребенок",popular,"не забывайте старших детей",93
"старший ребенок",popular,"развитие словаря детей старшего возраста",93
"старший ребенок",popular,"народные игры для детей старшего дошкольного возраста",93
"старший ребенок",popular,"индивидуальная деятельность детей старшая группа",92
"старший ребенок",popular,"сценарий развлечения для детей старшего дошкольного возраста",92
"старший ребенок",popular,"день защиты детей старшая",92
"старший ребенок",popular,"нравственное развитие детей старшего дошкольного возраста",92
"старший ребенок",popular,"тревожности у детей старшего дошкольного",92
"старший ребенок",popular,"старшие дети занимаются сексом",92
"старший ребенок",popular,"хочу ребенка старше 3 лет",92
"старший ребенок",popular,"детям старшей группы о 1 сентября",91
"старший ребенок",popular,"русская игра для детей старшей",91
"старший ребенок",popular,"самостоятельная деятельность детей старшая группа цель",91
"старший ребенок",popular,"развитие коммуникативных способностей детей старшего дошкольного",91
"старший ребенок",popular,"игры для детей постарше играть",91
"старший ребенок",popular,"детям старшей группы о школе",91
"старший ребенок",popular,"разминки для детей старшей группы",90
"старший ребенок",popular,"нищева обучение грамоте детей старшего дошкольного возраста",90
"старший ребенок",popular,"старшему ребенку не хватает",90
"старший ребенок",popular,"ранняя профориентация детей старшего дошкольного возраста",90
"старший ребенок",popular,"карты для детей старше 14",90
"старший ребенок",popular,"оценки детей старшего дошкольного возраста",90
"старший ребенок",popular,"старшему ребенку 18 родился третий ребенок",90
"старший ребенок",popular,"почему старшие дети не хотят детей",89
"старший ребенок",popular,"экологическое воспитание детей старшей группы",89
"старший ребенок",popular,"развития словаря детей старшего дошкольного возраста",89
"старший ребенок",popular,"старший ребенок беременность живот",89
"старший ребенок",popular,"индивидуальные игры с детьми старшей группы",89
"старший ребенок",popular,"игры детей старшего возраста 4",89
"старший ребенок",popular,"к письму детей старшего дошкольного",89
"старший ребенок",popular,"психолого педагогические особенности детей старшего возраста",89
"старший ребенок",popular,"старшие дети трахаются",89
"старший ребенок",popular,"мультфильм для детей старшего возраста",89
"старший ребенок",popular,"истории старших детей в семье",88
"старший ребенок",popular,"выплаты детям старше 7",88
"старший ребенок",popular,"маленький ребенок его старшая сестра",88
"старший ребенок",popular,"процесс воспитания детей старшего дошкольного возраста",88
"старший ребенок",popular,"грудное молоко старшим детям",88
"старший ребенок",popular,"что можно нарисовать детям старшей группы",88
"старший ребенок",popular,"игры для детей старшего дошкольников",88
"старший ребенок",popular,"хороводы для детей старшей группы",88
"старший ребенок",popular,"игры детей старшего актеры",87
"старший ребенок",popular,"дети старшего возраста актеры",87
"старший ребенок",popular,"картотеки детей старшей группы детского сада",87
"старший ребенок",popular,"почему родители любят старшего ребенка больше",87
"старший ребенок",popular,"дети михалкова старшего",87
"старший ребенок",popular,"аудиосказки для детей 10 лет и старше",87
"старший ребенок",popular,"самостоятельная деятельность детей старшего возраста",87
"старший ребенок",popular,"страхи детей старшего дошкольного возраста",87
"старший ребенок",popular,"трудовая деятельность детей старшей группы",86
"старший ребенок",popular,"упражнения для детей старше года",86
"старший ребенок",popular,"старший ребенок ревнует к младшему",86
"старший ребенок",popular,"программа воспитания детей старшей группы",86
"старший ребенок",popular,"творческого воображения детей старшего",86
"старший ребенок",popular,"психологическая игра старшие дети",86
"старший ребенок",popular,"музыка для детей старшего дошкольного возраста",86
"старший ребенок",popular,"досуги для детей старшей группы",86
"старший ребенок",popular,"поход дети старшей группы",86
"старший ребенок",popular,"особенности обучения детей старшего дошкольного возраста",86
"старший ребенок",popular,"старший ребенок ненавидит младшего",86
"старший ребенок",popular,"особенности игры детей старшего дошкольного возраста",86
"старший ребенок",popular,"что должен делать старший ребенок",85
"старший ребенок",popular,"режим дня ребенка старше года",85
"старший ребенок",popular,"познавательной активности у детей старшего",85
"старший ребенок",popular,"самый старший ребенок 8",85
"старший ребенок",popular,"утренний прием детей старшей группы",85
"старший ребенок",popular,"трудовое воспитание детей старшего возраста",85
"старший ребенок",popular,"характеристика развития ребенка старшего дошкольного возраста",85
"старший ребенок",popular,"экология для детей старшей группы",84
"старший ребенок",popular,"ребенка обижают старшие дети что делать",84
"старший ребенок",popular,"образа жизни у детей старшего",84
"старший ребенок",popular,"игры детей старшего возраста актеры",84
"старший ребенок",popular,"почему родители не любят старших детей",84
"старший ребенок",popular,"коррекционная работа с детьми старшая группа",84
"старший ребенок",popular,"какими бывают старшие дети",84
"старший ребенок",popular,"танец детей старшая группа видео",84
"старший ребенок",popular,"трудовой воспитание детей старшего дошкольного возраста",83
"старший ребенок",popular,"алименты ребенок старше 18 лет учится",83
"старший ребенок",popular,"коляски для детей старше года",83
"старший ребенок",popular,"конкурсы для детей старшего дошкольного возраста",83
"старший ребенок",popular,"развитие личности детей старшего дошкольного возраста",82
"старший ребенок",popular,"выплаты детям старше 7 лет",82
"старший ребенок",popular,"творческих игр детей старшего дошкольного возраста",82
"старший ребенок",popular,"общения у детей старшего дошкольного",82
"старший ребенок",popular,"дети сергея бондарчука старшего",82
"старший ребенок",popular,"развитие взаимодействия детей старшего дошкольного возраста",82
"старший ребенок",popular,"старшие дети красивее младших",82
"старший ребенок",popular,"самооценки детей старшего дошкольного",82
"старший ребенок",popular,"безопасность жизнедеятельности детей старшего дошкольного возраста",82
"старший ребенок",popular,"семья для ребенка старшего дошкольного возраста",82
"старший ребенок",popular,"задание для ребенка старше 6 лет",81
"старший ребенок",popular,"экологическая культура детей старшего дошкольного возраста",81
"старший ребенок",popular,"сидение для старшего ребенка",81
"старший ребенок",popular,"самообслуживание детей в старшей группе",81
"старший ребенок",popular,"старших группах дети в течение",81
"старший ребенок",popular,"где старшие дети рудковской",81
"старший ребенок",popular,"памятка возрастные особенности детей старшего дошкольного возраста",81
"старший ребенок",popular,"сериал игры старших детей все серии",81
"старший ребенок",popular,"геометрические фигуры для детей старшей группы",81
"старший ребенок",popular,"материнский капитал старший ребенок совершеннолетний",81
"старший ребенок",popular,"самооценка ребенка старшего дошкольного возраста",80
"старший ребенок",popular,"развлечение для детей старшей группы летом",80
"старший ребенок",popular,"беседы с детьми старшая группа неделя",80
"старший ребенок",popular,"педагогическая характеристика на ребенка старшей",80
"старший ребенок",popular,"ребенок дружит с детьми постарше",80
"старший ребенок",popular,"профессии для детей старшего дошкольного возраста",80
"старший ребенок",popular,"по сравнению с детьми старшего возраста",80
"старший ребенок",popular,"что почитать детям старшая группа",79
"старший ребенок",popular,"физическое воспитание детей старшего возраста",79
"старший ребенок",popular,"логопедические задания для детей старшей группы",79
"старший ребенок",popular,"может ли ребенок быть старше матери",79
"старший ребенок",popular,"коммуникативная деятельность детей старшего дошкольного возраста",79
"старший ребенок",popular,"дети сидят старшая группа",79
"старший ребенок",popular,"со сверстниками детей старшего дошкольного",79
"старший ребенок",popular,"беседа пожарного с детьми старшая группа",79
"старший ребенок",popular,"растения для детей старшей группы",79
"старший ребенок",popular,"пальчиковые игры для старших детей",79
"старший ребенок",popular,"познавательные способности детей старшего дошкольного возраста",79
"старший ребенок",popular,"познавательных способностей детей старшего дошкольного",79
"старший ребенок",popular,"сетка занятий для детей старшей группы",79
"старший ребенок",popular,"игры детей старшего возраста содержания",78
"старший ребенок",popular,"мультики для детей старше 5",78
"старший ребенок",popular,"сотрудничество детей старшего дошкольного возраста",78
"старший ребенок",popular,"автокресло для детей постарше",78
"старший ребенок",popular,"для детей старше 3х лет",78
"старший ребенок",popular,"осенние стихи для детей старшей группы",78
"старший ребенок",popular,"рекомендации для детей старшего дошкольного возраста",78
"старший ребенок",popular,"ребенок дома родителями старшей группы",78
"старший ребенок",popular,"проблемы со старшим ребенком",78
"старший ребенок",popular,"плохо быть старшим ребенком",78
"старший ребенок",popular,"рабочая программа для детей старшего дошкольного возраста",77
"старший ребенок",popular,"квест игра для детей старшего дошкольного",77
"старший ребенок",popular,"мастер класс в старшей группе с детьми",77
"старший ребенок",popular,"специфика детей старшего дошкольного возраста",77
"старший ребенок",popular,"а детям постарше подойдет",77
"старший ребенок",popular,"рисование в старшей группе дети делают зарядку",77
"старший ребенок",popular,"развитие творческих способностей детей старшей группы",77
"старший ребенок",popular,"педагогическая характеристика детей старшего возраста",77
"старший ребенок",popular,"кровать для ребенка старше 1 года",77
"старший ребенок",popular,"форма общения ребенка старшего дошкольного возраста",76
"старший ребенок",popular,"коррекционная работа с детьми старшего возраста",76
"старший ребенок",popular,"продуктивная деятельность детей старшего возраста",76
"старший ребенок",popular,"старший ребенок мешает",76
"старший ребенок",popular,"нетрадиционные техники рисования детей старшего возраста",76
"старший ребенок",popular,"старший ребенок лебедева",76
"старший ребенок",popular,"старший ребенок против младшего",76
"старший ребенок",popular,"колыбельная для детей постарше",76
"старший ребенок",popular,"госуслуги загранпаспорт ребенку старше 14 лет",76
"старший ребенок",popular,"песни для детей старшего дошкольного возраста",75
"старший ребенок",popular,"агрессивного поведения детей старшего дошкольного возраста",75
"старший ребенок",popular,"права ребенка старше 14 лет",75
"старший ребенок",popular,"бесит старший ребенок",75
"старший ребенок",popular,"психолого педагогические особенности детей старшего дошкольного",75
"старший ребенок",popular,"психолого педагогические особенности детей старшего дошкольного возраста",75
"старший ребенок",popular,"сделать фото ребенка старше",75
"старший ребенок",popular,"дети старшего дошкольного возраста по фгос",74
"старший ребенок",popular,"ребенок и природа старшая группа осень",74
"старший ребенок",popular,"настольные игры для детей старшей группы",74
"старший ребенок",popular,"игры эстафеты для детей старшего",74
"старший ребенок",popular,"произведения для детей старшего дошкольного возраста",74
"старший ребенок",popular,"пневмонии детей старшего возраста",74
"старший ребенок",popular,"место жительство ребенка старше 14 лет",74
"старший ребенок",popular,"старший ребенок маска",74
"старший ребенок",popular,"дети стали старше песня",74
"старший ребенок",popular,"подножка для старшего ребенка",74
"старший ребенок",popular,"игры на знакомство для старших детей",74
"старший ребенок",popular,"индивидуальные занятия с детьми в старшей группе",74
"старший ребенок",popular,"воспитание детей старшего школьного возраста",74
"старший ребенок",popular,"театрализованная деятельность детей старшей группы",73
"старший ребенок",popular,"интеллектуальное развитие детей старшего дошкольного возраста",73
"старший ребенок",popular,"физическая культура детей старшего возраста",73
"старший ребенок",popular,"игры детей старшего возраста название",73
"старший ребенок",popular,"организация самостоятельной деятельности детей старшей группы",73
"старший ребенок",popular,"дни недели для детей старшей группы",73
"старший ребенок",popular,"старший ребенок оксаны акиньшиной",73
"старший ребенок",popular,"диалогическая речь детей старшего дошкольного возраста",73
"старший ребенок",popular,"конспект день ребенка в старшей группе",73
"старший ребенок",popular,"самостоятельная деятельность детей старшего дошкольного возраста",73
"старший ребенок",popular,"изобразительная деятельность детей старшего дошкольного возраста",72
"старший ребенок",popular,"прием геймлиха детям старше года",72
"старший ребенок",popular,"скачать игры детей старшего возраста",72
"старший ребенок",popular,"экспериментирование детей старшего дошкольного возраста",72
"старший ребенок",popular,"оформление загранпаспорта ребенку старше 14 лет",72
"старший ребенок",popular,"психические особенности детей старшего дошкольного возраста",72
"старший ребенок",popular,"психолого педагогическая характеристика детей старшего возраста",72
"старший ребенок",popular,"карта для ребенка старше 14 лет",72
"старший ребенок",popular,"физкультминутка для детей старшей группы",72
"старший ребенок",popular,"театральная для детей старшей группы",72
"старший ребенок",popular,"оркестр для детей старшей группы",72
"старший ребенок",popular,"история для детей старшего дошкольного возраста",72
"старший ребенок",popular,"нод для детей старшего дошкольного возраста",72
"старший ребенок",popular,"часами для ребенка старше года",71
"старший ребенок",popular,"выход детей старшая группа осенний утренник",71
"старший ребенок",popular,"скачать детские песни для детей постарше",71
"старший ребенок",popular,"проект патриотического воспитания детей старшего возраста",71
"старший ребенок",popular,"временная регистрация детей старше 14 лет",71
"старший ребенок",popular,"дети джексона старшего",71
"старший ребенок",popular,"коммуникативных умений детей старшего дошкольного",71
"старший ребенок",popular,"сенсорное развитие детей старшая группа",71
"старший ребенок",popular,"презентация в старшей группе возрастные особенности детей",71
"старший ребенок",popular,"физкультура с детьми старшей группы",71
"старший ребенок",popular,"может ли ребенок быть старше родителей",70
"старший ребенок",popular,"педагогическая характеристика ребенка старшей группы",70
"старший ребенок",popular,"парный танец для детей старшей группы",70
"старший ребенок",popular,"методика обучения детей старшего дошкольного возраста",70
"старший ребенок",popular,"игры дети постарше фильм смотреть",70
"старший ребенок",popular,"старший ребенок после рождения второго",70
"старший ребенок",popular,"деятельность по инициативе детей в старшей группе",70
"старший ребенок",popular,"настольная игра детям старшего возраста",70
"старший ребенок",popular,"развитие ребенка в старшей группе упражнения",70
"старший ребенок",popular,"старший ребенок пушкина",70
"старший ребенок",popular,"педагогическая диагностика детей старшей группы",70
"старший ребенок",popular,"педагогическая характеристика детей старшего дошкольного возраста",69
"старший ребенок",popular,"досуг для детей старшего возраста",69
"старший ребенок",popular,"как заботиться о старшем ребенке",69
"старший ребенок",popular,"пресса для детей старшего дошкольного возраста",69
"старший ребенок",popular,"старшие дети убивают младших детей",69
"старший ребенок",popular,"особенности внимания детей старшего дошкольного возраста",69
"старший ребенок",popular,"самостоятельная деятельность детей старшей группы картотека",69
"старший ребенок",popular,"смотреть фильм дети старшего возраста",69
"старший ребенок",popular,"смотреть фильма игры детей старшего возраста",69
"старший ребенок",popular,"занятие с детьми старшего школьного возраста",69
"старший ребенок",popular,"характеристики ребенка доу старшая группа",69
"старший ребенок",popular,"погодки старший ребенок",69
"старший ребенок",popular,"старший ребенок погодка",69
"старший ребенок",popular,"коммуникативные умения детей старшего дошкольного возраста",69
"старший ребенок",popular,"приколы старших детей",69
"старший ребенок",popular,"энергия старшего ребенка",69
"старший ребенок",popular,"игры детей старшего 9",68
"старший ребенок",popular,"методы обучения детей старшего дошкольного возраста",68
"старший ребенок",popular,"при рождении второго ребенка старший",68
"старший ребенок",popular,"функции детей старшего дошкольного возраста",68
"старший ребенок",popular,"трудовую деятельность детей старшего дошкольного возраста",68
"старший ребенок",popular,"работа с детьми старшей группы летом",68
"старший ребенок",popular,"старший ребенок ростовых",68
"старший ребенок",popular,"психологическое развитие детей старшего возраста",68
"старший ребенок",popular,"загадки для детей старшего дошкольного возраста",68
"старший ребенок",popular,"старший возраст детей это сколько",68
"старший ребенок",popular,"литературные произведения для детей старшей группы",68
"старший ребенок",popular,"проект ребенка в доу старшая группа",68
"старший ребенок",popular,"мат капитал старшему ребенку 18 лет",68
"старший ребенок",popular,"слушать аудиосказки для детей старшей группы",68
"старший ребенок",popular,"сказки для детей старше 6 лет",67
"старший ребенок",popular,"самостоятельность детей старшего дошкольного возраста",67
"старший ребенок",popular,"психолого педагогическая характеристика детей старшего дошкольного",67
"старший ребенок",popular,"продуктивная деятельность детей старшего дошкольного возраста",67
"старший ребенок",popular,"спектакль детей старшей группы",67
"старший ребенок",popular,"психология ребенка старшего дошкольного возраста",67
"старший ребенок",popular,"методики обследования детей старше",67
"старший ребенок",popular,"детей старшего дошкольного возраста имеющих",67
"старший ребенок",popular,"досуг детей старшего дошкольного возраста",67
"старший ребенок",popular,"девушка с ребенком старше парня",67
"старший ребенок",popular,"игры пдд для детей старшей группы",67
"старший ребенок",popular,"старший ребенок рыжий",67
"старший ребенок",popular,"музыкальная игра для детей старшего дошкольного",67
"старший ребенок",popular,"оценка развития ребенка старшего возраста",67
"старший ребенок",popular,"речевая деятельность детей старшего дошкольного возраста",66
"старший ребенок",popular,"россия беседа с детьми старшей группы",66
"старший ребенок",popular,"развитие творческого воображения детей старшего",66
"старший ребенок",popular,"индивидуальная беседа с ребенком старшей группе",66
"старший ребенок",popular,"стихи для заучивания детям старшей группы",66
"старший ребенок",popular,"старший ребенок цитаты",66
"старший ребенок",popular,"подарок старшему ребенку на рождение",66
"старший ребенок",popular,"подгузник старшие дети",66
"старший ребенок",popular,"костюм для старших детей",66
"старший ребенок",popular,"старший издевается над ребенком",66
"старший ребенок",popular,"отношение к детям и старшему поколению",66
"старший ребенок",popular,"творческого воображения детей старшего дошкольного",66
"старший ребенок",popular,"творческое воображение детей старшего дошкольного возраста",66
"старший ребенок",popular,"поздравления с днем рождения старшего ребенка",66
"старший ребенок",popular,"изобразительная деятельность детей в старшей группе",66
"старший ребенок",popular,"старший возраст детей в лагере",65
"старший ребенок",popular,"коммуникативные игры для детей старшей группы",65
"старший ребенок",popular,"семейная ипотека если старшему ребенку 18",65
"старший ребенок",popular,"сенсорное развитие детей старшего возраста",65
"старший ребенок",popular,"день защиты детей старшая группа",65
"старший ребенок",popular,"слушать аудиосказку для детей 10 лет старше",65
"старший ребенок",popular,"ручной труд детей старшего дошкольного возраста",64
"старший ребенок",popular,"рост детей старшей группы",64
"старший ребенок",popular,"организация работы с детьми старшей группы",64
"старший ребенок",popular,"образовательные задачи для детей старшей группы",64
"старший ребенок",popular,"норм детей старшего дошкольного возраста",63
"старший ребенок",popular,"старший ребенок жукова",63
"старший ребенок",popular,"мультфильмы для детей старше 3 лет",63
"старший ребенок",popular,"коммуникативных умений у детей старшего",63
"старший ребенок",popular,"лечение детей вычет старше 18",63
"старший ребенок",popular,"детей старшего дошкольного возраста знакомят",63
"старший ребенок",popular,"тилорон детям старше 7 дозировка",63
"старший ребенок",popular,"беседа с детьми старшая группа дружба",63
"старший ребенок",popular,"зима для детей старшей группы",63
"старший ребенок",popular,"утренний круг для детей старшей группы",63
"старший ребенок",popular,"презентация для детей старшей группы день знаний",63
"старший ребенок",popular,"возрастные особенности детей старшего школьного возраста",63
"старший ребенок",popular,"игры для старших детей в лагере",63
"старший ребенок",popular,"работы с детьми старшего школьного возраста",63
"старший ребенок",popular,"самостоятельные игры детей старшей группы",63
"старший ребенок",popular,"родительское собрание безопасность детей старшая группа",63
"старший ребенок",popular,"план конспект для детей старшей группы",62
"старший ребенок",popular,"подать алименты на детей старше 18",62
"старший ребенок",popular,"массаж детям старше года",62
"старший ребенок",popular,"день ребенка развлечение в старшей группе",62
"старший ребенок",popular,"старший средний младший ребенок и отец",62
"старший ребенок",popular,"ближайший старший родственник ребенка",62
"старший ребенок",popular,"кирсанов старший отцы и дети",62
"старший ребенок",popular,"отцы и дети кирсановы старшие",62
"старший ребенок",popular,"новогодние детям старшей группе",62
"старший ребенок",popular,"мультики для детей старше 5 лет",62
"старший ребенок",popular,"мультфильмы для детей старше 6",62
"старший ребенок",popular,"особенности развития детей старшего школьного возраста",62
"старший ребенок",popular,"називин для детей старше 6 лет",62
"старший ребенок",popular,"интегрированные занятия для детей старшей",62
"старший ребенок",popular,"признаки осени для детей старшей группы",62
"старший ребенок",popular,"сказка для детей постарше 4 лет",62
"старший ребенок",popular,"кроватки для детей старших",62
"старший ребенок",popular,"экологической развитие детей старшего дошкольного возраста",62
"старший ребенок",popular,"занятие знакомство с детьми в старшей группе",62
"старший ребенок",popular,"эстафеты для детей старшего возраста",62
"старший ребенок",popular,"календарь для детей старшей группы",62
"старший ребенок",popular,"коллективные работы с детьми старшей группы",62
"старший ребенок",popular,"игрушки для детей детского сада старшая группа",62
"старший ребенок",popular,"осенние аппликации для детей старшей группы",62
"старший ребенок",popular,"песня в семье старший ребенок",61
"старший ребенок",popular,"пазлы для старших детей",61
"старший ребенок",popular,"ребенок попал в группу старше",61
"старший ребенок",popular,"воспитание детей старшего возраста в семье",61
"старший ребенок",popular,"волевая сфера детей старшего дошкольного возраста",61
"старший ребенок",popular,"потребности детей старшего дошкольного возраста",61
"старший ребенок",popular,"зарядка для детей старшего возраста",61
"старший ребенок",popular,"рисование для детей старшей группы осень",61
"старший ребенок",popular,"кризис старшего ребенка",61
"старший ребенок",popular,"особенности мышления ребенка старшего дошкольного возраста",61
"старший ребенок",popular,"мультфильмы для детей старше 6 лет",61
"старший ребенок",popular,"4 ребенка старшему 23",60
"старший ребенок",popular,"образовательный маршрут ребенка в старшей группе",60
"старший ребенок",popular,"многодетная мама старшему ребенку 18 лет",60
"старший ребенок",popular,"слова детей старшему поколению",60
"старший ребенок",popular,"словесные игры для детей старшей группы",60
"старший ребенок",popular,"адаптация детей старшего дошкольного возраста",60
"старший ребенок",popular,"индивидуальная работа с детьми овз старшая группа",60
"старший ребенок",popular,"доверенность на ребенка от родителей старшей сестре",60
"старший ребенок",popular,"деятельность детей старшего возраста в доу",60
"старший ребенок",popular,"аппликация для детей старшей группы осень",59
"старший ребенок",popular,"знакомство детей старшей группы с профессией шахтера",59
"старший ребенок",popular,"пособие на ребенка старше трех лет",59
"старший ребенок",popular,"кино дети старшего возраста",59
"старший ребенок",popular,"обязанности старшего ребенка в семье",59
"старший ребенок",popular,"развивающие игры для детей старшей группы",59
"старший ребенок",popular,"как успокоить старшего ребенка",59
"старший ребенок",popular,"писатели детям старшая группа",59
"старший ребенок",popular,"дети постарше помогали малышам",59
"старший ребенок",popular,"старшие дети делают секс",59
"старший ребенок",popular,"театр с детьми в старшей",59
"старший ребенок",popular,"изучение речи детей старшего дошкольного возраста",59
"старший ребенок",popular,"план мероприятии с детьми старшей группы",59
"старший ребенок",popular,"личностное развитие детей старшего дошкольного возраста",59
"старший ребенок",popular,"дети сироты старше 23 лет",59
"старший ребенок",popular,"спортивное развлечение для детей старшей группы",59
"старший ребенок",popular,"раскраски для детей постарше распечатать",59
"старший ребенок",popular,"уважение к старшим любовь к детям",58
"старший ребенок",popular,"самостоятельная деятельность детей в старшей картотека",58
"старший ребенок",popular,"день победы детям старшей группы",58
"старший ребенок",popular,"математические игры для детей старшей группы",58
"старший ребенок",popular,"дети ильина старшего",58
"старший ребенок",popular,"двигательная активность детей старшего дошкольного возраста",58
"старший ребенок",popular,"ору на старшего ребенка",58
"старший ребенок",popular,"детские песенки для детей постарше",58
"старший ребенок",popular,"песни старшим детям слушать",57
"старший ребенок",popular,"педагогическая диагностика детей старшего дошкольного возраста",57
"старший ребенок",popular,"читать сказку детям старшей группы",57
"старший ребенок",popular,"космос детям старшая группа",57
"старший ребенок",popular,"особенности игровой детей старшего дошкольного возраста",57
"старший ребенок",popular,"старший ребенок турецкого",57
"старший ребенок",popular,"навыки и умения детей старшей группы",57
"старший ребенок",popular,"презентация игра для детей старшей группы",57
"старший ребенок",popular,"занятие старшей группе ребенок и природа",57
"старший ребенок",popular,"индивидуальные занятия с детьми старшего возраста",56
"старший ребенок",popular,"ребенок трахает старшую сестру",56
"старший ребенок",popular,"старшие дети максаковой",56
"старший ребенок",popular,"прогулка для детей старшего возраста",56
"старший ребенок",popular,"лего для старших детей",56
"старший ребенок",popular,"физического воспитания детей старшего дошкольного возраста",56
"старший ребенок",popular,"физические качества детей старшего дошкольного возраста",56
"старший ребенок",popular,"обследование речи детей старшего дошкольного возраста",56
"старший ребенок",popular,"дети против террора старшая группа",56
"старший ребенок",popular,"интерактивные игры для детей старшего возраста",56
"старший ребенок",popular,"у старшего ребенка кишечная инфекция",56
"старший ребенок",popular,"народные сказки для детей старшей группы",56
"старший ребенок",popular,"називин для взрослых и детей старше",56
"старший ребенок",popular,"игры для детей старше 10 лет",56
"старший ребенок",popular,"как организовать детей старшая группа",56
"старший ребенок",popular,"интеллектуальные игры для старших детей",55
"старший ребенок",popular,"старший ребенок лишний",55
"старший ребенок",popular,"игра для детей старше 4 лет",55
"старший ребенок",popular,"союзмультфильм для детей постарше",55
"старший ребенок",popular,"приобщение детей к искусству старшая группа",55
"старший ребенок",popular,"движений у детей старшего дошкольного",55
"старший ребенок",popular,"выплаты гибели сво дети старше 23",55
"старший ребенок",popular,"беседа с детьми старшей группы о терроризме",55
"старший ребенок",popular,"одежда для детей старшей группы",55
"старший ребенок",popular,"словарный запас детей старшего дошкольного возраста",55
"старший ребенок",popular,"индивидуальные особенности детей старшей группы",55
"старший ребенок",popular,"старшие дети в детдоме",55
"старший ребенок",popular,"актеры сериала игры детей старшего",55
"старший ребенок",popular,"дети старшего возраста сериал актеры",55
"старший ребенок",popular,"игры детей старшего возраста сериал актеры",55
"старший ребенок",popular,"культура поведения детей старшего дошкольного возраста",55
"старший ребенок",popular,"обогащение словаря детей старшего дошкольного возраста",55
"старший ребенок",popular,"флешмоб для детей старшей группы",55
"старший ребенок",popular,"пластилинография для детей старшей группы",55
"старший ребенок",popular,"мама не любит старшего ребенка",55
"старший ребенок",popular,"раскраски для детей старшего дошкольного возраста",55
"старший ребенок",popular,"активные дети в старшем дошкольном возрасте",54
"старший ребенок",popular,"пальчиковые игры для детей старшей группы",54
"старший ребенок",popular,"речевые игры для детей старшего возраста",54
"старший ребенок",popular,"женится на старшей женщине с ребенком",54
"старший ребенок",popular,"учебной деятельности у детей старшего",54
"старший ребенок",popular,"секс со старшим ребенком",54
"старший ребенок",popular,"рисунки детей старшего дошкольного возраста",54
"старший ребенок",popular,"спортивное развлечение для детей старшего возраста",54
"старший ребенок",popular,"финансовая грамотность детей старшего возраста занятие",54
"старший ребенок",popular,"художественная литература для детей старшего возраста",53
"старший ребенок",popular,"наблюдение за играми старших детей",53
"старший ребенок",popular,"мультик для детей старше 3 лет",53
"старший ребенок",popular,"темы на прогулке детей старшей группы",53
"старший ребенок",popular,"старшие дети умнее младших",53
"старший ребенок",popular,"диагностика речи детей старшего дошкольного возраста",53
"старший ребенок",popular,"игры народов россии для детей старшей группы",53
"старший ребенок",popular,"сиськи ребенка старше",53
"старший ребенок",popular,"игры детей старшего 15",53
"старший ребенок",popular,"дети маслякова старшего",53
"старший ребенок",popular,"масляков старший дети",53
"старший ребенок",popular,"духовно нравственное воспитание детей старшей группы",53
"старший ребенок",popular,"разница старших и младших детей",53
"старший ребенок",popular,"в старшем возрасте интеллектуальное развитие ребенка",53
"старший ребенок",popular,"прием геймлиха у детей старше",53
"старший ребенок",popular,"дзен старший ребенок",53
"старший ребенок",popular,"образец характеристики на ребенка старшей группы",53
"старший ребенок",popular,"русские народные сказки для детей старшей группы",52
"старший ребенок",popular,"стихотворение про осень для детей старшей группы",52
"старший ребенок",popular,"наблюдение за старшими детьми цель",52
"старший ребенок",popular,"влюбился в женщину старше с ребенком",52
"старший ребенок",popular,"старшие дети безрукова",52
"старший ребенок",popular,"физминутка для детей старшей группы с движениями",52
"старший ребенок",popular,"игровые способности детей старшего дошкольного возраста",52
"старший ребенок",popular,"старшие дети живут меньше",52
"старший ребенок",popular,"занятие безопасность детей старшего возраста",52
"старший ребенок",popular,"сценарий праздника осени для детей старшей группы",52
"старший ребенок",popular,"дети старшего возраста это сколько лет",52
"старший ребенок",popular,"мультфильм для детей старшего дошкольного возраста",52
"старший ребенок",popular,"молочные смеси для детей старше года",52
"старший ребенок",popular,"беременность старший ребенок форум",52
"старший ребенок",popular,"знакомство воспитателя с детьми старшая группа",52
"старший ребенок",popular,"старший ребенок кроссворд",51
"старший ребенок",popular,"педагогическое сопровождение детей старшего дошкольного возраста",51
"старший ребенок",popular,"знакомство с детьми старшей подготовительной группы",51
"старший ребенок",popular,"осенняя сценка для детей старшей группы",51
"старший ребенок",popular,"ребенок ебет старшую сестру",51
"старший ребенок",popular,"экспериментальная деятельность детей старшей группы",51
"старший ребенок",popular,"л детям старше года по",51
"старший ребенок",popular,"утренняя гимнастика для детей старшего возраста",51
"старший ребенок",popular,"грудничок и старший ребенок",51
"старший ребенок",popular,"потешки для детей постарше",51
"старший ребенок",popular,"ведущая деятельность ребенка старшего дошкольного возраста",51
"старший ребенок",popular,"в старшем дошкольном возрасте ребенок овладевает",51
"старший ребенок",popular,"дети старшего дошкольного возраста фото",51
"старший ребенок",popular,"режим дня детей старшего возраста",50
"старший ребенок",popular,"детей старшего дошкольного возраста после",50
"старший ребенок",popular,"результаты диагностики детей старшей группы",50
"старший ребенок",popular,"игры детей старшего 13",50
"старший ребенок",popular,"как убить старшего ребенка",50
"старший ребенок",popular,"как рассказать старшему ребенку о беременности",50
"старший ребенок",popular,"подарок старшему ребенку от новорожденного",50
"старший ребенок",popular,"хентай ребенок и старшая сестра",50
"старший ребенок",popular,"песни веселые для детей старших",50
"старший ребенок",popular,"папки передвижки для детей старшей группы",50
"старший ребенок",popular,"скороговорки для старших детей",50
"старший ребенок",popular,"малоподвижные игры для детей старшей группы",50
"старший ребенок",popular,"ребенок бьет старшего брата",50
"старший ребенок",popular,"мотоцикл для постарше детей",50
"старший ребенок",popular,"плакаты для детей старшей группы",50
"старший ребенок",popular,"гражданство ребенку старше 14 лет",50
"старший ребенок",popular,"ребенок самый старший в группе детского",50
"старший ребенок",popular,"игровая программа для детей старшей группы",49
"старший ребенок",popular,"как кормить грудью ребенка постарше",49
"старший ребенок",popular,"многодетная семья сколько лет старшему ребенку",49
"старший ребенок",popular,"международный день грамотности для детей старшей группы",49
"старший ребенок",popular,"игры эстафеты для детей старшего возраста",49
"старший ребенок",popular,"спортивные развлечения для детей старшего дошкольного",49
"старший ребенок",popular,"речевые игры для детей старшей группы",49
"старший ребенок",popular,"психологическое развитие детей старшего дошкольного возраста",49
"старший ребенок",popular,"выплаты детям старше 8",49
"старший ребенок",popular,"как сообщить старшим детям о беременности",49
"старший ребенок",popular,"иллюстрация для детей старшей группы",49
"старший ребенок",popular,"игры детей старшего возраста музыка",49
"старший ребенок",popular,"фильм бесплатно игра детей старшего возраста",49
"старший ребенок",popular,"сенсорного развития детей старшего дошкольного возраста",49
"старший ребенок",popular,"мать любит старшего ребенка",49
"старший ребенок",popular,"квест для детей старшей группы детского сада",49
"старший ребенок",popular,"математические способности детей старшего дошкольного возраста",49
"старший ребенок",popular,"старшие дети рудковской сейчас",48
"старший ребенок",popular,"насекомые для детей старшая группа",48
"старший ребенок",popular,"дети старшего возраста и животных",48
"старший ребенок",popular,"мария максакова старшие дети",48
"старший ребенок",popular,"старшим детям меньше внимания",48
"старший ребенок",popular,"дыхательная гимнастика для детей старшей",48
"старший ребенок",popular,"союзмультфильм мультики для детей постарше",48
"старший ребенок",popular,"формирование словаря детей старшего дошкольного возраста",48
"старший ребенок",popular,"поведение детей со старшими",48
"старший ребенок",popular,"пробуждение для детей старшей группы",48
"старший ребенок",popular,"физическое развитие детей старше 1 года",48
"старший ребенок",popular,"формирование экологической культуры у детей старшего",48
"старший ребенок",popular,"семья беседа с детьми старшая группа",48
"старший ребенок",popular,"александр ильин старший дети",48
"старший ребенок",popular,"кормление ребенка старше года",48
"старший ребенок",popular,"временных представлений у детей старшего",48
"старший ребенок",popular,"старший ребенок хюррем",47
"старший ребенок",popular,"беседа с детьми старшей группы профессии",47
"старший ребенок",popular,"разговоры о важном для детей старшей группы",47
"старший ребенок",popular,"эмоциональные особенности детей старшего дошкольного возраста",47
"младший ребенок",popular,"детей помладше",239540
"младший ребенок",popular,"младший ребенок",177105
"младший ребенок",popular,"группа детей младшего",74813
"младший ребенок",popular,"дети младшего возраста",45123
"младший ребенок",popular,"детей младшего школьного",20854
"младший ребенок",popular,"дети младшего школьного возраста",20180
"младший ребенок",popular,"какой ребенок младше",15183
"младший ребенок",popular,"дети второй младшей группы",14981
"младший ребенок",popular,"дети младшего дошкольного возраста",13074
"младший ребенок",popular,"дети 2 младшей группы",11432
"младший ребенок",popular,"дети младшей группы детского сада",10445
"младший ребенок",popular,"дети в саду младшая группа",9671
"младший ребенок",popular,"развитие детей младшего возраста",7460
"младший ребенок",popular,"день младшего ребенка",7360
"младший ребенок",popular,"дети 1 младшей группы",7102
"младший ребенок",popular,"особенности младших детей",6936
"младший ребенок",popular,"детей дошкольного и младшего",6739
"младший ребенок",popular,"детей младшей школы",6509
"младший ребенок",popular,"дети первой младшей группы",6340
"младший ребенок",popular,"игры для детей помладше",6134
"младший ребенок",popular,"младший ребенок в семье",5829
"младший ребенок",popular,"игры для детей младшего",5755
"младший ребенок",popular,"ребенок младшей сестры",5730
"младший ребенок",popular,"ребенок младший ребенок средний ребенок",5608
"младший ребенок",popular,"сколько младшему ребенку",5364
"младший ребенок",popular,"дети младших классов",5057
"младший ребенок",popular,"для детей второй младшей",4927
"младший ребенок",popular,"дети младшие школьники",4527
"младший ребенок",popular,"развитие детей младшей группы",4450
"младший ребенок",popular,"младшая группа возраст детей",4439
"младший ребенок",popular,"мать младше ребенка",4438
"младший ребенок",popular,"детьми дошкольного младшего школьного",4231
"младший ребенок",popular,"день ребенка младшая группа",4090
"младший ребенок",popular,"возрастные особенности детей младшего",4056
"младший ребенок",popular,"развития детей младшего школьного",4024
"младший ребенок",popular,"развитие детей младшего школьного возраста",3909
"младший ребенок",popular,"младшая возрастная группа детей",3858
"младший ребенок",popular,"детям дошкольного и младшего школьного возраста",3735
"младший ребенок",popular,"работы детей младшей группы",3689
"младший ребенок",popular,"особенности детей младшей группы",3566
"младший ребенок",popular,"1 младшая возраст детей",3505
"младший ребенок",popular,"воспитание младшего ребенка",3378
"младший ребенок",popular,"игры для детей младшей группы",3324
"младший ребенок",popular,"ребенок младше по развитию",3104
"младший ребенок",popular,"возрастные особенности детей младшей группы",3096
"младший ребенок",popular,"особенности детей младшего возраста",3042
"младший ребенок",popular,"развитие детей младшего дошкольного возраста",3035
"младший ребенок",popular,"2 младшая возраст детей",2966
"младший ребенок",popular,"почему младшие дети",2857
"младший ребенок",popular,"старший ребенок средний ребенок младший ребенок",2803
"младший ребенок",popular,"беседа с детьми младшей",2773
"младший ребенок",popular,"особенности детей второй младшей группы",2525
"младший ребенок",popular,"возрастные особенности детей второй младшей",2519
"младший ребенок",popular,"детей младше года могут",2461
"младший ребенок",popular,"возрастные особенности детей второй младшей группы",2432
"младший ребенок",popular,"младший воспитатель с детьми",2378
"младший ребенок",popular,"занятие для детей младшей группы",2374
"младший ребенок",popular,"младший старший ребенок в семье",2359
"младший ребенок",popular,"программа для детей помладше",2257
"младший ребенок",popular,"детей младше 18 лет",2244
"младший ребенок",popular,"проекты для детей младшего",2240
"младший ребенок",popular,"занятии на младших детей",2234
"младший ребенок",popular,"самый младший ребенок",2231
"младший ребенок",popular,"адаптации детей младшего",2198
"младший ребенок",popular,"картинки младшие дети",2139
"младший ребенок",popular,"сколько лет младшим детям",2132
"младший ребенок",popular,"особенности детей младшего школьного",2115
"младший ребенок",popular,"занятие для детей младшего возраста",2108
"младший ребенок",popular,"особенности детей младшего школьного возраста",2072
"младший ребенок",popular,"песни для младших детей",2033
"младший ребенок",popular,"воспитание детей младшего возраста",2033
"младший ребенок",popular,"являюсь младшим ребенком",2003
"младший ребенок",popular,"план дети младшая группа",1919
"младший ребенок",popular,"осень для детей младшей группы",1897
"младший ребенок",popular,"игры для детей младшего возраста",1895
"младший ребенок",popular,"взрослые младшие дети",1835
"младший ребенок",popular,"мужчина младше детей",1737
"младший ребенок",popular,"выбирать детям возрастом младше",1667
"младший ребенок",popular,"работа с детьми младшего возраста",1654
"младший ребенок",popular,"детей младшего школьного возраста учащихся",1644
"младший ребенок",popular,"адаптация детей младших групп",1632
"младший ребенок",popular,"индивидуальная работа с детьми младшая",1582
"младший ребенок",popular,"проект для детей младшего возраста",1579
"младший ребенок",popular,"группа детей младшего дошкольного",1568
"младший ребенок",popular,"детей младше 12 лет",1565
"младший ребенок",popular,"речь детей младшего возраста",1562
"младший ребенок",popular,"картинка группа младшие дети",1544
"младший ребенок",popular,"младшая группа возраст детей в детском",1525
"младший ребенок",popular,"игры детей младшего дошкольного",1504
"младший ребенок",popular,"старшие дети в младшей группе",1492
"младший ребенок",popular,"проекты детей младшего школьного возраста",1468
"младший ребенок",popular,"игры детей младшего дошкольного возраста",1450
"младший ребенок",popular,"младшая группа в саду возраст детей",1431
"младший ребенок",popular,"развитие речи детей младшей группы",1407
"младший ребенок",popular,"занятия для детей младшего дошкольного возраста",1395
"младший ребенок",popular,"младшая группа в детском саду возраст детей",1390
"младший ребенок",popular,"занятия для детей младшего школьного возраста",1389
"младший ребенок",popular,"младшие дети характеристика",1364
"младший ребенок",popular,"темы для детей младшего возраста",1291
"младший ребенок",popular,"детей младшего и среднего возраста",1257
"младший ребенок",popular,"детям младше двух лет",1257
"младший ребенок",popular,"дети раннего и младшего возраста",1244
"младший ребенок",popular,"детей младшего школьного возраста 1",1219
"младший ребенок",popular,"особенности детей младшего дошкольного возраста",1216
"младший ребенок",popular,"игры дети младшего школьного",1211
"младший ребенок",popular,"обучение детей младшего возраста",1206
"младший ребенок",popular,"песни для детей младшей группы",1202
"младший ребенок",popular,"порно помладше с детьми",1184
"младший ребенок",popular,"дети младшие девочки",1183
"младший ребенок",popular,"дети младше 16 лет",1171
"младший ребенок",popular,"1 если ребенок младше",1150
"младший ребенок",popular,"музыке детей младшего",1148
"младший ребенок",popular,"детей младшего дошкольного возраста 3",1140
"младший ребенок",popular,"первая младшая возраст детей",1097
"младший ребенок",popular,"воспитание детей младшего дошкольного возраста",1060
"младший ребенок",popular,"день ребенка в детском саду младшая",1042
"младший ребенок",popular,"сказки для детей младшего",1034
"младший ребенок",popular,"группа детей младшего дошкольного возраста",1033
"младший ребенок",popular,"деятельность ребенка младшего школьного возраста",1020
"младший ребенок",popular,"вопросы детям младшего школьного возраста",1017
"младший ребенок",popular,"вторая младшая возраст детей",1016
"младший ребенок",popular,"воспитания детей младшего школьного",1013
"младший ребенок",popular,"развитие детей второй младшей группы",1013
"младший ребенок",popular,"воспитание детей младше школьного возраста",995
"младший ребенок",popular,"порно младших детей",995
"младший ребенок",popular,"деятельности детей младшего дошкольного возраста",990
"младший ребенок",popular,"мальчик младший ребенка",985
"младший ребенок",popular,"темы занятий детей младшей группы",981
"младший ребенок",popular,"проект детей младшей группы",971
"младший ребенок",popular,"пособие на младших детей",947
"младший ребенок",popular,"консультации родителям для детей младшего",943
"младший ребенок",popular,"развлечение детей младшей группы",939
"младший ребенок",popular,"беседа с детьми в младшей группе",931
"младший ребенок",popular,"развитие речи детей младшего возраста",929
"младший ребенок",popular,"дети дауни младшего",924
"младший ребенок",popular,"особенности развития детей младшего возраста",919
"младший ребенок",popular,"родитель был младшим ребенком",910
"младший ребенок",popular,"мероприятие для младших детей",898
"младший ребенок",popular,"навыков у детей младшего",884
"младший ребенок",popular,"дети роберта младшего",882
"младший ребенок",popular,"ребенка перевели в группу младше",877
"младший ребенок",popular,"программа для детей младшего возраста",875
"младший ребенок",popular,"подростков и детей младшего",873
"младший ребенок",popular,"сколько детей в младшей группе",872
"младший ребенок",popular,"конспекты для детей младшей группы",870
"младший ребенок",popular,"секс с детьми младше",867
"младший ребенок",popular,"роберт дауни младший дети",859
"младший ребенок",popular,"младшего ребенка любят",857
"младший ребенок",popular,"развлечение для детей младшего",857
"младший ребенок",popular,"гимнастика для детей младшая группа",855
"младший ребенок",popular,"что делать если младший ребенок",852
"младший ребенок",popular,"развитие игры детей младшего возраста",845
"младший ребенок",popular,"детей младшего школьного возраста 3",845
"младший ребенок",popular,"детей младшего школьного возраста 2",844
"младший ребенок",popular,"младшие дети высокие",841
"младший ребенок",popular,"младшие дети в многодетной семье",841
"младший ребенок",popular,"речь ребенка младшего дошкольного возраста",839
"младший ребенок",popular,"вторая младшая группа возраст детей",828
"младший ребенок",popular,"запрещается перевозка детей в возрасте младше",819
"младший ребенок",popular,"возрастные особенности детей младшего возраста",817
"младший ребенок",popular,"работы детей 2 младшей группы",813
"младший ребенок",popular,"развитие детей 2 младшей группы",811
"младший ребенок",popular,"рисование с младшими детьми",808
"младший ребенок",popular,"самообразование детьми младшего возраста",806
"младший ребенок",popular,"1 особенности детей младшего",805
"младший ребенок",popular,"2 младшая возраст детей в детском",798
"младший ребенок",popular,"консультация для детей младшей группы",794
"младший ребенок",popular,"детей раннего и младшего дошкольного",793
"младший ребенок",popular,"работа с детьми младшего школьного возраста",785
"младший ребенок",popular,"образование детей младшего возраста",784
"младший ребенок",popular,"муж младше моих детей",777
"младший ребенок",popular,"диагностика детей младшего возраста",772
"младший ребенок",popular,"2 младшая группа возраст детей",769
"младший ребенок",popular,"комплекс младшего ребенка",764
"младший ребенок",popular,"детей младшего школьного возраста средствами",757
"младший ребенок",popular,"дети в садике младшая группа",754
"младший ребенок",popular,"работа с детьми вторая младшая",754
"младший ребенок",popular,"детей младшего дошкольного возраста средствами",732
"младший ребенок",popular,"роль младшего ребенка",732
"младший ребенок",popular,"обучение детей младшего школьного возраста",731
"младший ребенок",popular,"консультации для родителей детей младшей группы",727
"младший ребенок",popular,"дети бодрова младшего",726
"младший ребенок",popular,"развитие детей младших школьников",726
"младший ребенок",popular,"игра для детей 2 младшей",720
"младший ребенок",popular,"детей младшего дошкольного возраста 2",718
"младший ребенок",popular,"ребенок не хочет младшего",715
"младший ребенок",popular,"детей старшего дошкольного и младшего",714
"младший ребенок",popular,"зарядка для детей младшей",707
"младший ребенок",popular,"сценарий для детей младшей группы",702
"младший ребенок",popular,"работа с детьми второй младшей группы",700
"младший ребенок",popular,"работа с детьми младшего дошкольного возраста",695
"младший ребенок",popular,"психология младших детей",693
"младший ребенок",popular,"темы бесед с детьми младшей группы",686
"младший ребенок",popular,"особенности развития ребенка младшего школьного возраста",682
"младший ребенок",popular,"первая младшая группа возраст детей",681
"младший ребенок",popular,"если ребенок младше 7 лет",679
"младший ребенок",popular,"адаптация в саду младшей группе детей",675
"младший ребенок",popular,"подвижные игры для детей младшего",674
"младший ребенок",popular,"формирования у детей младшей дошкольного возраста",670
"младший ребенок",popular,"перевозка детей младше 7 лет",665
"младший ребенок",popular,"жена отца младше его детей",662
"младший ребенок",popular,"темы для детей младшего школьного возраста",660
"младший ребенок",popular,"день ребенка 2 младшая группа",654
"младший ребенок",popular,"диагностика детей младшая группа",653
"младший ребенок",popular,"характеристика детей младшая группа",650
"младший ребенок",popular,"презентация детям младшей группы",649
"младший ребенок",popular,"стихи для младших детей",647
"младший ребенок",popular,"проблемы младшего ребенка",646
"младший ребенок",popular,"детские песни для детей младших",643
"младший ребенок",popular,"индивидуальная работа с детьми в младшей группе",640
"младший ребенок",popular,"дидактические игры для младших детей",639
"младший ребенок",popular,"игры для детей младшего школьного возраста",638
"младший ребенок",popular,"правило для младших детей",638
"младший ребенок",popular,"рисование с детьми младшей группы",634
"младший ребенок",popular,"младший ребенок в семье старое",628
"младший ребенок",popular,"родители и дети младшего возраста",627
"младший ребенок",popular,"ребенок обижает младших",626
"младший ребенок",popular,"1 младшая группа возраст детей",625
"младший ребенок",popular,"родителям детей 2 младшей группы",624
"младший ребенок",popular,"возрастные особенности детей младшего школьного",623
"младший ребенок",popular,"беседы с детьми второй младшей",622
"младший ребенок",popular,"познавательное развитие детей младшего возраста",618
"младший ребенок",popular,"дидактические игры детей младшего возраста",608
"младший ребенок",popular,"игры для детей вторая младшая",605
"младший ребенок",popular,"зарядка для детей младшей группы",604
"младший ребенок",popular,"возрастные особенности детей младшего школьного возраста",602
"младший ребенок",popular,"дети младше чем старшие что делать",598
"младший ребенок",popular,"курсовая младший ребенок",597
"младший ребенок",popular,"обучение детей младшей группы",594
"младший ребенок",popular,"мой брат младше моего ребенка",593
"младший ребенок",popular,"качества младшего ребенка",592
"младший ребенок",popular,"темы для детей второй младшей группы",592
"младший ребенок",popular,"культура детей младшего возраста",589
"младший ребенок",popular,"картинка дети младшая группа детского сада",588
"младший ребенок",popular,"летних детей и младше",588
"младший ребенок",popular,"отношение к младшим детям",586
"младший ребенок",popular,"детьми младшего среднего школьного",582
"младший ребенок",popular,"развитие речи детей младшего дошкольного",581
"младший ребенок",popular,"самостоятельной деятельности детей в младшей",581
"младший ребенок",popular,"музыка для детей младшая группа",579
"младший ребенок",popular,"знакомство с детьми младшей группы",579
"младший ребенок",popular,"младшие школьники возраст ребенка",575
"младший ребенок",popular,"сказки для детей младшей группы",573
"младший ребенок",popular,"программа для детей младшей группы",570
"младший ребенок",popular,"развития речи детей младшего дошкольного возраста",568
"младший ребенок",popular,"пдд детям младшая группа",564
"младший ребенок",popular,"дети младшего дошкольного возраста самообразование",555
"младший ребенок",popular,"младший возраст детей доу",554
"младший ребенок",popular,"занятия для детей вторая младшая",552
"младший ребенок",popular,"игры для детей второй младшей группы",551
"младший ребенок",popular,"картотека для детей младшая группа",550
"младший ребенок",popular,"игры для детей младше года",548
"младший ребенок",popular,"беседа с детьми второй младшей группы",547
"младший ребенок",popular,"ребенок младше внука",547
"младший ребенок",popular,"праздники для детей младшей группы",544
"младший ребенок",popular,"речь ребенка младшего школьного возраста",544
"младший ребенок",popular,"характеристика детей младшего возраста",539
"младший ребенок",popular,"у детей младше 1 года",539
"младший ребенок",popular,"конспекты занятий для детей младшей группы",536
"младший ребенок",popular,"ребенок играет с младшими детьми",534
"младший ребенок",popular,"родители и старший и младший ребенок",534
"младший ребенок",popular,"самостоятельная деятельность детей в младшей группе",526
"младший ребенок",popular,"ребенок выглядит младше",525
"младший ребенок",popular,"год для детей второй младшей группы",524
"младший ребенок",popular,"физическое воспитание детей младшего возраста",522
"младший ребенок",popular,"развитие детей первой младшей группы",521
"младший ребенок",popular,"прием детей младшей группе",519
"младший ребенок",popular,"диагностика детей младшего школьного возраста",518
"младший ребенок",popular,"воспитание детей дошкольного и младшего",516
"младший ребенок",popular,"младший возраст детей презентация",516
"младший ребенок",popular,"детям в возрасте младше 12",512
"младший ребенок",popular,"что должен ребенок в младшей группе",511
"младший ребенок",popular,"младший ребенок имя",510
"младший ребенок",popular,"детей младшего школьного возраста является",503
"младший ребенок",popular,"психология детей младшего возраста",501
"младший ребенок",popular,"питание младших детей",499
"младший ребенок",popular,"дети младшей группы видео",498
"младший ребенок",popular,"развитие детей 1 младшей группы",497
"младший ребенок",popular,"сенсорная развития детей младшего",496
"младший ребенок",popular,"план работы с детьми младшая группа",495
"младший ребенок",popular,"единое пособие на младшего ребенка",495
"младший ребенок",popular,"безопасность детей в младшей группе",493
"младший ребенок",popular,"танец для детей младшей группы",491
"младший ребенок",popular,"физическое воспитание детей младшего школьного",490
"младший ребенок",popular,"социальное развитие детей младшего возраста",489
"младший ребенок",popular,"продолжительность дневного сна детей младшей группы",489
"младший ребенок",popular,"возрастные особенности детей младшего дошкольного возраста",488
"младший ребенок",popular,"физическое воспитание детей младшего школьного возраста",485
"младший ребенок",popular,"песня осень для детей младшей группы",481
"младший ребенок",popular,"внимание дети младшей группе",477
"младший ребенок",popular,"программа для детей младшего школьного возраста",476
"младший ребенок",popular,"дети младшего подросткового возраста",475
"младший ребенок",popular,"книги для детей младшего возраста",473
"младший ребенок",popular,"навыки детей младшего школьного возраста",472
"младший ребенок",popular,"организации детей в младшей группе",471
"младший ребенок",popular,"занятия для детей вторая младшая группа",470
"младший ребенок",popular,"прогулки с детьми младшей группы",470
"младший ребенок",popular,"психическое развитие ребенка младшего возраста",468
"младший ребенок",popular,"дошкольниками детьми младшего и",468
"младший ребенок",popular,"адаптация детей младшего возраста",467
"младший ребенок",popular,"физическое развитие детей младшего возраста",466
"младший ребенок",popular,"младший третий ребенок",466
"младший ребенок",popular,"особенности детей 2 младшей группы",466
"младший ребенок",popular,"психология детей младшего школьного",466
"младший ребенок",popular,"два младших ребенка в семье",464
"младший ребенок",popular,"математика для младших детей",463
"младший ребенок",popular,"игровая для детей младшего возраста",463
"младший ребенок",popular,"дети лазарева младшего",463
"младший ребенок",popular,"дети сергея бодрова младшего",462
"младший ребенок",popular,"коррекция детей младшего возраста",460
"младший ребенок",popular,"в семье 4 ребенка младшему",459
"младший ребенок",popular,"как стать младше ребенку",455
"младший ребенок",popular,"общение детей младшего возраста",455
"младший ребенок",popular,"дети старший брат и младшая сестра",454
"младший ребенок",popular,"психология детей младшего школьного возраста",451
"младший ребенок",popular,"развитие игры детей младшего дошкольного возраста",445
"младший ребенок",popular,"подвижные игры для детей младшей группы",442
"младший ребенок",popular,"познавательное развитие детей младшей группы",442
"младший ребенок",popular,"беседа с детьми 2 младшей",441
"младший ребенок",popular,"планирование с детьми младшей группы",438
"младший ребенок",popular,"аппликация для детей младшей группы",436
"младший ребенок",popular,"что должен знать ребенок младшей группы",434
"младший ребенок",popular,"дети помладше порно видео",434
"младший ребенок",popular,"здоровье детей младшего возраста",434
"младший ребенок",popular,"упражнения для детей младшего возраста",434
"младший ребенок",popular,"мероприятия с детьми младшей группы",433
"младший ребенок",popular,"аппликация с младшими детьми",432
"младший ребенок",popular,"безопасность детей младшего возраста",431
"младший ребенок",popular,"спать младшему ребенку",431
"младший ребенок",popular,"исследования дети младшего школьного",430
"младший ребенок",popular,"занятия для детей 2 младшей группы",429
"младший ребенок",popular,"стихи для детей младшей группе",427
"младший ребенок",popular,"мышление детей младшего школьного возраста",427
"младший ребенок",popular,"дети младшего и среднего школьного возраста",424
"младший ребенок",popular,"психологические особенности детей младшего",424
"младший ребенок",popular,"мероприятие для детей младшего возраста",419
"младший ребенок",popular,"младший школьный возраст исследования детей",418
"младший ребенок",popular,"дидактические игры для детей младшей группы",418
"младший ребенок",popular,"адаптация детей 1 младшей группы",417
"младший ребенок",popular,"мероприятия дети младшего школьного возраста",416
"младший ребенок",popular,"песни про осень для детей младшей группы",415
"младший ребенок",popular,"1 младшая группа день ребенка",414
"младший ребенок",popular,"что сделать с детьми младшей группы",410
"младший ребенок",popular,"гимнастика для детей младшего возраста",408
"младший ребенок",popular,"уход за младшими детьми",407
"младший ребенок",popular,"внимание детей младшего школьного возраста",407
"младший ребенок",popular,"режим дня детей младшей группы",406
"младший ребенок",popular,"детей младшего дошкольного возраста цель",405
"младший ребенок",popular,"способности детей младшего школьного возраста",402
"младший ребенок",popular,"обучение детей младших школьников",399
"младший ребенок",popular,"индивидуальная работа с детьми 2 младшая группа",398
"младший ребенок",popular,"познавательное развитие детей младшего школьного возраста",397
"младший ребенок",popular,"психическому развитию ребенка младшего школьного возраста",394
"младший ребенок",popular,"беседа с детьми 2 младшей группы",393
"младший ребенок",popular,"для детей младше 12",393
"младший ребенок",popular,"занятия с детьми первой младшей группы",392
"младший ребенок",popular,"социальное развитие детей младшего школьного возраста",390
"младший ребенок",popular,"сценарий для детей младшего возраста",390
"младший ребенок",popular,"игры с детьми 1 младшая",389
"младший ребенок",popular,"утренняя гимнастика для детей младшей",389
"младший ребенок",popular,"раскраски для детей младшей группы",389
"младший ребенок",popular,"навыки детей младшего дошкольного возраста",388
"младший ребенок",popular,"рассказы для младших детей",388
"младший ребенок",popular,"игры для детей младше 3 лет",386
"младший ребенок",popular,"работа младшего воспитателя с детьми",383
"младший ребенок",popular,"песенки для младших детей",379
"младший ребенок",popular,"характеристики детей младшего школьного",379
"младший ребенок",popular,"теория детей младшего школьного возраста",379
"младший ребенок",popular,"загадки младшим детям",378
"младший ребенок",popular,"старшие дети любят младших",377
"младший ребенок",popular,"деятельности у детей младшего школьного",377
"младший ребенок",popular,"игры с детьми 2 младшей группы",377
"младший ребенок",popular,"лепка с детьми младшего",377
"младший ребенок",popular,"ребенок постарше обижает ребенка помладше",375
"младший ребенок",popular,"старший ребенок обижает младшего",375
"младший ребенок",popular,"обучение детей младшего дошкольного возраста",375
"младший ребенок",popular,"детей младшего школьного возраста 6",375
"младший ребенок",popular,"особенности развития детей младшего дошкольного возраста",375
"младший ребенок",popular,"игровая деятельность детей младшего возраста",374
"младший ребенок",popular,"характеристика детей младшего школьного возраста",371
"младший ребенок",popular,"задания для детей младшего школьного возраста",368
"младший ребенок",popular,"психологическое развитие ребенка младшего возраста",368
"младший ребенок",popular,"познавательное развитие детей младшего дошкольного возраста",368
"младший ребенок",popular,"сказки для детей младшего возраста",367
"младший ребенок",popular,"старшие дети воспитывают младших",366
"младший ребенок",popular,"развитие речи младшая группа тема дети",366
"младший ребенок",popular,"самый младший ребенок в семье",366
"младший ребенок",popular,"дети младшего среднего и старшего возраста",363
"младший ребенок",popular,"речевое развитие ребенка младшей группы",363
"младший ребенок",popular,"занятия с детьми 1 младшая группа",361
"младший ребенок",popular,"здоровье детей младшей группы",359
"младший ребенок",popular,"задание для детей младшей группы",358
"младший ребенок",popular,"характеристика воспитателя на ребенка младшей группы",357
"младший ребенок",popular,"старший ребенок с младшей сестрой",356
"младший ребенок",popular,"детей младшего школьного возраста 5",355
"младший ребенок",popular,"возрастные особенности детей 2 младшей группы",353
"младший ребенок",popular,"дети бьют младшего ребенка",353
"младший ребенок",popular,"вторая младшая группа возраст детей в детском",353
"младший ребенок",popular,"не принимаю младшего ребенка",352
"младший ребенок",popular,"старшие дети помогают младшим",351
"младший ребенок",popular,"упражнение для детей младшей группы",351
"младший ребенок",popular,"развитие мелкой моторики детей младшего возраста",350
"младший ребенок",popular,"физические особенности детей младшего возраста",349
"младший ребенок",popular,"младший ребенок погиб",347
"младший ребенок",popular,"дети младший возраст картинки",347
"младший ребенок",popular,"как помочь младшему ребенку",346
"младший ребенок",popular,"рисунки детей младшая группа",346
"младший ребенок",popular,"речевое развитие детей младшего возраста",342
"младший ребенок",popular,"утренняя гимнастика для детей младшей группы",341
"младший ребенок",popular,"проблемы детей младшего возраста",340
"младший ребенок",popular,"мультик младший дети",339
"младший ребенок",popular,"в младшую группу какой возраст детей",338
"младший ребенок",popular,"тема самообразования детей младшего дошкольного возраста",336
"младший ребенок",popular,"мастер класс для детей младших классов",333
"младший ребенок",popular,"навыков у детей младшего школьного",333
"младший ребенок",popular,"самооценка ребенка младшего",332
"младший ребенок",popular,"характер младших детей",332
"младший ребенок",popular,"лето для детей младшей группы",331
"младший ребенок",popular,"средства развития детей младшего школьного возраста",331
"младший ребенок",popular,"характеристика детей младшей группы детского сада",329
"младший ребенок",popular,"психологические особенности детей младшего возраста",329
"младший ребенок",popular,"индивидуально с детьми вторая младшая группа",329
"младший ребенок",popular,"музыкальная игра для детей младшей",327
"младший ребенок",popular,"совместно с детьми младшей группы",327
"младший ребенок",popular,"гимнастика детей младшего школьного возраста",325
"младший ребенок",popular,"чтение детям младшая группа",324
"младший ребенок",popular,"физические особенности детей младшего школьного возраста",322
"младший ребенок",popular,"кружки для детей младшей группы",321
"младший ребенок",popular,"кружок для детей младшей группы",321
"младший ребенок",popular,"дети александра лазарева младшего",320
"младший ребенок",popular,"работы детей первой младшей группы",319
"младший ребенок",popular,"родительское собрание младшей группе адаптация детей",315
"младший ребенок",popular,"познавательная деятельность детей младшего возраста",315
"младший ребенок",popular,"особенности детей 1 младшей группы",314
"младший ребенок",popular,"индивидуальная работа с детьми вторая младшая",313
"младший ребенок",popular,"игры для детей 3 младшей группы",311
"младший ребенок",popular,"нарушения у детей младшего школьного возраста",309
"младший ребенок",popular,"беседа с детьми 1 младшая",309
"младший ребенок",popular,"младшего ребенка любят больше",307
"младший ребенок",popular,"работа с детьми 1 младшей группы",306
"младший ребенок",popular,"развитие речи детей второй младшей группы",305
"младший ребенок",popular,"во 2 младшей группе дети года",305
"младший ребенок",popular,"методика воспитания детей младшего возраста",304
"младший ребенок",popular,"эмоциональное развитие детей младшего возраста",303
"младший ребенок",popular,"здоровье детей младшего школьного возраста",302
"младший ребенок",popular,"первая младшая группа возраст детей в детском",302
"младший ребенок",popular,"младшая средняя группа возраст детей",301
"младший ребенок",popular,"план развития детей младшего возраста",301
"младший ребенок",popular,"адаптация детей в первой младшей",299
"младший ребенок",popular,"дети бодрова младшего сейчас",299
"младший ребенок",popular,"день ребенка во второй младшей группе",298
"младший ребенок",popular,"мероприятия для детей младшего школьного",298
"младший ребенок",popular,"совместную деятельность детей младшей группы",297
"младший ребенок",popular,"книги для детей младшего школьного",295
"младший ребенок",popular,"речь детей 2 младшей группы",294
"младший ребенок",popular,"индивидуальная работа с детьми второй младшей группы",294
"младший ребенок",popular,"мониторинг детей младшей группы",294
"младший ребенок",popular,"ребенок и школа младшие классы",292
"младший ребенок",popular,"лепка с детьми младшая группа",292
"младший ребенок",popular,"особенности воспитания детей младшего возраста",292
"младший ребенок",popular,"игры для детей младше 4 лет",292
"младший ребенок",popular,"творчество детей младшего возраста",291
"младший ребенок",popular,"рабочая программа для детей младшего",290
"младший ребенок",popular,"сенсорное развитие детей младшего возраста",290
"младший ребенок",popular,"день ребенка в первой младшей группе",290
"младший ребенок",popular,"список детей младшая группа",290
"младший ребенок",popular,"моторики у детей младшего возраста",290
"младший ребенок",popular,"ребенка оставили в младшей группе",289
"младший ребенок",popular,"младшие дети должны родителям",287
"младший ребенок",popular,"развитие способностей детей младшего школьного возраста",286
"младший ребенок",popular,"игры с детьми первая младшая",286
"младший ребенок",popular,"поведении детей младшего школьного",286
"младший ребенок",popular,"методика для детей младшего школьного возраста",285
"младший ребенок",popular,"книги для детей младшего школьного возраста",284
"младший ребенок",popular,"психологические особенности детей младшего школьного",284
"младший ребенок",popular,"гимнастика для детей младшего дошкольного возраста",283
"младший ребенок",popular,"дети младшего николая",282
"младший ребенок",popular,"игры с детьми 1 младшей группы",282
"младший ребенок",popular,"в младшей группе ясельные дети",282
"младший ребенок",popular,"психологические особенности детей младшего школьного возраста",281
"младший ребенок",popular,"собрания для детей младшей группы",279
"младший ребенок",popular,"как называют младших детей",278
"младший ребенок",popular,"возраст ребенка в младший школьный период",278
"младший ребенок",popular,"индивидуальная работа с детьми во 2 младшей",278
"младший ребенок",popular,"адаптация детей в первой младшей группе",278
"младший ребенок",popular,"моторики детей младшего дошкольного",277
"младший ребенок",popular,"консультация для детей младшего возраста",276
"младший ребенок",popular,"консультация детей второй младшей группы",275
"младший ребенок",popular,"группа детей младшего школьного",275
"младший ребенок",popular,"поведение ребенка младшего школьного возраста",275
"младший ребенок",popular,"математика для детей младшей группы",275
"младший ребенок",popular,"физическое развитие детей младшего школьного возраста",274
"младший ребенок",popular,"нравственное воспитание детей младшего возраста",274
"младший ребенок",popular,"физическое воспитание детей младшего дошкольного возраста",273
"младший ребенок",popular,"беседы с детьми 1 младшей группе",273
"младший ребенок",popular,"дидактические с детьми младшей группы",273
"младший ребенок",popular,"методика воспитания детей младшего школьного возраста",270
"младший ребенок",popular,"1 особенности детей младшего дошкольного возраста",268
"младший ребенок",popular,"мелкая моторика дети младшего дошкольного возраста",265
"младший ребенок",popular,"прогулки детей второй младшей группы",264
"младший ребенок",popular,"младший ребенок из 7 детей",264
"младший ребенок",popular,"сферы детей младшего школьного",263
"младший ребенок",popular,"обследование детей младшего школьного возраста",263
"младший ребенок",popular,"дети вторая младшая в группе доу",262
"младший ребенок",popular,"игры с детьми первой младшей группы",262
"младший ребенок",popular,"профилактика детей младшего школьного возраста",262
"младший ребенок",popular,"пальчиковая гимнастика для детей младшего",262
"младший ребенок",popular,"методики развития детей младшего возраста",261
"младший ребенок",popular,"развитие детей младшего и старшего возраста",261
"младший ребенок",popular,"мультфильмы для детей младшего",260
"младший ребенок",popular,"детские развлечения детей младшей группы",260
"младший ребенок",popular,"песенки для детей младшей группы",260
"младший ребенок",popular,"особенности воспитания детей младшего школьного возраста",258
"младший ребенок",popular,"безопасность детей 2 младшей группы",258
"младший ребенок",popular,"развитие моторики у детей младшего возраста",258
"младший ребенок",popular,"средства воспитания детей младшего школьного возраста",258
"младший ребенок",popular,"семья ребенка младшего школьного возраста",257
"младший ребенок",popular,"социализация детей младшего возраста",257
"младший ребенок",popular,"теория воспитания детей младшего школьного возраста",257
"младший ребенок",popular,"театр детям младшая группа",256
"младший ребенок",popular,"описание детей младшей группы",256
"младший ребенок",popular,"сферы детей младшего школьного возраста",254
"младший ребенок",popular,"овз детей младшего школьного возраста",253
"младший ребенок",popular,"умений у детей младшего",253
"младший ребенок",popular,"катя младший ребенок в семье",253
"младший ребенок",popular,"методы воспитания детей младшего школьного возраста",252
"младший ребенок",popular,"беседа с детьми младший возраст",252
"младший ребенок",popular,"секс дети помладше видео",252
"младший ребенок",popular,"песни для детей младшего возраста",252
"младший ребенок",popular,"пособие для детей младшего возраста",251
"младший ребенок",popular,"программы для детей младшего дошкольного возраста",251
"младший ребенок",popular,"ребенок общается с детьми младшей",250
"младший ребенок",popular,"игровая для детей младшего школьного возраста",250
"младший ребенок",popular,"дети с зпр младший школьный возраст",250
"младший ребенок",popular,"как зовут младшего ребенка",250
"младший ребенок",popular,"навыков у детей младшего дошкольного",248
"младший ребенок",popular,"задания для детей младшего дошкольного возраста",248
"младший ребенок",popular,"родительское собрание детей первой младшей группы",247
"младший ребенок",popular,"средства воспитания детей младшего дошкольного возраста",246
"младший ребенок",popular,"чем занимаются дети в младшей группе",246
"младший ребенок",popular,"упражнения для детей младшего школьного возраста",246
"младший ребенок",popular,"старший ребенок не хочет младшего",246
"младший ребенок",popular,"беседа с детьми первой младшей",246
"младший ребенок",popular,"провели с детьми второй младшей группы",243
"младший ребенок",popular,"детей младшей группы знакомят",243
"младший ребенок",popular,"2 младшая группа возраст детей в детском",243
"младший ребенок",popular,"развитие мышления детей младшего школьного возраста",243
"младший ребенок",popular,"детей младшего школьного возраста практическая",241
"младший ребенок",popular,"всего дают детям младше",241
"младший ребенок",popular,"родительское собрание с детьми младшая группа",240
"младший ребенок",popular,"детей младшего дошкольного возраста предмет",238
"младший ребенок",popular,"что едят дети младше года",238
"младший ребенок",popular,"развитие речи детей 2 младшей группы",237
"младший ребенок",popular,"познавательная деятельность детей младшего школьного возраста",237
"младший ребенок",popular,"убила младших детей",236
"младший ребенок",popular,"что должен уметь ребенок в младшей группе",236
"младший ребенок",popular,"возрастное развитие детей младшего школьного возраста",236
"младший ребенок",popular,"развитие познавательной деятельности детей младшего возраста",235
"младший ребенок",popular,"младшие дети персонажи",234
"младший ребенок",popular,"внимание детей младшего дошкольного возраста",232
"младший ребенок",popular,"осенний праздник для детей младшей группы",232
"младший ребенок",popular,"младшая сестра стала ребенком",232
"младший ребенок",popular,"как работать с детьми младше",231
"младший ребенок",popular,"особенностью детей младшего возраста является",231
"младший ребенок",popular,"почему младших детей любят",230
"младший ребенок",popular,"порно младший брат и сестра дети",230
"младший ребенок",popular,"возрастные особенности детей 1 младшей группы",230
"младший ребенок",popular,"особенности физического воспитания детей младшего возраста",230
"младший ребенок",popular,"самооценка детей младшего школьного",229
"младший ребенок",popular,"общение детей младшей группы",229
"младший ребенок",popular,"познавательная деятельность детей младшего дошкольного возраста",228
"младший ребенок",popular,"диагностика детей младшего дошкольного возраста",227
"младший ребенок",popular,"воспитание детей 2 младшая группа",227
"младший ребенок",popular,"конспекты для детей младшего возраста",225
"младший ребенок",popular,"игры детей младших классов",224
"младший ребенок",popular,"картотека игр для детей младшей группы",224
"младший ребенок",popular,"взаимодействие ребенок ребенок младшая группа",224
"младший ребенок",popular,"программы развития детей младшего школьного возраста",223
"младший ребенок",popular,"развлечение для детей 2 младшей",223
"младший ребенок",popular,"самооценка детей младшего школьного возраста",223
"младший ребенок",popular,"сенсорное развитие детей младшая группа",223
"младший ребенок",popular,"группа детей младшего школьного возраста",222
"младший ребенок",popular,"а четыре младший ребенок",222
"младший ребенок",popular,"младший ребенок в семье 8",222
"младший ребенок",popular,"что должен делать младший ребенок",222
"младший ребенок",popular,"рисуем с детьми младшей группы",221
"младший ребенок",popular,"восприятие детей младшего школьного возраста",221
"младший ребенок",popular,"детские песни для детей младшей группы",220
"младший ребенок",popular,"что нужно ребенку в младшую группу",220
"младший ребенок",popular,"дети еременко младшего",220
"младший ребенок",popular,"сценарий праздника для детей младшей группы",219
"младший ребенок",popular,"английский для детей помладше",219
"младший ребенок",popular,"детям дошкольникам младшим школьникам",219
"младший ребенок",popular,"развитие мелкой моторики детей младшей группы",218
"младший ребенок",popular,"конструирование детей младшей группы",218
"младший ребенок",popular,"мира детей младшего школьного возраста",216
"младший ребенок",popular,"деятельность детей в первой младшей группе",216
"младший ребенок",popular,"количество детей в младшей группе",216
"младший ребенок",popular,"пальчиковая гимнастика для детей младшей группы",216
"младший ребенок",popular,"учиться учиться для детей младших",215
"младший ребенок",popular,"наличие младших детей",214
"младший ребенок",popular,"упражнения для детей младшего дошкольного возраста",214
"младший ребенок",popular,"игровая деятельность детей младшего дошкольного возраста",213
"младший ребенок",popular,"адаптация детей 2 младшая группа",212
"младший ребенок",popular,"чем младше ребенок тем лучше",212
"младший ребенок",popular,"младший школьный период развития ребенка",212
"младший ребенок",popular,"самообразование с детьми младшей группы",211
"младший ребенок",popular,"общение детей младшего школьного возраста",211
"младший ребенок",popular,"особенности возрастного развития детей младший возраст",210
"младший ребенок",popular,"обследование детей младшего дошкольного возраста",210
"младший ребенок",popular,"родительское собрание с детьми в младшей",210
"младший ребенок",popular,"особенности деятельности детей младшего школьного возраста",209
"младший ребенок",popular,"чем занять детей младшей группы",209
"младший ребенок",popular,"дети сергея бодрова младшего сейчас",208
"младший ребенок",popular,"игровая деятельность детей младшей группы",208
"младший ребенок",popular,"программы детей младших классов",208
"младший ребенок",popular,"картотеки для детей младшего возраста",208
"младший ребенок",popular,"сколько должно быть детей в младшей группе",207
"младший ребенок",popular,"игры младшего воспитателя и детей",206
"младший ребенок",popular,"памятки для родителей детей младшей группы",206
"младший ребенок",popular,"адаптация детей второй младшей группы",206
"младший ребенок",popular,"планы для детей младшего возраста",205
"младший ребенок",popular,"лазарев младший жена дети",205
"младший ребенок",popular,"консультации для родителей детей младшего возраста",204
"младший ребенок",popular,"физическое развитие детей младшей группы",204
"младший ребенок",popular,"1 возрастные особенности детей младшего школьного",204
"младший ребенок",popular,"память ребенка младшего школьного возраста",204
"младший ребенок",popular,"сказки детям младший дошкольный возраст",203
"младший ребенок",popular,"способности детей младшего дошкольного возраста",202
"младший ребенок",popular,"проблемы детей младшего школьного возраста",202
"младший ребенок",popular,"этапы развития ребенка младший школьный возраст",202
"младший ребенок",popular,"работа с родителями детей младшей группы",201
"младший ребенок",popular,"картотека бесед с детьми младшая группа",201
"младший ребенок",popular,"развитие речи детей младшего школьного возраста",201
"младший ребенок",popular,"эмоциональное развития ребенка младшего школьного возраста",200
"младший ребенок",popular,"рисунки детей младшего возраста",200
"младший ребенок",popular,"дети младшей возрастной группы возраст",199
"младший ребенок",popular,"у меня 3 детей младшей 3",198
"младший ребенок",popular,"характеристика ребенка младшего дошкольного возраста",198
"младший ребенок",popular,"родители развитие детей младшего возраста",197
"младший ребенок",popular,"музыкальные игры для детей младшей группы",196
"младший ребенок",popular,"развитие детей младшего школьного возраста курсовая",194
"младший ребенок",popular,"тревожности у детей младшего школьного",194
"младший ребенок",popular,"развлечения для детей 2 младшей группы",194
"младший ребенок",popular,"развитие внимания детей младшего школьного возраста",193
"младший ребенок",popular,"деятельность ребенка раннего и младшего возраста",193
"младший ребенок",popular,"исследования развития детей младшего",192
"младший ребенок",popular,"вопросы для детей младшей группы",192
"младший ребенок",popular,"секс детей младше 18",192
"младший ребенок",popular,"день ребенка в доу младшая группа",192
"младший ребенок",popular,"дети бодрова младшего фото",192
"младший ребенок",popular,"особенности развития детей младшей группы",191
"младший ребенок",popular,"активность детей младшего школьного возраста",191
"младший ребенок",popular,"учебной деятельности детей младшего школьного",189
"младший ребенок",popular,"заболевания детей младшего возраста",189
"младший ребенок",popular,"физиологические особенности детей младшего возраста",189
"младший ребенок",popular,"старшим ребенком из трех младших детей",188
"младший ребенок",popular,"развитие данных детей младшего возраста",188
"младший ребенок",popular,"дети младших богов",188
"младший ребенок",popular,"старший ребенок сидит с младшим",187
"младший ребенок",popular,"стихи про младших детей",187
"младший ребенок",popular,"1 воспитание детей младшего дошкольного возраста",186
"младший ребенок",popular,"дети ведут себя как младший ребенок",186
"младший ребенок",popular,"дети преснякова младшего",186
"младший ребенок",popular,"тревожность у детей младшего возраста",186
"младший ребенок",popular,"творческое развитие детей младшего школьного возраста",186
"младший ребенок",popular,"презентация дети младшего дошкольного возраста",186
"младший ребенок",popular,"дети старший мальчик младше девочка",186
"младший ребенок",popular,"перевод ребенка в младшую группу",184
"младший ребенок",popular,"дети младшего возраста это какой возраст",184
"младший ребенок",popular,"муж младше и хочет ребенка",183
"младший ребенок",popular,"подвижные игры для детей младшего возраста",182
"младший ребенок",popular,"помощь старших детей младшим",182
"младший ребенок",popular,"1 младшая группа возраст детей в детском",182
"младший ребенок",popular,"ситуации с детьми младшая группа",181
"младший ребенок",popular,"ценности детей младшего возраста",181
"младший ребенок",popular,"возраст детей младшей средней старшей групп",181
"младший ребенок",popular,"формы работы с детьми младшего возраста",181
"младший ребенок",popular,"условия развития ребенка младшего школьного возраста",181
"младший ребенок",popular,"порно детей младше 18",181
"младший ребенок",popular,"развитие творческих способностей детей младшего возраста",180
"младший ребенок",popular,"детей младшего школьного возраста предмет",180
"младший ребенок",popular,"дети 2 ой младшей группы",179
"младший ребенок",popular,"личность ребенка младшего школьного",178
"младший ребенок",popular,"картинки для детей 2 младшей группы",178
"младший ребенок",popular,"у детей младше трех лет",178
"младший ребенок",popular,"психическое развитие детей младшего дошкольного возраста",178
"младший ребенок",popular,"сестра дрочит младшему брату дети",177
"младший ребенок",popular,"качества ребенка младшего школьного возраста",177
"младший ребенок",popular,"план занятий детей младшей группы",177
"младший ребенок",popular,"воспитание и развитие детей младшего возраста",176
"младший ребенок",popular,"физиологические особенности детей младшего школьного",176
"младший ребенок",popular,"физиологические особенности детей младшего школьного возраста",176
"младший ребенок",popular,"физическая культура детей младшего школьного возраста",176
"младший ребенок",popular,"игры для детей младшей группы цель",176
"младший ребенок",popular,"характерные особенности детей младшего возраста",174
"младший ребенок",popular,"речевое развитие детей младшего дошкольного возраста",174
"младший ребенок",popular,"сенсорное развитие детей младшего дошкольного возраста",174
"младший ребенок",popular,"нравственное воспитание детей младшая группа",174
"младший ребенок",popular,"детей младше 3 х лет",173
"младший ребенок",popular,"аппликации детей 2 младшей группы",173
"младший ребенок",popular,"особенностью детей младшего дошкольного возраста является",173
"младший ребенок",popular,"тревожность у детей младшего школьного возраста",173
"младший ребенок",popular,"рассказы для детей младшего возраста",173
"младший ребенок",popular,"характеристика 2 младшая на ребенка",173
"младший ребенок",popular,"стихотворения для детей младших групп",172
"младший ребенок",popular,"патриотическое воспитание детей младшего возраста",172
"младший ребенок",popular,"игры для детей младших школьников",172
"младший ребенок",popular,"учебная деятельность детей младшего школьного возраста",172
"младший ребенок",popular,"развитие речи ушакова младшая детей",172
"младший ребенок",popular,"сценарии для детей младшего школьного возраста",171
"младший ребенок",popular,"дети раздевают младших",171
"младший ребенок",popular,"старший ребенок бьет младшего",171
"младший ребенок",popular,"фото детей лазарева младшего",171
"младший ребенок",popular,"самообслуживание детей младшего дошкольного возраста",171
"младший ребенок",popular,"предложить детям младшей группы",171
"младший ребенок",popular,"физминутка для детей младшей группы",171
"младший ребенок",popular,"воспитание детей старший младший",171
"младший ребенок",popular,"чтение детей младшего школьного",170
"младший ребенок",popular,"характеристика развития детей младшего школьного возраста",170
"младший ребенок",popular,"младшая группа сколько лет детям",170
"младший ребенок",popular,"дети младшего возраста в лагере",170
"младший ребенок",popular,"ребенка не переводят в младшую группу",170
"младший ребенок",popular,"самостоятельная деятельность детей 2 младшая",169
"младший ребенок",popular,"психологическое развитие детей младшего школьного возраста",169
"младший ребенок",popular,"с детьми младшей группы проводят занятия",168
"младший ребенок",popular,"познавательные особенности детей младшего школьного возраста",168
"младший ребенок",popular,"чтение детей младшего школьного возраста",168
"младший ребенок",popular,"рисование детей младшего дошкольного возраста",168
"младший ребенок",popular,"мастер классы для детей младшего возраста",168
"младший ребенок",popular,"восприятия детей младшего дошкольного возраста",168
"младший ребенок",popular,"социально коммуникативное развитие детей младшей группы",168
"младший ребенок",popular,"что умеют дети второй младшей группы",167
"младший ребенок",popular,"психическое развитие детей в младшем школьном",167
"младший ребенок",popular,"ребенок младшего принца",166
"младший ребенок",popular,"влияние на детей младшего школьного возраста",166
"младший ребенок",popular,"представления у детей младшего школьного возраста",166
"младший ребенок",popular,"ребенок и природа младшая группа",166
"младший ребенок",popular,"методики развития детей младшего школьного возраста",165
"младший ребенок",popular,"любовь к младшим детям",165
"младший ребенок",popular,"особенности детей первой младшей группы",165
"младший ребенок",popular,"утренняя зарядка для детей младшей группы",165
"младший ребенок",popular,"беседы с детьми младшей группе цель",164
"младший ребенок",popular,"тематическое планирование для детей младшей группы",164
"младший ребенок",popular,"нравственное воспитание детей младшего дошкольного возраста",164
"младший ребенок",popular,"кружок для детей младшего возраста",164
"младший ребенок",popular,"поделка для детей младшей группы",163
"младший ребенок",popular,"мастер класс с детьми младшей группы",163
"младший ребенок",popular,"индивидуальные особенности младших детей",163
"младший ребенок",popular,"дети младше внучки",163
"младший ребенок",popular,"младший школьный возраст личность ребенка",162
"младший ребенок",popular,"воспитание детей 1 младшей группы",162
"младший ребенок",popular,"развитие игровой деятельности детей младшего возраста",161
"младший ребенок",popular,"пособия для детей младшей группы",160
"младший ребенок",popular,"музыкальное развитие детей младшего возраста",160
"младший ребенок",popular,"воспитание младшего ребенка в семье",160
"младший ребенок",popular,"диагностика развития ребенка младшего школьного возраста",160
"младший ребенок",popular,"наследство младшему ребенку",160
"младший ребенок",popular,"опыты для детей младшего возраста",160
"младший ребенок",popular,"младшим детям можно все",160
"младший ребенок",popular,"творчество детей в младшей группе",160
"младший ребенок",popular,"анатомо физиологические особенности детей младшего",160
"младший ребенок",popular,"характеристика ребенка 2 младшей группы",159
"младший ребенок",popular,"сколько лет самому младшему ребенку",159
"младший ребенок",popular,"младший из троих детей",159
"младший ребенок",popular,"особенности познавательного развития детей младшего возраста",159
"младший ребенок",popular,"мероприятия для детей младшего дошкольного возраста",159
"младший ребенок",popular,"игры для детей младше 2 лет",159
"младший ребенок",popular,"самостоятельности детей младшем возрасте",159
"младший ребенок",popular,"игры для детей младший средний возраст",159
"младший ребенок",popular,"родители выбрали младшего ребенка",159
"младший ребенок",popular,"музыка для зарядки для младших детей",159
"младший ребенок",popular,"социализация детей младшего дошкольного возраста",159
"младший ребенок",popular,"развитие речи детей 1 младшей группы",158
"младший ребенок",popular,"самостоятельная игра детей в младшей группе",158
"младший ребенок",popular,"занятие для детей младшие школьники",158
"младший ребенок",popular,"особенности внимания детей младшего возраста",158
"младший ребенок",popular,"праздник осени для детей младшей группы",157
"младший ребенок",popular,"почему младших детей любят больше",157
"младший ребенок",popular,"литература для детей младшей группы",157
"младший ребенок",popular,"чем младше дети тем моложе родители",156
"младший ребенок",popular,"дети и дорога младшая группа",156
"младший ребенок",popular,"адаптация детей младшего школьного",156
"младший ребенок",popular,"внеурочная деятельность детей младшего школьного возраста",156
"младший ребенок",popular,"младший ребенок на английском",156
"младший ребенок",popular,"консультации для детей младшего дошкольного возраста",155
"младший ребенок",popular,"развитие речи детей первой младшей группы",155
"младший ребенок",popular,"календарное планирование для детей младшей группы",155
"младший ребенок",popular,"педагогическая диагностика детей младшая",155
"младший ребенок",popular,"игры детей на прогулке младшая группа",154
"младший ребенок",popular,"логопедическое детей младшего школьного возраста",154
"младший ребенок",popular,"развлечения детей 1 младшей группы",153
"младший ребенок",popular,"консультации для детей 2 младшей группы",153
"младший ребенок",popular,"формирование развития детей младшего дошкольного возраста",153
"младший ребенок",popular,"беседа с детьми в первой младшей группе",153
"младший ребенок",popular,"для детей младшего дошкольного возраста характерно",153
"младший ребенок",popular,"права ребенка младшая группа",153
"младший ребенок",popular,"ведущей деятельностью детей младшего школьного",153
"младший ребенок",popular,"стихи для детей младшего возраста",153
"младший ребенок",popular,"рассказать детям в младшей группе",153
"младший ребенок",popular,"коммуникативных навыков у детей младшего",153
"младший ребенок",popular,"индивидуальные работы с детьми 1 младшая",152
"младший ребенок",popular,"музыкальные занятия детей в младшей",152
"младший ребенок",popular,"дружба детей младшей группы",152
"младший ребенок",popular,"чему научились дети младшей группы",151
"младший ребенок",popular,"синдром младшего ребенка",150
"младший ребенок",popular,"музыка для детей младшего возраста",149
"младший ребенок",popular,"день защиты детей младшая",149
"младший ребенок",popular,"особенности внимания детей младшего школьного возраста",149
"младший ребенок",popular,"развитие детей в доу младшая группа",149
"младший ребенок",popular,"деятельность младшего воспитателя с детьми",149
"младший ребенок",popular,"самый младший ребенок в группе",148
"младший ребенок",popular,"музыкальное занятие для детей младшей группы",148
"младший ребенок",popular,"читать детям младшего школьного возраста",148
"младший ребенок",popular,"самостоятельная деятельность детей 2 младшая группа",148
"младший ребенок",popular,"загадки для детей младшей группы",147
"младший ребенок",popular,"младшего ребенка любят больше чем старшего",147
"младший ребенок",popular,"анатомо физиологические особенности детей младшего возраста",147
"младший ребенок",popular,"темы работы с детьми вторая младшая",147
"младший ребенок",popular,"ребенок боится младшего",146
"младший ребенок",popular,"коммуникативное развитие детей младшего школьного возраста",146
"младший ребенок",popular,"развлечения детей второй младшей группе",146
"младший ребенок",popular,"воображение детей младшего возраста",146
"младший ребенок",popular,"игры воспитателя с детьми младшей группы",146
"младший ребенок",popular,"зрение детей младшего школьного возраста",145
"младший ребенок",popular,"дополнительное образование детей младшего школьного возраста",145
"младший ребенок",popular,"этапы развития детей младшего дошкольного возраста",145
"младший ребенок",popular,"к концу года дети младшей группы",145
"младший ребенок",popular,"знакомство с детьми вторая младшая группа",145
"младший ребенок",popular,"мышление детей младшего дошкольного возраста",145
"младший ребенок",popular,"анатомо физиологические детей младшего школьного возраста",145
"младший ребенок",popular,"особенности обучения детей младшего возраста",144
"младший ребенок",popular,"пособия на ребенка младше 17 лет",143
"младший ребенок",popular,"анатомо физиологические особенности детей младшего школьного",143
"младший ребенок",popular,"анатомо физиологические особенности детей младшего школьного возраста",143
"младший ребенок",popular,"адаптация детей младшего школьного возраста",143
"младший ребенок",popular,"вам нужен младший ребенок",143
"младший ребенок",popular,"трудовая деятельность детей младшего возраста",142
"младший ребенок",popular,"консультация для родителей детей 2 младшей группы",142
"младший ребенок",popular,"детям младше шести лет",141
"младший ребенок",popular,"беседы ребенком младшего школьного возраста",141
"младший ребенок",popular,"песни детям вторая младшая",141
"младший ребенок",popular,"методы работы с детьми младшего возраста",141
"младший ребенок",popular,"индивидуальная работа с детьми 1 младшая группа",141
"младший ребенок",popular,"условия развития детей младшего дошкольного возраста",140
"младший ребенок",popular,"развитие внимания у детей младшего школьного",140
"младший ребенок",popular,"фредди принц младший дети",140
"младший ребенок",popular,"стих про детей младшей группы",140
"младший ребенок",popular,"патриотическое воспитание детей младшей группы",140
"младший ребенок",popular,"адаптация детей младшего дошкольного возраста",140
"младший ребенок",popular,"эксперимента с младшими детьми",140
"младший ребенок",popular,"духовно нравственное воспитание детей младшего возраста",140
"младший ребенок",popular,"самообразование развитие речи детей младшего возраста",139
"младший ребенок",popular,"игры для старших и младших детей",139
"младший ребенок",popular,"младший ребенок в семье 9",139
"младший ребенок",popular,"диагностика развития детей младшей группы",139
"младший ребенок",popular,"перспективное планирование детей младшая группа",138
"младший ребенок",popular,"ведущая деятельность детей младшего школьного возраста",138
"младший ребенок",popular,"особенностью детей младшего школьного возраста является",138
"младший ребенок",popular,"сопровождение детей младшего школьного возраста",138
"младший ребенок",popular,"после рождения младшего ребенка старший",138
"младший ребенок",popular,"возрастная характеристика детей младшего школьного возраста",137
"младший ребенок",popular,"развлечения детей младшего возраста",137
"младший ребенок",popular,"дополнительная программа для детей младшего возраста",137
"младший ребенок",popular,"общение детей младшего дошкольного возраста",137
"младший ребенок",popular,"рисование с детьми 2 младшей группы",136
"младший ребенок",popular,"безопасность дети 1 младшая",136
"младший ребенок",popular,"гимнастика для детей второй младшей группы",136
"младший ребенок",popular,"математика для детей младшего возраста",136
"младший ребенок",popular,"темы самообразования с детьми младшей группы",136
"младший ребенок",popular,"особенности работы с детьми младшего возраста",135
"младший ребенок",popular,"младшая сестра для брата ребенка",135
"младший ребенок",popular,"характеристики особенностей детей младшего школьного возраста",135
"младший ребенок",popular,"познавательное развитие детей второй младшей группы",135
"младший ребенок",popular,"дети младшего школьного возраста с рас",135
"младший ребенок",popular,"рисование для детей младшего возраста",135
"младший ребенок",popular,"пугачева младшие дети",135
"младший ребенок",popular,"трудности детей младшего школьного возраста",135
"младший ребенок",popular,"картотеки для детей 1 младшей группы",135
"младший ребенок",popular,"сказка для детей младшего школьного возраста",134
"младший ребенок",popular,"конспекты занятие детьми первой младшей группы",134
"младший ребенок",popular,"старший ребенок забирает младшего из сада",134
"младший ребенок",popular,"развлечение для детей 1 младшей",134
"младший ребенок",popular,"сценарий осеннего праздника для детей младшей группы",134
"младший ребенок",popular,"опыт для детей младшей группы",134
"младший ребенок",popular,"познавательная активность детей младшего возраста",134
"младший ребенок",popular,"гимнастика для детей 2 младшая группа",133
"младший ребенок",popular,"рисование для детей вторая младшая группа",133
"младший ребенок",popular,"эмоциональная сфера детей младшего возраста",133
"младший ребенок",popular,"младший ребенок и сестра секс",133
"младший ребенок",popular,"пособия для детей младшего дошкольного возраста",133
"младший ребенок",popular,"отношений детей младшего дошкольного возраста",133
"младший ребенок",popular,"игрушки для детей младшего возраста",132
"младший ребенок",popular,"физическое развитие детей младшего дошкольного возраста",132
"младший ребенок",popular,"творческих способностей детей младшего школьного",132
"младший ребенок",popular,"планирование работы с детьми младшей группы",132
"младший ребенок",popular,"порно с младшей сестрой ребенок",132
"младший ребенок",popular,"комплекс упражнений для детей младшего возраста",132
"младший ребенок",popular,"зарядка для детей младшей группы музыка",132
"младший ребенок",popular,"развитие словаря ребенка младшего",132
"младший ребенок",popular,"мотивация детей младшего школьного возраста",131
"младший ребенок",popular,"психолог занятия с младшими детьми",131
"младший ребенок",popular,"функции ребенка младшего школьного возраста",131
"младший ребенок",popular,"словаря детей младшего дошкольного возраста",131
"младший ребенок",popular,"детей младшего школьного возраста характерно",130
"младший ребенок",popular,"организация деятельности детей младшего дошкольного возраста",130
"младший ребенок",popular,"как научить ребенка младшей группы",129
"младший ребенок",popular,"проекты для детей 2 младшей группе",129
"младший ребенок",popular,"интересы ребенка младшего школьного возраста",129
"младший ребенок",popular,"ребенок ревнует к младшему ребенку",129
"младший ребенок",popular,"развивающая среда для детей младшей группы",129
"младший ребенок",popular,"детям младше 2 х",128
"младший ребенок",popular,"12 можно ли детям младше",128
"младший ребенок",popular,"безопасность с детьми вторая младшая",128
"младший ребенок",popular,"занятие рисование для детей младшей группы",128
"младший ребенок",popular,"диагностика детей в детском саду младшая группа",127
"младший ребенок",popular,"план работы с детьми второй младшей",127
"младший ребенок",popular,"дети бодрова младшего фото сейчас",127
"младший ребенок",popular,"порно с младшим братом дети",127
"младший ребенок",popular,"творческих способностей детей младшего школьного возраста",127
"младший ребенок",popular,"индивидуальная работа с детьми первой младшей",127
"младший ребенок",popular,"заболевания детей младшего школьного возраста",126
"младший ребенок",popular,"английский язык для детей младшего",126
"младший ребенок",popular,"викторины детей младшего возраста",126
"младший ребенок",popular,"ноты для детей младшего",126
"младший ребенок",popular,"ненавижу младшего ребенка",126
"младший ребенок",popular,"характеристика на пмпк ребенка младшей группы",126
"младший ребенок",popular,"индивидуальная работа с детьми первой младшей группы",126
"младший ребенок",popular,"возрастные особенности детей первой младшей группы",125
"младший ребенок",popular,"воспитание и обучение детей младшего возраста",125
"младший ребенок",popular,"развитие коммуникативных навыков у детей младшего",125
"младший ребенок",popular,"плюсы младших детей",125
"младший ребенок",popular,"с детьми младшего возраста и подростков",125
"младший ребенок",popular,"самостоятельная деятельность детей вторая младшая",125
"младший ребенок",popular,"организация детей младшей группы на прогулку",125
"младший ребенок",popular,"ребенок и окружающий мир в младшей группе",125
"младший ребенок",popular,"характеристика возрастных особенностей детей младшего возраста",124
"младший ребенок",popular,"песня для исполнения детьми в младшей группе",124
"младший ребенок",popular,"нет старших и младших детей в",124
"младший ребенок",popular,"развивающие у детей младшего возраста",124
"младший ребенок",popular,"картинки для детей второй младшей группы",124
"младший ребенок",popular,"труд детей в младшей группе",124
"младший ребенок",popular,"рост детей младшего школьного возраста",124
"младший ребенок",popular,"познавательный интерес детей младшей",123
"младший ребенок",popular,"отношения старших и младших детей",123
"младший ребенок",popular,"лазарев александр младший жена дети",123
"младший ребенок",popular,"трудовое воспитание детей младшего возраста",123
"младший ребенок",popular,"видео детей младшего школьного возраста",122
"младший ребенок",popular,"дети владимира преснякова младшего",122
"младший ребенок",popular,"лазарев младший жена дети фото",122
"младший ребенок",popular,"вечер с младшими детьми",121
"младший ребенок",popular,"математические представления детей младшего возраста",121
"младший ребенок",popular,"к младшему школьному возрасту относятся дети",121
"младший ребенок",popular,"возрастные особенности детей младших школьников",121
"младший ребенок",popular,"дети младшие школьники и подростки",121
"младший ребенок",popular,"тексты для детей младшего школьного возраста",120
"младший ребенок",popular,"рассказы для детей младшей группы",120
"младший ребенок",popular,"задачи развития детей младшего дошкольного возраста",120
"младший ребенок",popular,"дети колесникова младшего",120
"младший ребенок",popular,"диагностика детей младшего школьного возраста методики",120
"младший ребенок",popular,"безопасность детей младшего дошкольного возраста",119
"младший ребенок",popular,"включи для детей младших",119
"младший ребенок",popular,"педагогические особенности детей младшего школьного возраста",119
"младший ребенок",popular,"характерные особенности детей младшего дошкольного возраста",119
"младший ребенок",popular,"эмоционального развития детей младшего дошкольного возраста",119
"младший ребенок",popular,"рисование с детьми первая младшая группа",119
"младший ребенок",popular,"конспект занятия для детей младшего возраста",119
"младший ребенок",popular,"самостоятельная деятельность детей 1 младшая",119
"младший ребенок",popular,"план работы с детьми 2 младшей",118
"младший ребенок",popular,"старший ребенок не принимает младшего",118
"младший ребенок",popular,"консультация адаптация детей в младшей группе",117
"младший ребенок",popular,"картотека игр для детей младшего возраста",117
"младший ребенок",popular,"дети виторгана младшего",117
"младший ребенок",popular,"мероприятия с детьми второй младшей группы",117
"младший ребенок",popular,"темы проектов для детей младшей группы",117
"младший ребенок",popular,"почему младших любят больше чем старших детей",116
"младший ребенок",popular,"особенности физического развития детей младшего",116
"младший ребенок",popular,"дети с овз в младшей группе",116
"младший ребенок",popular,"наблюдения с детьми младшей группы",116
"младший ребенок",popular,"коммуникативные навыки детей младшего школьного возраста",116
"младший ребенок",popular,"формы организации детей младшего дошкольного возраста",115
"младший ребенок",popular,"диагностические методики детей младшего возраста",115
"младший ребенок",popular,"игрушки для детей 2 младшей группы",115
"младший ребенок",popular,"режимные моменты детей младшая группа",114
"младший ребенок",popular,"проекты дети 1 младшей группы",114
"младший ребенок",popular,"презентация для детей второй младшей группы",114
"младший ребенок",popular,"осенний сценарий для детей 2 младшей группы",114
"младший ребенок",popular,"родителю воспитывающему ребенка младше",114
"младший ребенок",popular,"характеристика детям второй младшей",114
"младший ребенок",popular,"взаимодействие ребенок младшего школьного возраста",114
"младший ребенок",popular,"мультфильмы для детей младшего возраста",113
"младший ребенок",popular,"программа для детей 2 младшей группы",113
"младший ребенок",popular,"рисунки детей младшего школьного возраста",113
"младший ребенок",popular,"мастер дети младшего дошкольного возраста",113
"младший ребенок",popular,"норма детей в младшей группе",113
"младший ребенок",popular,"народное творчество детям младшая группа",113
"младший ребенок",popular,"сказки для детей 2 младшей группы",113
"младший ребенок",popular,"гигиенические навыки у детей младшего возраста",113
"младший ребенок",popular,"особенности обучения детей младшего школьного возраста",112
"младший ребенок",popular,"трудовая деятельность детей младшего дошкольного возраста",112
"младший ребенок",popular,"младший ребенок в школу к старшему",112
"младший ребенок",popular,"дети александра лазарева младшего фото",112
"младший ребенок",popular,"дети голос младшие",112
"младший ребенок",popular,"конструирование детей младшего дошкольного возраста",111
"младший ребенок",popular,"родители больше любят младшего ребенка",111
"младший ребенок",popular,"дети кеннеди младшего",111
"младший ребенок",popular,"социальной ситуации детей младшего школьного",111
"младший ребенок",popular,"индивидуальный маршрут детей младшей группы",111
"младший ребенок",popular,"познавательные процессы детей младшего школьного возраста",111
"младший ребенок",popular,"рекомендации родителям детей младшей группы",110
"младший ребенок",popular,"цветы для детей младшая группа",110
"младший ребенок",popular,"прогулка детей первой младшей группы",110
"младший ребенок",popular,"художественное развитие детей младшего возраста",110
"младший ребенок",popular,"виды деятельности ребенка младшего школьного возраста",110
"младший ребенок",popular,"влияние на развитие детей младшего возраста",110
"младший ребенок",popular,"системы у детей младшего возраста",109
"младший ребенок",popular,"конспект для детей 1 младшей группе",109
"младший ребенок",popular,"экология для детей младших",108
"младший ребенок",popular,"александр лазарев младший личная жизнь дети",108
"младший ребенок",popular,"труд детей младшего дошкольного возраста",108
"младший ребенок",popular,"настольные игры для детей младшей группы",108
"младший ребенок",popular,"картотека для детей 2 младшей группы",108
"младший ребенок",popular,"музыка детям вторая младшая",108
"младший ребенок",popular,"детей младшего возраста примерно",108
"младший ребенок",popular,"нод с детьми младшей группы",107
"младший ребенок",popular,"ревность старшего ребенка к младшему",107
"младший ребенок",popular,"физкультура для детей младшей группы",106
"младший ребенок",popular,"экологического воспитания детьми младшей группы",106
"младший ребенок",popular,"социальная ситуация детей младшего школьного возраста",106
"младший ребенок",popular,"мама в семье была младшим ребенком",106
"младший ребенок",popular,"младшие дети занимаются сексом",106
"младший ребенок",popular,"самостоятельная деятельность детей 1 младшая группа",106
"младший ребенок",popular,"примеры для детей младшего возраста",106
"младший ребенок",popular,"самостоятельный ребенок младшего школьного возраста",105
"младший ребенок",popular,"почему родители любят младших детей",105
"младший ребенок",popular,"пальчиковые игры для детей младшей группы",104
"младший ребенок",popular,"игровая программа для детей младшего возраста",104
"младший ребенок",popular,"ребенка отдают в группу младше",104
"младший ребенок",popular,"возрастные характеристики детей младшего дошкольного возраста",104
"младший ребенок",popular,"младший ребенок выше старшего",104
"младший ребенок",popular,"математические представления детей младшего дошкольного возраста",104
"младший ребенок",popular,"николай еременко младший дети",104
"младший ребенок",popular,"характеристика развития детей младшего дошкольного возраста",104
"младший ребенок",popular,"виды деятельности детей младшего дошкольного возраста",104
"младший ребенок",popular,"подвижные игры для детей младшего школьного",104
"младший ребенок",popular,"2 младшая что должны знать дети",104
"младший ребенок",popular,"праздник для детей 2 младшая группа",104
"младший ребенок",popular,"методика развития детей младшего дошкольного возраста",103
"младший ребенок",popular,"математическое развитие детей младшего возраста",103
"младший ребенок",popular,"программы для развития детей младшего возраста",103
"младший ребенок",popular,"младший школьник личность ребенка",103
"младший ребенок",popular,"какая деятельность ребенка младшего школьного возраста",102
"младший ребенок",popular,"патриотическое воспитание детей младшего дошкольного возраста",102
"младший ребенок",popular,"методики для детей младшего дошкольного возраста",102
"младший ребенок",popular,"методы развития детей младшего дошкольного возраста",102
"младший ребенок",popular,"навыки самообслуживания детей младшего дошкольного возраста",102
"младший ребенок",popular,"дети леонова младшего",102
"младший ребенок",popular,"карточки для детей младшая группа",102
"младший ребенок",popular,"проекты для детей второй младшей",102
"младший ребенок",popular,"песня для детей 2 младшей",102
"младший ребенок",popular,"физиологическое развитие детей младшего",102
"младший ребенок",popular,"социализация детей младшего школьного возраста",102
"младший ребенок",popular,"подвижные игры для детей младшего школьного возраста",101
"младший ребенок",popular,"сценарии развлечения для детей младшей группы",101
"младший ребенок",popular,"потребности детей младшего школьного возраста",101
"младший ребенок",popular,"презентация для детей 2 младшей группы",101
"младший ребенок",popular,"экологическая воспитание детей младшего возраста",101
"младший ребенок",popular,"тесты для детей младшего возраста",101
"младший ребенок",popular,"воспитание детей во второй младшей группе",100
"младший ребенок",popular,"психические особенности детей младшего дошкольного возраста",100
"младший ребенок",popular,"индивидуальные планы с детьми младшей группы",100
"младший ребенок",popular,"конкурсы для детей младшего возраста",100
"младший ребенок",popular,"программа для детей второй младшей группы",100
"младший ребенок",popular,"сосет младшему брату дети",100
"младший ребенок",popular,"картотеки для детей младшего дошкольного",100
"младший ребенок",popular,"младшие дети иванова",100
"младший ребенок",popular,"пожарная безопасность для детей младшей группы",100
"младший ребенок",popular,"сенсорные игры детей младшего возраста",99
"младший ребенок",popular,"воображение детей младшего школьного возраста",99
"младший ребенок",popular,"фредди принц младший и сара мишель дети",99
"младший ребенок",popular,"игры детей младшего возраста 4 лет",99
"младший ребенок",popular,"книги для детей младшего дошкольного возраста",99
"младший ребенок",popular,"картотеки для детей младшего дошкольного возраста",99
"младший ребенок",popular,"интеллектуальное развитие детей младшего возраста",99
"младший ребенок",popular,"для ребенка младшего школьного возраста важно",99
"младший ребенок",popular,"особенности младшего ребенка в семье",99
"младший ребенок",popular,"игровая деятельность ребенка младшего школьного возраста",99
"младший ребенок",popular,"самостоятельная деятельность детей младшего возраста",99
"младший ребенок",popular,"развлечение для детей второй младшей",99
"младший ребенок",popular,"типы детей младшего школьного возраста",98
"младший ребенок",popular,"характеристика ребенка второй младшей группы",98
"младший ребенок",popular,"проекты для детей младшего дошкольного возраста",98
"младший ребенок",popular,"самостоятельная деятельность детей младшая группа цель",98
"младший ребенок",popular,"что нарисовать с детьми младшей группы",98
"младший ребенок",popular,"безопасность детей во второй младшей группе",97
"младший ребенок",popular,"методы развития детей младшего школьного возраста",97
"младший ребенок",popular,"развитие мышления у детей младшего возраста",97
"младший ребенок",popular,"особенности физического развития детей младшего возраста",97
"младший ребенок",popular,"беседы с детьми младшей группы безопасность",97
"младший ребенок",popular,"социальная ситуация развития детей младшего возраста",97
"младший ребенок",popular,"диагностики ребенка второй младшей группы",97
"младший ребенок",popular,"продуктивная деятельность детей младшей группы",97
"младший ребенок",popular,"конспект деятельности детей младшей группы",96
"младший ребенок",popular,"светофор для детей младшей группы",96
"младший ребенок",popular,"развитие воображения детей младшего возраста",96
"младший ребенок",popular,"мужчина младше хочет ребенка",96
"младший ребенок",popular,"тетради для детей младшей группы",96
"младший ребенок",popular,"прием детей 2 младшей группе",96
"младший ребенок",popular,"потешек для детей младшей группы",96
"младший ребенок",popular,"гимнастика для детей 1 младшей группы",96
"младший ребенок",popular,"игра для развития речи детей младшего",96
"младший ребенок",popular,"характеристика на ребенка младшей группы образец",95
"младший ребенок",popular,"проекты для детей второй младшей группы",95
"младший ребенок",popular,"самообслуживание детей в младшем возрасте",95
"младший ребенок",popular,"сказка для детей второй младшей",95
"младший ребенок",popular,"организация деятельности с детьми младшего возраста",95
"младший ребенок",popular,"страхи детей младшего возраста",95
"младший ребенок",popular,"особенности восприятия детей младшего возраста",95
"младший ребенок",popular,"познавательное развитие детей 2 младшей группы",95
"младший ребенок",popular,"загадки для детей младшего возраста",95
"младший ребенок",popular,"прогулки с детьми 2 младшей группы",95
"младший ребенок",popular,"stem детей младшего школьного возраста",95
"младший ребенок",popular,"stem образование детей младшего школьного возраста",95
"младший ребенок",popular,"занятие в младшей группе ребенок родитель",95
"младший ребенок",popular,"трудовое воспитание детей младшего дошкольного возраста",94
"младший ребенок",popular,"творчество детей младшего школьного возраста",94
"младший ребенок",popular,"опыты для детей младшего школьного возраста",94
"младший ребенок",popular,"консультации для детей первой младшей группы",94
"младший ребенок",popular,"знакомство с детьми 2 младшая группа",94
"младший ребенок",popular,"младшие дети дерутся",94
"младший ребенок",popular,"сюжетные игры с младшими детьми",94
"младший ребенок",popular,"суперсемейка младший ребенок",94
"младший ребенок",popular,"рассказы для детей младшего школьного",93
"младший ребенок",popular,"задачи обучения детей младшего возраста",93
"младший ребенок",popular,"секс с младшим братом дети",93
"младший ребенок",popular,"развитие памяти детей младшего школьного возраста",93
"младший ребенок",popular,"сюжетные игры для детей младшей группы",93
"младший ребенок",popular,"утренний прием детей младшая группа",92
"младший ребенок",popular,"проект добрые игры для детей младшей группы",92
"младший ребенок",popular,"дети младшего дошкольного возраста с зпр",92
"младший ребенок",popular,"действий детей младшего школьного возраста",92
"младший ребенок",popular,"танцы детей 2 младшей группы",92
"младший ребенок",popular,"совместная деятельность с детьми младшего возраста",92
"младший ребенок",popular,"почему родители больше любят младших детей",92
"младший ребенок",popular,"чтение детям второй младшей группы",92
"младший ребенок",popular,"развивающие игры для детей младшей группы",92
"младший ребенок",popular,"эмоциональной сферы детей младшего школьного возраста",92
"младший ребенок",popular,"занятие психолога с детьми младшей группы",92
"младший ребенок",popular,"порно видео с детьми младше",91
"младший ребенок",popular,"умственное развитие детей младшего школьного возраста",91
"младший ребенок",popular,"моторика детей младшего школьного возраста",91
"младший ребенок",popular,"индивидуальные занятия с детьми младшая группа",91
"младший ребенок",popular,"сказки для детей второй младшей группы",91
"младший ребенок",popular,"активизация словаря детей младшей",91
"младший ребенок",popular,"парень младше у меня ребенок",91
"младший ребенок",popular,"дети до 16 и младше",91
"младший ребенок",popular,"рассказы для детей младшего школьного возраста",91
"младший ребенок",popular,"подвижные игры для детей второй младшей",91
"младший ребенок",popular,"дети младшего возраста это сколько",90
"младший ребенок",popular,"прием детей 1 младшей группе",90
"младший ребенок",popular,"зпр у детей младшего возраста",90
"младший ребенок",popular,"проект игры детей младшего возраста",90
"младший ребенок",popular,"зарядка для детей второй младшей",90
"младший ребенок",popular,"младшие дети живут с родителями",90
"младший ребенок",popular,"подвижные игры детей младшего дошкольного возраста",90
"младший ребенок",popular,"библиотека для детей младшего школьного возраста",90
"младший ребенок",popular,"осенние песни для детей младшей группы",90
"младший ребенок",popular,"педагогика детей младшего школьного возраста",90
"младший ребенок",popular,"жена и дети бодрова младшего",90
"младший ребенок",popular,"дети сергея бодрова младшего фото",89
"младший ребенок",popular,"1 младшая группа возраст детей игры",89
"младший ребенок",popular,"память детей младшего дошкольного возраста",89
"младший ребенок",popular,"подрастали младшие дети",89
"младший ребенок",popular,"дополнительное образование для детей младшего возраста",89
"младший ребенок",popular,"аппликация для детей вторая младшая группа",89
"младший ребенок",popular,"логопедическое занятия детей младшей группы",89
"младший ребенок",popular,"задания для детей второй младшей группы",89
"младший ребенок",popular,"социальные особенности детей младшего школьного возраста",89
"младший ребенок",popular,"детский сад дети младшая группа видео",89
"младший ребенок",popular,"надпись младшие дети",88
"младший ребенок",popular,"особенности психического развития детей младшего возраста",88
"младший ребенок",popular,"познавательная сфера ребенка младшего школьного возраста",88
"младший ребенок",popular,"трудовое воспитание детей младшей группы",88
"младший ребенок",popular,"питание детей младшего возраста",88
"младший ребенок",popular,"развлечения детей первой младшей группы",88
"младший ребенок",popular,"тетрадь для детей младшего дошкольного возраста",87
"младший ребенок",popular,"картинки для детей 1 младшей группы",87
"младший ребенок",popular,"развивающая работа с детьми младшего возраста",87
"младший ребенок",popular,"сценарий для детей 1 младшей группы",87
"младший ребенок",popular,"осенние песенки для детей младшей группы",87
"младший ребенок",popular,"описание ребенка младшего школьного возраста",87
"младший ребенок",popular,"танцы для детей младшего возраста",87
"младший ребенок",popular,"творческое развитие детей младшего дошкольного возраста",87
"младший ребенок",popular,"педагогические условия детей младшего школьного возраста",87
"младший ребенок",popular,"социально коммуникативное развитие с детьми младшего",86
"младший ребенок",popular,"зарядка для детей второй младшей группы",86
"младший ребенок",popular,"старший ребенок ревнует к младшему",86
"младший ребенок",popular,"самообразование с детьми второй младшей группы",86
"младший ребенок",popular,"дети актера лазарева младшего",86
"младший ребенок",popular,"развитие памяти у детей младшего возраста",86
"младший ребенок",popular,"развитие детей младшего дошкольного возраста презентация",86
"младший ребенок",popular,"рождение младшего ребенка в семье",86
"младший ребенок",popular,"детей младшего школьного возраста другими",86
"младший ребенок",popular,"ребенок младшего дошкольного возраста автор",86
"младший ребенок",popular,"старший ребенок ненавидит младшего",86
"младший ребенок",popular,"ролевая игра для детей младшей группы",85
"младший ребенок",popular,"в младшем дошкольном возрасте детей учат",85
"младший ребенок",popular,"психолого педагогические особенности детей младшего возраста",85
"младший ребенок",popular,"александр лазарев младший биография дети",85
"младший ребенок",popular,"безопасность на дороге детей младшей группы",85
"младший ребенок",popular,"эксперименты с детьми младшего возраста",85
"младший ребенок",popular,"двигательная активность детей младшего в",85
"младший ребенок",popular,"песня для детей 2 младшая группа",85
"младший ребенок",popular,"самообразование дидактические игры детей младшего возраста",85
"младший ребенок",popular,"наглые младшие дети",85
"младший ребенок",popular,"организация воспитания детей младшего дошкольного возраста",85
"младший ребенок",popular,"творчество детей младшего дошкольного возраста",84
"младший ребенок",popular,"совместная деятельность детей вторая младшая",84
"младший ребенок",popular,"картинки детей младшего дошкольного возраста",84
"младший ребенок",popular,"экологическое воспитание детей младшего дошкольного",84
"младший ребенок",popular,"экологическое воспитание детей младшего дошкольного возраста",84
"младший ребенок",popular,"папка передвижка для детей младшей группы",84
"младший ребенок",popular,"физиологическое развитие ребенка младшего школьного возраста",84
"младший ребенок",popular,"профессии для детей младшего возраста",84
"младший ребенок",popular,"должны ли дети сидеть с младшими",84
"младший ребенок",popular,"ребенок дружит с детьми младше",84
"младший ребенок",popular,"подвижные игры для детей второй младшей группы",84
"младший ребенок",popular,"цели развития детей младшего школьного возраста",83
"младший ребенок",popular,"математическое развитие детей младшего дошкольного возраста",83
"младший ребенок",popular,"формы работы с детьми младшей группы",83
"младший ребенок",popular,"вторая младшая какой возраст детей",83
"младший ребенок",popular,"учебная мотивация детей младшего школьного возраста",83
"младший ребенок",popular,"младшие дети петросяна",83
"младший ребенок",popular,"музыкальные игры для детей младшего возраста",83
"младший ребенок",popular,"футбол младшие дети",83
"младший ребенок",popular,"сестра помогла младшему брату дети",82
"младший ребенок",popular,"лазарев младший биография личная жизнь дети",82
"младший ребенок",popular,"деятельности детей в доу младшая группа",82
"младший ребенок",popular,"формы воспитания детей младшего дошкольного возраста",82
"младший ребенок",popular,"психология детей младшего школьного возраста кулагина",82
"младший ребенок",popular,"развитие детей младшего возраста сад",82
"младший ребенок",popular,"страхи детей младшем школьном возрасте",82
"младший ребенок",popular,"игры для младших детей в лагере",82
"младший ребенок",popular,"задачи развития детей младшего школьного возраста",82
"младший ребенок",popular,"пдд дети 2 младшая группа",82
"младший ребенок",popular,"старшие дети красивее младших",82
"младший ребенок",popular,"утренние беседы с детьми во второй младшей",82
"младший ребенок",popular,"игры для детей младше 5 лет",81
"младший ребенок",popular,"задания для детей младших классов",81
"младший ребенок",popular,"образовательная деятельность детей младшего дошкольного возраста",81
"младший ребенок",popular,"дети младшего школьного возраста с онр",81
"младший ребенок",popular,"лепка детей младшего дошкольного возраста",81
"младший ребенок",popular,"зарядка для детей 2 младшая",81
"младший ребенок",popular,"литература для детей младшего школьного возраста",81
"младший ребенок",popular,"мультик для детей младшей группы",81
"младший ребенок",popular,"рисунки детей младшего дошкольного возраста",80
"младший ребенок",popular,"травма младшего ребенка",80
"младший ребенок",popular,"птицы для детей младшей группы",80
"младший ребенок",popular,"художественная литература для детей младшей группы",80
"младший ребенок",popular,"спортивные игры для младших детей",80
"младший ребенок",popular,"методики обучения детей младшего школьного возраста",80
"младший ребенок",popular,"образовательная программа для детей младшего возраста",80
"младший ребенок",popular,"музыка для детей 2 младшей",80
"младший ребенок",popular,"психические процессы детей младшего дошкольного возраста",80
"младший ребенок",popular,"развитие детей младшего школьного возраста статья",80
"младший ребенок",popular,"занятие для детей младшей группы лепка",79
"младший ребенок",popular,"мультфильм для детей младшей группе",79
"младший ребенок",popular,"игры на знакомство детей младшего возраста",79
"младший ребенок",popular,"процесс обучения ребенка младшего школьного возраста",79
"младший ребенок",popular,"встреча детей младшей группы",79
"младший ребенок",popular,"песни для детей второй младшей группы",79
"младший ребенок",popular,"двигательная активность детей младшего возраста",79
"младший ребенок",popular,"ценности детей младшего школьного возраста",79
"младший ребенок",popular,"режим дня детей младшего возраста",79
"младший ребенок",popular,"прием детей вторая младшая группа",79
"младший ребенок",popular,"формы и методы детей младшего",78
"младший ребенок",popular,"речь детей в первой младшей группе",78
"младший ребенок",popular,"эмоциональное развитие детей младшей группы",78
"младший ребенок",popular,"день защиты детей младшей группе",78
"младший ребенок",popular,"развивающие игры для детей младшего возраста",78
"младший ребенок",popular,"речевое развитие детей вторая младшая группа",78
"младший ребенок",popular,"картинки детей младшего школьного возраста",78
"младший ребенок",popular,"особенности детей младшего школьного возраста курсовая",78
"младший ребенок",popular,"секс порно младших детей",78
"младший ребенок",popular,"беседы с детьми утром младшая",78
"младший ребенок",popular,"психические особенности детей младшего школьного возраста",78
"младший ребенок",popular,"психические процессы детей младшего школьного возраста",78
"младший ребенок",popular,"коммуникативное развитие детей младшего дошкольного возраста",78
"младший ребенок",popular,"картотека гимнастика для детей младшей группы",78
"младший ребенок",popular,"лепка с детьми 2 младшей группы",78
"младший ребенок",popular,"учебной деятельностью у детей младшего",77
"младший ребенок",popular,"задания для детей 2 младшей группы",77
"младший ребенок",popular,"утренняя беседа с детьми в младшей",77
"младший ребенок",popular,"картинки осень для детей младшей группы",77
"младший ребенок",popular,"детей второй младшей группы знакомят",77
"младший ребенок",popular,"приветствие для детей младшей группы",77
"младший ребенок",popular,"культурно гигиенические навыки детей младшей группы",77
"младший ребенок",popular,"материал для детей 2 младшей группы",77
"младший ребенок",popular,"лепка с детьми младшего возраста",77
"младший ребенок",popular,"лепка для детей второй младшей группы",77
"младший ребенок",popular,"профессии для детей младшей группы",77
"младший ребенок",popular,"раскраски для детей 2 младшей группы",77
"младший ребенок",popular,"воспитание детей в первой младшей группе",77
"младший ребенок",popular,"основные особенности детей младшего школьного возраста",77
"младший ребенок",popular,"лазарев младший семья дети",77
"младший ребенок",popular,"социальное развитие ребенка младшего дошкольного возраста",76
"младший ребенок",popular,"дети в саду видео младшая",76
"младший ребенок",popular,"методика работы с детьми младшего возраста",76
"младший ребенок",popular,"трудовая деятельность детей младшей группы",76
"младший ребенок",popular,"викторины для детей младшего школьного возраста",76
"младший ребенок",popular,"старший ребенок против младшего",76
"младший ребенок",popular,"стихи для детей 2 младшей",76
"младший ребенок",popular,"мероприятия с детьми 2 младшей группы",76
"младший ребенок",popular,"особенности сфер детей младшего школьного возраста",76
"младший ребенок",popular,"нарушения речи детей младшего дошкольного возраста",75
"младший ребенок",popular,"роль младших детей в семье",75
"младший ребенок",popular,"ребенок и окружающий мир 2 младшая",75
"младший ребенок",popular,"музыка для детей вторая младшая группа",75
"младший ребенок",popular,"игры для младших детей на знакомства",75
"младший ребенок",popular,"стрессы детей младшего",75
"младший ребенок",popular,"эмоциональные особенности детей младшего школьного возраста",75
"младший ребенок",popular,"презентации для детей младшего школьного возраста",75
"младший ребенок",popular,"5 игр для детей младшего возраста",75
"младший ребенок",popular,"сказки нравственное воспитание детей младшего возраста",74
"младший ребенок",popular,"ребенок бьет младшего что делать",74
"младший ребенок",popular,"звукопроизношение детей младшего школьного возраста",74
"младший ребенок",popular,"зарядка для детей 2 младшей группы",74
"младший ребенок",popular,"машинки младших детей",74
"младший ребенок",popular,"технологии с детьми вторая младшая группа",74
"младший ребенок",popular,"скачать песни для детей младшая группа",74
"младший ребенок",popular,"досуг для детей младшей группы",74
"младший ребенок",popular,"дети младшего дошкольного возраста определение",74
"младший ребенок",popular,"подвижные игры для детей 2 младшей",74
"младший ребенок",popular,"коллективная работа с детьми младшей группы",74
"младший ребенок",popular,"конкурсы для детей младшей группы",74
"младший ребенок",popular,"ребенок и окружающий мир 1 младшая",73
"младший ребенок",popular,"правила поведения с младшими детьми",73
"младший ребенок",popular,"игрушки для детей вторая младшая группа",73
"младший ребенок",popular,"оценка деятельности детей младшего дошкольного возраста",73
"младший ребенок",popular,"младший воспитатель несет ответственность за детей",73
"младший ребенок",popular,"конкурсы для детей младшего школьного возраста",73
"младший ребенок",popular,"самостоятельная деятельность детей во второй младшей группе",73
"младший ребенок",popular,"рисуют дети 2 младшая группа",73
"младший ребенок",popular,"девиантное поведение детей младшего",73
"младший ребенок",popular,"дети младшего возраста это сколько лет",73
"младший ребенок",popular,"индивидуальные особенности детей младшего школьного возраста",73
"младший ребенок",popular,"психолог для детей младшего школьного возраста",73
"младший ребенок",popular,"сценарий утренника для детей младшей группы",73
"младший ребенок",popular,"особенности детей младшего подросткового возраста",72
"младший ребенок",popular,"лепка с детьми 1 младшей группы",72
"младший ребенок",popular,"сенсорные игры детей младшего дошкольного возраста",72
"младший ребенок",popular,"природа ребенка младшего школьного возраста",72
"младший ребенок",popular,"самостоятельная деятельность детей младшая группа картотека",72
"младший ребенок",popular,"джон кеннеди младший дети",72
"младший ребенок",popular,"внимание уделять детям младшего",72
"младший ребенок",popular,"гимнастика для детей первой младшей группы",72
"младший ребенок",popular,"психология детей младшего школьного возраста учебник",72
"младший ребенок",popular,"сюжетная игра для детей младшего возраста",72
"младший ребенок",popular,"утренняя беседа с детьми в младшей группе",72
"младший ребенок",popular,"2 младшая группа возраст детей какой",71
"младший ребенок",popular,"младший школьный возраст включает детей",71
"младший ребенок",popular,"диагностика развития детей младшего дошкольного возраста",71
"младший ребенок",popular,"адаптация детей младшего возраста в саду",71
"младший ребенок",popular,"ребенок выглядит младше своих лет",71
"младший ребенок",popular,"ребенок дома 2 младшая группа",71
"младший ребенок",popular,"игры для детей младшего возраста лагерь",71
"младший ребенок",popular,"утренний круг для детей младшей группы",71
"младший ребенок",popular,"роберт дауни младший есть ли дети",71
"младший ребенок",popular,"картотека для детей второй младшей группы",71
"младший ребенок",popular,"список детей второй младшей группы",71
"младший ребенок",popular,"оригами для младших детей",70
"младший ребенок",popular,"дети обязаны сидеть с младшими",70
"младший ребенок",popular,"развитие воображения детей младшего школьного возраста",70
"младший ребенок",popular,"е детей младшего и дошкольного возраста",70
"младший ребенок",popular,"конспект для детей младшего школьного возраста",70
"младший ребенок",popular,"спектакль для детей младшего возраста",70
"младший ребенок",popular,"ребенок и природа вторая младшая",70
"младший ребенок",popular,"интереса у детей младшего школьного",70
"младший ребенок",popular,"личностное развитие детей младшего школьного возраста",70
"младший ребенок",popular,"реабилитация детей младшего возраста",70
"младший ребенок",popular,"кризис детей младшего возраста",70
"младший ребенок",popular,"прием детей в первую младшую группу",69
"младший ребенок",popular,"сергей бодров младший жена дети",69
"младший ребенок",popular,"особенности мышления детей младшего школьного",69
"младший ребенок",popular,"особенности мышления детей младшего школьного возраста",69
"младший ребенок",popular,"раскраски для детей младшего возраста",69
"младший ребенок",popular,"старшие дети убивают младших детей",69
"младший ребенок",popular,"свободная деятельность детей в младшей",69
"младший ребенок",popular,"успокоить младшего ребенка",69
"младший ребенок",popular,"организация самостоятельной деятельности детей в младшей группе",69
"младший ребенок",popular,"пространственное развитие детей младшего возраста",69
"младший ребенок",popular,"вопросы детям во второй младшей группе",69
"младший ребенок",popular,"звукопроизношение детей младшего дошкольного возраста",69
"младший ребенок",popular,"игрушки для детей 1 младшей группы",69
"младший ребенок",popular,"утренняя гимнастика детей второй младшей группы",69
"младший ребенок",popular,"математическое развитие детей младшей группы",69
"младший ребенок",popular,"раздражает младший ребенок",69
"младший ребенок",popular,"произведения для детей младшего школьного возраста",68
"младший ребенок",popular,"программа для детей 1 младшей группе",68
"младший ребенок",popular,"дети в детском саду видео младшая",68
"младший ребенок",popular,"речевое развитие детей младшего школьного возраста",68
"младший ребенок",popular,"госуслуги для детей младше 14 лет",68
"младший ребенок",popular,"речевое развитие детей 2 младшая группа",68
"младший ребенок",popular,"психология развития детей младшего школьного возраста",68
"младший ребенок",popular,"үтреняя гимнастика для детей младшей",68
"младший ребенок",popular,"үтреняя гимнастика для детей младшей группы",68
"младший ребенок",popular,"появление младшего ребенка в семье",68
"младший ребенок",popular,"младший ребенок последствия",68
"младший ребенок",popular,"мероприятия для детей младших классов",68
"младший ребенок",popular,"физическое развитие детей 2 младшая",68
"младший ребенок",popular,"педагогическая характеристика детей младшей группы",68
"младший ребенок",popular,"рисование для детей 1 младшей группы",67
"младший ребенок",popular,"права ребенка 1 младшая",67
"младший ребенок",popular,"конспект занятия детей младшего школьного возраста",67
"младший ребенок",popular,"как дети реагируют на младших",67
"младший ребенок",popular,"развлечения летом для детей младшей группы",67
"младший ребенок",popular,"развитие словаря детей младшего дошкольного возраста",67
"младший ребенок",popular,"безопасность ребенка младшего школьного возраста",67
"младший ребенок",popular,"стихи детям второй младшей группы",67
"младший ребенок",popular,"ребенок и природа 2 младшая",67
"младший ребенок",popular,"музыкальное развитие детей младшего школьного возраста",67
"младший ребенок",popular,"казачий танец дети младшая группа",66
"младший ребенок",popular,"тесты для детей младшего школьного",66
"младший ребенок",popular,"проблемы развития детей младшего школьного возраста",66
"младший ребенок",popular,"сценарий праздника для детей младшего возраста",66
"младший ребенок",popular,"александр лазарев младший семья дети",66
"младший ребенок",popular,"младший возраст рисуя ребенок",66
"младший ребенок",popular,"подвижные игры для детей 2 младшей группы",66
"младший ребенок",popular,"транспорт для детей младшей группы",66
"младший ребенок",popular,"беседа с детьми в младшей цели",66
"младший ребенок",popular,"читаем детям вторая младшая группа",66
"младший ребенок",popular,"новый год для детей младшей группы",66
"младший ребенок",popular,"история для детей младшего школьного возраста",65
"младший ребенок",popular,"режим дня детей 2 младшей группы",65
"младший ребенок",popular,"зарядка для детей младшего возраста",65
"младший ребенок",popular,"1 младшая группа какой возраст детей",65
"младший ребенок",popular,"дидактические игры для детей 2 младшей",65
"младший ребенок",popular,"дети в саду видео младшая группа",65
"младший ребенок",popular,"конспект развлечений детей младшей группы",65
"младший ребенок",popular,"картотеку подвижных игр для детей младшего",65
"младший ребенок",popular,"развитие личности ребенка младшем школьном возрасте",65
"младший ребенок",popular,"сценарий для детей младших классов",65
"младший ребенок",popular,"тематический день детей в младшей группе",65
"младший ребенок",popular,"лазарев младший актер жена и дети",65
"младший ребенок",popular,"обязан ли ребенок сидеть с младшими",64
"младший ребенок",popular,"двигательное развитие детей младшего школьного возраста",64
"младший ребенок",popular,"чем занять детей второй младшей группы",64
"младший ребенок",popular,"как организовать детей младшей группы",64
"младший ребенок",popular,"дисграфия у детей младшего школьного",64
"младший ребенок",popular,"дисграфия у детей младшего школьного возраста",64
"младший ребенок",popular,"развитие восприятия детей младшего дошкольного возраста",64
"младший ребенок",popular,"характеристика ребенка 1 младшей группы",64
"младший ребенок",popular,"проект для детей младшей группы в доу",64
"младший ребенок",popular,"навыки самообслуживания у детей младшего возраста",64
"младший ребенок",popular,"картинки для детей первой младшей группы",64
"младший ребенок",popular,"музыкальное развитие детей младшего дошкольного возраста",64
"младший ребенок",popular,"александр лазарев младший личная жена дети",64
"младший ребенок",popular,"самостоятельная деятельность детей младшего дошкольного возраста",64
"младший ребенок",popular,"поделки детей младшего возраста",64
"младший ребенок",popular,"артикуляционная гимнастика для детей младшей группы",64
"младший ребенок",popular,"самостоятельность детей младшего дошкольного",63
"младший ребенок",popular,"самостоятельность детей младшего дошкольного возраста",63
"младший ребенок",popular,"задачи воспитания детей младшего дошкольного возраста",63
"младший ребенок",popular,"игра занятие для детей младшего возраста",63
"младший ребенок",popular,"рисунки детей 2 младшая группа",63
"младший ребенок",popular,"задание для детей 1 младшей группы",63
"младший ребенок",popular,"стихотворения детям младшего возраста",63
"младший ребенок",popular,"совместная деятельность детей 2 младшая группа",63
"младший ребенок",popular,"вторая младшая группа какой возраст детей",63
"младший ребенок",popular,"старший средний младший ребенок и отец",62
"младший ребенок",popular,"социальное развитие детей 2 младшая группа",62
"младший ребенок",popular,"геометрические фигуры для детей младшей группы",62
"младший ребенок",popular,"музыка для детей 2 младшей группы",62
"младший ребенок",popular,"развитие чувств детей младшего школьного возраста",62
"младший ребенок",popular,"ролевые игры для детей младшего возраста",62
"младший ребенок",popular,"утренняя гимнастика для детей второй младшей",62
"младший ребенок",popular,"нормы развития детей младшего школьного возраста",62
"младший ребенок",popular,"животные домашние для детей младшая группа",62
"младший ребенок",popular,"воспитания детей младшего возраста в семье",62
"младший ребенок",popular,"индивидуальная работа с детьми младшего возраста",61
"младший ребенок",popular,"тесты для детей младшего школьного возраста",61
"младший ребенок",popular,"характер детей младшего школьного возраста",61
"младший ребенок",popular,"танец детей в детском саду младшая",61
"младший ребенок",popular,"сенсорное развитие детей первой младшей группы",61
"младший ребенок",popular,"развитие игровой деятельности детей младшая группа",61
"младший ребенок",popular,"детей младшего школьного возраста 18",61
"младший ребенок",popular,"проектная деятельность детей младшего возраста",61
"младший ребенок",popular,"стихи для детей 2 младшей группы",61
"младший ребенок",popular,"связная речь детей младшего школьного возраста",61
"младший ребенок",popular,"добрые игры для детей 2 младшей группы",61
"младший ребенок",popular,"как работать с детьми младшей группы",61
"младший ребенок",popular,"характерной особенностью психических процессов детей младшего",61
"младший ребенок",popular,"список детей 2 младшей группы",60
"младший ребенок",popular,"беседы с детьми утром младшая группа",60
"младший ребенок",popular,"песни для детей младшего школьного возраста",60
"младший ребенок",popular,"сценарий для детей младшего дошкольного возраста",60
"младший ребенок",popular,"скачать игра детей младшего возраста",60
"младший ребенок",popular,"оборудование для детей младшего возраста",60
"младший ребенок",popular,"поздний младший ребенок",60
"младший ребенок",popular,"особенности общения детей младшего возраста",60
"младший ребенок",popular,"родительское собрание безопасность детей младшая группа",59
"младший ребенок",popular,"плавание детей младшего школьного возраста",59
"младший ребенок",popular,"младшие дети цитаты",59
"младший ребенок",popular,"матрешка для детей младшей группы",59
"младший ребенок",popular,"разминка для детей младшей группы",59
"младший ребенок",popular,"младший ребенок пушкина",59
"младший ребенок",popular,"нетрадиционное рисование с детьми младшей группы",59
"младший ребенок",popular,"дети младшего школьного возраста в лагере",59
"младший ребенок",popular,"рекомендации для детей младшего школьного возраста",59
"младший ребенок",popular,"психологические особенности детей младших школьников",59
"младший ребенок",popular,"народные игры для детей младшего возраста",59
"младший ребенок",popular,"развитие моторики детей младшего школьного возраста",59
"младший ребенок",popular,"отмечает что дети младшего",58
"младший ребенок",popular,"д и дети вторая младшая",58
"младший ребенок",popular,"осенний праздник для детей 2 младшей группы",58
"младший ребенок",popular,"планы для детей первой младшей группы",58
"младший ребенок",popular,"театр для детей младшего возраста",58
"младший ребенок",popular,"инициатива детей в младшей группе",58
"младший ребенок",popular,"всемирный день ребенка младшая группа",58
"младший ребенок",popular,"индивидуальные игры с детьми младшей группы",58
"младший ребенок",popular,"формирование личности ребенка младшего школьного возраста",58
"младший ребенок",popular,"страхи у детей младшего школьного",58
"младший ребенок",popular,"аппликация с детьми младшего возраста",58
"младший ребенок",popular,"пластилинография для детей младшей группы",58
"младший ребенок",popular,"книга ребенок младшей сестры",58
"младший ребенок",popular,"несет ли ответственность за детей младший воспитатель",58
"младший ребенок",popular,"младшие дети канокова",58
"младший ребенок",popular,"младший ребенок майкла джексона",58
"младший ребенок",popular,"интеллектуальное развитие ребенка младшего школьного возраста",58
"младший ребенок",popular,"стихи детям младшего школьного возраста",58
"младший ребенок",popular,"творческие способности детей младшего дошкольного возраста",57
"младший ребенок",popular,"познавательные способности детей младшего возраста",57
"младший ребенок",popular,"питание детей младшего школьного",57
"младший ребенок",popular,"нравственное воспитание детей младшего школьного",57
"младший ребенок",popular,"нравственное воспитание детей младшего школьного возраста",57
"младший ребенок",popular,"стихи про осень для детей младшей группы",57
"младший ребенок",popular,"эмоционально волевой сферы детей младшего возраста",57
"младший ребенок",popular,"как зарегистрировать ребенка в вк младше 14",57
"младший ребенок",popular,"содержание игры для детей младшей группы",57
"младший ребенок",popular,"физкультминутка для детей младшей группы",57
"младший ребенок",popular,"дети помладше как пишется",57
"младший ребенок",popular,"должен ли младший воспитатель гулять с детьми",57
"младший ребенок",popular,"психологические особенности детей младшего дошкольного",57
"младший ребенок",popular,"психологические особенности детей младшего дошкольного возраста",57
"младший ребенок",popular,"день ребенка развлечение в младшей группе",57
"младший ребенок",popular,"прогулка с детьми первая младшая",57
"младший ребенок",popular,"психология детей младшего дошкольного возраста",56
"младший ребенок",popular,"методы обучению детей младшего школьного возраста",56
"младший ребенок",popular,"особенности игровой деятельности детей младшего возраста",56
"младший ребенок",popular,"первая младшая группа знакомство с детьми",56
"младший ребенок",popular,"первое знакомство с детьми младшая группа",56
"младший ребенок",popular,"прогулки с детьми 1 младшей группы",56
"младший ребенок",popular,"игрушки для детей младшей группы 2 года",56
"младший ребенок",popular,"есть ли дети у дауни младшего",56
"младший ребенок",popular,"эмоциональный интеллект детей младшего школьного возраста",56
"младший ребенок",popular,"показатели развития детей младшего школьного возраста",56
"младший ребенок",popular,"добрые игры для детей младшего возраста",56
"младший ребенок",popular,"стишки для детей младшей группы",56
"младший ребенок",popular,"педагогического сопровождения ребенка младшего школьного возраста",56
"младший ребенок",popular,"картотеки для детей первой младшей группы",56
"младший ребенок",popular,"подвижные игры для детей 1 младшей",56
"младший ребенок",popular,"кризис детей младшего школьного возраста",55
"младший ребенок",popular,"спички детям не игрушка младшая группа",55
"младший ребенок",popular,"план конспект для детей младшей группы",55
"младший ребенок",popular,"отчет день детьми младшей группы",55
"младший ребенок",popular,"английский для детей младшего школьного возраста",55
"младший ребенок",popular,"сказки детям младшей группы читать",55
"младший ребенок",popular,"квест для детей младшего возраста",55
"младший ребенок",popular,"утренняя гимнастика детей младшего дошкольного возраста",55
"младший ребенок",popular,"дети утренник 2 младшая группа",55
"младший ребенок",popular,"воспитание самостоятельности у детей младшего возраста",55
"младший ребенок",popular,"произведения для детей младшей группы",55
"младший ребенок",popular,"адаптация детей доу младшая группа",55
"младший ребенок",popular,"дети сергея бодрова младшего сейчас фото",55
"младший ребенок",popular,"комплекс гимнастики для детей младшей группы",55
"младший ребенок",popular,"эммануил виторган дети младшие",55
"младший ребенок",popular,"самостоятельность детей младшего школьного возраста",55
"младший ребенок",popular,"прогулки с детьми младшего возраста",55
"младший ребенок",popular,"одежда для детей младшего возраста",55
"младший ребенок",popular,"описывающей развитие детей младшего школьного возраста",54
"младший ребенок",popular,"сценарий мероприятий для детей младшего возраста",54
"младший ребенок",popular,"младшим ребенком из пяти детей",54
"младший ребенок",popular,"недоразвитие речи детей младшего дошкольного возраста",54
"младший ребенок",popular,"дети маслякова младшего",54
"младший ребенок",popular,"масляков младший дети",54
"младший ребенок",popular,"диагностика ребенка первой младшей",54
"младший ребенок",popular,"английский язык для детей младшего возраста",54
"младший ребенок",popular,"дети актера лазарева младшего фото",54
"младший ребенок",popular,"нравственно патриотическое воспитание детей младшего возраста",54
"младший ребенок",popular,"развитие мышления детей младшего дошкольного возраста",54
"младший ребенок",popular,"совместная деятельность младшего воспитателя с детьми",54
"младший ребенок",popular,"личностные особенности ребенка младшего школьного",54
"младший ребенок",popular,"сколько лет младшим детям пугачевой",54
"младший ребенок",popular,"чтение детям 2 младшая группа",54
"младший ребенок",popular,"дети дауни младшего фото",54
"младший ребенок",popular,"дети роберта дауни младшего фото",54
"младший ребенок",popular,"почему младшие дети выше",53
"младший ребенок",popular,"права ребенка вторая младшая",53
"младший ребенок",popular,"конструктор для детей младшего возраста",53
"младший ребенок",popular,"беседы с детьми младшего дошкольного возраста",53
"младший ребенок",popular,"активизация словаря детей младшей группы",53
"младший ребенок",popular,"старшие дети умнее младших",53
"младший ребенок",popular,"количество детей в 1 младшей",53
"младший ребенок",popular,"художественно эстетическое развитие детей младшего возраста",53
"младший ребенок",popular,"общается со младшими детьми",53
"младший ребенок",popular,"картотека подвижных игр для детей младшей группы",53
"младший ребенок",popular,"характерные особенности детей младшего школьного возраста",53
"младший ребенок",popular,"консультации для детей 1 младшей группы",53
"младший ребенок",popular,"разница старших и младших детей",53
"младший ребенок",popular,"коррекция поведения детей младшего школьного возраста",53
"младший ребенок",popular,"бодров младший жена дети фото",53
"младший ребенок",popular,"презентации для детей младших классов",53
"младший ребенок",popular,"песни для детей младшего дошкольного возраста",53
"младший ребенок",popular,"методика обучения детей младшего дошкольного возраста",53
"младший ребенок",popular,"экскурсии с детьми младшей группы",53
"младший ребенок",popular,"свободная деятельность детей в младшей группе",52
"младший ребенок",popular,"содержание игр детей младшего дошкольного возраста",52
"младший ребенок",popular,"личностные особенности ребенка младшего школьного возраста",52
"младший ребенок",popular,"эксперименты с детьми младшей группы",52
"младший ребенок",popular,"когда появился младший ребенок",52
"младший ребенок",popular,"питание детей младшего школьного возраста",52
"младший ребенок",popular,"консультация ребенка младшего школьного возраста",52
"младший ребенок",popular,"спортивное развлечение для детей младшей группы",52
"младший ребенок",popular,"физкультурное занятие с детьми младшей группы",52
"младший ребенок",popular,"песенки для детей младшего возраста",52
"младший ребенок",popular,"художественное развитие детей младшего дошкольного возраста",52
"младший ребенок",popular,"как подготовить ребенка к младшему ребенку",52
"младший ребенок",popular,"младший школьный возраст здоровый ребенок",52
"младший ребенок",popular,"развитие самостоятельности детей младшего возраста",52
"младший ребенок",popular,"младший воспитатель в дом ребенка",52
"младший ребенок",popular,"развитии памяти детей младшего дошкольного возраста",52
"младший ребенок",popular,"особенности игр детей младшего школьного возраста",52
"младший ребенок",popular,"патриотическое воспитание детей 2 младшей группы",51
"младший ребенок",popular,"темы развлечений для детей младших групп",51
"младший ребенок",popular,"лазарев младший актер жена и дети фото",51
"младший ребенок",popular,"индивидуальная деятельность детей в младшей группе",51
"младший ребенок",popular,"технологии обучения детей младшего школьного возраста",51
"младший ребенок",popular,"взаимодействие детей и младшего воспитателя",51
"младший ребенок",popular,"долг младшего ребенка",51
"младший ребенок",popular,"методики изучения детей младшего школьного возраста",51
"младший ребенок",popular,"семья с детьми младшего дошкольного возраста",51
"младший ребенок",popular,"патриотическое воспитание детей младшего школьного возраста",51
"младший ребенок",popular,"диагностика детей 1 младшей группы",51
"младший ребенок",popular,"песня солнышко и дождик для детей младшей",51
"младший ребенок",popular,"младшие дети в семье какие они",50
"младший ребенок",popular,"музыкальная игра для детей 2 младшей",50
"младший ребенок",popular,"большинство детей младшего возраста",50
"младший ребенок",popular,"педагогическая диагностика детей младшей группы",50
"младший ребенок",popular,"развитие памяти у детей младшего школьного",50
"младший ребенок",popular,"организация работы с детьми младшей группы",50
"младший ребенок",popular,"загадки для детей младшего школьного возраста",50
"младший ребенок",popular,"методики исследования детей младшего школьного возраста",50
"младший ребенок",popular,"актер колесников младший дети",50
"младший ребенок",popular,"актер колесников младший личная жизнь дети",50
"младший ребенок",popular,"сколько лет детям петросяна младшим",50
"младший ребенок",popular,"кгн детей младшей группы",50
"младший ребенок",popular,"игры для детей младшей школы",49
"младший ребенок",popular,"программа развития ребенка младшего школьника",49
"младший ребенок",popular,"эмоции детей младшего школьного возраста",49
"младший ребенок",popular,"творчество для детей младшего школьного",49
"младший ребенок",popular,"наглые младшие дети в семье",49
"младший ребенок",popular,"труд детей 2 младшая группа",49
"младший ребенок",popular,"педагогические условия развития ребенка младшего возраста",49
"младший ребенок",popular,"особенно детей младшего школьного возраста",49
"младший ребенок",popular,"утренняя гимнастика для детей 1 младшей группы",49
"младший ребенок",popular,"беседа с детьми 2 младшей цели",49
"младший ребенок",popular,"дыхательная гимнастика для детей младшей группы",49
"младший ребенок",popular,"физическое занятие для детей младшей группы",49
"младший ребенок",popular,"дидактические игры для детей второй младшей",49
"младший ребенок",popular,"дидактические игры для детей второй младшей группы",49
"младший ребенок",popular,"развивающая программа для детей младшего возраста",49
"младший ребенок",popular,"взаимодействие с детьми младшего дошкольного возраста",49
"младший ребенок",popular,"гимнастика утренняя для детей 2 младшей",49
"младший ребенок",popular,"психические функции ребенка младшего школьного возраста",49
"младший ребенок",popular,"нравственное воспитание детей второй младшей группы",49
"младший ребенок",popular,"физминутка для детей младшей группы с движениями",48
"младший ребенок",popular,"ребенок и окружающий мир 1 младшая группа",48
"младший ребенок",popular,"проблемы младших детей в семье",48
"младший ребенок",popular,"ребенок убил младшего брата",48
"младший ребенок",popular,"многодетность по младшему ребенку",48
"младший ребенок",popular,"уход за детьми младшего возраста",48
"младший ребенок",popular,"характеристика детей младшей группы доу",48
"младший ребенок",popular,"агрессивное поведение детей младшего школьного",48
"младший ребенок",popular,"подвижные игры для детей 1 младшей группы",48
"младший ребенок",popular,"стихотворения про осень для детей младшей группы",48
"младший ребенок",popular,"произведения для детей младшего дошкольного возраста",48
"младший ребенок",popular,"особенности игры детей младшего дошкольного возраста",47
"младший ребенок",popular,"логопедическая работа с детьми младшего возраста",47
"младший ребенок",popular,"диагностическое обследование детей младшего дошкольного возраста",47
"младший ребенок",popular,"проект игровая детей младшего",47
"младший ребенок",popular,"детей младшего дошкольного возраста объект",47
"младший ребенок",popular,"конспект внимание дети младшая",47
"младший ребенок",popular,"агрессивные дети младшего школьного возраста",47
"младший ребенок",popular,"безопасность детей в 1 младшей группе",47
"младший ребенок",popular,"курсы для детей младшего школьного возраста",47
"младший ребенок",popular,"чтение детям младшей группы цель",47
"младший ребенок",popular,"дидактическая игра для детей 1 младшей",47
"младший ребенок",popular,"характеристика на ребенка младшей доу",46
"младший ребенок",popular,"социально коммуникативное развитие детей 2 младшая",46
"младший ребенок",popular,"организация детей во второй младшей группе",46
"младший ребенок",popular,"образовательный маршрут детей младшей группы",46
"младший ребенок",popular,"физические качества детей младшего школьного возраста",46
"младший ребенок",popular,"сказки для детей 1 младшей группы",46
"младший ребенок",popular,"активизация словаря детей младшей возрастной",46
"младший ребенок",popular,"активизация словаря детей младшей возрастной группы",46
"младший ребенок",popular,"поведение у детей младшего дошкольного возраста",46
"младший ребенок",popular,"кукольный театр для детей младшая группа",46
"младший ребенок",popular,"интеллектуальное развитие детей младшего дошкольного возраста",46
"младший ребенок",popular,"александр лазарев младший жена и дети фото",46
"младший ребенок",popular,"двое детей младшему 2 года",46
"младший ребенок",popular,"деятельность по инициативе детей в младшей группе",46
"младший ребенок",popular,"когнитивное развитие детей младшего школьного возраста",46
"младший ребенок",popular,"основная деятельность детей младшего школьного возраста",46
"младший ребенок",popular,"сестра отсосала младшему брату дети",46
"младший ребенок",popular,"спортивные игры для детей младшего возраста",46
"младший ребенок",popular,"фильм для детей младшего возраста",46
"младший ребенок",popular,"младшие дети трахаются",45
"младший ребенок",popular,"заставляют сидеть с младшим ребенком",45
"младший ребенок",popular,"психология детей младшего школьного возраста юрайт",45
"младший ребенок",popular,"развивающая среда детей младшего дошкольного",45
"младший ребенок",popular,"диагностика детей младшего дошкольного возраста методики",45
"младший ребенок",popular,"взрослые и дети вторая младшая группа",45
"младший ребенок",popular,"народная игра для детей младшей группы",45
"младший ребенок",popular,"индивидуальные особенности детей группы младшая группа",45
"младший ребенок",popular,"социализация детей младшая группа",45
"младший ребенок",popular,"русский язык для детей младшего возраста",45
"младший ребенок",popular,"сколько младшему ребенку петросяна",45
"младший ребенок",popular,"мультики для детей младшего возраста",45
"младший ребенок",popular,"стран для детей младшего возраста",45
"младший ребенок",popular,"дидактические игры для детей первой младшей",45
"младший ребенок",popular,"сенсорное воспитание детей младшего возраста",45
"младший ребенок",popular,"ибупрофен противопоказан детям младше",45
"младший ребенок",popular,"темы бесед с детьми младшего возраста",45
"младший ребенок",popular,"экология для детей младшей группы",45
"младший ребенок",popular,"агрессия детей младшего школьного возраста",45
"младший ребенок",popular,"квест игра для детей младший",45
"младший ребенок",popular,"загадки для детей 2 младшая",45
"младший ребенок",popular,"поведение младших детей к старшим",45
"младший ребенок",popular,"почему младшие дети не любят старших",45
"младший ребенок",popular,"речевые нарушения детей младшего школьного возраста",44
"младший ребенок",popular,"социальное воспитание детей младшего возраста",44
"младший ребенок",popular,"эффект младшего ребенка",44
"младший ребенок",popular,"дидактические игры для детей 1 младшей группы",44
"младший ребенок",popular,"музыкальная деятельность детей младшей группы",44
"младший ребенок",popular,"опыты для детей младшего дошкольного возраста",44
"младший ребенок",popular,"развитие интересов детей младшего школьного возраста",44
"младший ребенок",popular,"александр лазарев младший биография семья дети",44
"младший ребенок",popular,"жена и дети бодрова младшего сейчас",44
"младший ребенок",popular,"почему ребенок обижает младшего",44
"младший ребенок",popular,"рисунки детей второй младшей группы",44
"младший ребенок",popular,"пдд для детей младшего возраста",44
"младший ребенок",popular,"организация игры детей младшего дошкольного возраста",44
"младший ребенок",popular,"адаптация детей в детском саду вторая младшая",44
"младший ребенок",popular,"подвижные игры для детей младшего дошкольного",44
"младший ребенок",popular,"социальные игры для детей младшей группы",44
"младший ребенок",popular,"психологическая диагностика детей младшего возраста",44
"младший ребенок",popular,"культурно гигиенические у детей младшей группы",44
"младший ребенок",popular,"супер ниндзя дети младшая группа",44
"младший ребенок",popular,"чтение детям 1 младшая группа",44
"младший ребенок",popular,"упражнения для детей второй младшей группы",44
"младший ребенок",popular,"исследовательская деятельность детей младшей группы",43
"младший ребенок",popular,"младшие дети аллы пугачевой",43
"младший ребенок",popular,"агрессивное поведение ребенка младшего школьного возраста",43
"младший ребенок",popular,"название игры для детей младшей группы",43
"младший ребенок",popular,"ребенок не любит младшего брата",43
"младший ребенок",popular,"порно младшие классы дети",43
"младший ребенок",popular,"особенности обучения детей младшего дошкольного возраста",43
"младший ребенок",popular,"осенние стихи для детей младшей группы",43
"младший ребенок",popular,"психолого педагогическая характеристика детей младшего возраста",43
"младший ребенок",popular,"педагогическая характеристика детей младшего школьного возраста",43
"младший ребенок",popular,"безопасность для детей занятие младшая группа",43
"младший ребенок",popular,"ребенок выглядит младше своего возраста",43
"младший ребенок",popular,"наблюдение за детьми младшего возраста",43
"младший ребенок",popular,"теремок для детей младшей группы",43
"младший ребенок",popular,"опросник для детей младшего школьного",43
"младший ребенок",popular,"опросник для детей младшего школьного возраста",43
"младший ребенок",popular,"литература для детей второй младшей группы",43
"младший ребенок",popular,"опыт работы с детьми младшего возраста",43
"младший ребенок",popular,"одаренный ребенок младшего школьного возраста",43
"младший ребенок",popular,"сестра дрочила младшему брату слив дети",43
"младший ребенок",popular,"вид мышления детей младшего школьного возраста",42
"младший ребенок",popular,"сенсорное развитие детей младшего школьного возраста",42
"младший ребенок",popular,"дети виторгана эммануила младшие и ирины",42
"младший ребенок",popular,"особенности общения детей младшего школьного возраста",42
"младший ребенок",popular,"литература для детей младшего дошкольного возраста",42
"младший ребенок",popular,"особенности восприятия детей младшего школьного возраста",42
"младший ребенок",popular,"психологическая характеристика ребенка младшего школьного возраста",42
"младший ребенок",popular,"права ребенка младшего школьного возраста",42
"младший ребенок",popular,"личность ребенка младшего дошкольного возраста",42
"младший ребенок",popular,"возрастные психологические особенности детей младшего возраста",42
"младший ребенок",popular,"коммуникативные игры для детей младшей группы",42
"младший ребенок",popular,"игровая деятельность детей второй младшей группы",42
"младший ребенок",popular,"условия обучения детей младшего школьного возраста",42
"младший ребенок",popular,"настольные игры для детей младшего возраста",42
"младший ребенок",popular,"двигательная активность детей младшего школьного возраста",42
"младший ребенок",popular,"обучение детей грамоте младшая группа",42
"младший ребенок",popular,"характеристика на пмпк вторая младшая ребенка",42
"младший ребенок",popular,"старший ребенок играет с младшим",42
"младший ребенок",popular,"ребенок и природа 1 младшая",42
"младший ребенок",popular,"творческая деятельность детей младшего школьного возраста",41
"младший ребенок",popular,"выплата на ребенка младше 18 лет",41
"младший ребенок",popular,"список детей 1 младшей группы",41
"младший ребенок",popular,"маразм наглые младшие дети",41
"младший ребенок",popular,"ревность у детей к младшим детям",41
"младший ребенок",popular,"фильм ребенок убил младшего",41
"младший ребенок",popular,"младший ребенок заражается от старшего",41
"младший ребенок",popular,"дети бодрова младшего фото сейчас 2026",41
"младший ребенок",popular,"ребенок трахает младшую сестру",41
"младший ребенок",popular,"проекты для детей первый младшие группы",41
"младший ребенок",popular,"малоподвижные игры для детей младшей группы",41
"младший ребенок",popular,"развлечения детей младшего дошкольного возраста",41
"младший ребенок",popular,"младшие дети водяновой",41
"младший ребенок",popular,"старшего ребенка раздражает младший",40
"младший ребенок",popular,"экологическое развитие детей в младшей",40
"младший ребенок",popular,"осанка детей младшего школьного возраста",40
"младший ребенок",popular,"формы воспитания детей младшего школьного возраста",40
"младший ребенок",popular,"ребенок кувирры и баатара младшего фанфики",40
"младший ребенок",popular,"игрушки для детей первой младшей группы",40
"младший ребенок",popular,"зарядка для детей первой младшей группы",40
"младший ребенок",popular,"загадки детям 2 младшая группа",40
"младший ребенок",popular,"что делать если ребенок обижает младшего",40
"младший ребенок",popular,"психолого характеристика детей младшего школьного возраста",40
"младший ребенок",popular,"музыкальное развлечение для детей младшей группы",40
"младший ребенок",popular,"знакомство воспитателя с детьми младшей группы",40
"младший ребенок",popular,"презентация для детей второй младшей группы осень",40
"младший ребенок",popular,"здоровье детей 1 младшей группы",40
"младший ребенок",popular,"александр ильин младший дети",40
"младший ребенок",popular,"детям о животных младшая группа",40
"младший ребенок",popular,"выплаты на детей младше 3 лет",40
"младший ребенок",popular,"отчеты с детьми младшего возраста",39
"младший ребенок",popular,"особенности речи детей младшего школьного возраста",39
"младший ребенок",popular,"питание детей в младшей группе",39
"младший ребенок",popular,"взаимоотношения детей младшего школьного возраста",39
"младший ребенок",popular,"рассказы для детей младших дошкольного возраста",39
"младший ребенок",popular,"ревность детей к младшим детям психолог",39
"младший ребенок",popular,"досуг детей младшего школьного возраста",39
"младший ребенок",popular,"познавательное развитие детей младшего возраста игры",39
"младший ребенок",popular,"игровые наборы для детей младшего возраста",39
"младший ребенок",popular,"самообразование детей младшего школьного возраста",39
"младший ребенок",popular,"физическое развитие детей 2 младшей группы",39
"младший ребенок",popular,"театр детям 2 младшая группа",39
"младший ребенок",popular,"нейроигры для детей младшего возраста",39
"младший ребенок",popular,"особенности личности детей младшего школьного возраста",39
"младший ребенок",popular,"психологическая диагностика детей младшего школьного возраста",39
"младший ребенок",popular,"обязаны ли старшие дети сидеть с младшими",39
"младший ребенок",popular,"старший ребенок обязан сидеть с младшим",39
"младший ребенок",popular,"почему младшие дети чаще",39
"младший ребенок",popular,"про безопасность детям младшей группы",39
"младший ребенок",popular,"эмоциональная сфера детей младшего дошкольного возраста",39
"младший ребенок",popular,"пальчиковая гимнастика для детей 2 младшая",39
"младший ребенок",popular,"секс дети младшая школа",39
"младший ребенок",popular,"ребенок и природа 2 младшая группа",39
"младший ребенок",popular,"день семьи с детьми младшей группы",38
"младший ребенок",popular,"народные сказки для детей младшего возраста",38
"младший ребенок",popular,"пушкин детям младший возраст",38
"младший ребенок",popular,"пресняков младший биография дети",38
"младший ребенок",popular,"старший ребенок ведет себя как младший",38
"младший ребенок",popular,"межличностные отношения детей младшего школьного возраста",38
"младший ребенок",popular,"конспект беседы с детьми младшей группы",38
"младший ребенок",popular,"ребенок игра консультация для младшей группы",38
"младший ребенок",popular,"настольные игры для детей второй младшей группы",38
"младший ребенок",popular,"утренняя гимнастика для детей 2 младшей группы",38
"младший ребенок",popular,"профессии для детей второй младшей группы",38
"младший ребенок",popular,"болезни детей младшего возраста",38
"младший ребенок",popular,"песенка про осень для детей младшей группы",38
"младший ребенок",popular,"рассказы для детей 2 младшая",38
"младший ребенок",popular,"марки брендов для детей младшего школьного возраста",38
"младший ребенок",popular,"двигательная активность детей младшего дошкольного возраста",38
"младший ребенок",popular,"планирование с детьми 1 младшей группы",38
"младший ребенок",popular,"развитие личности ребенка младшего школьника",38
"младший ребенок",popular,"самостоятельная деятельность детей первая младшая",38
"младший ребенок",popular,"безопасное поведение детей младшего дошкольного возраста",38
"младший ребенок",popular,"матрешки танец для детей младшей группы",38
"младший ребенок",popular,"пальчиковая гимнастика для детей 2 младшей группы",38
"младший ребенок",popular,"психолого педагогическая характеристика детей младшего школьного возраста",37
"младший ребенок",popular,"психолого педагогическая характеристика ребенка младшего школьного",37
"младший ребенок",popular,"беседы с детьми младшие школьники",37
"младший ребенок",popular,"пресняков младший биография личная жизнь дети",37
"младший ребенок",popular,"пресняков младший биография личная жизнь жены дети",37
"младший ребенок",popular,"пресняков младший дети личная жизнь",37
"младший ребенок",popular,"самостоятельная деятельность детей в младшей группе план",37
"младший ребенок",popular,"темы бесед детьми первой младшей группы",37
"младший ребенок",popular,"беседа с детьми младшей группы пдд",37
"младший ребенок",popular,"порно рассказы дети младшие",37
"младший ребенок",popular,"тематическое планирование для детей второй младшей группы",37
"младший ребенок",popular,"индивидуальный образовательный маршрут ребенка младшая группа",37
"младший ребенок",popular,"должен ли старший ребенок сидеть с младшим",37
"младший ребенок",popular,"старшие дети должны сидеть с младшими",37
"младший ребенок",popular,"ветрянка у младшего ребенка",37
"младший ребенок",popular,"обучение плаванию детей младшего школьного возраста",37
"младший ребенок",popular,"цель сказки для младших детей",37
"младший ребенок",popular,"аппликация для детей первой младшей группы",37
"младший ребенок",popular,"аппликация для детей 1 младшей группы",37
"младший ребенок",popular,"развитие движений детей младшего возраста",37
"младший ребенок",popular,"характеристика ребенка первой младшей группы",37
"младший ребенок",popular,"движение и дети младший школьный возраст",37
"младший ребенок",popular,"сергей бодров младший дети и жена фото",36
"младший ребенок",popular,"подвижные игры для детей первой младшей",36
"младший ребенок",popular,"загадки для детей вторая младшая",36
"младший ребенок",popular,"преимущества младших детей",36
"младший ребенок",popular,"приобщение детей к искусству вторая младшая группа",36
"младший ребенок",popular,"наблюдения с детьми второй младшей группы",36
"младший ребенок",popular,"девиантное поведение детей младшего возраста",36
"младший ребенок",popular,"список литературы для детей младшей группы",36
"младший ребенок",popular,"поделки с детьми вторая младшая группа",36
"младший ребенок",popular,"детям младшего возраста о природе",36
"младший ребенок",popular,"купить книги для детей младшего возраста",36
"младший ребенок",popular,"младший ребенок в семье 9 букв",36
"младший ребенок",popular,"особенности самооценки детей младшего школьного возраста",36
"младший ребенок",popular,"сказки детям младшая группа слушать",36
"младший ребенок",popular,"раскраски для детей 1 младшей группы",36
"младший ребенок",popular,"не воспринимаю младшего ребенка",36
"младший ребенок",popular,"скачать осенний сценарий для детей младшей группы",36
"младший ребенок",popular,"логопедическое занятие с ребенком младшего возраста",36
"младший ребенок",popular,"самостоятельная деятельность детей первая младшая группа",35
"младший ребенок",popular,"почему старшие дети ненавидят младших",35
"младший ребенок",popular,"дети и жены еременко младшего",35
"младший ребенок",popular,"моторика детей в младшем дошкольном возрасте",35
"младший ребенок",popular,"трудности обучения детей младшего школьного возраста",35
"младший ребенок",popular,"младший ребенок жукова",35
"младший ребенок",popular,"подвижные игры для детей первой младшей группы",35
"младший ребенок",popular,"загадки для детей вторая младшая группа",35
"младший ребенок",popular,"фильмы детям младшего школьного возраста",35
"младший ребенок",popular,"карта развития детей младшая группа",35
"младший ребенок",popular,"андрей аполлонов младший дети",35
"младший ребенок",popular,"фольклор для детей младшего возраста",35
"младший ребенок",popular,"развитие рук у детей младшего дошкольного",35
"младший ребенок",popular,"общения с детьми младшего воспитателя",35
"младший ребенок",popular,"утренняя гимнастика для детей первой младшей группы",35
"младший ребенок",popular,"девиантное поведение детей младшего школьного",35
"младший ребенок",popular,"диагностика речи детей младшего дошкольного возраста",35
"младший ребенок",popular,"безопасность для детей первой младшей группы",35
"младший ребенок",popular,"характеристика возраста детей младшей группы",35
"младший ребенок",popular,"связная речь детей младшего дошкольного возраста",35
"младший ребенок",popular,"зож для детей младшей группы",35
"младший ребенок",popular,"николай николаевич младший дети",35
"младший ребенок",popular,"развитие эмпатии у детей младшего школьного возраста",35
"младший ребенок",popular,"особенности речевого развития детей младшего возраста",35
"младший ребенок",popular,"день защиты детей вторая младшая",35
"младший ребенок",popular,"народные сказки для детей младшей группы",35
"младший ребенок",popular,"физическое развитие детей второй младшей группы",34
"младший ребенок",popular,"нервная система детей младшего школьного возраста",34
"младший ребенок",popular,"мероприятие с детьми первая младшая группа",34
"младший ребенок",popular,"старший ребенок с появлением младшего",34
"младший ребенок",popular,"квесты для детей младшей группы",34
"младший ребенок",popular,"художественная литература для детей младшего возраста",34
"младший ребенок",popular,"еременко николай младший жены дети",34
"младший ребенок",popular,"песни для детей младше года",34
"младший ребенок",popular,"упражнения для детей 2 младшей группы",34
"младший ребенок",popular,"пальчиковая гимнастика для детей младшего возраста",34
"младший ребенок",popular,"развитие творческих способностей у детей младшего школьного",34
"младший ребенок",popular,"интересные игры детей младшего возраста",34
"младший ребенок",popular,"неуспевающие дети нейропсихологическая диагностика младших школьников",34
"младший ребенок",popular,"сенсорного воспитания ребенка младшего дошкольного возраста",34
"младший ребенок",popular,"сергей бодров младший биография дети",34
"младший ребенок",popular,"выплата на ребенка младше 17 лет",34
"младший ребенок",popular,"еременко младший биография дети",34
"младший ребенок",popular,"продуктивная деятельность детей младшего дошкольного возраста",34
"младший ребенок",popular,"новообразования ребенка школьного младшего возраста",34
"младший ребенок",popular,"ребенок бьет младшего брата",34
"младший ребенок",popular,"особенности развития детей младшей группы детского сада",34
"младший ребенок",popular,"музыкальный сценарий для детей младших групп",33
"младший ребенок",popular,"эстафета для детей младшей группы",33
"младший ребенок",popular,"ребенок и природа первая младшая",33
"младший ребенок",popular,"содержание работы с детьми младшего возраста",33
"младший ребенок",popular,"фотоотчет с детьми младшего возраста",33
"младший ребенок",popular,"паспорт ребенка младше 14 лет",33
"младший ребенок",popular,"день защиты детей вторая младшая группа",33
"младший ребенок",popular,"пресняков владимир младший жена дети",33
"младший ребенок",popular,"квесты для детей младшего школьного возраста",33
"младший ребенок",popular,"жена бодрова младшего сейчас фото и дети",33
"младший ребенок",popular,"хентай младший сестра ребенок",33
"младший ребенок",popular,"ребенок бьет младшую сестру",33
"младший ребенок",popular,"особенности речи ребенка младшего дошкольного возраста",33
"младший ребенок",popular,"ревность к младшим детям советы",33
"младший ребенок",popular,"пособие на ребенка младше 6 месяцев",33
"младший ребенок",popular,"интересные занятия для детей младших групп",33
"младший ребенок",popular,"дети младшего возраста группы риска",33
"младший ребенок",popular,"развитие детей младшего школьного возраста литература",33
"младший ребенок",popular,"мать любит младшего ребенка",33
"младший ребенок",popular,"познавательные способности детей младшего школьного возраста",33
"младший ребенок",popular,"духовное воспитание детей младшего школьного возраста",33
"младший ребенок",popular,"младший ребенок в семье психология",33
"младший ребенок",popular,"мотивы детей младшего школьного возраста",33
"младший ребенок",popular,"осенние аппликации для детей младшей группы",33
"младший ребенок",popular,"народные праздники для детей младшей группы",33
"младший ребенок",popular,"особенности развития детей младшего подросткового возраста",32
"младший ребенок",popular,"владимир басов младший дети",32
"младший ребенок",popular,"дети владимира басова младшего",32
"младший ребенок",popular,"младший ребенок трампа",32
"младший ребенок",popular,"сестра убила младших детей",32
"младший ребенок",popular,"маразм наглые младшие дети в семье",32
"младший ребенок",popular,"способности детей второй младшей группы",32
"младший ребенок",popular,"литература для детей 2 младшей группы",32
"младший ребенок",popular,"старший ребенок заразил младшего",32
"младший ребенок",popular,"особенности детей младшего школьного возраста кратко",32
"младший ребенок",popular,"рассказы для детей второй младшей группы",32
"младший ребенок",popular,"мотивационная сфера детей младшего школьного возраста",32
"младший ребенок",popular,"младший ребенок ростовых",32
"младший ребенок",popular,"могут ли быть родители младше детей",32
"единственный ребенок",popular,"единственный ребенок",21244
"единственный ребенок",popular,"единственный ребенок единственного родителя",4869
"единственный ребенок",popular,"единственный ребенок в семье",4331
"единственный ребенок",popular,"единственный кормилец ребенка",1963
"единственный ребенок",popular,"единственное жилье ребенка",1919
"единственный ребенок",popular,"умер единственный ребенок",1421
"единственный ребенок",popular,"погиб единственный ребенок",1378
"единственный ребенок",popular,"ребенок единственный кормилец в семье",1246
"единственный ребенок",popular,"единственный ребенок инвалид",971
"единственный ребенок",popular,"единственная выплата детям",969
"единственный ребенок",popular,"жена единственный ребенок в семье",880
"единственный ребенок",popular,"дети в единственном числе",828
"единственный ребенок",popular,"единственный ребенок на сво",816
"единственный ребенок",popular,"рождение ребенка единственное",798
"единственный ребенок",popular,"сын единственный ребенок",732
"единственный ребенок",popular,"единственное пособие на детей",684
"единственный ребенок",popular,"муж единственный ребенок",671
"единственный ребенок",popular,"ребенок стал единственным",648
"единственный ребенок",popular,"вычеты на детей единственному родителю",606
"единственный ребенок",popular,"единственное жилье несовершеннолетнего ребенка",479
"единственный ребенок",popular,"единственному ребенку проще",463
"единственный ребенок",popular,"потерять единственного ребенка",457
"единственный ребенок",popular,"смерть единственного ребенка",429
"единственный ребенок",popular,"единственный опекун ребенка",423
"единственный ребенок",popular,"единственный ребенок у матери",397
"единственный ребенок",popular,"единственный ребенок любимый",396
"единственный ребенок",popular,"день единственного ребенка",384
"единственный ребенок",popular,"право на ребенка единственному",362
"единственный ребенок",popular,"ребенок инвалид единственный родитель",359
"единственный ребенок",popular,"пособие на ребенка единственному родителю",344
"единственный ребенок",popular,"дети оставшихся без попечения единственного родителя",331
"единственный ребенок",popular,"ребенок инвалид единственный кормилец",330
"единственный ребенок",popular,"родители потерявшие единственного ребенка",323
"единственный ребенок",popular,"долг единственного ребенка",311
"единственный ребенок",popular,"единственный родитель несовершеннолетнего ребенка",301
"единственный ребенок",popular,"какого быть единственным ребенком",298
"единственный ребенок",popular,"дети единственные в мире",287
"единственный ребенок",popular,"после смерти единственного ребенка",266
"единственный ребенок",popular,"единственный ребенок на английском",262
"единственный ребенок",popular,"воспитание единственного ребенка",260
"единственный ребенок",popular,"единственный ребенок не хочет детей",259
"единственный ребенок",popular,"дети сироты в единственном числе",258
"единственный ребенок",popular,"единственный ребенок книга",254
"единственный ребенок",popular,"как жить с единственной ребенком",251
"единственный ребенок",popular,"единственный ребенок россия",244
"единственный ребенок",popular,"статус единственного ребенка",244
"единственный ребенок",popular,"дети форма единственного числа",244
"единственный ребенок",popular,"ребенок единственный собственник квартиры",233
"единственный ребенок",popular,"выплата на детей единственному родителю",232
"единственный ребенок",popular,"фильм единственный ребенок",228
"единственный ребенок",popular,"люди единственные дети в семье",226
"единственный ребенок",popular,"ребенок это единственный человек",214
"единственный ребенок",popular,"самые единственный ребенок",214
"единственный ребенок",popular,"единственное число слова детей",207
"единственный ребенок",popular,"мобилизации единственный ребенок",204
"единственный ребенок",popular,"единственный ребенок одинокого",193
"единственный ребенок",popular,"продажа единственного жилья ребенка",191
"единственный ребенок",popular,"существительное дети в единственном числе",188
"единственный ребенок",popular,"являюсь единственным ребенком в семье",186
"единственный ребенок",popular,"хорошо быть единственным ребенком",185
"единственный ребенок",popular,"справка единственный ребенок",175
"единственный ребенок",popular,"отсрочка единственному ребенку",174
"единственный ребенок",popular,"статус единственного родителя ребенка",174
"единственный ребенок",popular,"налоговый вычет на ребенка единственный родитель",168
"единственный ребенок",popular,"единственный ребенок читать",161
"единственный ребенок",popular,"единое пособие на ребенка единственного родителя",158
"единственный ребенок",popular,"код вычета на ребенка единственному родителю",154
"единственный ребенок",popular,"не забирать единственного ребенка",153
"единственный ребенок",popular,"гибель единственного ребенка",153
"единственный ребенок",popular,"единственное жилье детей при банкротстве",151
"единственный ребенок",popular,"как воспитывать единственного ребенка",150
"единственный ребенок",popular,"стандартный вычет на единственного ребенка",141
"единственный ребенок",popular,"миэ единственный ребенок",137
"единственный ребенок",popular,"вычет единственному родителю на ребенка 2026",137
"единственный ребенок",popular,"потеря единственного ребенка",135
"единственный ребенок",popular,"единственного ребенка забирают в армию",135
"единственный ребенок",popular,"со миэ единственный ребенок",134
"единственный ребенок",popular,"единственный кормилец в семье ребенок инвалид",133
"единственный ребенок",popular,"семьи росла единственным ребенком",129
"единственный ребенок",popular,"лучше быть единственным ребенком в семье",125
"единственный ребенок",popular,"единственный ребенок и армия",121
"единственный ребенок",popular,"подтвердить ребенок единственный",120
"единственный ребенок",popular,"единственный родитель ребенка до 18 лет",119
"единственный ребенок",popular,"единственный выживший ребенок",119
"единственный ребенок",popular,"хочу быть единственным ребенком в семье",115
"единственный ребенок",popular,"что значит единственный ребенок",114
"единственный ребенок",popular,"двойной вычет на ребенка единственному родителю",113
"единственный ребенок",popular,"алименты на единственного ребенка",113
"единственный ребенок",popular,"оба единственные дети в семье",112
"единственный ребенок",popular,"единственная выплата при рождении ребенка",111
"единственный ребенок",popular,"мать одиночка единственный ребенок",111
"единственный ребенок",popular,"муж единственный ребенок в семье",108
"единственный ребенок",popular,"единственный ребенок в семье сво",105
"единственный ребенок",popular,"вычет на единственного ребенка инвалида",103
"единственный ребенок",popular,"единственный родитель ребенок инвалид вычеты",103
"единственный ребенок",popular,"забирают ли единственного ребенка в армию",97
"единственный ребенок",popular,"призывают единственного ребенка",97
"единственный ребенок",popular,"уход за ребенком единственным родителем",97
"единственный ребенок",popular,"убили единственного ребенка",96
"единственный ребенок",popular,"я единственный ребенок в семье на английском",96
"единственный ребенок",popular,"единственный ребенок в семье армия",92
"единственный ребенок",popular,"размер вычета на ребенка единственному родителю",85
"единственный ребенок",popular,"единственное пособие на детей в 2026",85
"единственный ребенок",popular,"единственный ребенок отзывы",85
"единственный ребенок",popular,"единственный ребенок форум",83
"единственный ребенок",popular,"материнский капитал на единственного ребенка",83
"единственный ребенок",popular,"стандартный налоговый вычет на единственного ребенка",83
"единственный ребенок",popular,"единственное и множественное число для детей",81
"единственный ребенок",popular,"единственный ребенок проблемы",80
"единственный ребенок",popular,"ипотека единственное жилье с детьми",78
"единственный ребенок",popular,"какие вычеты на ребенка единственному родителю",78
"единственный ребенок",popular,"единственный ребенок перевод",78
"единственный ребенок",popular,"единственный ребенок одинокой матери",78
"единственный ребенок",popular,"единственное пособие на детей до 17",78
"единственный ребенок",popular,"единственный ребенок плюс",77
"единственный ребенок",popular,"единственный ребенок пенсионера",76
"единственный ребенок",popular,"единственный ребенок смотреть",76
"единственный ребенок",popular,"болезнь единственного ребенка",75
"единственный ребенок",popular,"выплаты погибший сво единственный совершеннолетний ребенок",72
"единственный ребенок",popular,"единственное пособие на детей до 17 лет",69
"единственный ребенок",popular,"единственное пособие при рождении ребенка",68
"единственный ребенок",popular,"единственному ребенку одинокого родителя",68
"единственный ребенок",popular,"вычет на первого ребенка единственному родителю",68
"единственный ребенок",popular,"единственный ребенок сериал",66
"единственный ребенок",popular,"особенности единственных детей",64
"единственный ребенок",popular,"призовут ли единственного ребенка",63
"единственный ребенок",popular,"единственный законный представитель ребенка",62
"единственный ребенок",popular,"ндфл вычеты на ребенка единственному родителю",61
"единственный ребенок",popular,"вычет на второго ребенка единственному родителю",61
"единственный ребенок",popular,"единственный ребенок рассказ",61
"единственный ребенок",popular,"умер единственный ребенок как жить",60
"единственный ребенок",popular,"единственных кормильцев семьи с детьми инвалидами",58
"единственный ребенок",popular,"какого быть единственным ребенком в семье",58
"единственный ребенок",popular,"единственный ребенок в семье брак",58
"единственный ребенок",popular,"единственная почка у ребенка",56
"единственный ребенок",popular,"могут забрать единственного ребенка на сво",56
"единственный ребенок",popular,"как называется единственный ребенок",55
"единственный ребенок",popular,"единственное пособие на детей в 2026 году",54
"единственный ребенок",popular,"вы являетесь единственным родителем ребенка",54
"единственный ребенок",popular,"отсрочка единственному ребенку родителя",54
"единственный ребенок",popular,"синдром единственного ребенка",52
"единственный ребенок",popular,"единственный ребенок слушать",51
"единственный ребенок",popular,"вычет на детей единственному опекуну",51
"единственный ребенок",popular,"плохо быть единственным ребенком",51
"единственный ребенок",popular,"единственный опекун несовершеннолетнего ребенка",50
"единственный ребенок",popular,"налоговый вычет единственному родителю ребенка инвалида",47
"единственный ребенок",popular,"двойной налоговый вычет на ребенка единственному родителю",46
"единственный ребенок",popular,"книга единственный ребенок со миэ",46
"единственный ребенок",popular,"свекровь единственного ребенка",46
"единственный ребенок",popular,"можно ли продать единственное жилье ребенка",43
"единственный ребенок",popular,"минусы быть единственным ребенком",43
"единственный ребенок",popular,"баздырев единственный ребенок",42
"единственный ребенок",popular,"ежемесячная выплата единственному родителю на ребенка",42
"единственный ребенок",popular,"льгота на детей единственному родителю",41
"единственный ребенок",popular,"единственный ребенок 2024",40
"единственный ребенок",popular,"ребенок единственное счастье",40
"единственный ребенок",popular,"воспитание ребенка единственным родителем",40
"единственный ребенок",popular,"код вычета единственному родителю на первого ребенка",39
"единственный ребенок",popular,"вычет единственному родителю на ребенка сумма",39
"единственный ребенок",popular,"плюсы быть единственным ребенком в семье",39
"единственный ребенок",popular,"единственное пособие на второго ребенка",38
"единственный ребенок",popular,"единственный урок дети",35
"единственный ребенок",popular,"единственный ребенок на земле",35
"единственный ребенок",popular,"мобилизуют ли единственного ребенка в семье",33
"единственный ребенок",popular,"минусы быть единственным ребенком в семье",33
"единственный ребенок",popular,"единственные дети плюсы и минусы",33
"единственный ребенок",popular,"день единственного ребенка в семье",31
"единственный ребенок",popular,"единственный ребенок в семье плюсы и минусы",31
"единственный ребенок",popular,"единственный ребенок в семье воспитание",31
"единственный ребенок",popular,"единственная почка мкб 10 у детей",29
"единственный ребенок",popular,"единственные дети счастливее",28
"единственный ребенок",popular,"королева демонов и единственный ребенок",28
"единственный ребенок",popular,"увольнение единственного кормильца ребенка инвалида",27
"единственный ребенок",popular,"код вычета на второго ребенка единственному родителю",26
"единственный ребенок",popular,"пантера единственный ребенок в семье",25
"единственный ребенок",popular,"аниме королева демонов и единственный ребенок",25
"единственный ребенок",popular,"единственное пособие на детей 2027",25
"единственный ребенок",popular,"единственный ребенок последствия",25
"единственный ребенок",popular,"единственный ребенок скачать",24
"единственный ребенок",popular,"выплаты согаз совершеннолетним детям как единственному родственнику",24
"единственный ребенок",popular,"я родилась единственным ребенком",24
"единственный ребенок",popular,"код мкб единственная почка у детей",23
"единственный ребенок",popular,"может ли ребенок быть единственным собственником квартиры",22
"единственный ребенок",popular,"поздний единственный ребенок",22
"единственный ребенок",popular,"единственные дети и из многодетных",21
"единственный ребенок",popular,"мать потеряла единственного ребенка",21
"единственный ребенок",popular,"берут ли единственного ребенка в армию",20
"единственный ребенок",popular,"путин единственный ребенок в семье",19
"единственный ребенок",popular,"вычет на ребенка единственному родителю 2025",19
"единственный ребенок",popular,"статус единственного родителя несовершеннолетнего ребенка",19
"единственный ребенок",popular,"усович единственный ребенок",18
"единственный ребенок",popular,"вычет на третьего ребенка единственному родителю",18
"единственный ребенок",popular,"единственное пособие при рождении ребенка 2026",18
"единственный ребенок",popular,"вычет на детей единственному родителю документы",18
"единственный ребенок",popular,"где взять справку что единственный ребенок",17
"единственный ребенок",popular,"дочь евгения единственный ребенок александра абдулова",17
"единственный ребенок",popular,"истории единственных детей в семье",17
"единственный ребенок",popular,"могут ли мобилизовать единственного ребенка матери",17
"единственный ребенок",popular,"увольнение единственного кормильца в семье с ребенком",15
"единственный ребенок",popular,"иван единственный общий ребенок чуриковой и панфилова",15
"единственный ребенок",popular,"единственный ребенок цитаты",14
"единственный ребенок",popular,"со миэ единственный ребенок отзывы",14
"единственный ребенок",popular,"сокращение единственного кормильца в семье с ребенком",13
"единственный ребенок",popular,"единственный ребенок книга отзывы",13
"единственный ребенок",popular,"единственный ребенок эгоист",12
"единственный ребенок",popular,"единственный ребенок книга аудиокнига слушать",12
"единственный ребенок",popular,"стандартный вычет единственному родителю на одного ребенка",11
"единственный ребенок",popular,"проблемы единственного ребенка в семье",11
"единственный ребенок",popular,"персонажи которые единственный ребенок в семье",11
"единственный ребенок",popular,"почему единственному ребенку в семье скучно",11
"единственный ребенок",popular,"вычет единственному родителю на ребенка 2024",9
"единственный ребенок",popular,"единственный ребенок со миэ аудиокнига",8
"единственный ребенок",popular,"дети тьмы серганова единственный для ведьмы аудиокнига",7
"единственный ребенок",popular,"как жить когда потеряла единственного ребенка",7
"единственный ребенок",popular,"владислав галкин был единственным ребенком",7
"единственный ребенок",popular,"скачать книгу единственный ребенок",7
"единственный ребенок",popular,"суицид единственного ребенка как утешиться",6
"единственный ребенок",popular,"единственный ребенок казненный в ссср",6
"единственный ребенок",popular,"нужно ли составлять завещание на единственного ребенка",5
"единственный ребенок",popular,"со мие единственный ребенок",5
"единственный ребенок",popular,"различия характеров детей единственных и первых вторых",5
"единственный ребенок",popular,"психология единственного ребенка по альфреду адлеру",5
"единственный ребенок",popular,"единственное временное пособие при рождении ребенка 2026",5
"единственный ребенок",popular,"единственный близкий человек ребенок",4
"разница в возрасте детей",popular,"разница в возрасте между детьми",992
"разница в возрасте детей",popular,"разница в возрасте у детей",697
"разница в возрасте детей",popular,"какая разница в возрасте между детьми",333
"разница в возрасте детей",popular,"усыновить ребенка разница в возрасте",308
"разница в возрасте детей",popular,"какая разница в возрасте у детей",272
"разница в возрасте детей",popular,"большая разница в возрасте детей",230
"разница в возрасте детей",popular,"хорошая разница в возрасте детей",172
"разница в возрасте детей",popular,"разница в возрасте детей 2 года",122
"разница в возрасте детей",popular,"разница в возрасте 3 года дети",122
"разница в возрасте детей",popular,"разница в возрасте детей 5 лет",114
"разница в возрасте детей",popular,"идеальная разница в возрасте между детьми",113
"разница в возрасте детей",popular,"разница в возрасте детей какая лучше",100
"разница в возрасте детей",popular,"лучшая разница в возрасте между детьми",94
"разница в возрасте детей",popular,"оптимальная разница в возрасте детей",93
"разница в возрасте детей",popular,"оптимальная разница в возрасте между детьми",79
"разница в возрасте детей",popular,"разница в возрасте родителей и детей",68
"разница в возрасте детей",popular,"разница в возрасте детей 4 года",63
"разница в возрасте детей",popular,"разница в возрасте детей 10 лет",58
"разница в возрасте детей",popular,"разница в возрасте при усыновлении ребенка",56
"разница в возрасте детей",popular,"разница в возрасте детей 7 лет",50
"разница в возрасте детей",popular,"большая разница в возрасте между детьми",48
"разница в возрасте детей",popular,"какая идеальная разница в возрасте между детьми",47
"разница в возрасте детей",popular,"какая лучшая разница в возрасте между детьми",46
"разница в возрасте детей",popular,"самая лучшая разница в возрасте детей",45
"разница в возрасте детей",popular,"разница в возрасте 8 лет дети",45
"разница в возрасте детей",popular,"дети погодки разница в возрасте",44
"разница в возрасте детей",popular,"дети с маленькой разницей в возрасте",42
"разница в возрасте детей",popular,"какая разница в возрасте детей оптимальна",42
"разница в возрасте детей",popular,"разница в возрасте детей 6 лет",37
"разница в возрасте детей",popular,"разница в возрасте детей хюррем",37
"разница в возрасте детей",popular,"наименьшая разница в возрасте между детьми",36
"разница в возрасте детей",popular,"разница в возрасте детей 12 лет",35
"разница в возрасте детей",popular,"какая оптимальная разница в возрасте между детьми",32
"разница в возрасте детей",popular,"14 лет разница в возрасте детей",31
"разница в возрасте детей",popular,"разница в возрасте детей 11 лет",31
"разница в возрасте детей",popular,"дети погодки это какая разница в возрасте",28
"разница в возрасте детей",popular,"разница в возрасте детей уизли",27
"разница в возрасте детей",popular,"минимальная разница в возрасте между детьми",24
"разница в возрасте детей",popular,"разница в возрасте детей сулеймана",20
"разница в возрасте детей",popular,"разница в возрасте детей киркорова",18
"разница в возрасте детей",popular,"разница в возрасте детей 9 лет",17
"разница в возрасте детей",popular,"нормальная разница в возрасте между детьми",17
"разница в возрасте детей",popular,"самая маленькая разница в возрасте между детьми",13
"разница в возрасте детей",popular,"разница в возрасте между детьми уизли",12
"разница в возрасте детей",popular,"какая разница в возрасте у детей монеточки",9
"разница в возрасте детей",popular,"идеальная разница в возрасте у детей",9
"разница в возрасте детей",popular,"разница в возрасте 14 лет планируем ребенка",5
"ревность детей",popular,"ревность старших детей",235
"ревность детей",popular,"ревность детей в семье",185
"ревность детей",popular,"ревность старшего ребенка к младшему",107
"ревность детей",popular,"как справиться с ревностью ребенка",101
"ревность детей",popular,"ревность первого ребенка",98
"ревность детей",popular,"ревность мужа к ребенку",96
"ревность детей",popular,"ревность ребенка психолог",81
"ревность детей",popular,"убивший ребенка из ревности",73
"ревность детей",popular,"ревность ребенка к мужчине",67
"ревность детей",popular,"ревность между детьми",66
"ревность детей",popular,"ревность ребенка к маме",56
"ревность детей",popular,"ревность к детям от первого брака",54
"ревность детей",popular,"детская ревность детей",51
"ревность детей",popular,"второй ребенок ревность",51
"ревность детей",popular,"ревность второго ребенка",51
"ревность детей",popular,"ревность ребенка к матери",51
"ревность детей",popular,"ревность ребенка к родителям",50
"ревность детей",popular,"ревность ребенка к другим детям",50
"ревность детей",popular,"ревность ребенка книга",46
"ревность детей",popular,"ревность к своему ребенку",44
"ревность детей",popular,"ревность жены к ребенку",42
"ревность детей",popular,"ревность у детей к младшим детям",41
"ревность детей",popular,"ревность детей к младшим детям психолог",39
"ревность детей",popular,"ревность взрослых детей",36
"ревность детей",popular,"ревность к новорожденному ребенку",36
"ревность детей",popular,"ревность как объяснить ребенку",34
"ревность детей",popular,"ревность к младшим детям советы",33
"ревность детей",popular,"ревность ребенок 2 года",33
"ревность детей",popular,"ревность к ребенку мужа от первого",32
"ревность детей",popular,"ревность к ребенку мужа от первого брака",32
"ревность детей",popular,"ревность ребенка 5 лет",32
"ревность детей",popular,"ревность ребенка к младшему ребенку советы психолога",29
"ревность детей",popular,"ревность между детьми в семье",25
"ревность детей",popular,"ревность к ребенку женщине",23
"ревность детей",popular,"детская ревность к младшему ребенку",22
"ревность детей",popular,"ревность ребенка к отцу",21
"ревность детей",popular,"ревность ребенка форум",18
"ревность детей",popular,"книги про ревность ребенка",18
"ревность детей",popular,"мать вызывала ревность детей друг к другу",18
"ревность детей",popular,"ревность ребенка к новому мужчине мамы",16
"ревность детей",popular,"детская ревность к младшему ребенку советы психолога",15
"ревность детей",popular,"ревность к сестре ребенок",13
"ревность детей",popular,"матери приносит наслаждение ревность ее детей",12
"ревность детей",popular,"ревность детей к братьям",11
"ревность детей",popular,"ревность старшего ребенка к младшему советы",11
"ревность детей",popular,"второй ребенок ревность первого",11
"ревность детей",popular,"ревность старшего ребенка к новорожденному",11
"ревность детей",popular,"ревность ребенка к папе",10
"ревность детей",popular,"ревность старшего ребенка к младшему советы психолога",9
"ревность детей",popular,"ревность детей ко 2 браку отца",7
"ревность детей",popular,"книги на тему ревности детей",5
"любимчик в семье",popular,"любимчики в семье",225
"любимчик в семье",popular,"перерождение в любимчиках богатой семьи",77
"любимчик в семье",popular,"перерождение в любимчиках богатой семьи дорама",41
"любимчик в семье",popular,"перерождение в любимчиках богатой семьи мини дорама",27
"сиблинги",popular,"сиблинг",18121
"сиблинги",popular,"слово сиблинг",1734
"сиблинги",popular,"сиблинги это простыми",1569
"сиблинги",popular,"сиблинги это простыми словами",1472
"сиблинги",popular,"сиблинг сбс",501
"сиблинги",popular,"дети сиблинги",356
"сиблинги",popular,"семьи сиблинги",218
"сиблинги",popular,"брату сиблинг",185
"сиблинги",popular,"позиции сиблингов",180
"сиблинги",popular,"сиблинг родителя",158
"сиблинги",popular,"сиблинг сбб",140
"сиблинги",popular,"соперничество сиблингов",135
"сиблинги",popular,"брат и сестра сиблинги",124
"сиблинги",popular,"система сиблингов",118
"сиблинги",popular,"сиблинг сбс спб",98
"сиблинги",popular,"сиблинги порно",98
"сиблинги",popular,"сиблинг это в психологии",92
"сиблинги",popular,"младший сиблинг",91
"сиблинги",popular,"сиблингами называют",86
"сиблинги",popular,"что значит сиблинги",85
"сиблинги",popular,"сиблинги книга",78
"сиблинги",popular,"про сиблингов",72
"сиблинги",popular,"сиблинг в отношениях",71
"сиблинги",popular,"конкуренция сиблингов",65
"сиблинги",popular,"подсистема сиблингов",63
"сиблинги",popular,"сиблинги определение",59
"сиблинги",popular,"теория сиблингов",58
"сиблинги",popular,"степ сиблинг",54
"сиблинги",popular,"конфликт сиблингов",54
"сиблинги",popular,"сиблинг чайник",53
"сиблинги",popular,"сиблинг возраст",53
"сиблинги",popular,"сиблинг это в психологии простыми",53
"сиблинги",popular,"сиблинги это простыми словами в психологии",53
"сиблинги",popular,"наличие сиблингов",52
"сиблинги",popular,"роль сиблингов",48
"сиблинги",popular,"ревность сиблингов",48
"сиблинги",popular,"инцест сиблингов",47
"сиблинги",popular,"что такое соперничество между сиблингами",46
"сиблинги",popular,"отношения между сиблингами",45
"сиблинги",popular,"сиблинг на английском",45
"сиблинги",popular,"порно степ сиблинг",45
"сиблинги",popular,"сиблинг геншин",44
"сиблинги",popular,"сиблинги ударение",44
"сиблинги",popular,"сиблинг приложение",44
"сиблинги",popular,"взаимоотношения сиблингов",43
"сиблинги",popular,"особенности сиблингов",43
"сиблинги",popular,"сиблинги мир денди",42
"сиблинги",popular,"взаимодействие сиблингов",40
"сиблинги",popular,"сиблинг сбс сбб",38
"сиблинги",popular,"сиблинги на русском",37
"сиблинги",popular,"сиблинг сленг",37
"сиблинги",popular,"сиблинги старшая сестра сестры",35
"сиблинги",popular,"воспитание сиблингов",35
"сиблинги",popular,"племянник по старшему сиблингу",34
"сиблинги",popular,"родные сиблинги",34
"сиблинги",popular,"подростков сиблингов",33
"сиблинги",popular,"сводный сиблинг",33
"сиблинги",popular,"сиблинг перевод",32
"сиблинги",popular,"сиблинг близнец",32
"сиблинги",popular,"шкала определения привязанности между детьми сиблингами",31
"сиблинги",popular,"приемные сиблинги",31
"сиблинги",popular,"сиблинги старший брат брата",30
"сиблинги",popular,"разделение сиблингов",30
"сиблинги",popular,"отношения сиблингов в семье",30
"сиблинги",popular,"старший брат сестры сиблинги",29
"сиблинги",popular,"исследование сиблингов",28
"сиблинги",popular,"проблема сиблингов",27
"сиблинги",popular,"травма сиблингов",27
"сиблинги",popular,"младший брат брата сиблинг",26
"сиблинги",popular,"игры сиблингов",25
"сиблинги",popular,"сиблинги сибсы",25
"сиблинги",popular,"сиблинги во взрослом",25
"сиблинги",popular,"метод сиблингов",24
"сиблинги",popular,"рождение сиблинга",24
"сиблинги",popular,"сиблинг младшая сестра сестры",24
"сиблинги",popular,"сиблингами являются",24
"сиблинги",popular,"персонажи сиблинги",24
"сиблинги",popular,"сиблинг умный",22
"сиблинги",popular,"тест на сиблингов",22
"сиблинги",popular,"сиблинги это простыми словами в психологии определение",22
"сиблинги",popular,"средний сиблинг",22
"сиблинги",popular,"сиблинги группа",21
"сиблинги",popular,"сиблинг младшая сестра брата",21
"сиблинги",popular,"племянник по старшему сиблингу мужского пола",20
"сиблинги",popular,"единственный сиблинг",20
"сиблинги",popular,"книги про сиблингов",19
"сиблинги",popular,"полные сиблинги",19
"сиблинги",popular,"терапия сиблингов",19
"сиблинги",popular,"сиблинги и секс",18
"сиблинги",popular,"сиблинги синоним",18
"сиблинги",popular,"отношения сиблингов психология",18
"сиблинги",popular,"инцест между сиблингами",17
"сиблинги",popular,"сиблинги фильм",17
"сиблинги",popular,"сиблинг скачать",17
"сиблинги",popular,"старший сиблинг это",17
"сиблинги",popular,"сиблингами называется",16
"сиблинги",popular,"адлер сиблинги",14
"сиблинги",popular,"сиблинги романовская",14
"сиблинги",popular,"порно степ сиблинг каут на русском вк",14
"сиблинги",popular,"работа с сиблингами",12
"сиблинги",popular,"сиблинги это простыми словами что значит",12
"сиблинги",popular,"сиблингами называют в психологии",12
"сиблинги",popular,"сиблинг происхождение слова",11
"сиблинги",popular,"зажим сиблинг",10
"сиблинги",popular,"сиблинги дреды велеса",10
"сиблинги",popular,"как подключить чайник сиблинг к алисе",9
"сиблинги",popular,"сиблинги в генетике",9
"сиблинги",popular,"границы с сиблингами примеры",7
"сиблинги",popular,"сиблинг ливинг игра на андроид",6
"сиблинги",popular,"групповая психотерапия сиблинги",6
"сиблинги",popular,"сиблинги э",6
"сиблинги",popular,"порно стеб сиблинг",6
"сиблинги",popular,"сиблинг джейкоба",5
"сиблинги",popular,"порно инцест сиблинги",5
"сиблинги",popular,"конкуренция сиблингов книга скачать",5
"сиблинги",popular,"анжела ильина сиблинги",5
"сиблинги",popular,"мир денди нюрукет сиблинги",5
"сиблинги",popular,"сиблинги откуда слово",5
"сиблинги",popular,"всегда ли сиблинг это хорошо ученые",5
"сиблинги",popular,"детская психология воспитание сиблингов книга",5
"сиблинги",popular,"что означает сиблинг сирот в семье",5
"сиблинги",popular,"дмитрий мелешко подкаст про сиблингов",5
"сиблинги",popular,"робот пылесос сиблинг",5
"сиблинги",popular,"что означает слово сиблинги",4
"сиблинги",popular,"эмоциональный инцест среди сиблингов",2
"отношения с сестрой",popular,"отношения с сестрой",5859
"отношения с сестрой",popular,"отношения с братом сестрой",1470
"отношения с сестрой",popular,"какие отношения с сестрой",485
"отношения с сестрой",popular,"с мужем сестры отношения",368
"отношения с сестрой",popular,"отношения с сестрой пошли",313
"отношения с сестрой",popular,"отношения с младшей сестрой",296
"отношения с сестрой",popular,"отношения с сестрой пошли не по плану",281
"отношения с сестрой",popular,"хорошее отношение с сестрой",271
"отношения с сестрой",popular,"отношения с старшей сестрой",264
"отношения с сестрой",popular,"отношения с родной сестрой",259
"отношения с сестрой",popular,"близкие отношения с сестрой",253
"отношения с сестрой",popular,"порно отношения с сестрой",242
"отношения с сестрой",popular,"отношения с сестрой друга",231
"отношения с сестрой",popular,"отношения с двоюродной сестрой",230
"отношения с сестрой",popular,"сексуальные отношения с сестрой",203
"отношения с сестрой",popular,"плохие отношения с сестрами",201
"отношения с сестрой",popular,"отношения с мамой и сестрой",189
"отношения с сестрой",popular,"секс отношений с сестрой",176
"отношения с сестрой",popular,"отношения с сестрой фильмы",172
"отношения с сестрой",popular,"отношения с сестрой жены",172
"отношения с сестрой",popular,"интимные отношения с сестрой",159
"отношения с сестрой",popular,"отношения дали с сестрой",143
"отношения с сестрой",popular,"как наладить отношения с сестрой",139
"отношения с сестрой",popular,"люблю отношения с сестрой",131
"отношения с сестрой",popular,"хентай отношения с сестрой",118
"отношения с сестрой",popular,"отношения с сводной сестрой",104
"отношения с сестрой",popular,"отношения с братьями и сестрами дети",101
"отношения с сестрой",popular,"сложные отношения с сестрой",94
"отношения с сестрой",popular,"отношения с троюродной сестрой",91
"отношения с сестрой",popular,"майкл джексон отношения с сестрой",90
"отношения с сестрой",popular,"порно отношения брат с сестрой",87
"отношения с сестрой",popular,"близкие отношения брата с сестрой",80
"отношения с сестрой",popular,"очень близкие отношения с сестрой",77
"отношения с сестрой",popular,"отношения сестры с младшим братом",77
"отношения с сестрой",popular,"порно комиксы отношения с сестрой",73
"отношения с сестрой",popular,"сестра двоюродная отношения с братом",73
"отношения с сестрой",popular,"отношения с сестрой манга",69
"отношения с сестрой",popular,"отношения с сестрой форум",69
"отношения с сестрой",popular,"манхва отношения с сестрой",66
"отношения с сестрой",popular,"отношения майкла джексона с братьями и сестрами",65
"отношения с сестрой",popular,"хентай отношения с сестрой пошли",65
"отношения с сестрой",popular,"фильм про отношения с сестрой",56
"отношения с сестрой",popular,"теплые отношения с сестрой",55
"отношения с сестрой",popular,"манхва отношения с сестрой пошли",54
"отношения с сестрой",popular,"нормальные отношения с сестрами",51
"отношения с сестрой",popular,"любовные отношения с сестрой",49
"отношения с сестрой",popular,"отношения с родными братьями и сестрами",49
"отношения с сестрой",popular,"порно комиксы отношения с сестрой пошли",48
"отношения с сестрой",popular,"отношения брата с сестрой аниме",39
"отношения с сестрой",popular,"разорвала отношения с сестрой",38
"отношения с сестрой",popular,"тяжелые отношения с сестрой",37
"отношения с сестрой",popular,"отношение с сестрой 18",36
"отношения с сестрой",popular,"фильм с отношения брат и сестра",35
"отношения с сестрой",popular,"хентай манга отношения с сестрой",35
"отношения с сестрой",popular,"отношение брат с сестрой хентай",35
"отношения с сестрой",popular,"брат с сестрой в сексуальных отношениях",33
"отношения с сестрой",popular,"сестра отношения с братьями интимные",32
"отношения с сестрой",popular,"отношения с троюродной сестрой можно ли",31
"отношения с сестрой",popular,"испортились отношения с сестрой",30
"отношения с сестрой",popular,"секс отношения брата с сестрой",29
"отношения с сестрой",popular,"форум прекрасные сексуальные отношения с юной сестрой",28
"отношения с сестрой",popular,"форум интимные отношения с сестрой мамой",27
"отношения с сестрой",popular,"отношения с сестрой по матери",26
"отношения с сестрой",popular,"плохие отношения с сестрой мужа",26
"отношения с сестрой",popular,"как улучшить отношения с сестрой",25
"отношения с сестрой",popular,"манга хентай отношения с сестрой пошло",25
"отношения с сестрой",popular,"хентай манга отношения с сестрой пошли",25
"отношения с сестрой",popular,"не складываются отношения с сестрой",25
"отношения с сестрой",popular,"половые отношения с сестрой",23
"отношения с сестрой",popular,"наладить отношения с младшей сестрой",21
"отношения с сестрой",popular,"брат с сестрой отношения как называется",19
"отношения с сестрой",popular,"плохие отношения с младшей сестрой",18
"отношения с сестрой",popular,"плохие отношения с сестрами братьями",18
"отношения с сестрой",popular,"психология отношений с сестрой",18
"отношения с сестрой",popular,"отношения брата с сестрой порно мульт",17
"отношения с сестрой",popular,"к чему снится отношение с сестрой",17
"отношения с сестрой",popular,"плохие отношения с сестрой родной",16
"отношения с сестрой",popular,"как наладить отношения с сестрой старшей",15
"отношения с сестрой",popular,"токсичные отношения с сестрой",15
"отношения с сестрой",popular,"порно 3d отношения брата с сестрой",15
"отношения с сестрой",popular,"можно ли с троюродной сестрой иметь отношения",11
"отношения с сестрой",popular,"аниме секс отношения брата с сестрой",10
"отношения с сестрой",popular,"порно отношение брата с сестрой аниме",10
"отношения с сестрой",popular,"интим отношения с сестрой",8
"отношения с сестрой",popular,"последствия и этика отношений с подругой сестры",8
"отношения с сестрой",popular,"можно ли иметь отношения с двоюродной сестрой",8
"отношения с сестрой",popular,"расклад на отношения с сестрой",7
"отношения с сестрой",popular,"отношения марины с сестрой валерией",6
"отношения с сестрой",popular,"похотливые сестра с братом скрывают инцест отношения",6
"отношения с сестрой",popular,"бесплатно отношения брат сестра с интимом",6
"отношения с сестрой",popular,"интимные отношения с сестрой рассказы",6
"отношения с сестрой",popular,"отношения брата с сестрой интим",6
"отношения с сестрой",popular,"хентай манхва отношение с сестрой",6
"отношения с сестрой",popular,"отношение к порно с родной сестрой",5
"отношения с сестрой",popular,"отношения с братом у сестры абьюзер",5
"отношения с сестрой",popular,"как наладить отношения с сестрой советы",5
"отношения с сестрой",popular,"тест на отношения с братом и сестрой",5
"отношения с сестрой",popular,"сестра с братом вступили в сексуальные отношения",5
"отношения с сестрой",popular,"отношения с сестрой жены что делать",5
"отношения с сестрой",popular,"возможно ли отношения с двоюродной сестрой",5
"отношения с братом",popular,"отношения с братьями",5445
"отношения с братом",popular,"отношения с братом сестрой",1470
"отношения с братом",popular,"отношения с братом бывшего",1127
"отношения с братом",popular,"отношения с другом брата",585
"отношения с братом",popular,"отношения майкла с братьями",449
"отношения с братом",popular,"отношения майкла джексона с братьями",427
"отношения с братом",popular,"хорошие отношения с братом",358
"отношения с братом",popular,"отношения с младшим братом",311
"отношения с братом",popular,"отношения с женой брата",305
"отношения с братом",popular,"отношения с родным братом",293
"отношения с братом",popular,"отношения с девушкой брата",240
"отношения с братом",popular,"отношения с двоюродным братом",200
"отношения с братом",popular,"отношения с братом мужа",183
"отношения с братом",popular,"плохие отношения с братом",168
"отношения с братом",popular,"фильмы отношения с братом",163
"отношения с братом",popular,"близкие отношения с братом",153
"отношения с братом",popular,"отношения с двумя братьями",148
"отношения с братом",popular,"сексуальные отношения с братом",131
"отношения с братом",popular,"майкл джексон какие отношения были с братьями",129
"отношения с братом",popular,"отношения с бывшей старшего брата",124
"отношения с братом",popular,"порно отношения с братом",114
"отношения с братом",popular,"отношения с братьями и сестрами дети",101
"отношения с братом",popular,"сложные отношения с братом",98
"отношения с братом",popular,"интимные отношения с братом",93
"отношения с братом",popular,"отношения с сводным братом",93
"отношения с братом",popular,"его отношение с родителями и братьями",92
"отношения с братом",popular,"порно отношения брат с сестрой",87
"отношения с братом",popular,"близкие отношения брата с сестрой",80
"отношения с братом",popular,"отношения сестры с младшим братом",77
"отношения с братом",popular,"отношения с троюродным братом",76
"отношения с братом",popular,"сестра двоюродная отношения с братом",73
"отношения с братом",popular,"как наладить отношения с братом",66
"отношения с братом",popular,"отношения с братом подруги",66
"отношения с братом",popular,"отношения майкла джексона с братьями и сестрами",65
"отношения с братом",popular,"отношения майкла джексона с отцом и братьями",64
"отношения с братом",popular,"вступила в отношения с братом",57
"отношения с братом",popular,"секс отношение с братом",56
"отношения с братом",popular,"не складываются отношения с братом",54
"отношения с братом",popular,"какие у вас отношения с братом",53
"отношения с братом",popular,"теплые отношения с братом",51
"отношения с братом",popular,"отношения с родными братьями и сестрами",49
"отношения с братом",popular,"хорошие отношения с младшим братом",41
"отношения с братом",popular,"инцест отношения с братом",39
"отношения с братом",popular,"отношения брата с сестрой аниме",39
"отношения с братом",popular,"отношения с братьями близнецами",38
"отношения с братом",popular,"фильм с отношения брат и сестра",35
"отношения с братом",popular,"отношение с женой брата мужа",35
"отношения с братом",popular,"отношение брат с сестрой хентай",35
"отношения с братом",popular,"брат с сестрой в сексуальных отношениях",33
"отношения с братом",popular,"сестра отношения с братьями интимные",32
"отношения с братом",popular,"любовные отношения с братом",30
"отношения с братом",popular,"приснились отношения с братом",29
"отношения с братом",popular,"секс отношения брата с сестрой",29
"отношения с братом",popular,"отношения с джеймсом 7 братьев",28
"отношения с братом",popular,"к чему снятся отношения с братом",28
"отношения с братом",popular,"дорамы с отношениями братьев",26
"отношения с братом",popular,"7 братьев отношения с тристаном",23
"отношения с братом",popular,"тайные отношения с братом",21
"отношения с братом",popular,"половые отношения с братом",20
"отношения с братом",popular,"как наладить отношения с младшим братом",20
"отношения с братом",popular,"брат с сестрой отношения как называется",19
"отношения с братом",popular,"отношения джоли с братом",18
"отношения с братом",popular,"плохие отношения с сестрами братьями",18
"отношения с братом",popular,"отношения брата с сестрой порно мульт",17
"отношения с братом",popular,"отношения пертурабо с другими братьями",16
"отношения с братом",popular,"анджелина джоли отношения с братом",16
"отношения с братом",popular,"плохие отношения с женой брата",15
"отношения с братом",popular,"порно 3d отношения брата с сестрой",15
"отношения с братом",popular,"как наладить отношения с братом старшим",11
"отношения с братом",popular,"отношения с четвероюродными братом",11
"отношения с братом",popular,"аниме секс отношения брата с сестрой",10
"отношения с братом",popular,"порно отношение брата с сестрой аниме",10
"отношения с братом",popular,"заговор для хороших отношений с братом",8
"отношения с братом",popular,"олег интервью отношения с братом",7
"отношения с братом",popular,"можно ли заводить отношения с двоюродным братом",7
"отношения с братом",popular,"пугачева и отношения с братом",6
"отношения с братом",popular,"похотливые сестра с братом скрывают инцест отношения",6
"отношения с братом",popular,"бесплатно отношения брат сестра с интимом",6
"отношения с братом",popular,"отношения брата с сестрой интим",6
"отношения с братом",popular,"отношения с братом у сестры абьюзер",5
"отношения с братом",popular,"тест на отношения с братом и сестрой",5
"отношения с братом",popular,"сестра с братом вступили в сексуальные отношения",5
"наследство",popular,"наследство",1285274
"наследство",popular,"наследство после",150880
"наследство",popular,"вступление в наследство",131601
"наследство",popular,"какое наследство",105066
"наследство",popular,"война за наследство",95392
"наследство",popular,"смерть наследство",93690
"наследство",popular,"можно наследство",82247
"наследство",popular,"наследство после смерти",80201
"наследство",popular,"наследство умершей",71567
"наследство",popular,"право на наследство",62601
"наследство",popular,"испанское наследство",55384
"наследство",popular,"война за испанское наследство",52302
"наследство",popular,"сколько наследства",50239
"наследство",popular,"скромное наследство",48289
"наследство",popular,"можно ли наследство",48075
"наследство",popular,"наследство 1",43650
"наследство",popular,"доля в наследстве",43001
"наследство",popular,"после вступления в наследство",42837
"наследство",popular,"наследство 2",42753
"наследство",popular,"наследство без",42561
"наследство",popular,"сроки наследства",38785
"наследство",popular,"продажа наследства",37953
"наследство",popular,"продать наследство",37158
"наследство",popular,"наследство 3",36247
"наследство",popular,"свидетельство о наследстве",36101
"наследство",popular,"наследство отца",34852
"наследство",popular,"принятие наследства",34830
"наследство",popular,"квартира по наследству",33929
"наследство",popular,"наследство людей",33916
"наследство",popular,"наследство через",33187
"наследство",popular,"вступить в наследство после",32391
"наследство",popular,"наследство глава",32093
"наследство",popular,"фильм наследство",31672
"наследство",popular,"дом в наследство",29102
"наследство",popular,"наследство 6",29072
"наследство",popular,"как вступить в наследство",28991
"наследство",popular,"австрийское наследство",28462
"наследство",popular,"1 2 наследства",27302
"наследство",popular,"война за австрийское наследство",26992
"наследство",popular,"есть ли наследство",26276
"наследство",popular,"наследство матери",24425
"наследство",popular,"наследство по завещанию",23882
"наследство",popular,"передается ли по наследству",23562
"наследство",popular,"наследство 4",23371
"наследство",popular,"свидетельство о праве на наследство",22932
"наследство",popular,"война за северное наследство",22623
"наследство",popular,"нотариус вступление в наследство",22480
"наследство",popular,"мужья в наследство",22467
"наследство",popular,"наследство сериал",22054
"наследство",popular,"наследство без завещания",21626
"наследство",popular,"квартира после наследства",21432
"наследство",popular,"скромное наследство глава",21371
"наследство",popular,"между наследство",21125
"наследство",popular,"1 3 наследства",20852
"наследство",popular,"наследство стоять",20792
"наследство",popular,"переходящее наследство",20770
"наследство",popular,"наследство по закону",20531
"наследство",popular,"оформление наследства",20523
"наследство",popular,"3 наследство 2",20289
"наследство",popular,"время наследства",20129
"наследство",popular,"наследство завещанию смерти",20062
"наследство",popular,"наследство супруг",20038
"наследство",popular,"супруга наследство",20038
"наследство",popular,"получила наследство квартиру",19791
"наследство",popular,"отказ от наследства",19417
"наследство",popular,"первое наследство",19406
"наследство",popular,"наследство собственности",19341
"наследство",popular,"принятое наследство",18972
"наследство",popular,"вступление наследство смерть",18887
"наследство",popular,"наследство дочь",18750
"наследство",popular,"получение наследства",18734
"наследство",popular,"наследство родителей",18719
"наследство",popular,"за испанское наследство и северной войны",18698
"наследство",popular,"сколько стоит наследство",18457
"наследство",popular,"наследство какой документ",18106
"наследство",popular,"польское наследство",17878
"наследство",popular,"наследство 5",17854
"наследство",popular,"рассказ скромное наследство",17796
"наследство",popular,"нотариус по наследству",17472
"наследство",popular,"документы на наследство",17393
"наследство",popular,"квартира наследство продажа",17189
"наследство",popular,"вступление в наследство после смерти",17046
"наследство",popular,"наследство продали квартиру",16942
"наследство",popular,"война за польское наследство",16750
"наследство",popular,"наследство изменения",16749
"наследство",popular,"система наследства",16712
"наследство",popular,"наследство бесплатно",16693
"наследство",popular,"брат наследство",16477
"наследство",popular,"итоги войн за наследство",16399
"наследство",popular,"наследство деньги",16282
"наследство",popular,"1 4 наследства",16134
"наследство",popular,"сын в наследство",16112
"наследство",popular,"наследство надо",16027
"наследство",popular,"как получить наследство",15695
"наследство",popular,"налог на наследство",15642
"наследство",popular,"международное наследство",15483
"наследство",popular,"4 наследство 2",15351
"наследство",popular,"наследство какие отношения",15234
"наследство",popular,"обязательное наследство",15176
"наследство",popular,"наследство международных отношений",15074
"наследство",popular,"муж жена наследство",15064
"наследство",popular,"война за наследство 2",14917
"наследство",popular,"наследство что делать",14809
"наследство",popular,"договор наследства",14512
"наследство",popular,"заявление на наследство",14488
"наследство",popular,"оставлю наследство",14386
"наследство",popular,"сколько вступление в наследство",14329
"наследство",popular,"наследство причина",13903
"наследство",popular,"наследство и наследники",13876
"наследство",popular,"смотреть наследство",13768
"наследство",popular,"открытие наследства",13762
"наследство",popular,"война за наследство 3",13603
"наследство",popular,"наследство онлайн",13557
"наследство",popular,"наследство в россии",13555
"наследство",popular,"наследство 2026",13295
"наследство",popular,"про наследство",13260
"наследство",popular,"очередь наследства",13102
"наследство",popular,"участники наследства",12919
"наследство",popular,"наследство участков",12743
"наследство",popular,"наследство после мужа",12695
"наследство",popular,"срок вступления в наследство",12629
"наследство",popular,"сколько вступают в наследство",12563
"наследство",popular,"наследство после смерти без завещания",12522
"наследство",popular,"как оформить наследство",12515
"наследство",popular,"наследство сво",12281
"наследство",popular,"наследство недвижимости",12262
"наследство",popular,"наследство 8",12179
"наследство",popular,"1 война за испанское наследство",12129
"наследство",popular,"хочу наследство",12011
"наследство",popular,"наследство какой нотариус",11955
"наследство",popular,"вступление в наследство без вступления",11812
"наследство",popular,"наследство бабушки",11788
"наследство",popular,"наследство ответ",11650
"наследство",popular,"песня наследство",11491
"наследство",popular,"2 война за испанское наследство",11409
"наследство",popular,"имеет ли право на наследство",11395
"наследство",popular,"наследство на машину",11338
"наследство",popular,"роковое наследство",11332
"наследство",popular,"муж наследство смерть",11318
"наследство",popular,"наследство счетов",11242
"наследство",popular,"6 месяцев наследства",11227
"наследство",popular,"наследство скачать",11144
"наследство",popular,"наследство несовершеннолетним",11110
"наследство",popular,"наследство дзене",11008
"наследство",popular,"наследство земля",10983
"наследство",popular,"долги по наследству",10980
"наследство",popular,"причины войны за наследство",10934
"наследство",popular,"наследство стоимость",10837
"наследство",popular,"вступают в наследство через",10782
"наследство",popular,"продаю наследство налоги",10704
"наследство",popular,"наследство дзен",10680
"наследство",popular,"почему в наследство",10599
"наследство",popular,"наследство читать",10544
"наследство",popular,"наследством оставшимся",10529
"наследство",popular,"наследство мамы",10316
"наследство",popular,"обязательная доля в наследстве",10302
"наследство",popular,"срок принятия наследства",10266
"наследство",popular,"банки наследство",10254
"наследство",popular,"наследство банк",10254
"наследство",popular,"наследство наследодателя",10242
"наследство",popular,"наследство на имущество",10202
"наследство",popular,"наследство рф",10164
"наследство",popular,"наследство после смерти мужа",10155
"наследство",popular,"дар по наследству",10136
"наследство",popular,"наследство внуков",10125
"наследство",popular,"наследство после отца",10083
"наследство",popular,"наследство умершего мужа",10014
"наследство",popular,"после вступления в наследство квартиры",9939
"наследство",popular,"больше наследство",9934
"наследство",popular,"земельное наследство",9926
"наследство",popular,"задание наследство",9923
"наследство",popular,"умерший не вступил в наследство",9918
"наследство",popular,"наследство начало",9797
"наследство",popular,"3 война за испанское наследство",9791
"наследство",popular,"наследство смерти отца",9758
"наследство",popular,"наследство онлайн бесплатно",9728
"наследство",popular,"наследство через сколько",9605
"наследство",popular,"нова наследстве",9508
"наследство",popular,"наследство новое",9495
"наследство",popular,"налог после наследства",9385
"наследство",popular,"муж вступил в наследство",9370
"наследство",popular,"как делится наследство",9308
"наследство",popular,"могут ли претендовать на наследство",9133
"наследство",popular,"став наследство",9125
"наследство",popular,"наследство после нотариуса",9090
"наследство",popular,"наследство бывшего мужа",9004
"наследство",popular,"какие документы нужны для наследства",8995
"наследство",popular,"наследство права наследников",8929
"наследство",popular,"наследство нотариус свидетельство",8918
"наследство",popular,"оценка наследства",8891
"наследство",popular,"наследство дали",8879
"наследство",popular,"платить за наследство",8878
"наследство",popular,"налог с продажи наследства",8865
"наследство",popular,"раздел наследства",8848
"наследство",popular,"наследство дающее",8815
"наследство",popular,"наследство квартиры после смерти",8778
"наследство",popular,"наследство г",8751
"наследство",popular,"регистрация наследство",8745
"наследство",popular,"наследство умершего отца",8702
"наследство",popular,"наследство после смерти отца",8644
"наследство",popular,"вступить дом наследство",8571
"наследство",popular,"4 война за испанское наследство",8560
"наследство",popular,"скромное наследство рассказ глава",8546
"наследство",popular,"наследства лишаю",8507
"наследство",popular,"нотариус вступить в наследство",8476
"наследство",popular,"лишенный наследства",8468
"наследство",popular,"купить наследство",8410
"наследство",popular,"наследство серии",8360
"наследство",popular,"нотариальное наследство",8355
"наследство",popular,"наследство прописаны",8330
"наследство",popular,"продать после вступления в наследство",8315
"наследство",popular,"значение наследства",8295
"наследство",popular,"право наследства смерти",8292
"наследство",popular,"наследство умершего ребенка",8290
"наследство",popular,"какой срок наследства",8265
"наследство",popular,"наследство умершего сына",8205
"наследство",popular,"право на наследство после",8197
"наследство",popular,"россия и война за наследство",8054
"наследство",popular,"наследство кратко",8043
"наследство",popular,"наследство после матери",7992
"наследство",popular,"наследство бывшей жене",7960
"наследство",popular,"наследство государству",7887
"наследство",popular,"умер муж наследство",7877
"наследство",popular,"наследство после умершего",7877
"наследство",popular,"наследство смерть матери",7846
"наследство",popular,"суды по наследству",7842
"наследство",popular,"наследство умершего наследника",7842
"наследство",popular,"наследство 3 года",7805
"наследство",popular,"война за испанское наследство россия",7771
"наследство",popular,"5 наследство 2",7770
"наследство",popular,"место наследства",7770
"наследство",popular,"как вступить в наследство после смерти",7744
"наследство",popular,"завещание квартира наследство",7699
"наследство",popular,"какое наследство получать",7689
"наследство",popular,"порядок наследства",7688
"наследство",popular,"передать по наследству",7685
"наследство",popular,"передаваемые по наследству",7676
"наследство",popular,"вступление в наследство без завещания",7656
"наследство",popular,"дело о наследстве",7630
"наследство",popular,"право наследства квартиры",7593
"наследство",popular,"наследство книга",7546
"наследство",popular,"лучшее наследство",7511
"наследство",popular,"война за испанское наследство коалиции",7486
"наследство",popular,"великое наследство",7448
"наследство",popular,"документы для вступления в наследство",7414
"наследство",popular,"гк наследство",7405
"наследство",popular,"дар по наследству 6",7393
"наследство",popular,"открыто наследство",7380
"наследство",popular,"полученное по наследству продажа",7369
"наследство",popular,"умер не вступив в наследство",7351
"наследство",popular,"вступить в долю наследства",7348
"наследство",popular,"выбрать наследство",7346
"наследство",popular,"наследство через год",7310
"наследство",popular,"наследство земельного участка",7281
"наследство",popular,"наследство умершего человека",7276
"наследство",popular,"завещание после вступления в наследство",7257
"наследство",popular,"война за испанское наследство век",7238
"наследство",popular,"смерть жены наследство",7195
"наследство",popular,"власть по наследству",7174
"наследство",popular,"смерть родственника наследство",7150
"наследство",popular,"итоги испанского наследства",7147
"наследство",popular,"завещание на наследство после смерти",7134
"наследство",popular,"наследство право доли",7121
"наследство",popular,"наследство после смерти матери",7111
"наследство",popular,"сколько стоит наследство у нотариуса",7093
"наследство",popular,"скромное наследство дзен",6997
"наследство",popular,"нотариус права на наследство",6920
"наследство",popular,"сроки после наследства",6912
"наследство",popular,"первая очередь наследства",6894
"наследство",popular,"оспорить наследство",6890
"наследство",popular,"выдача наследство",6874
"наследство",popular,"icegergert наследство",6860
"наследство",popular,"семилетняя война война за испанское наследство",6842
"наследство",popular,"жизнь имеет значение скромное наследство",6825
"наследство",popular,"итоги войны за испанское наследство",6824
"наследство",popular,"австрийское наследство итоги",6809
"наследство",popular,"восстановление наследства",6799
"наследство",popular,"таблица наследства",6758
"наследство",popular,"завещание наследство наследники",6752
"наследство",popular,"вступление в наследство через",6748
"наследство",popular,"особенности наследства",6745
"наследство",popular,"жена вступает в наследство",6708
"наследство",popular,"отказаться от наследства в пользу",6674
"наследство",popular,"наследство после продаже",6653
"наследство",popular,"наследство после детей",6644
"наследство",popular,"сумма наследства",6620
"наследство",popular,"рассказ на дзене наследство",6603
"наследство",popular,"наследство сына отцу",6571
"наследство",popular,"образец наследства",6566
"наследство",popular,"оформить наследство после",6547
"наследство",popular,"война за австрийское наследство итоги",6546
"наследство",popular,"роковое наследство сериал",6507
"наследство",popular,"доля наследства 1 1",6492
"наследство",popular,"умер отец наследство",6490
"наследство",popular,"наследство услуга",6473
"наследство",popular,"продать квартиру наследство налог",6463
"наследство",popular,"наследство франции",6446
"наследство",popular,"продавать квартиру после наследства",6442
"наследство",popular,"наследство после смерти родственника",6439
"наследство",popular,"умер сын наследство",6428
"наследство",popular,"наследством называется",6427
"наследство",popular,"наследство роли",6396
"наследство",popular,"налог после вступления в наследство",6389
"наследство",popular,"наследство текст",6369
"наследство",popular,"сколько стоит вступить в наследство",6343
"наследство",popular,"наследство 7",6336
"наследство",popular,"завещание доли наследства",6312
"наследство",popular,"восстановление срока наследства",6293
"наследство",popular,"наследство иски",6287
"наследство",popular,"самое наследство",6211
"наследство",popular,"проживать наследство",6210
"наследство",popular,"сын вступает в наследство",6208
"наследство",popular,"война за испанское наследство 1701",6188
"наследство",popular,"наследство после смерти жены",6187
"наследство",popular,"гк рф наследство",6185
"наследство",popular,"наследство погибшего на сво",6130
"наследство",popular,"война за наследство 1701 1714",6106
"наследство",popular,"война за наследство годы",6098
"наследство",popular,"умирает ребенок наследство",6081
"наследство",popular,"умерла жена наследство",6065
"наследство",popular,"наследство полгода",6058
"наследство",popular,"вступление в наследство наследники",6038
"наследство",popular,"наследство под",6038
"наследство",popular,"испанское наследство 1701 1714",6029
"наследство",popular,"наследство россия 1",6023
"наследство",popular,"наследство квартиры нотариус",6001
"наследство",popular,"после завещания вступить в наследство",5939
"наследство",popular,"наследство семьи",5929
"наследство",popular,"фактическое наследство",5924
"наследство",popular,"наследство по другому",5919
"наследство",popular,"город в наследство",5906
"наследство",popular,"наследство признание",5901
"наследство",popular,"наследство умершей матери",5889
"наследство",popular,"наследство очередь наследников",5883
"наследство",popular,"наследство 10",5853
"наследство",popular,"можно ли отказаться от наследства",5844
"наследство",popular,"наследство 2025",5835
"наследство",popular,"война за испанское наследство 1701 1714",5832
"наследство",popular,"нужно получить наследство",5832
"наследство",popular,"наследство сына матери",5826
"наследство",popular,"вступление в наследство после смерти без",5781
"наследство",popular,"вступление в наследство после без завещания",5777
"наследство",popular,"муж получил наследство",5777
"наследство",popular,"наследство слушать",5755
"наследство",popular,"наследство в пользу других",5749
"наследство",popular,"заявление о принятии наследства",5733
"наследство",popular,"наследство жена дети",5732
"наследство",popular,"нотариус наследство после смерти",5709
"наследство",popular,"наследство квартиры жене",5693
"наследство",popular,"наследство гражданина",5690
"наследство",popular,"наследство без налогов",5688
"наследство",popular,"вступление в наследство на квартиру",5671
"наследство",popular,"наследство без нотариуса",5621
"наследство",popular,"1740 война за австрийское наследство",5609
"наследство",popular,"делим наследство",5600
"наследство",popular,"делить наследство",5588
"наследство",popular,"вступление в наследство после смерти без завещания",5584
"наследство",popular,"наследник приняв наследство",5581
"наследство",popular,"пропущенное наследство",5574
"наследство",popular,"наследник примет наследство",5572
"наследство",popular,"в наследство вступают в течении",5560
"наследство",popular,"война за наследство 1740 1748",5556
"наследство",popular,"доли наследников в наследстве",5554
"наследство",popular,"состав наследства",5536
"наследство",popular,"наследство смотреть онлайн",5512
"наследство",popular,"испанское наследство причины",5509
"наследство",popular,"достанется ли наследство",5475
"наследство",popular,"наследство через сколько можно",5460
"наследство",popular,"совместное наследство",5459
"наследство",popular,"вступление в наследство по завещанию",5392
"наследство",popular,"открыть наследство",5385
"наследство",popular,"война за наследство франция",5349
"наследство",popular,"войне за австрийское наследство 1748",5316
"наследство",popular,"вступить в наследство 6 месяцев",5314
"наследство",popular,"о выдачи свидетельства о наследстве",5309
"наследство",popular,"цена наследства",5295
"наследство",popular,"австрийское наследство 1740 1748",5275
"наследство",popular,"купля продажа наследства",5273
"наследство",popular,"после получения наследства",5266
"наследство",popular,"причины войны за испанское наследство",5261
"наследство",popular,"какие документы для вступления в наследство",5241
"наследство",popular,"переходит ли наследство по наследству",5241
"наследство",popular,"наследство детей родителям",5237
"наследство",popular,"скромное наследство рассказ на дзене",5236
"наследство",popular,"скромное наследство рассказ на дзен",5224
"наследство",popular,"наследство квартира детям",5215
"наследство",popular,"время вступать наследство",5206
"наследство",popular,"война за испанское наследство события",5198
"наследство",popular,"наследство исковое",5180
"наследство",popular,"наследство умершего родственника",5178
"наследство",popular,"продажа вступления наследство",5157
"наследство",popular,"установить наследство",5153
"наследство",popular,"война за австрийское наследство 1740 1748",5149
"наследство",popular,"жена по наследству",5139
"наследство",popular,"право на наследство после смерти",5136
"наследство",popular,"после наследства через сколько",5132
"наследство",popular,"наследство великобритании",5123
"наследство",popular,"права ребенка на наследство",5110
"наследство",popular,"наследство смотреть бесплатно",5077
"наследство",popular,"судебные наследство",5074
"наследство",popular,"наследство после смерти детей",5073
"наследство",popular,"наследство наследственное дело",5046
"наследство",popular,"свидетельство о праве на наследство нотариуса",5044
"наследство",popular,"наследство 1 квартиры",5039
"наследство",popular,"наследство читать бесплатно",5023
"наследство",popular,"наследство квартира наследники",5023
"наследство",popular,"зарегистрировать наследство",4970
"наследство",popular,"доли в наследстве умершего",4967
"наследство",popular,"владение наследством",4965
"наследство",popular,"получить долю в наследстве",4919
"наследство",popular,"дом получен в наследство",4915
"наследство",popular,"наследство пропущен срок",4895
"наследство",popular,"составить наследство",4885
"наследство",popular,"наследство 2024",4885
"наследство",popular,"последовательность наследства",4878
"наследство",popular,"если наследники не вступили в наследство",4866
"наследство",popular,"наследство муж дети",4865
"наследство",popular,"вклады наследство",4851
"наследство",popular,"какие нужны для вступления в наследство",4851
"наследство",popular,"жена наследство право",4849
"наследство",popular,"наследство смерть наследников",4848
"наследство",popular,"проверить наследство",4847
"наследство",popular,"наследство после родителей",4822
"наследство",popular,"начало за испанское наследство",4814
"наследство",popular,"начало войны за испанское наследство",4802
"наследство",popular,"наследство слова",4793
"наследство",popular,"год не вступил в наследство",4791
"наследство",popular,"найти наследство",4773
"наследство",popular,"установления наследства",4753
"наследство",popular,"наследство жилья",4725
"наследство",popular,"наследство делится между",4719
"наследство",popular,"европейские войны за наследство",4715
"наследство",popular,"смерть супруга наследство",4706
"наследство",popular,"наследство гражданского",4702
"наследство",popular,"фактическое принятие наследства",4699
"наследство",popular,"наследство при разводе",4684
"наследство",popular,"виды наследства",4678
"наследство",popular,"наследство в европе",4666
"наследство",popular,"наследство после смерти сына",4662
"наследство",popular,"документы нужные для вступления в наследство",4652
"наследство",popular,"итоги польского наследства",4651
"наследство",popular,"человек умер наследство",4646
"наследство",popular,"способы наследства",4643
"наследство",popular,"выдача права на наследство",4627
"наследство",popular,"наследство денежные",4603
"наследство",popular,"можно ли получить наследство",4593
"наследство",popular,"какие нужны документы для вступления в наследство",4563
"наследство",popular,"форма наследства",4563
"наследство",popular,"наследство 2 начало",4562
"наследство",popular,"квартира досталась по наследству",4554
"наследство",popular,"наследство после супруга",4546
"наследство",popular,"наследство брат сестра",4529
"наследство",popular,"вступление в наследство какой нотариус",4505
"наследство",popular,"родственники по наследству",4495
"наследство",popular,"суть войны за испанское наследство",4491
"наследство",popular,"право наследство имущества",4489
"наследство",popular,"аудиокнига наследство",4489
"наследство",popular,"налог при вступлении в наследство",4473
"наследство",popular,"выплата наследства",4458
"наследство",popular,"скромное наследство часть",4447
"наследство",popular,"принятие наследства наследники",4446
"наследство",popular,"наследство сколько времени",4442
"наследство",popular,"выдача свидетельства о праве на наследство",4427
"наследство",popular,"война за польское наследство итоги",4418
"наследство",popular,"женское наследство",4399
"наследство",popular,"доля наследства детям",4383
"наследство",popular,"вступление в право наследства",4369
"наследство",popular,"после 6 месяцев наследства",4360
"наследство",popular,"наследство через суд",4356
"наследство",popular,"наследство суду сроки",4351
"наследство",popular,"решение суда наследство",4342
"наследство",popular,"наследство умершего брата",4338
"наследство",popular,"наследство детям матери",4322
"наследство",popular,"документ после вступления в наследство",4308
"наследство",popular,"вступить наследство после мужа",4292
"наследство",popular,"получив наследство жена",4289
"наследство",popular,"какую долю наследства",4284
"наследство",popular,"наследство 47",4282
"наследство",popular,"наследство архитектора",4273
"наследство",popular,"супруг получил наследство",4270
"наследство",popular,"право на наследство по закону",4266
"наследство",popular,"наследство фильм 2025",4256
"наследство",popular,"последнее наследство",4242
"наследство",popular,"умерла дочь наследство",4239
"наследство",popular,"вступить в наследство налоги",4235
"наследство",popular,"доля в квартире по наследству",4228
"наследство",popular,"наследство смотреть онлайн бесплатно",4226
"наследство",popular,"восстановление принятия наследства",4216
"наследство",popular,"участники за австрийское наследство",4201
"наследство",popular,"госпошлина на наследство",4188
"наследство",popular,"восстановление срока принятия наследства",4181
"наследство",popular,"наследство отдай",4178
"наследство",popular,"варианты наследства",4174
"наследство",popular,"нужно ли вступать в наследство",4174
"наследство",popular,"наследство читать онлайн",4169
"наследство",popular,"мужское наследство",4169
"наследство",popular,"вступление в наследство дома",4160
"наследство",popular,"подарю наследство",4155
"наследство",popular,"смотреть фильм наследство",4153
"наследство",popular,"война за австрийское наследство участники",4149
"наследство",popular,"заявление о вступлении в наследство",4148
"наследство",popular,"передача наследства",4145
"наследство",popular,"вступить в наследство после смерти без завещания",4142
"наследство",popular,"наследство жены после смерти мужа",4137
"наследство",popular,"наследство видео",4133
"наследство",popular,"продажа квартиры полученной по наследству",4123
"наследство",popular,"наследство сколько лет",4115
"наследство",popular,"является ли наследством",4114
"наследство",popular,"война за польское наследство 1733",4107
"наследство",popular,"наследство внучке",4106
"наследство",popular,"можно ли не вступать в наследство",4105
"наследство",popular,"факт принятия наследства",4101
"наследство",popular,"дар по наследству главы",4094
"наследство",popular,"наследство в 2026 году",4087
"наследство",popular,"история испанское наследство",4083
"наследство",popular,"наследство при жизни",4068
"наследство",popular,"срок наследства после смерти",4048
"наследство",popular,"суд принятие наследства",4043
"наследство",popular,"правило наследства",4036
"наследство",popular,"юрист по наследству",4020
"наследство",popular,"собственник квартиры наследство",4010
"наследство",popular,"смотреть сериал наследство",4008
"наследство",popular,"наследство инвалида",4007
"наследство",popular,"права мужа на наследство",4004
"наследство",popular,"невский наследство архитектора",3981
"наследство",popular,"наследство короля",3966
"наследство",popular,"наследство полученное в браке",3964
"наследство",popular,"мужское женское наследство",3964
"наследство",popular,"наследство квартиры документы",3944
"наследство",popular,"наследство глава 6",3938
"наследство",popular,"наследство верных",3937
"наследство",popular,"продажа после вступления в наследство",3928
"наследство",popular,"война франции за испанское наследство",3922
"наследство",popular,"время вступления в наследство",3921
"наследство",popular,"отказ от наследства в пользу",3902
"наследство",popular,"наследство дзен рассказ глава",3890
"наследство",popular,"вступить в наследство сроки",3889
"наследство",popular,"кредиты по наследству",3886
"наследство",popular,"польское наследство 1733 1735",3883
"наследство",popular,"доля наследства после смерти",3880
"наследство",popular,"стоимость вступления в наследство",3876
"наследство",popular,"имущество вступить в наследство в",3872
"наследство",popular,"1 война за австрийское наследство",3870
"наследство",popular,"вступить в наследство дочери",3861
"наследство",popular,"наследство часть 2",3851
"наследство",popular,"можно ли продавать наследство",3848
"наследство",popular,"наследство пенсионеру",3840
"наследство",popular,"война за испанское наследство австрийское",3839
"наследство",popular,"русское наследство",3825
"наследство",popular,"наследство кто имеет",3823
"наследство",popular,"можно продать квартиру после вступления в наследство",3810
"наследство",popular,"наследство 44",3808
"наследство",popular,"наследство часть 1",3804
"наследство",popular,"налог наследство дом",3804
"наследство",popular,"война за испанское наследство в европе",3803
"наследство",popular,"имперское наследство",3792
"наследство",popular,"войны за наследство страны",3782
"наследство",popular,"история война за испанское наследство",3781
"наследство",popular,"брак по наследству",3781
"наследство",popular,"война за польское наследство 1733 1735",3773
"наследство",popular,"наследство после смерти родителей",3772
"наследство",popular,"налог после продажи наследства",3760
"наследство",popular,"наследство 9",3760
"наследство",popular,"ребенок имеет право на наследство",3756
"наследство",popular,"главное наследство",3756
"наследство",popular,"наследство карта",3755
"наследство",popular,"заявление в суд наследство",3746
"наследство",popular,"сколько стоит вступление в наследство",3741
"наследство",popular,"какие оформлении наследства",3740
"наследство",popular,"принятие наследства нотариусом",3727
"наследство",popular,"после принятия наследства",3727
"наследство",popular,"наследство супруги после смерти супруга",3726
"наследство",popular,"наследство вопрос ответ",3725
"наследство",popular,"ведения наследства",3717
"наследство",popular,"поставь наследство",3713
"наследство",popular,"наследство другой город",3712
"наследство",popular,"наследодатель наследники наследство",3709
"наследство",popular,"жить на наследство",3703
"наследство",popular,"тетушкино наследство",3689
"наследство",popular,"наследство дарение",3678
"наследство",popular,"наследство тети",3672
"наследство",popular,"наследство прописанным в квартире",3671
"наследство",popular,"наследство умершего супруга",3670
"наследство",popular,"наследство читать онлайн бесплатно",3655
"наследство",popular,"серия роковое наследство",3644
"наследство",popular,"егрн наследство",3640
"наследство",popular,"вступить наследство суд",3629
"наследство",popular,"бывший супруг наследство",3614
"наследство",popular,"наследство бывшего супруга",3614
"наследство",popular,"испанское наследство кратко",3612
"наследство",popular,"тайна наследства",3599
"наследство",popular,"вступить в наследство брата",3598
"наследство",popular,"дар по наследству глава 6",3583
"наследство",popular,"доля наследства 1 2",3582
"наследство",popular,"переоформить наследство",3570
"наследство",popular,"ли оспорить наследство",3569
"наследство",popular,"австрийское наследство причина",3565
"наследство",popular,"1 6 наследства",3552
"наследство",popular,"право принятия наследства",3552
"наследство",popular,"приобретенное наследство",3547
"наследство",popular,"наследство в течении 6 месяцев",3546
"наследство",popular,"как отказаться от наследства",3541
"наследство",popular,"вступление наследство после срока",3539
"наследство",popular,"право наследства сроки",3537
"наследство",popular,"через сколько можно продать наследство",3535
"наследство",popular,"место открытия наследства",3532
"наследство",popular,"власть передается по наследству",3530
"наследство",popular,"можно ли оформить наследство",3527
"наследство",popular,"старое наследство",3526
"наследство",popular,"вступление в наследство 2026",3522
"наследство",popular,"живое наследство",3506
"наследство",popular,"фильм про наследство",3496
"наследство",popular,"дом в наследство продать",3494
"наследство",popular,"гараж наследство",3486
"наследство",popular,"продам долю наследства",3486
"наследство",popular,"права на наследство отца",3482
"наследство",popular,"наследство 55",3479
"наследство",popular,"наследство 50",3479
"наследство",popular,"испанское наследство участники",3474
"наследство",popular,"продажа долей наследства",3474
"наследство",popular,"наследство наследники первой очереди",3473
"наследство",popular,"оформить наследство после смерти",3462
"наследство",popular,"наследство смерть дочери",3456
"наследство",popular,"наследство умершей сестры",3456
"наследство",popular,"наследство в пользу другого наследника",3451
"наследство",popular,"размер наследства",3450
"наследство",popular,"вступление в наследство после нотариуса",3446
"наследство",popular,"наследство после смерти наследника",3440
"наследство",popular,"вступление в долю наследства",3431
"наследство",popular,"люди получившие наследство",3423
"наследство",popular,"восстановить наследство",3423
"наследство",popular,"военное наследство",3412
"наследство",popular,"вступили ли наследники в наследство",3410
"наследство",popular,"причина польского наследства",3408
"наследство",popular,"чужое наследство",3408
"наследство",popular,"наследство 43",3397
"наследство",popular,"продать квартиру полученную в наследство",3396
"наследство",popular,"когда можно продавать наследство",3395
"наследство",popular,"наследство группы",3388
"наследство",popular,"подача на наследство",3386
"наследство",popular,"война за испанское наследство кратко",3383
"наследство",popular,"мир наследства",3378
"наследство",popular,"война за австрийское наследство причины",3375
"наследство",popular,"наследство дома после смерти",3369
"наследство",popular,"наследство в хорошем качестве",3356
"наследство",popular,"продать квартиру без наследства",3355
"наследство",popular,"оценка наследства для нотариуса",3346
"наследство",popular,"нотариус заявление на наследство",3340
"наследство",popular,"после оформления наследства",3340
"наследство",popular,"наследство дачи",3336
"наследство",popular,"кому переходит наследство",3336
"наследство",popular,"налог с продажи квартиры по наследству",3329
"наследство",popular,"продажа квартиры после наследства",3327
"наследство",popular,"собственник по наследству",3322
"наследство",popular,"наследство сказать",3320
"наследство",popular,"мфц наследство",3316
"наследство",popular,"1 раздел наследства",3316
"наследство",popular,"данные по наследству",3315
"наследство",popular,"наследство сериал серий",3310
"наследство",popular,"война за испанское наследство участники",3309
"наследство",popular,"наследство доли в доме",3303
"наследство",popular,"наследство 2023",3298
"наследство",popular,"3 часть наследства",3295
"наследство",popular,"наследство 18",3286
"наследство",popular,"продажа дома наследства",3282
"наследство",popular,"какие части наследства",3274
"наследство",popular,"вступить наследство квартиры после смерти",3267
"наследство",popular,"получение прав наследства",3262
"наследство",popular,"наследство после брака",3257
"наследство",popular,"испанское наследство год",3256
"наследство",popular,"события войны за австрийское наследство",3248
"наследство",popular,"причины войны за польское наследство",3237
"наследство",popular,"наследство 49",3230
"наследство",popular,"наследство через нотариуса",3227
"наследство",popular,"вступить в наследство сво",3215
"наследство",popular,"доля наследства супруга",3208
"наследство",popular,"что передается по наследству",3200
"наследство",popular,"австрия наследство",3196
"наследство",popular,"от части наследства",3195
"наследство",popular,"в наследство 2 квартиры",3193
"наследство",popular,"факт установления наследства",3185
"наследство",popular,"в какое время вступать в наследство",3182
"наследство",popular,"умерла мама наследство",3180
"наследство",popular,"завещания наследства детям",3175
"наследство",popular,"война за наследство дата",3168
"наследство",popular,"война за испанское наследство годы",3157
"наследство",popular,"наследство в течении какого времени",3153
"наследство",popular,"таблица война за испанское наследство",3150
"наследство",popular,"через сколько вступают в наследство",3147
"наследство",popular,"вступление в наследство на машину",3133
"наследство",popular,"рак по наследству",3132
"наследство",popular,"наследство делится при разводе",3129
"наследство",popular,"признание права наследства",3127
"наследство",popular,"в суд подает наследство",3123
"наследство",popular,"наследство 48",3123
"наследство",popular,"наследство права человека",3121
"наследство",popular,"сын жены наследство",3118
"наследство",popular,"1 наследники наследства",3117
"наследство",popular,"скромное наследство 55",3112
"наследство",popular,"свидетельство о наследстве по закону",3102
"наследство",popular,"наследство 3 года налог",3098
"наследство",popular,"наследство смотреть бесплатно в хорошем",3087
"наследство",popular,"умер брат наследство",3083
"наследство",popular,"договор продажи по наследству",3078
"наследство",popular,"принятие наследства рф",3070
"наследство",popular,"3 раздел наследства",3067
"наследство",popular,"наследство 45",3067
"наследство",popular,"наследство владельца",3064
"наследство",popular,"наследство доля жены",3062
"наследство",popular,"соглашение наследство",3056
"наследство",popular,"наследство племянникам",3050
"наследство",popular,"как подать на наследство",3042
"наследство",popular,"где получают наследство",3039
"наследство",popular,"наследство читать онлайн бесплатно полностью",3030
"наследство",popular,"делится ли наследство",3028
"наследство",popular,"наследство смотреть в хорошем качестве",3019
"наследство",popular,"время смерти наследство",3010
"наследство",popular,"вступление в наследство родственников",3008
"наследство",popular,"наследство умершей бабушки",3005
"наследство",popular,"женщинам наследство",3004
"наследство",popular,"шизофрения по наследству",2999
"наследство",popular,"свидетельство о смерти наследство",2988
"наследство",popular,"наследство онлайн бесплатно в хорошем качестве",2988
"наследство",popular,"наследство по закону после смерти",2984
"наследство",popular,"в суд право наследства",2983
"наследство",popular,"война за испанское наследство 8 класс",2982
"наследство",popular,"право собственности по наследству",2982
"наследство",popular,"получить наследство документы",2976
"наследство",popular,"машина наследство учет",2975
"наследство",popular,"3 начало войны за испанское наследство",2975
"наследство",popular,"наследство обязанности",2972
"наследство",popular,"наследство смотреть бесплатно в хорошем качестве",2970
"наследство",popular,"приватизированное наследство",2963
"наследство",popular,"сестры по наследству",2961
"наследство",popular,"название наследство",2959
"наследство",popular,"долги переходят по наследству",2956
"наследство",popular,"долги переходящие по наследству",2956
"наследство",popular,"наследство т",2955
"наследство",popular,"принятие наследства гк",2953
"наследство",popular,"наследство смотреть онлайн бесплатно в хорошем",2947
"наследство",popular,"сестра вступила в наследство",2935
"наследство",popular,"доверенность на наследство",2934
"наследство",popular,"государство власть по наследству",2934
"наследство",popular,"кто первый в наследстве",2930
"наследство",popular,"скромное наследство 48",2922
"наследство",popular,"наследство после смерти дочери",2916
"наследство",popular,"4 раздел наследства",2910
"наследство",popular,"как написать наследство",2905
"наследство",popular,"реестр наследства",2900
"наследство",popular,"наследство после суда",2897
"наследство",popular,"лицо по наследству",2896
"наследство",popular,"польское наследство участники",2888
"наследство",popular,"наследство относились",2887
"наследство",popular,"оформление наследства у нотариуса",2882
"наследство",popular,"что общего между войной за испанское наследство",2880
"наследство",popular,"скромное наследство 49",2880
"наследство",popular,"наследство москва",2880
"наследство",popular,"2 способа наследства",2879
"наследство",popular,"получение свидетельства о наследстве",2879
"наследство",popular,"рак передается по наследству",2874
"наследство",popular,"квартира без завещания наследство",2871
"наследство",popular,"отказ наследника от наследства",2869
"наследство",popular,"дети за наследство",2862
"наследство",popular,"наследство смотреть онлайн хорошего качества",2861
"наследство",popular,"супруга вступила в наследство",2858
"наследство",popular,"дав по наследству",2855
"наследство",popular,"как принять наследство",2853
"наследство",popular,"кто имеет право на наследство",2851
"наследство",popular,"договор купли продажи по наследству",2848
"наследство",popular,"наследство миллион",2841
"наследство",popular,"вступление в наследство через сколько",2841
"наследство",popular,"шизофрения передается по наследству",2838
"наследство",popular,"австрийское наследство коалиции",2834
"наследство",popular,"линии наследства",2833
"наследство",popular,"платят ли налог с наследства",2832
"наследство",popular,"наследство смотреть онлайн бесплатно в хорошем качестве",2832
"наследство",popular,"имеет ли право жена наследство",2830
"наследство",popular,"вступление в наследство платить налоги",2824
"наследство",popular,"наследство 54",2823
"наследство",popular,"девушка в наследство",2821
"наследство",popular,"нотариус получить наследство",2820
"наследство",popular,"документы для оформления наследства",2809
"наследство",popular,"доля в квартире вступить в наследство",2807
"наследство",popular,"наследство после брата",2801
"наследство",popular,"имущество супругов наследство",2799
"наследство",popular,"совместно нажитое наследство",2798
"наследство",popular,"супружеское наследство",2795
"наследство",popular,"включи наследство",2795
"наследство",popular,"авто по наследству",2790
"наследство",popular,"половина наследства",2788
"наследство",popular,"наследство 40",2786
"наследство",popular,"война за польское наследство участники",2779
"наследство",popular,"собственность после наследства",2778
"наследство",popular,"наследство первому ребенку",2777
"наследство",popular,"первый ребенок наследство",2777
"наследство",popular,"вступил в наследство в браке",2772
"наследство",popular,"процедура наследства",2768
"наследство",popular,"вступление в наследство после года",2764
"наследство",popular,"квартира родителей наследство",2762
"наследство",popular,"право сына на наследство",2762
"наследство",popular,"после наследства продал квартиру налог",2761
"наследство",popular,"сроки заявления о наследстве",2760
"наследство",popular,"решение о наследстве",2752
"наследство",popular,"можно ли оспорить наследство",2751
"наследство",popular,"наследство дедушки",2751
"наследство",popular,"по наследству человеку передаются",2746
"наследство",popular,"оформляем наследство мужа",2744
"наследство",popular,"наследство актеры",2744
"наследство",popular,"наследственный по наследству",2744
"наследство",popular,"свидетельство о праве на наследство по закону",2741
"наследство",popular,"наследство совместное имущество",2736
"наследство",popular,"права наследства на дом",2729
"наследство",popular,"умерла сестра наследство",2727
"наследство",popular,"наследство денежные средства",2723
"наследство",popular,"наследство завещание муж",2720
"наследство",popular,"купить квартиру в наследстве",2717
"наследство",popular,"наследник без наследства",2706
"наследство",popular,"долг после наследства",2706
"наследство",popular,"получила наследство фильм",2703
"наследство",popular,"имеет ли ребенок право на наследство",2700
"наследство",popular,"принятие наследства гк рф",2699
"наследство",popular,"имущество получено в наследство",2699
"наследство",popular,"скачать песню наследство",2696
"наследство",popular,"наследство без документов",2688
"наследство",popular,"наследство учебник",2685
"наследство",popular,"наследство истинной",2671
"наследство",popular,"регистрация права наследства",2668
"наследство",popular,"ст наследство",2667
"наследство",popular,"скромное наследство 54",2664
"наследство",popular,"документы для вступления в наследство после смерти",2663
"наследство",popular,"наследство продажа недвижимости",2656
"наследство",popular,"гибдд наследство",2654
"наследство",popular,"умерла бабушка наследство",2654
"наследство",popular,"вступление в наследство недвижимости",2652
"наследство",popular,"свекровь и наследство",2646
"наследство",popular,"разделить наследство",2644
"наследство",popular,"скромное наследство 46",2643
"наследство",popular,"оформить наследство в собственность",2628
"наследство",popular,"наследство права супруга",2627
"наследство",popular,"наследство 20",2627
"наследство",popular,"сколько оформление наследства",2625
"наследство",popular,"госуслуги наследство",2623
"наследство",popular,"наследство права родителей",2621
"наследство",popular,"умер бывший муж наследство",2616
"наследство",popular,"наследство работа",2610
"наследство",popular,"права лишенного наследства",2608
"наследство",popular,"завещать наследство",2608
"наследство",popular,"сколько стоит вступить в наследство у нотариуса",2604
"наследство",popular,"наследство общество",2602
"наследство",popular,"получить свидетельство о праве на наследство",2600
"наследство",popular,"как вступить в наследство отца",2597
"наследство",popular,"6 наследство 2",2590
"наследство",popular,"наследство без регистрации",2590
"наследство",popular,"наследство какой суд",2589
"наследство",popular,"наследство три года",2585
"наследство",popular,"как распределяется наследство",2583
"наследство",popular,"стороны наследства",2583
"наследство",popular,"сколько вступают в наследство после смерти",2582
"наследство",popular,"наследство 2 часть 1",2582
"наследство",popular,"наследство купленное в браке",2572
"наследство",popular,"наследство сбербанк",2571
"наследство",popular,"какая была война за испанское наследство",2570
"наследство",popular,"наследство 2 наследника",2569
"наследство",popular,"дар по наследству истинная",2564
"наследство",popular,"наследство в каких случаях",2561
"наследство",popular,"наследство меньше 3 лет",2547
"наследство",popular,"вступить в наследство через год",2544
"наследство",popular,"в наследство вступают в течении 6",2544
"наследство",popular,"сколько платить за наследство",2535
"наследство",popular,"наследство оформлять сколько",2533
"наследство",popular,"как проходит наследство",2531
"наследство",popular,"наследство после сестры",2530
"наследство",popular,"болезни по наследству",2528
"наследство",popular,"после смерти человека наследство",2520
"наследство",popular,"вступление в наследство услуги",2511
"наследство",popular,"если человек не вступил в наследство",2501
"наследство",popular,"получила в наследство долю в квартире",2501
"наследство",popular,"есть ли завещание на наследство",2500
"наследство",popular,"можно ли до вступления в наследство",2499
"наследство",popular,"наследстве заболевания",2498
"наследство",popular,"древнее наследство",2498
"наследство",popular,"консультация по наследству",2484
"наследство",popular,"наследство 41",2484
"наследство",popular,"наследство куда обращаться",2483
"наследство",popular,"как вступить в наследство без",2481
"наследство",popular,"наследство скачать бесплатно",2479
"наследство",popular,"наследство 10 лет",2479
"наследство",popular,"вступление в наследство когда можно",2478
"наследство",popular,"наследство отзывы",2476
"наследство",popular,"скромное наследство 47",2475
"наследство",popular,"вступление в наследство долги",2471
"наследство",popular,"ждать наследства",2470
"наследство",popular,"отказ от наследства в пользу другого",2470
"наследство",popular,"наследственное право наследство",2467
"наследство",popular,"наследство 1 2 квартиры",2467
"наследство",popular,"сколько стоит наследство квартиры",2463
"наследство",popular,"доказать наследство",2463
"наследство",popular,"скромное наследство 44",2462
"наследство",popular,"принято наследство фактически",2461
"наследство",popular,"фактически принявший наследство",2461
"наследство",popular,"дар по наследству 6 истинная",2455
"наследство",popular,"оформить наследство у нотариуса",2447
"наследство",popular,"скромное наследство 50",2444
"наследство",popular,"квартира в собственности по наследству",2435
"наследство",popular,"наследство после бабушки",2435
"наследство",popular,"наследник получает в наследство",2431
"наследство",popular,"наследство н",2427
"наследство",popular,"суть принятия наследства",2423
"наследство",popular,"пропустил вступление наследство",2420
"наследство",popular,"наследство папы",2420
"наследство",popular,"наследство менее 3 лет",2419
"наследство",popular,"получил в наследство собственность",2413
"наследство",popular,"наследство исковой срок",2407
"наследство",popular,"наследство наследственное имущество",2406
"наследство",popular,"нотариус вступление в наследство после смерти",2405
"наследство",popular,"продажа собственности в наследство",2403
"наследство",popular,"наследство доход",2398
"наследство",popular,"требует наследство",2393
"наследство",popular,"наследство умерла супруга",2391
"наследство",popular,"умер супруг наследство",2391
"наследство",popular,"борьба за наследство",2390
"наследство",popular,"свидетельство о вступлении в наследство",2388
"наследство",popular,"после наследства через сколько можно продавать",2387
"наследство",popular,"наследство дети супруга",2386
"наследство",popular,"документы для нотариуса для вступления в наследство",2385
"наследство",popular,"наследство признаки",2381
"наследство",popular,"наследство определение",2380
"наследство",popular,"имеет ли муж право на наследство",2377
"наследство",popular,"наследство земли и дома",2376
"наследство",popular,"тема наследства",2368
"наследство",popular,"не указали в наследство",2360
"наследство",popular,"квартира перешла по наследству",2358
"наследство",popular,"земля получить наследство",2353
"наследство",popular,"законнейшим наследством",2352
"наследство",popular,"установление факта принятия наследства",2349
"наследство",popular,"право принять наследство",2346
"наследство",popular,"родительское наследство",2346
"наследство",popular,"наследство часть 4",2343
"наследство",popular,"после вступления в наследство когда можно",2341
"наследство",popular,"правление по наследству",2338
"наследство",popular,"права имеющего долю права на наследство",2319
"наследство",popular,"наследство крови",2319
"наследство",popular,"юридическое наследство",2313
"наследство",popular,"вступить в наследство налог платить",2313
"наследство",popular,"справка о наследстве",2312
"наследство",popular,"наследство приватизированной квартиры",2312
"наследство",popular,"наследство екатерины",2306
"наследство",popular,"выдача наследства нотариусом",2304
"наследство",popular,"наследство при продаже платят налог",2304
"наследство",popular,"может ли умерший вступить в наследство",2299
"наследство",popular,"сериал наследство бесплатно",2294
"наследство",popular,"роковое наследство бразильский",2291
"наследство",popular,"нотариус наследство цена",2290
"наследство",popular,"сериалы онлайн наследство",2281
"наследство",popular,"наследство практика",2278
"наследство",popular,"право жены на наследство мужа",2278
"наследство",popular,"наследство сериал смотреть онлайн",2274
"наследство",popular,"форма власти по наследству",2274
"наследство",popular,"нотариус по завещанию наследства",2273
"наследство",popular,"наследство 2 часть 3",2267
"наследство",popular,"игры наследство",2266
"наследство",popular,"какие документы нужны после вступления наследство",2263
"наследство",popular,"наследство ипотеки",2263
"наследство",popular,"стоимость наследства квартиры",2261
"наследство",popular,"наследство 15",2260
"наследство",popular,"понятие наследства",2257
"наследство",popular,"вступление в наследство продажа квартиры",2255
"наследство",popular,"наследство родителей умерли",2252
"наследство",popular,"доля матери в наследстве",2251
"наследство",popular,"наследство оформление смерть",2248
"наследство",popular,"сроки вступления в наследство после смерти",2248
"наследство",popular,"ли наследство передавать",2243
"наследство",popular,"война за австрийское наследство таблица",2242
"наследство",popular,"наследство конфликты",2241
"наследство",popular,"после наследства когда можно продать",2240
"наследство",popular,"слушать аудиокнигу наследство",2236
"наследство",popular,"оформить право на наследство",2235
"наследство",popular,"мне по наследству достался",2231
"наследство",popular,"наследство в случае смерти",2229
"наследство",popular,"монархия по наследству",2226
"наследство",popular,"скромное наследство 45",2221
"наследство",popular,"заявление о праве на наследство",2212
"наследство",popular,"получить часть наследства",2208
"наследство",popular,"сериал наследство смотреть бесплатно",2205
"наследство",popular,"наследство после смерти брата",2205
"наследство",popular,"6 месяцев после смерти наследство",2205
"наследство",popular,"платят ли налог с продажи наследства",2204
"наследство",popular,"исковое заявление о наследстве",2201
"наследство",popular,"претендует ли жена на наследство",2199
"наследство",popular,"история 8 класс война за испанское наследство",2194
"наследство",popular,"вступление в наследство без нотариуса",2192
"наследство",popular,"камеди наследство",2191
"наследство",popular,"права супругов на наследство",2189
"наследство",popular,"бразильские сериалы наследство",2182
"наследство",popular,"по наследству в данном",2180
"наследство",popular,"нотариус суд наследство",2178
"наследство",popular,"бразильский сериал роковое наследство",2172
"наследство",popular,"полученное наследство при разводе",2168
"наследство",popular,"что нужно для наследства",2167
"наследство",popular,"наследство участника сво",2164
"наследство",popular,"оформить наследство документы",2163
"наследство",popular,"после заявления на наследство",2160
"наследство",popular,"свидетельство о праве на наследство наследникам",2159
"наследство",popular,"ребенок отказался от наследства",2154
"наследство",popular,"получить недвижимость наследство",2153
"наследство",popular,"супружеская доля в наследстве",2152
"наследство",popular,"достался дом в наследство",2149
"наследство",popular,"нотариус подать на наследство",2149
"наследство",popular,"какой срок вступления в наследство",2146
"наследство",popular,"наследство 52",2144
"наследство",popular,"наследство право наследования",2143
"наследство",popular,"иванов наследство",2141
"наследство",popular,"обязательное право на наследство",2138
"наследство",popular,"обязательная доля в наследстве при завещании",2134
"наследство",popular,"наследство дом документы",2134
"наследство",popular,"наследство 2 дома",2134
"наследство",popular,"оценка автомобиля для наследства",2133
"наследство",popular,"опека наследство",2132
"наследство",popular,"дочь мужа наследство",2131
"наследство",popular,"наследство форма правления",2124
"наследство",popular,"наследство имущества завещанию",2123
"наследство",popular,"признание принятия наследства",2122
"наследство",popular,"как сделать наследство",2121
"наследство",popular,"кредит наследство долг",2119
"наследство",popular,"наследство часть квартиры",2118
"наследство",popular,"хочу получить наследство",2114
"наследство",popular,"скромное наследство 43",2110
"наследство",popular,"начало войны за австрийское наследство",2106
"наследство",popular,"наследство фильм 2024",2106
"наследство",popular,"наследство мужа жене детям",2096
"наследство",popular,"иск принятие наследства",2093
"наследство",popular,"право на наследство по завещанию",2090
"наследство",popular,"наследство новые изменения",2090
"наследство",popular,"наследство просто",2086
"наследство",popular,"вступление в наследство мужа",2086
"наследство",popular,"наследство какое имущество",2084
"наследство",popular,"продал наследство какой налог",2083
"наследство",popular,"как делится наследство детей",2082
"наследство",popular,"богатое наследство",2081
"наследство",popular,"войны за наследство в истории",2081
"наследство",popular,"наследство сделка",2080
"наследство",popular,"какой налог на наследство",2079
"наследство",popular,"какое наследство имеет",2078
"наследство",popular,"срок наследства квартиры",2078
"наследство",popular,"наследство 53",2078
"наследство",popular,"пол наследство",2075
"наследство",popular,"смерть бабушки наследство",2075
"наследство",popular,"наследство сериал 2023",2075
"наследство",popular,"наследство 13",2075
"наследство",popular,"вступление наследства после смерти какие документы",2073
"наследство",popular,"считается ли наследство",2071
"наследство",popular,"7 наследство 2",2071
"наследство",popular,"что является наследством",2067
"наследство",popular,"оформить долю в наследстве",2067
"наследство",popular,"наследства переходит наследникам",2067
"наследство",popular,"монархия власть по наследству",2065
"наследство",popular,"наследство п",2065
"наследство",popular,"письмо наследство",2063
"наследство",popular,"какой закон по наследству",2061
"наследство",popular,"наследство д",2058
"наследство",popular,"продажа автомобиля по наследству",2056
"наследство",popular,"продать квартиру после наследства без налога",2055
"наследство",popular,"наследство 51",2054
"наследство",popular,"служба наследство",2052
"наследство",popular,"порядок вступления в наследство",2051
"наследство",popular,"претендует ли муж на наследство",2050
"наследство",popular,"ради наследства",2050
"наследство",popular,"наследство между детьми",2048
"наследство",popular,"наследство через полгода",2046
"наследство",popular,"день открытия наследства",2045
"наследство",popular,"глаза наследство",2042
"наследство",popular,"прочитать наследство",2035
"наследство",popular,"крупное наследство",2030
"наследство",popular,"жена имеет право на наследство мужа",2029
"наследство",popular,"после вступления наследства через сколько можно продать",2025
"наследство",popular,"болезни передающиеся по наследству",2024
"наследство",popular,"форма правления власть по наследству",2020
"наследство",popular,"рассказ скромное наследство часть",2019
"наследство",popular,"долги по квартире по наследству",2016
"наследство",popular,"получу ли я наследство",2015
"наследство",popular,"социальное наследство",2013
"наследство",popular,"обладает наследство",2010
"наследство",popular,"маленькое наследство",2009
"наследство",popular,"австрийское наследство годы",2009
"наследство",popular,"наследство имущества после смерти",2005
"наследство",popular,"наследство по представлению",2003
"наследство",popular,"наследство марии",2003
"наследство",popular,"наследством пользуются",2000
"наследство",popular,"налог за наследство квартиры",1999
"наследство",popular,"нотариус получение наследства",1995
"наследство",popular,"война за испанское наследство страны",1992
"наследство",popular,"вернуть наследство",1992
"наследство",popular,"связано наследство",1991
"наследство",popular,"за наследство нужно платить",1990
"наследство",popular,"брачное наследство",1989
"наследство",popular,"польское наследство годы",1988
"наследство",popular,"какое наследство оформить",1987
"наследство",popular,"продажа наследства менее 3",1987
"наследство",popular,"фильм наследство бесплатно",1987
"наследство",popular,"наследство опекунов",1986
"наследство",popular,"наследство часть 5",1985
"наследство",popular,"наследство матери мужа",1983
"наследство",popular,"наследстве драконов",1980
"наследство",popular,"документ свидетельство о наследстве",1976
"наследство",popular,"после вступления в наследство когда можно продать",1974
"наследство",popular,"скромное наследство 52",1972
"наследство",popular,"власть по наследству какая",1972
"наследство",popular,"вступление в наследство детям",1972
"наследство",popular,"оформление наследства после смерти",1971
"наследство",popular,"наследство список",1969
"наследство",popular,"пошлина на наследство",1968
"наследство",popular,"наследство 30",1962
"наследство",popular,"как вступить в наследство без завещания",1962
"наследство",popular,"оформление квартира наследство",1959
"наследство",popular,"открыто ли наследство",1959
"наследство",popular,"наследство кодекс",1955
"наследство",popular,"песня наследство icegergert",1955
"наследство",popular,"война за австрийское наследство кратко",1954
"наследство",popular,"наследство после сво",1952
"наследство",popular,"наследство подать заявление нотариусу",1948
"наследство",popular,"сколько стоит оформить наследство",1947
"наследство",popular,"свекровь квартира наследство",1943
"наследство",popular,"наследство слушать бесплатно",1939
"наследство",popular,"диабет по наследству",1939
"наследство",popular,"собственник не вступил в наследство",1936
"наследство",popular,"объект наследства",1933
"наследство",popular,"наследство sky",1932
"наследство",popular,"наследство после смерти мамы",1932
"наследство",popular,"пропуск наследства",1932
"наследство",popular,"доли в наследстве по закону",1931
"наследство",popular,"война за австрийское наследство год",1928
"наследство",popular,"наследство детей первого брака",1928
"наследство",popular,"баварское наследство",1928
"наследство",popular,"продажа квартиры после вступления в наследство",1927
"наследство",popular,"продать квартиру без вступления в наследство",1922
"наследство",popular,"наследство продажа менее 3 лет",1921
"наследство",popular,"твое наследство",1918
"наследство",popular,"наследство перепиши",1916
"наследство",popular,"скромное наследство 51",1915
"наследство",popular,"война за польское наследство год",1912
"наследство",popular,"машина наследство продажа",1908
"наследство",popular,"принять наследство нотариус",1908
"наследство",popular,"смотреть роковое наследство",1907
"наследство",popular,"наследству правами и обязанностями",1907
"наследство",popular,"сколько стоит завещание на наследство",1904
"наследство",popular,"свидетельство о наследство квартиры",1902
"наследство",popular,"наследство 1997",1896
"наследство",popular,"нужно платить налог с наследства",1895
"наследство",popular,"наследство сериал онлайн бесплатно",1894
"наследство",popular,"война за австрийское наследство 8 класс",1894
"наследство",popular,"роковое наследство 1996",1893
"наследство",popular,"сериал наследство смотреть онлайн бесплатно",1890
"наследство",popular,"наследство помощь",1890
"наследство",popular,"наследство материал",1887
"наследство",popular,"восстановить срок наследство",1886
"наследство",popular,"какие документы для оформления наследства",1886
"наследство",popular,"наследство 12",1885
"наследство",popular,"в наследство получили долги",1885
"наследство",popular,"наследство федорова",1884
"наследство",popular,"как узнать о наследстве",1883
"наследство",popular,"1 4 часть наследства",1883
"наследство",popular,"наследство сын и дочь",1880
"наследство",popular,"наследство должника",1879
"наследство",popular,"наследники как делится наследство",1878
"наследство",popular,"наследство льготы",1878
"наследство",popular,"без права на наследство",1876
"наследство",popular,"итоги войны за испанское наследство 1701 1714",1876
"наследство",popular,"скромное наследство 53",1875
"наследство",popular,"итоги войны за австрийское наследство 1740 1748",1874
"наследство",popular,"если никто не вступил в наследство",1870
"наследство",popular,"несправедливое наследство",1867
"наследство",popular,"11 наследство",1864
"наследство",popular,"наследство rae",1863
"наследство",popular,"наследство в браке при разводе",1863
"наследство",popular,"роковое наследство сериал 1996",1862
"наследство",popular,"1 3 от 1 2 наследства",1859
"наследство",popular,"момент смерти наследство",1856
"наследство",popular,"смотреть бесплатно фильм наследство",1850
"наследство",popular,"мать не вступила в наследство",1848
"наследство",popular,"наследство sky rae",1847
"наследство",popular,"польское и австрийское наследство",1844
"наследство",popular,"наследство земельный участок дом",1840
"наследство",popular,"что значит наследство",1838
"наследство",popular,"федоров имперское наследство",1836
"наследство",popular,"квартира наследству суд",1834
"наследство",popular,"оспорить наследство после смерти",1834
"наследство",popular,"наследство слушать онлайн",1834
"наследство",popular,"согласие на наследство",1830
"наследство",popular,"наследство племянница",1828
"наследство",popular,"в наследство вступают через какое",1826
"наследство",popular,"наследство на дом нотариусы",1826
"наследство",popular,"онлайн фильм наследство",1824
"наследство",popular,"отказ от наследства у нотариуса",1823
"наследство",popular,"документы на наследство после смерти",1821
"наследство",popular,"распорядиться наследством",1820
"наследство",popular,"счета в банке наследство",1818
"наследство",popular,"какое время вступления в наследство",1812
"наследство",popular,"если наследник отказался от наследства",1811
"наследство",popular,"война за баварское наследство",1811
"наследство",popular,"долевое наследство",1810
"наследство",popular,"наследство доля квартиры продажа",1807
"наследство",popular,"диабет передается по наследству",1807
"наследство",popular,"фильм наследство смотреть онлайн",1805
"наследство",popular,"документ о праве на наследство",1803
"наследство",popular,"доля дочери в наследстве",1802
"наследство",popular,"последствия наследства",1801
"наследство",popular,"подача заявления на наследство",1801
"наследство",popular,"тетушкино наследство глава",1800
"наследство",popular,"управляющий наследством",1800
"наследство",popular,"наследство 2024 сериал",1795
"наследство",popular,"как оформить наследство умершего",1795
"наследство",popular,"наследство после полгода",1793
"наследство",popular,"наследство права внуков",1792
"наследство",popular,"о праве на наследство выдаваемый нотариусом",1787
"наследство",popular,"закон наследстве квартиры",1786
"наследство",popular,"нотариальное дело о наследстве",1785
"наследство",popular,"наследство родной сестры",1784
"наследство",popular,"наследство по адресу",1783
"наследство",popular,"как делится наследство умершего",1783
"наследство",popular,"очередность наследства",1775
"наследство",popular,"роковое наследство 1996 1997",1775
"наследство",popular,"роковое наследство 1997",1775
"наследство",popular,"роковое наследство сериал 1996 1997",1775
"наследство",popular,"наследство через госуслуги",1773
"наследство",popular,"подать в суд на наследство",1771
"наследство",popular,"открыто наследство наследственное дело",1771
"наследство",popular,"наследство испания",1771
"наследство",popular,"вступление в наследство сво",1770
"наследство",popular,"наследство ст гк",1770
"наследство",popular,"результаты за испанское наследство",1769
"наследство",popular,"лишить права на наследство",1769
"наследство",popular,"наследство 38",1767
"наследство",popular,"заявление установления наследства",1767
"наследство",popular,"наследство после смерти бывшего мужа",1766
"наследство",popular,"свидетельство на долю наследства",1766
"наследство",popular,"делится ли наследство при разводе",1763
"наследство",popular,"наследство менее 3 лет налог",1763
"наследство",popular,"наследство после смерти бабушки",1762
"наследство",popular,"наследством является имущество",1758
"наследство",popular,"наследство после смерти сколько стоит",1758
"наследство",popular,"оценка авто для наследства",1756
"наследство",popular,"отказаться от наследства в пользу другого наследника",1754
"наследство",popular,"наследник умер вступив в наследство",1754
"наследство",popular,"вступить в наследство какие документы",1754
"наследство",popular,"наследство 2 часть 4",1753
"наследство",popular,"пенсионное наследство",1752
"наследство",popular,"отказ от наследства в пользу наследника",1751
"наследство",popular,"сериал про наследство",1751
"наследство",popular,"наследство на двоих",1749
"наследство",popular,"результат войны за испанское наследство",1747
"наследство",popular,"вступление в наследство 6 месяцев",1747
"наследство",popular,"коалиции в войне за австрийское наследство",1747
"наследство",popular,"наследство по праву представления",1742
"наследство",popular,"стоимость наследства у нотариуса",1739
"наследство",popular,"когда можно вступить в наследство",1737
"наследство",popular,"войны за польское и австрийское наследство",1735
"наследство",popular,"опасное наследство",1734
"наследство",popular,"какие документы нужны для завещания наследства",1733
"наследство",popular,"сколько нотариусу за вступление в наследство",1730
"наследство",popular,"можно ли подать на наследство",1729
"наследство",popular,"наследство земельное владение",1724
"наследство",popular,"типы наследства",1724
"наследство",popular,"процесс наследства",1722
"наследство",popular,"наследство 42",1722
"наследство",popular,"нотариус выдает свидетельство о праве на наследство",1722
"наследство",popular,"надо ли вступать в наследство",1721
"наследство",popular,"после открытия наследства",1719
"наследство",popular,"завещание наследство на дом",1719
"наследство",popular,"банк вступает в наследство",1718
"наследство",popular,"наследство завещанию после смерти матери",1718
"наследство",popular,"отказы от наследства других наследников",1718
"наследство",popular,"московское наследство",1718
"наследство",popular,"документы нужные для оформления наследства",1718
"наследство",popular,"наследство подаренной квартиры",1717
"наследство",popular,"скромное наследство 40",1714
"наследство",popular,"наследство рода",1712
"наследство",popular,"заявление вступить в наследство наследства",1711
"наследство",popular,"пенсия по наследству",1709
"наследство",popular,"суд восстановление срока наследства",1709
"наследство",popular,"наследство помогите",1707
"наследство",popular,"заявление на свидетельство о наследстве",1707
"наследство",popular,"какая очередь наследства",1707
"наследство",popular,"наследство убивает",1706
"наследство",popular,"умер родственник наследство",1706
"наследство",popular,"наследстве палата",1705
"наследство",popular,"заявление о восстановлении наследства",1705
"наследство",popular,"наследство айсгергерт",1704
"наследство",popular,"наследство сына родителям",1703
"наследство",popular,"наследство мистика",1701
"наследство",popular,"имеет ли жена на наследство мужа",1700
"наследство",popular,"несправедливое наследство мужское",1697
"наследство",popular,"наследство передается государству",1695
"наследство",popular,"вступление в наследство на автомобиль",1695
"наследство",popular,"какие документы нужны для оформления наследства",1693
"наследство",popular,"наследство империи",1691
"наследство",popular,"очередь наследство после смерти",1688
"наследство",popular,"наследство оставшееся после смерти",1686
"наследство",popular,"наследство в англии",1685
"наследство",popular,"наследство содержание",1684
"наследство",popular,"наследство иваново",1683
"наследство",popular,"наследство 25",1682
"наследство",popular,"сколько услуги наследство",1680
"наследство",popular,"несправедливое наследство мужское женское",1679
"наследство",popular,"лишить наследства наследника",1677
"наследство",popular,"наследник лишенный наследства",1677
"наследство",popular,"гк рф ст наследство",1677
"наследство",popular,"ли претендовать наследство отца",1676
"наследство",popular,"наследство 14",1676
"наследство",popular,"наследство второй очереди",1673
"наследство",popular,"наследство проблемы",1673
"наследство",popular,"наследство ооо",1673
"наследство",popular,"имеет ли право на наследство отец",1672
"наследство",popular,"наследство кадастровая стоимость",1672
"наследство",popular,"заявление о восстановлении сроков наследства",1669
"наследство",popular,"налог с продажи квартиры полученной по наследству",1669
"наследство",popular,"наследство украина",1669
"наследство",popular,"девушка получила наследство",1669
"наследство",popular,"свидетельство о праве собственности наследство",1668
"наследство",popular,"срок наследства по закону",1667
"наследство",popular,"принять наследство срок",1667
"наследство",popular,"заявление о принятии наследства сроки",1664
"наследство",popular,"налог машина наследство",1664
"наследство",popular,"человек отказался от наследства",1664
"наследство",popular,"вступление в наследство квартиры после смерти",1663
"наследство",popular,"полученное наследство делится при разводе",1661
"наследство",popular,"как лишить наследства",1659
"наследство",popular,"наследство дом на участке",1658
"наследство",popular,"наследство 29",1658
"наследство",popular,"входит ли в наследство",1656
"наследство",popular,"наследство после смерти долги",1653
"наследство",popular,"достанется наследство после смерти",1652
"наследство",popular,"наследство обязательные наследники",1652
"наследство",popular,"срок наследства по завещанию",1648
"наследство",popular,"платить нотариусу за наследство",1646
"наследство",popular,"наследство ушедших",1646
"наследство",popular,"хронология войны за испанское наследство",1645
"наследство",popular,"наследство квартира после смерти мужа",1645
"наследство",popular,"право на наследство брата",1640
"наследство",popular,"наследство после смерти сестры",1639
"наследство",popular,"наследство пай",1638
"наследство",popular,"право на обязательную долю в наследстве",1636
"наследство",popular,"передается ли рак по наследству",1635
"наследство",popular,"деревня в наследство",1632
"наследство",popular,"наследование и наследство",1632
"наследство",popular,"номера по наследству",1630
"наследство",popular,"наследство выписать",1623
"наследство",popular,"как вступить в наследство на квартиру",1623
"наследство",popular,"наследство 39",1621
"наследство",popular,"сколько долей наследства",1621
"наследство",popular,"наследство 37",1618
"наследство",popular,"потеряла наследство",1617
"наследство",popular,"потерянное наследство",1617
"наследство",popular,"нужно ли платить налог с наследства",1617
"наследство",popular,"наследство родного брата",1617
"наследство",popular,"наследство между супругами",1617
"наследство",popular,"доля наследства сестры",1617
"наследство",popular,"налог при продаже полученной по наследству",1615
"наследство",popular,"бланк наследства",1615
"наследство",popular,"через сколько можно продать квартиру после наследства",1612
"наследство",popular,"вступает ли муж в наследство жены",1610
"наследство",popular,"иск в суд наследство",1609
"наследство",popular,"наследство банковских",1608
"наследство",popular,"в какой срок вступают в наследство",1607
"наследство",popular,"выписка на наследство",1605
"наследство",popular,"квартира по наследству платить ли налог",1605
"наследство",popular,"получение свидетельства о праве на наследство",1601
"наследство",popular,"дата войны за испанское наследство",1600
"наследство",popular,"ак наследство",1599
"наследство",popular,"переход наследство",1598
"наследство",popular,"получил власть по наследству",1596
"наследство",popular,"жена вступает в наследство после смерти мужа",1595
"наследство",popular,"наследство древней крови мистика мурашкина анна",1594
"наследство",popular,"как узнать есть ли наследство",1593
"наследство",popular,"на основании права на наследство",1593
"наследство",popular,"жена претендует на наследство мужа",1591
"наследство",popular,"какое наследство принял",1590
"наследство",popular,"скромное наследство 38",1590
"наследство",popular,"история война за польское наследство",1590
"наследство",popular,"свекровь получила наследство",1587
"наследство",popular,"как вступать в наследство после смерти отца",1585
"наследство",popular,"наследство казахстан",1582
"наследство",popular,"завещание оформление наследства",1582
"наследство",popular,"наследство квартира меньше 3 лет",1581
"наследство",popular,"имеет ли жена право на наследство мужа",1576
"наследство",popular,"квартира наследство менее 3 лет",1575
"наследство",popular,"наследство 16",1572
"наследство",popular,"сколько стоит оформление наследства",1571
"наследство",popular,"масса наследства",1571
"наследство",popular,"получить наследство в банке",1570
"наследство",popular,"наследство заключение",1569
"наследство",popular,"скромное наследство 41",1567
"наследство",popular,"налог проданную квартиру полученную наследству",1566
"наследство",popular,"наследство сериал актеры",1564
"наследство",popular,"наследство машина после смерти",1563
"наследство",popular,"посмотреть наследство",1562
"наследство",popular,"как делится наследство после",1562
"наследство",popular,"имущество в квартире наследство",1558
"наследство",popular,"наследство после 3 лет",1558
"наследство",popular,"наследство фильм онлайн бесплатно",1556
"наследство",popular,"война за польское наследство 8 класс",1555
"наследство",popular,"2 детей наследство",1555
"наследство",popular,"вступить в наследство частями",1555
"наследство",popular,"текст песни наследство",1555
"наследство",popular,"аренда в наследство",1553
"наследство",popular,"наследство другое лицо",1552
"наследство",popular,"вступить наследство после смерти ребенка",1551
"наследство",popular,"продажа наследства менее 3 лет налог",1551
"наследство",popular,"скромное наследство читать",1550
"наследство",popular,"как вступить в право наследства",1549
"наследство",popular,"война за испанское наследство 1701 1714 гг",1548
"наследство",popular,"аутизм по наследству",1547
"наследство",popular,"право наследства земельного участка",1547
"наследство",popular,"оспорить завещание на наследство после смерти",1545
"наследство",popular,"нотариус дело о наследстве",1545
"наследство",popular,"схема наследства",1544
"наследство",popular,"получить наследство сроки",1544
"наследство",popular,"смотреть онлайн бесплатно фильм наследство",1543
"наследство",popular,"когда можно продавать квартиру после наследства",1541
"наследство",popular,"наследство 28",1541
"наследство",popular,"константин федоров наследство",1541
"наследство",popular,"отец оставил наследство",1540
"наследство",popular,"отказ от наследства в пользу другого наследника",1537
"наследство",popular,"выделенная доля наследства",1536
"наследство",popular,"нотариальные палаты наследство",1535
"наследство",popular,"константин федоров имперское наследство",1533
"наследство",popular,"наследство дарственной квартиры",1531
"наследство",popular,"наследство 26",1528
"наследство",popular,"реестр наследств дел",1527
"наследство",popular,"скромное наследство глава 55",1527
"наследство",popular,"сколько платить за вступление в наследство",1526
"наследство",popular,"рассказы о наследстве",1525
"наследство",popular,"могут ли бывшие вступать в наследство",1525
"наследство",popular,"наследство 1 2 доли квартиры",1522
"наследство",popular,"наследство 2023 2024",1522
"наследство",popular,"доля брата в наследстве",1520
"наследство",popular,"основы наследства",1519
"наследство",popular,"наследство на несовершеннолетнего ребенка",1518
"наследство",popular,"поиск наследства",1517
"наследство",popular,"после какого времени вступают в наследство",1516
"наследство",popular,"сестры получили наследство",1513
"наследство",popular,"наследство компенсация",1512
"наследство",popular,"вступление в наследство счета",1511
"наследство",popular,"переходят ли долги по наследству",1510
"наследство",popular,"наследство деньги в банке",1510
"наследство",popular,"федор константинов имперское наследство",1510
"наследство",popular,"наследство проданное после смерти",1504
"наследство",popular,"налог на наследство в 2026",1503
"наследство",popular,"наследство после смерти собственника",1502
"наследство",popular,"земельное наследство передаваемое по наследству",1502
"наследство",popular,"лишили родительских прав наследство",1501
"наследство",popular,"наследство лишенных родительских прав",1501
"наследство",popular,"рассчитать наследство",1499
"наследство",popular,"проверка наследства",1498
"наследство",popular,"равное наследство",1493
"наследство",popular,"наследство после смерти без документов",1489
"наследство",popular,"деньги на счете наследство",1487
"наследство",popular,"иск праве наследства",1487
"наследство",popular,"дети без наследства",1486
"наследство",popular,"квартира куплена в браке наследство",1485
"наследство",popular,"знать о наследстве",1483
"наследство",popular,"наследство после смерти налог",1479
"наследство",popular,"государство власть передается наследству",1477
"наследство",popular,"нужно платить налог с продажи наследства",1477
"наследство",popular,"невестка наследство",1476
"наследство",popular,"наследство между родственниками",1475
"наследство",popular,"имеют право на наследство родители",1475
"наследство",popular,"бабушка внучка наследство",1475
"наследство",popular,"оспаривание наследства",1474
"наследство",popular,"наследство сериал 2023 2024",1474
"наследство",popular,"отсутствие наследства",1474
"наследство",popular,"наследство после смерти сына матери",1473
"наследство",popular,"ваше наследство",1473
"наследство",popular,"вступление наследство жена",1472
"наследство",popular,"права наследства смерти мужа",1468
"наследство",popular,"наследство частного",1468
"наследство",popular,"принятый закон наследстве",1468
"наследство",popular,"вступать в наследство если кредиты",1467
"наследство",popular,"заявление нотариусу о принятии наследства",1467
"наследство",popular,"оформить наследство при жизни",1466
"наследство",popular,"доля наследства 1 3",1466
"наследство",popular,"состав наследства определяется",1465
"наследство",popular,"пропущен срок принятия наследства",1464
"наследство",popular,"лишение наследства",1462
"наследство",popular,"что входит в наследство",1462
"наследство",popular,"выдача свидетельства о праве на наследство нотариусом",1458
"наследство",popular,"госпошлина за вступление в наследство",1457
"наследство",popular,"если ребенок не вступил в наследство",1456
"наследство",popular,"срок истечения наследства",1456
"наследство",popular,"принимая наследство принимаешь долги",1455
"наследство",popular,"наследство 2014",1454
"наследство",popular,"наследство через мфц",1454
"наследство",popular,"как делится наследство между наследниками",1453
"наследство",popular,"можно ли оспорить завещание на наследство",1451
"наследство",popular,"вступление в наследство авто",1449
"наследство",popular,"через какое время вступают в наследство",1449
"наследство",popular,"наследники не оформляют наследство",1445
"наследство",popular,"по наследству по завещанию умершей",1444
"наследство",popular,"приватизации наследство",1444
"наследство",popular,"наследство капитала",1443
"наследство",popular,"документы на наследство завещание",1442
"наследство",popular,"осталась квартира в наследство",1441
"наследство",popular,"скромное наследство 37",1440
"наследство",popular,"наследство сколько платить нотариусу",1439
"наследство",popular,"наследство в браке делится при разводе",1439
"наследство",popular,"как получить наследство умершего",1438
"наследство",popular,"верховная власть по наследству",1437
"наследство",popular,"наследство гражданской жены",1437
"наследство",popular,"имущественное наследство",1436
"наследство",popular,"иск признании наследства",1434
"наследство",popular,"налог на полученное наследство",1431
"наследство",popular,"получить наследство бабушки",1431
"наследство",popular,"квартира без завещания наследство после смерти",1430
"наследство",popular,"ндфл квартира наследство",1428
"наследство",popular,"расчет наследства",1428
"наследство",popular,"пропавшее наследство",1427
"наследство",popular,"адвокат по наследству",1424
"наследство",popular,"наследство волшебника",1422
"наследство",popular,"как делится наследство после смерти",1421
"наследство",popular,"две квартиры в наследство",1418
"наследство",popular,"первое право на наследство",1418
"наследство",popular,"наследство недееспособных",1417
"наследство",popular,"можно ли продать квартиру наследство",1417
"наследство",popular,"действующее наследство",1416
"наследство",popular,"скромное наследство 39",1416
"наследство",popular,"наследство какое дающее",1414
"наследство",popular,"наследство доля в квартире налог",1414
"наследство",popular,"вступить в наследство на землю",1414
"наследство",popular,"наследство icegergert скачать",1411
"наследство",popular,"вступить в наследство недвижимость",1410
"наследство",popular,"право наследства порядок",1410
"наследство",popular,"история 8 класс война за австрийское наследство",1408
"наследство",popular,"наследство отказ право",1407
"наследство",popular,"война за австрийское наследство дата",1404
"наследство",popular,"собственники дома наследство",1403
"наследство",popular,"нотариальный сайт наследство",1402
"наследство",popular,"наследство императора",1402
"наследство",popular,"1 война за польское наследство",1402
"наследство",popular,"став получить наследство",1402
"наследство",popular,"наследство 1998",1400
"наследство",popular,"наследство или дарственная",1400
"наследство",popular,"наследство князя",1400
"наследство",popular,"суть войны за австрийское наследство",1400
"наследство",popular,"майкл наследство",1399
"наследство",popular,"как делится наследство без завещания",1398
"наследство",popular,"наследство отца без завещания",1397
"наследство",popular,"наследство новые истории",1395
"наследство",popular,"скромное наследство 48 глава",1394
"наследство",popular,"война за польское наследство кратко",1393
"наследство",popular,"владение передаваемое по наследству",1393
"наследство",popular,"регистрация свидетельства о наследстве",1392
"наследство",popular,"хорошее наследство фильм",1391
"наследство",popular,"война за польское наследство таблица",1391
"наследство",popular,"копия наследства",1389
"наследство",popular,"наследство бахрама",1389
"наследство",popular,"переходят по наследству права",1388
"наследство",popular,"права переходящие по наследству",1388
"наследство",popular,"унаследовав наследство",1388
"наследство",popular,"смертельное наследство",1387
"наследство",popular,"французское наследство",1385
"наследство",popular,"вступить в право наследство квартиры",1384
"наследство",popular,"нужно ли ему наследство",1380
"наследство",popular,"сумма налога наследство",1379
"наследство",popular,"эпилепсия по наследству",1378
"наследство",popular,"по поводу наследства",1372
"наследство",popular,"когда можно продать наследство без налогов",1371
"наследство",popular,"через сколько после смерти вступают в наследство",1371
"наследство",popular,"наследство без завещания какие нужны документы",1371
"наследство",popular,"вступает но не оформляет наследство",1371
"наследство",popular,"наследство комната",1371
"наследство",popular,"оформление вступления наследство",1370
"наследство",popular,"как получить свидетельство о наследстве",1367
"наследство",popular,"тайное наследство",1367
"наследство",popular,"свидетельство о праве на наследство имущества",1367
"наследство",popular,"тетушкино наследство ясный день",1365
"наследство",popular,"претендовать на наследство брата",1365
"наследство",popular,"вступление в наследство без документов",1364
"наследство",popular,"очередь права наследства",1364
"наследство",popular,"причины войны за испанское наследство 1701 1714",1363
"наследство",popular,"продажа квартиры после вступления в наследство налог",1363
"наследство",popular,"свидетельство о праве на наследство долей",1363
"наследство",popular,"наследство сериал смотреть бесплатно в хорошем",1363
"наследство",popular,"наследство части дома",1362
"наследство",popular,"нотариус наследство авто",1362
"наследство",popular,"продать наследство недвижимость",1362
"наследство",popular,"наследство стоимость услуга",1362
"наследство",popular,"наследство волшебника бахрама",1359
"наследство",popular,"монархия передается по наследству",1358
"наследство",popular,"наследство по фамилиям",1357
"наследство",popular,"наследство по факту",1357
"наследство",popular,"наследство icegergert sky",1356
"наследство",popular,"наследство через сколько можно продать без налога",1356
"наследство",popular,"суть войны за польское наследство",1354
"наследство",popular,"свидетельство о праве на наследство квартиры",1354
"наследство",popular,"восстановление срока вступления в наследство",1354
"наследство",popular,"смотреть наследство все серии",1352
"наследство",popular,"на основании свидетельства о наследстве",1352
"наследство",popular,"речь по наследству",1351
"наследство",popular,"неожиданное наследство",1349
"наследство",popular,"наследство глава 1",1348
"наследство",popular,"наследство жены брата",1347
"наследство",popular,"право собственности на квартиру наследство",1347
"наследство",popular,"вступить в права наследства после смерти",1347
"наследство",popular,"война за испанское наследство в класс",1346
"наследство",popular,"право наследства после смерти мужа",1346
"наследство",popular,"наследство слушать онлайн бесплатно",1346
"наследство",popular,"наследство необходимые документы",1346
"наследство",popular,"мелодрама наследство",1346
"наследство",popular,"скромное наследство глава 49",1345
"наследство",popular,"наследство отца 2",1344
"наследство",popular,"сестра мужа наследство",1343
"наследство",popular,"фильм дом наследство",1341
"наследство",popular,"как делится наследство мужа",1341
"наследство",popular,"наследство сериал смотреть бесплатно онлайн в хорошем",1340
"наследство",popular,"война за наследство испании",1338
"наследство",popular,"наследство уплата налогов",1336
"наследство",popular,"степени наследства",1335
"наследство",popular,"наследство принцесс",1334
"наследство",popular,"квартира в наследство что делать",1333
"наследство",popular,"получив наследство от отца",1332
"наследство",popular,"закрытое наследство",1331
"наследство",popular,"закрыть наследство",1331
"наследство",popular,"налог на наследство в россии",1331
"наследство",popular,"сын отказался от наследства",1330
"наследство",popular,"первые в очереди на наследство",1327
"наследство",popular,"наследство завещание после смерти мужа",1325
"наследство",popular,"зарегистрировать право на наследство",1325
"наследство",popular,"наследство производство",1325
"наследство",popular,"роковое наследство сериал смотреть",1324
"наследство",popular,"подано ли заявление на наследство",1322
"наследство",popular,"в течении какого времени вступают в наследство",1322
"наследство",popular,"заявление факт принятия наследства",1320
"наследство",popular,"какие документы для наследства у нотариуса",1320
"наследство",popular,"как происходит наследство",1318
"наследство",popular,"наследство джексона",1318
"наследство",popular,"наследство после дарственной",1318
"наследство",popular,"переоформление наследства",1317
"наследство",popular,"ужасы наследство",1316
"наследство",popular,"вступление в наследство цена",1314
"наследство",popular,"наследство полученное в браке при разводе",1313
"наследство",popular,"наследство сериал хорошем качестве",1312
"наследство",popular,"преступление по наследству",1312
"наследство",popular,"сумма вступления в наследство",1310
"наследство",popular,"совместное наследство супругов",1309
"наследство",popular,"право наследства недвижимости",1308
"наследство",popular,"срок давности по наследству",1308
"наследство",popular,"скромное наследство глава 54",1308
"наследство",popular,"второй брак наследство",1308
"наследство",popular,"вступление в наследство без завещания документы",1308
"наследство",popular,"иметь наследство на дом",1307
"наследство",popular,"можно ли вступить в наследство через",1307
"наследство",popular,"оценить наследство",1304
"наследство",popular,"наследство квартиры после смерти матери",1303
"наследство",popular,"наследство 17",1302
"наследство",popular,"наследство после умершего мужа",1301
"наследство",popular,"наследство после смерти матери без завещания",1301
"наследство",popular,"фильм наследство в хорошем качестве",1299
"наследство",popular,"icegergert sky rae наследство",1299
"наследство",popular,"арест наследства",1299
"наследство",popular,"как делится наследство супруга",1297
"наследство",popular,"свидетельство о праве на наследство документы",1297
"наследство",popular,"образец принятия наследства",1297
"наследство",popular,"может ли ребенок вступить в наследство",1297
"наследство",popular,"обратиться к нотариусу для вступления в наследство",1296
"наследство",popular,"жизнь имеет значение дзен скромное наследство",1296
"наследство",popular,"заявление на наследство после смерти",1295
"наследство",popular,"монархия власть передается по наследству",1295
"наследство",popular,"наследство сериал бесплатно в хорошем качестве",1295
"наследство",popular,"смотреть сериал в хорошем качестве наследство",1294
"наследство",popular,"хотел наследство наследники",1294
"наследство",popular,"наследство с условием",1293
"наследство",popular,"наследство и наследники по закону",1289
"наследство",popular,"позднее наследство",1288
"наследство",popular,"бывший муж и бывшая жена наследство",1288
"наследство",popular,"наследство калаш",1288
"наследство",popular,"наследство платежи",1287
"наследство",popular,"наследство ребенка после смерти отца",1287
"наследство",popular,"продажа права на наследство",1287
"наследство",popular,"утверждение в наследстве",1283
"наследство",popular,"регистрация вступления в наследство",1283
"наследство",popular,"наследство жена умершего сына",1279
"наследство",popular,"получил наследство что делать",1278
"наследство",popular,"получил в наследство автомобиль",1278
"наследство",popular,"наследство смотреть сериал бесплатно хорошего качества",1278
"наследство",popular,"какое наследство оставила",1277
"наследство",popular,"наследство бориса",1277
"наследство",popular,"наследство смерть отца без завещания",1274
"наследство",popular,"наследство попаданки",1273
"наследство",popular,"война за австрийское наследство 1740 1748 гг",1273
"наследство",popular,"наследство несколько наследников",1273
"наследство",popular,"где вступают в наследство",1271
"наследство",popular,"наследство выплат сво",1271
"наследство",popular,"купли продажи автомобиля по наследству",1270
"наследство",popular,"сколько нотариус оформляет наследство",1269
"наследство",popular,"земельное владение передаваемое по наследству",1268
"наследство",popular,"земельное владение переданное по наследству",1268
"наследство",popular,"смотреть фильм наследство в хорошем качестве",1267
"наследство",popular,"наследство 27",1267
"наследство",popular,"образец вступления в наследство",1267
"наследство",popular,"получение квартиры в наследство",1267
"наследство",popular,"фильм наследство смотреть бесплатно в хорошем",1267
"наследство",popular,"сын может претендовать на наследство",1266
"наследство",popular,"сколько заплатить за наследство",1265
"наследство",popular,"наследство предложения",1265
"наследство",popular,"нужно ли платить налог с продажи наследства",1264
"наследство",popular,"заявление нотариусу о вступлении в наследство",1264
"наследство",popular,"война за австрийское наследство страны",1263
"наследство",popular,"фильм в хорошем качестве бесплатно наследство",1263
"наследство",popular,"умерший человек не вступил в наследство",1261
"наследство",popular,"через сколько можно вступить в наследство",1260
"наследство",popular,"наследство статус",1260
"наследство",popular,"наследство делится между супругами",1260
"наследство",popular,"вступление в наследство доли квартиры",1259
"наследство",popular,"квартира по наследству в браке",1258
"наследство",popular,"права наследства внуки имеют право",1256
"наследство",popular,"наследство документов собственность",1254
"наследство",popular,"наследство после отца без завещания",1254
"наследство",popular,"война англии за испанское наследство",1252
"наследство",popular,"управление наследством",1250
"наследство",popular,"нужно ли платить за наследство",1249
"наследство",popular,"наследство глава 3",1248
"наследство",popular,"принципы наследство",1248
"наследство",popular,"если человек вступающий в наследство умер",1248
"наследство",popular,"право отказаться от наследства",1247
"наследство",popular,"оставить наследство детям",1247
"наследство",popular,"наследство и долги умершего",1247
"наследство",popular,"австралийское наследство",1247
"наследство",popular,"наследство после смерти отца без завещания",1245
"наследство",popular,"наследство майкла джексона",1244
"наследство",popular,"свидетельство наследства по завещанию",1243
"наследство",popular,"нотариальные конторы наследство",1241
"наследство",popular,"проклясть наследство",1241
"наследство",popular,"проклятое наследство",1241
"наследство",popular,"камеди клаб наследство",1241
"наследство",popular,"какой налог с продажи наследства",1241
"наследство",popular,"оформление наследства услуга",1241
"наследство",popular,"заявление о признании наследства",1240
"наследство",popular,"правление передается по наследству",1240
"наследство",popular,"как вступить в наследство после смерти матери",1240
"наследство",popular,"делится ли наследство в браке",1238
"наследство",popular,"акции по наследству",1238
"наследство",popular,"война за австрийское наследство 1740 1748 участники",1237
"наследство",popular,"истории про наследство",1237
"наследство",popular,"наследство супруг и дети",1236
"наследство",popular,"право на наследство бабушки",1236
"наследство",popular,"наследство от деда",1234
"наследство",popular,"по наследству наследник умер",1234
"наследство",popular,"доля несовершеннолетнего в наследстве",1233
"наследство",popular,"наследство мужа без завещания",1232
"наследство",popular,"деменция по наследству",1231
"наследство",popular,"родственники претендующие на наследство",1231
"наследство",popular,"договор продажи автомобиля по наследству",1225
"наследство",popular,"налог наследство автомобиль",1224
"наследство",popular,"сколько стоит вступить в наследство без завещания",1224
"наследство",popular,"наследство остался дом",1223
"наследство",popular,"наследство после умершего сына",1223
"наследство",popular,"смерть одного из супругов наследство",1222
"наследство",popular,"наследство аудиокнига слушать онлайн",1220
"наследство",popular,"скромное наследство 50 глава",1219
"наследство",popular,"стоимость оформления наследства",1218
"наследство",popular,"дорама наследство",1217
"наследство",popular,"можно ли оспорить наследство после смерти",1217
"наследство",popular,"как правильно оформить наследство",1217
"наследство",popular,"наследство все серии подряд",1216
"наследство",popular,"скромное наследство глава 44",1216
"наследство",popular,"вступление в наследство супруга",1215
"наследство",popular,"наследство сыну после смерти отца",1214
"наследство",popular,"наследство семейный",1213
"наследство",popular,"за наследство платить надо",1212
"наследство",popular,"29 дар по наследству 6",1212
"наследство",popular,"в порядке наследства после",1212
"наследство",popular,"продажа свидетельства о наследстве",1212
"наследство",popular,"заявление об установлении факта наследства",1211
"наследство",popular,"в государстве z власть по наследству",1211
"наследство",popular,"после получения свидетельства о наследстве",1211
"наследство",popular,"папино наследство",1210
"наследство",popular,"наследство пенсионеру доля",1207
"наследство",popular,"наследство приобретенное в браке",1207
"наследство",popular,"наследство после развода",1207
"наследство",popular,"доля жены в наследстве мужа",1207
"наследство",popular,"верховная власть передается по наследству",1206
"наследство",popular,"права родственников на наследство",1206
"наследство",popular,"вступление в наследство после мужа",1205
"наследство",popular,"принятие наследства квартиры",1205
"наследство",popular,"вступление в наследство погибшего",1205
"наследство",popular,"наследство фильм смотреть онлайн в хорошем",1203
"наследство",popular,"наследство документы на квартиру какие",1201
"наследство",popular,"наследство долги наследодателя",1201
"наследство",popular,"скромное наследство 42",1199
"наследство",popular,"квартира по наследству продажа менее",1198
"наследство",popular,"договор купли продажи автомобиля по наследству",1197
"наследство",popular,"наследство какие действия",1197
"наследство",popular,"оформить наследство на сына",1197
"наследство",popular,"может ли наследник отказаться от наследства",1196
"наследство",popular,"вступление в наследство супругов",1196
"наследство",popular,"продать машину после наследства",1195
"наследство",popular,"наследство без завещания сроки",1195
"наследство",popular,"долг алиментам наследство",1195
"наследство",popular,"нотариальное наследство проверить",1194
"наследство",popular,"сохранил наследство",1194
"наследство",popular,"умер не приняв наследство",1193
"наследство",popular,"вступление в наследство кредиты",1193
"наследство",popular,"какие документы нужны для наследства у нотариуса",1192
"наследство",popular,"выморочное наследство",1191
"наследство",popular,"наследство внуки завещание",1191
"наследство",popular,"наследство фильм 1998",1188
"наследство",popular,"наследство веры",1187
"наследство",popular,"автомобиль наследство после смерти",1186
"наследство",popular,"брат имеет право на наследство",1186
"наследство",popular,"наследство автор",1186
"наследство",popular,"icegergert наследство текст",1185
"наследство",popular,"книга наследство читать",1184
"наследство",popular,"вступление в наследство без завещания квартира",1184
"наследство",popular,"наследство компании",1184
"наследство",popular,"продажа квартиры в наследство менее 3",1183
"наследство",popular,"право наследство завещанию после смерти",1183
"наследство",popular,"свидетельство о принятии наследства",1183
"наследство",popular,"исковое наследство о принятии наследства",1182
"наследство",popular,"получили наследство надо ли",1181
"наследство",popular,"наследство умерших детей родителям",1181
"наследство",popular,"вступление наследство смерти матери",1181
"наследство",popular,"власть передаваемая по наследству",1179
"наследство",popular,"власть передавать по наследству",1179
"наследство",popular,"права ребенка на наследство отца",1178
"наследство",popular,"наследство за границей",1177
"наследство",popular,"какой налог при вступлении в наследство",1176
"наследство",popular,"принятие наследства после смерти",1176
"наследство",popular,"вписать в наследство",1175
"наследство",popular,"наследство через 6 месяцев",1175
"наследство",popular,"характер по наследству",1175
"наследство",popular,"оценка авто для наследства для нотариуса",1174
"наследство",popular,"наследство при наличии завещания",1174
"наследство",popular,"если родственники не вступают в наследство",1173
"наследство",popular,"факт признания наследства",1172
"наследство",popular,"форма правления передается по наследству",1172
"наследство",popular,"вступление в наследство в течении",1172
"наследство",popular,"рассказы наследство читать",1171
"наследство",popular,"наследство квартиры после смерти жены",1171
"наследство",popular,"через какое время можно продать наследство",1170
"наследство",popular,"доля по наследству налог",1169
"наследство",popular,"задолженность по наследству",1168
"наследство",popular,"отказаться от наследства умерла",1168
"наследство",popular,"оформить право собственности наследству",1166
"наследство",popular,"нужно ли оформлять наследство",1165
"наследство",popular,"ведьмино наследство",1165
"наследство",popular,"прямое наследство",1163
"наследство",popular,"война за наследство габсбургов",1163
"наследство",popular,"открыто дело о наследстве",1163
"наследство",popular,"результат войны за австрийское наследство",1163
"наследство",popular,"наследство ак 47",1162
"наследство",popular,"принятие доли наследства",1161
"наследство",popular,"война и мир наследство",1160
"наследство",popular,"право наследство после смерти жены",1159
"наследство",popular,"сестра имеет право на наследство сестры",1159
"наследство",popular,"наследство статья гк",1159
"наследство",popular,"продажа квартиры в наследство менее 3 лет",1159
"наследство",popular,"консультация юриста по наследству",1159
"наследство",popular,"скромное наследство глава 47",1158
"наследство",popular,"машина наследство документы",1158
"наследство",popular,"смирнов соболев наследство",1156
"наследство",popular,"муж вступил в наследство в браке",1156
"наследство",popular,"образец заявления на наследство",1156
"наследство",popular,"наследство от дочери матери",1156
"наследство",popular,"2 вида наследства",1156
"наследство",popular,"алкоголизм по наследству",1156
"наследство",popular,"наследство наследственная масса",1153
"наследство",popular,"деменция передается по наследству",1152
"наследство",popular,"война за польское наследство история 8 класс",1151
"наследство",popular,"наследство пистолет",1151
"наследство",popular,"если вступил в наследство и продаешь",1151
"наследство",popular,"нотариус наследство машина",1149
"наследство",popular,"федеральная палата наследство",1149
"наследство",popular,"кредитная карта наследство",1149
"наследство",popular,"наследство собственность супругов",1149
"наследство",popular,"отказаться от нотариуса наследство",1149
"наследство",popular,"облагается ли наследство",1148
"наследство",popular,"полученное наследство в браке делится при разводе",1146
"наследство",popular,"доля родителя в наследстве",1145
"наследство",popular,"скромное наследство глава 45",1145
"наследство",popular,"чтобы вступить в наследство какие",1145
"наследство",popular,"дополнительное наследство",1145
"наследство",popular,"война за австрийское наследство россия",1144
"наследство",popular,"наследство пенсии умершего",1144
"наследство",popular,"наследство пережившего супруга",1143
"наследство",popular,"наследство переживший супруг",1143
"наследство",popular,"супруг переживший супруга наследство",1143
"наследство",popular,"день вступления наследства",1143
"наследство",popular,"федеральная нотариальная палата наследство",1143
"наследство",popular,"как делится наследство между без завещания",1142
"наследство",popular,"скромное наследство глава 46",1140
"наследство",popular,"сколько вступают в наследство на квартиру",1140
"наследство",popular,"вступить в наследство по завещанию после смерти",1140
"наследство",popular,"часть доли наследства",1139
"наследство",popular,"наследство единственный наследник",1139
"наследство",popular,"форма правления власть передается по наследству",1138
"наследство",popular,"продажа квартиры по наследству менее года",1138
"наследство",popular,"бывшая жена право на наследство",1138
"наследство",popular,"постановление наследство",1138
"наследство",popular,"форма 2 наследство",1137
"наследство",popular,"наследство после умершего отца",1136
"наследство",popular,"наследство внукам после смерти",1135
"наследство",popular,"отказ от наследства после",1135
"наследство",popular,"споры о наследстве",1134
"наследство",popular,"как делится наследство супругов",1134
"наследство",popular,"вступают ли родители в наследство",1134
"наследство",popular,"документы для получения наследства",1133
"наследство",popular,"порядок наследства после смерти",1132
"наследство",popular,"наследство состояло",1129
"наследство",popular,"после вступления в наследство платить налог",1129
"наследство",popular,"тарифы на наследство",1128
"наследство",popular,"свидетельство о регистрации права наследства",1127
"наследство",popular,"мать претендует на наследство",1126
"наследство",popular,"момент открытия наследства",1126
"наследство",popular,"признаков передающихся наследству",1125
"наследство",popular,"заявление о выдаче наследства",1125
"наследство",popular,"наследство совершеннолетние дети",1124
"наследство",popular,"наследство двух братьев",1124
"наследство",popular,"свидетельство о праве на наследство основания",1121
"наследство",popular,"как делится наследство между детьми",1121
"наследство",popular,"наследство характеристика",1121
"наследство",popular,"кредит смерть наследство",1121
"наследство",popular,"право на обязательное наследство имеют",1120
"наследство",popular,"иск восстановление срока наследства",1119
"наследство",popular,"в наследство не вступали долги умершего",1118
"наследство",popular,"наследство престола",1118
"наследство",popular,"долей в наследстве суть этого",1118
"наследство",popular,"вступление наследство после смерти матери",1118
"наследство",popular,"как получить право на наследство",1118
"наследство",popular,"информация о наследстве",1117
"наследство",popular,"подать на наследство на квартиру",1114
"наследство",popular,"роковой наследство 2014",1114
"наследство",popular,"наследство супруга при разводе",1111
"наследство",popular,"наследство существует",1108
"наследство",popular,"вступление в наследство после смерти по завещанию",1108
"наследство",popular,"как стать на наследство",1108
"наследство",popular,"делится ли полученное наследство при разводе",1107
"наследство",popular,"алкоголизм передается по наследству",1107
"наследство",popular,"наследство долевой собственности",1106
"наследство",popular,"бабушка претендует на наследство",1105
"наследство",popular,"наследство жены до брака",1105
"наследство",popular,"наследство при разводе супругов",1105
"наследство",popular,"родня наследство",1104
"наследство",popular,"процедура вступления в наследство",1104
"наследство",popular,"сколько стоит оформить наследство у нотариуса",1103
"наследство",popular,"пользование наследством",1103
"наследство",popular,"как оформить завещание на наследство",1103
"наследство",popular,"оценка для вступления в наследство",1102
"наследство",popular,"машина досталась по наследству",1101
"наследство",popular,"вступление наследство земли",1101
"наследство",popular,"через месяц вступает в наследство",1101
"наследство",popular,"сахарный диабет по наследству",1100
"наследство",popular,"договор о праве наследства",1098
"наследство",popular,"родители имеют ли право на наследство",1097
"наследство",popular,"наследство россии история",1097
"наследство",popular,"иванов смирнов соболев наследство",1096
"наследство",popular,"в наследство вместе с",1096
"наследство",popular,"1 жена наследство",1094
"наследство",popular,"оформление права наследство",1094
"наследство",popular,"жизнь имеет значение рассказы скромное наследство",1094
"наследство",popular,"наследство 2 глава",1093
"наследство",popular,"вступление в наследство через год",1090
"наследство",popular,"муж наследство 2",1090
"наследство",popular,"право на наследство автомобиля",1087
"наследство",popular,"наследство термин",1087
"наследство",popular,"как выглядит наследство",1087
"наследство",popular,"может ли жена претендовать на наследство мужа",1085
"наследство",popular,"дата войны за польское наследство",1084
"наследство",popular,"наследство без продажи",1084
"наследство",popular,"муж получил в наследство квартиру",1083
"наследство",popular,"вступление в наследство через какое время",1083
"наследство",popular,"оставила наследство дочери",1082
"наследство",popular,"нотариус не выдает наследство",1082
"наследство",popular,"наследство все серии смотреть бесплатно",1081
"наследство",popular,"наследство разница",1081
"наследство",popular,"заявление об отказе от наследства",1081
"наследство",popular,"если наследство жена претендует",1079
"наследство",popular,"если пропустил срок вступления в наследство",1079
"наследство",popular,"фильм роковое наследство",1078
"наследство",popular,"наследство на квартиру родственнику",1078
"наследство",popular,"доля перешла по наследству",1078
"наследство",popular,"наследство спб",1078
"наследство",popular,"чье наследство",1077
"наследство",popular,"исковое заявление о принятии наследства",1076
"наследство",popular,"наследство 2006",1076
"наследство",popular,"сестра может претендовать на наследство",1076
"наследство",popular,"биологическое наследство",1074
"наследство",popular,"наследство 19",1074
"наследство",popular,"в наследство вступает отказ",1074
"наследство",popular,"регистрация собственности наследства",1073
"наследство",popular,"власть по наследству страны",1073
"наследство",popular,"какой налог после вступления в наследство",1073
"наследство",popular,"заявление в суд вступление в наследство",1072
"наследство",popular,"вступление в наследство где",1072
"наследство",popular,"получив наследство надо платить налог",1070
"наследство",popular,"наследство глава 4",1070
"наследство",popular,"порно наследство",1069
"наследство",popular,"наследство отца мужа",1068
"наследство",popular,"служба передаваемая по наследству",1068
"наследство",popular,"срок принятия наследства установлен",1068
"наследство",popular,"наследство смотреть все серии подряд",1067
"наследство",popular,"войны за польское и испанское наследство",1067
