seed,tab,query,shows
"зависть",popular,"зависть",186528
"зависть",popular,"сериал зависть",42582
"зависть",popular,"зависть турецкий",26598
"зависть",popular,"зависть турецкий сериал",25335
"зависть",popular,"зависть богов",17244
"зависть",popular,"смотреть зависть",17238
"зависть",popular,"фильм зависть",15391
"зависть",popular,"от сглаза и зависти",13358
"зависть",popular,"зависть турецкая серия",12852
"зависть",popular,"зависть бесплатно",11852
"зависть",popular,"зависть богов фильм",11414
"зависть",popular,"русский зависть",11363
"зависть",popular,"смотреть сериал зависть",11003
"зависть",popular,"зависть онлайн",10792
"зависть",popular,"зависть 2026",10634
"зависть",popular,"зависть 2025",10586
"зависть",popular,"сериал зависть 2025",10515
"зависть",popular,"порчу зависть",10406
"зависть",popular,"зависть сериал 2025 2026",10104
"зависть",popular,"зависть смотреть турецкий",10068
"зависть",popular,"зависть смотреть онлайн",9979
"зависть",popular,"смотреть турецкий сериал зависть",9877
"зависть",popular,"зависть смотреть бесплатно",9525
"зависть",popular,"зависть порча сглаз",9426
"зависть",popular,"русский сериал зависть",8925
"зависть",popular,"зависть онлайн бесплатно",8625
"зависть",popular,"зависть смотреть онлайн бесплатно",8119
"зависть",popular,"зависть людей",7847
"зависть",popular,"зависть турецкий на русском",7737
"зависть",popular,"зависть актеры",7713
"зависть",popular,"зависть турецкий сериал на русском",7671
"зависть",popular,"хорошей завистью",7435
"зависть",popular,"сериал зависть смотреть бесплатно",7403
"зависть",popular,"зависть турецкий сериал бесплатный",7266
"зависть",popular,"сериал зависть онлайн",7227
"зависть",popular,"зависть сериал смотреть онлайн",7149
"зависть",popular,"смотреть бесплатно турецкий сериал зависть",7047
"зависть",popular,"зависть турецкий онлайн",6854
"зависть",popular,"зависть турецкий сериал онлайн",6834
"зависть",popular,"зависть смотреть онлайн турецкий",6796
"зависть",popular,"смотреть серий зависть",6783
"зависть",popular,"зависть турецкий сериал смотреть онлайн",6775
"зависть",popular,"молитва от зависти",6503
"зависть",popular,"сериал зависть смотреть онлайн бесплатно",6357
"зависть",popular,"качества зависти",6289
"зависть",popular,"суть зависти",6234
"зависть",popular,"зависть бывшей",6233
"зависть",popular,"зависть смотреть онлайн бесплатно турецкий",6126
"зависть",popular,"зависть турецкий сериал смотреть онлайн бесплатно",6106
"зависть",popular,"зависть на русском языке",5904
"зависть",popular,"сериал зависть на русском языке",5675
"зависть",popular,"зависть на турецком языке",5570
"зависть",popular,"зависть смотреть на русском",5568
"зависть",popular,"сериал зависть на турецком языке",5540
"зависть",popular,"зависть турецкий сериал на русском языке",5537
"зависть",popular,"зависть богов 2000",5442
"зависть",popular,"зависть богов фильм 2000",5293
"зависть",popular,"сериал зависть смотреть на русском",5266
"зависть",popular,"смотреть на русском турецкие сериалы зависть",5130
"зависть",popular,"смотреть в хорошем качестве зависть",5100
"зависть",popular,"песня зависть",5076
"зависть",popular,"зависть смотреть онлайн в хорошем",4938
"зависть",popular,"какой зависти",4906
"зависть",popular,"зависть на русском языке смотреть",4835
"зависть",popular,"зависть смотреть онлайн бесплатно в хорошем",4806
"зависть",popular,"смотреть сериал на русском языке зависть",4759
"зависть",popular,"смотреть на русском бесплатно зависть",4751
"зависть",popular,"сериал зависть актеры",4734
"зависть",popular,"зависть смотреть онлайн в хорошем качестве",4719
"зависть",popular,"зависть видео",4699
"зависть",popular,"зависть смотреть онлайн бесплатно в хорошем качестве",4682
"зависть",popular,"смотреть турецкий сериал зависть на русском языке",4628
"зависть",popular,"зависть турецкий на русском бесплатно",4436
"зависть",popular,"зависть турецкий сериал смотреть на русском бесплатно",4382
"зависть",popular,"зависть сериал на русском языке бесплатно",4316
"зависть",popular,"1 зависть",4274
"зависть",popular,"молитва от сглаза и зависти",4213
"зависть",popular,"белая зависть",4133
"зависть",popular,"бела зависть",4132
"зависть",popular,"зависть онлайн бесплатно русский",3990
"зависть",popular,"зависть зла",3975
"зависть",popular,"про зависть",3950
"зависть",popular,"зависть смотреть онлайн на русском",3946
"зависть",popular,"смотреть онлайн на русском зависть бесплатно",3890
"зависть",popular,"колдовство зависть",3845
"зависть",popular,"сериал хорошие зависть",3775
"зависть",popular,"зависть слушать",3683
"зависть",popular,"смотреть сериал в хорошем качестве зависть",3627
"зависть",popular,"зависть на русском языке онлайн",3605
"зависть",popular,"зависть отзывы",3575
"зависть",popular,"зависть русском языке смотреть онлайн бесплатно",3573
"зависть",popular,"зависть турецкий сериал серия смотреть онлайн",3561
"зависть",popular,"дуа от зависти",3536
"зависть",popular,"сериал смотреть онлайн на русском языке зависть",3532
"зависть",popular,"колдовство зависть порча",3519
"зависть",popular,"сильная зависть",3471
"зависть",popular,"от зависти от сглаза от колдовства",3470
"зависть",popular,"зависть скачать",3455
"зависть",popular,"зависть турецкий сериал смотреть хорошем качестве",3400
"зависть",popular,"от сглаза порчи зависти колдовства",3346
"зависть",popular,"зависть 2",3293
"зависть",popular,"зависть актеры 2025",3054
"зависть",popular,"зависть сериал актеры 2025",3052
"зависть",popular,"зависть сериал 2025 2026 актеры",3045
"зависть",popular,"злая зависть",3010
"зависть",popular,"молитва от порчи зависти",3008
"зависть",popular,"зависть богов смотреть",2898
"зависть",popular,"смотреть фильм зависть",2843
"зависть",popular,"дуа от сглаза и зависти",2779
"зависть",popular,"молитвы от сглаза порчи и зависти",2778
"зависть",popular,"зависть другому",2615
"зависть",popular,"черная зависть",2604
"зависть",popular,"дуа от порчи зависти",2575
"зависть",popular,"зависть озвучка",2532
"зависть",popular,"зависть богов актеры",2517
"зависть",popular,"без зависти",2458
"зависть",popular,"зависть любовь",2436
"зависть",popular,"от зависти люди злые",2315
"зависть",popular,"смотреть фильм зависть богов",2300
"зависть",popular,"чувство зависти",2214
"зависть",popular,"зависть текст",2193
"зависть",popular,"дуа от сглаза зависти и порчи",2162
"зависть",popular,"сура от зависти",2124
"зависть",popular,"зависть русская озвучка",2117
"зависть",popular,"молитва от зла и зависти",2049
"зависть",popular,"зависть 1 серия",2036
"зависть",popular,"слушать от сглаза зависти и порчи",1978
"зависть",popular,"сура от сглаза и зависти",1966
"зависть",popular,"зависть людей сглаз",1947
"зависть",popular,"глаза зависти",1924
"зависть",popular,"зависть все серии",1874
"зависть",popular,"зависть богов бесплатно",1871
"зависть",popular,"молитва от зависти и злых",1866
"зависть",popular,"молитва от зависти человека",1861
"зависть",popular,"дуа от порчи зависти колдовства",1861
"зависть",popular,"дуа от сглаза зависти колдовства",1827
"зависть",popular,"злость зависть",1822
"зависть",popular,"почему зависти",1820
"зависть",popular,"от сглаза зависти злых людей",1811
"зависть",popular,"3 зависть",1794
"зависть",popular,"зависть завидовать",1735
"зависть",popular,"молитвы от зла зависти людей",1730
"зависть",popular,"зависть подруги",1722
"зависть",popular,"зависть богов смотреть бесплатно",1719
"зависть",popular,"зависть 1 сезон",1716
"зависть",popular,"молитва от зависти и злых людей",1714
"зависть",popular,"сколько зависти",1712
"зависть",popular,"зависть богов онлайн",1694
"зависть",popular,"зависть 1 серия 1 сезон",1688
"зависть",popular,"актеры фильма зависть",1675
"зависть",popular,"зависть богов смотреть онлайн",1667
"зависть",popular,"молитва от зла зависти и сглаза",1644
"зависть",popular,"молитва от сглаза и зависти злых",1642
"зависть",popular,"все серии сериала зависть",1641
"зависть",popular,"фильм зависть богов бесплатно",1628
"зависть",popular,"дуа от зависти и колдовства",1625
"зависть",popular,"сериал зависть отзывы",1612
"зависть",popular,"фильм зависть смотреть бесплатно",1606
"зависть",popular,"кишлак зависть",1598
"зависть",popular,"зависть самое",1581
"зависть",popular,"фильм онлайн зависть",1577
"зависть",popular,"зависть фильм смотреть онлайн",1558
"зависть",popular,"дуа от порчи и сглаза колдовства зависти",1551
"зависть",popular,"молитва от зависти людей сглаза",1537
"зависть",popular,"турецкий сериал зависть все серии",1537
"зависть",popular,"скачать песню зависть",1537
"зависть",popular,"молитва от сглаза и зависти злых людей",1520
"зависть",popular,"зависть сериал 1 1",1520
"зависть",popular,"фильм зависть богов актеры",1514
"зависть",popular,"зависть богов онлайн бесплатно",1513
"зависть",popular,"суры от сглаза порчи зависти",1506
"зависть",popular,"зависть богов смотреть онлайн бесплатно",1497
"зависть",popular,"олеша зависть",1496
"зависть",popular,"фильм зависть богов смотреть бесплатно",1495
"зависть",popular,"став зависть",1491
"зависть",popular,"сериал зависть 1 серия",1483
"зависть",popular,"фильм зависть богов онлайн",1462
"зависть",popular,"зависть на работе",1453
"зависть",popular,"фильм зависть богов смотреть онлайн",1446
"зависть",popular,"зависть 4",1446
"зависть",popular,"суры от зависти и порчи",1442
"зависть",popular,"вызывает зависть",1431
"зависть",popular,"описание зависти",1414
"зависть",popular,"фильм зависть смотреть онлайн бесплатно",1414
"зависть",popular,"зависть 5",1407
"зависть",popular,"зависть богов смотреть в хорошем",1391
"зависть",popular,"зависть богов хорошее качество",1378
"зависть",popular,"зависть сериал 2025 2026 видео",1362
"зависть",popular,"фильм онлайн бесплатно зависть богов",1353
"зависть",popular,"зависть богов смотреть бесплатно в хорошем",1349
"зависть",popular,"дом зависть",1345
"зависть",popular,"фильм зависть богов смотреть онлайн бесплатно",1344
"зависть",popular,"зависть богов смотреть в хорошем качестве",1342
"зависть",popular,"фильм зависть в хорошем качестве",1339
"зависть",popular,"в мире зависти",1339
"зависть",popular,"зависть богов бесплатно в хорошем качестве",1329
"зависть",popular,"фильм зависть смотреть в хорошем качестве",1317
"зависть",popular,"зависть книга",1313
"зависть",popular,"зависть богов смотреть бесплатно в хорошем качестве",1305
"зависть",popular,"зависть группа",1304
"зависть",popular,"зависти детей",1303
"зависть",popular,"молитвы от порчи зависти зла",1299
"зависть",popular,"молитвы от зависти и порчи злых",1290
"зависть",popular,"где зависть",1281
"зависть",popular,"смотреть фильм зависть богов в хорошем",1265
"зависть",popular,"зависть злоба",1258
"зависть",popular,"зависть богов смотреть онлайн в хорошем",1242
"зависть",popular,"зависть коллег",1238
"зависть",popular,"сериал зависть 1 сезон 1 серия",1233
"зависть",popular,"зависть богов онлайн хорошего качества",1230
"зависть",popular,"большая зависть",1228
"зависть",popular,"фильм зависть богов смотреть бесплатно в хорошем",1227
"зависть",popular,"смотреть фильм зависть богов в хорошем качестве",1227
"зависть",popular,"смотреть зависть богов онлайн хорошем качестве",1226
"зависть",popular,"фильм зависть смотреть онлайн в хорошем",1223
"зависть",popular,"зависть сериал 2025 2026 отзывы",1221
"зависть",popular,"зависть турецкий актер",1215
"зависть",popular,"зависть сериал смотреть все серии",1210
"зависть",popular,"зависть живет",1197
"зависть",popular,"сильнейшая молитва от зависти",1193
"зависть",popular,"слушать от порчи и сглаза колдовства зависти",1189
"зависть",popular,"зависть цитаты",1183
"зависть",popular,"смотреть турецкий сериал зависть все серии",1181
"зависть",popular,"молитва от зависти порчи злых человек",1178
"зависть",popular,"зависть все серии русская",1175
"зависть",popular,"зависть 6",1170
"зависть",popular,"турецкий сериал зависть актеры",1168
"зависть",popular,"зависть фото",1149
"зависть",popular,"три зависть",1139
"зависть",popular,"зависть 9",1135
"зависть",popular,"радость зависть",1133
"зависть",popular,"зависть турецкий сериал на русском все серии",1123
"зависть",popular,"зависть женщины",1107
"зависть",popular,"зависть сук",1090
"зависть",popular,"зависть сука",1090
"зависть",popular,"зависть сколько серий",1089
"зависть",popular,"14 зависть",1083
"зависть",popular,"когда зависть сильнее любви",1080
"зависть",popular,"зависть читать",1065
"зависть",popular,"томат всем на зависть",1063
"зависть",popular,"зависть друзей",1062
"зависть",popular,"смотреть сериал зависть все серии бесплатно",1060
"зависть",popular,"сильная молитва от сглаза и зависти",1058
"зависть",popular,"смотреть бесплатно сериал турецкий зависть все серии",1051
"зависть",popular,"зависть смотреть все серии онлайн",1036
"зависть",popular,"сериал зависть русская озвучка",1029
"зависть",popular,"зависть слушать бесплатно",1029
"зависть",popular,"ведьма зависти",1024
"зависть",popular,"чужая зависть",1015
"зависть",popular,"зависть 30",1002
"зависть",popular,"зависть молодым",1000
"зависть",popular,"сколько сериал зависть",997
"зависть",popular,"зависть реклама",990
"зависть",popular,"фильм зависть отзывы",989
"зависть",popular,"зависть машина",984
"зависть",popular,"турецкий сериал русской озвучкой зависть",982
"зависть",popular,"зависть 7",963
"зависть",popular,"зависть 12",957
"зависть",popular,"страх зависти",942
"зависть",popular,"защита от зависти",941
"зависть",popular,"зависть богов отзывы",938
"зависть",popular,"цвет зависти",935
"зависть",popular,"зависть девушка",935
"зависть",popular,"откуда зависть",930
"зависть",popular,"как избавиться от зависти",926
"зависть",popular,"зависть 26",914
"зависть",popular,"фильм зависть богов отзывы",913
"зависть",popular,"зависть 29",911
"зависть",popular,"сура от зависти и колдовства",910
"зависть",popular,"сура от порчи и колдовства зависти",910
"зависть",popular,"сура от сглаза зависти и колдовства",910
"зависть",popular,"суры от сглаза и порчи зависти колдовства",910
"зависть",popular,"зависть актеры и роли",909
"зависть",popular,"сура от сглаза и зависти слушать",906
"зависть",popular,"буквы зависть",890
"зависть",popular,"зависть помогла",887
"зависть",popular,"завидую белой завистью",885
"зависть",popular,"зависть 8",885
"зависть",popular,"гнев зависть",871
"зависть",popular,"зависть 24",868
"зависть",popular,"мелодрама зависть",861
"зависть",popular,"тема зависти",861
"зависть",popular,"зависть богов фильм 2000 отзывы",856
"зависть",popular,"зависть 16",855
"зависть",popular,"от зависти дуа слушать",849
"зависть",popular,"зависть богов 2000 актеры",845
"зависть",popular,"зависть богов фильм 2000 актеры",845
"зависть",popular,"зависть 14 серия",841
"зависть",popular,"зависть вопрос",840
"зависть",popular,"зависть бедных",839
"зависть",popular,"дуа от сглаза зависти слушать",839
"зависть",popular,"женская зависть",837
"зависть",popular,"что ответить на зависть",830
"зависть",popular,"зависть сестры",825
"зависть",popular,"зависть 26 серия",823
"зависть",popular,"зависть другим людям",820
"зависть",popular,"убиваем зависть",817
"зависть",popular,"зависть 15",804
"зависть",popular,"от сильной порчи и зависти",795
"зависть",popular,"фильм без зависти",793
"зависть",popular,"православные молитвы от зависти",791
"зависть",popular,"зависть 18",787
"зависть",popular,"зависть коллег на работе",771
"зависть",popular,"зависть счастью",771
"зависть",popular,"зависть турецкий сериал сезон",769
"зависть",popular,"слушать дуа от зависти порчи сглаза",768
"зависть",popular,"гордость зависть",766
"зависть",popular,"молитва от зависти и сглаза православная",759
"зависть",popular,"зависть 19",759
"зависть",popular,"зависть 10",753
"зависть",popular,"название зависть",752
"зависть",popular,"зависть 9 серия",751
"зависть",popular,"сильные молитвы зависти и порчи",748
"зависть",popular,"зависть 24 серия",745
"зависть",popular,"история зависти",740
"зависть",popular,"зависть в жизни",733
"зависть",popular,"дуа от порчи зависти колдовства слушать",733
"зависть",popular,"дуа от сглаза порчи зависти колдовства слушать",733
"зависть",popular,"черная зависть фильм",731
"зависть",popular,"слушать дуа от зависти и порчи",729
"зависть",popular,"зависть турция",723
"зависть",popular,"зависть сосед",723
"зависть",popular,"зависть 12 серия",723
"зависть",popular,"зависть семье",718
"зависть",popular,"сильные молитвы от сглаза и порчи зависти",711
"зависть",popular,"добрая зависть",711
"зависть",popular,"зависть бывших коллег",706
"зависть",popular,"зависть турецкий сериал сколько",703
"зависть",popular,"зависть турецкий сколько серий",701
"зависть",popular,"зависть и ненависть",697
"зависть",popular,"смотреть бесплатно без рекламы зависть богов",697
"зависть",popular,"оберег от зависти",697
"зависть",popular,"зависть отношениям",695
"зависть",popular,"зависть 6 серия",694
"зависть",popular,"коллеги с завистью спрашивают",693
"зависть",popular,"зависть желание",692
"зависть",popular,"коллеги с завистью спрашивают откуда",690
"зависть",popular,"зависть жертвы",687
"зависть",popular,"зависть врагов",686
"зависть",popular,"зависть богов фильм без рекламы",686
"зависть",popular,"смотреть фильм зависть богов без рекламы",686
"зависть",popular,"фильм зависть богов без рекламы бесплатно",685
"зависть",popular,"турецкий фильм зависть",685
"зависть",popular,"зависть 15 серия",684
"зависть",popular,"зависть картинки",682
"зависть",popular,"сура от порчи и сглаза зависти слушать",682
"зависть",popular,"сериал зависть турецкий сколько серий",681
"зависть",popular,"зависть это грех",680
"зависть",popular,"ответы на зависть",678
"зависть",popular,"алентова зависть богов",672
"зависть",popular,"может ли зависть",672
"зависть",popular,"содержание зависть",669
"зависть",popular,"зависть 16 серия",666
"зависть",popular,"зависть турецкий 1 1",663
"зависть",popular,"зависть 17",663
"зависть",popular,"зависть богов смотреть онлайн без рекламы",658
"зависть",popular,"кишлак зависть текст",656
"зависть",popular,"заговор от зависти",653
"зависть",popular,"зависть предложение",652
"зависть",popular,"зависть 32",650
"зависть",popular,"много зависти",648
"зависть",popular,"обиды зависть",644
"зависть",popular,"зависть 27",642
"зависть",popular,"зависть сук песня",641
"зависть",popular,"песня зависть сука",641
"зависть",popular,"природа зависти",641
"зависть",popular,"зависть успеху",641
"зависть",popular,"зависть скачать бесплатно",640
"зависть",popular,"зависть все серии подряд",635
"зависть",popular,"зависть 1 серия турецкий",630
"зависть",popular,"болезни от сглаза и зависти",630
"зависть",popular,"зависть головоломка",630
"зависть",popular,"зависть 28",627
"зависть",popular,"зависть на английском",627
"зависть",popular,"зависть сериал 26",626
"зависть",popular,"зависть 19 серия",626
"зависть",popular,"зависть 29 серия",618
"зависть",popular,"зависть серия 1 смотреть",614
"зависть",popular,"сериал зависть все серии подряд",613
"зависть",popular,"зависть жены",612
"зависть",popular,"зависть 20",605
"зависть",popular,"зависть богов роли",605
"зависть",popular,"признаки зависти",604
"зависть",popular,"зависть сериал 2025 2026 серия",603
"зависть",popular,"зависть гордыня",603
"зависть",popular,"сериал зависть 14 серия",601
"зависть",popular,"зависть это простыми",599
"зависть",popular,"зависть матери",598
"зависть",popular,"крид зависть",597
"зависть",popular,"зависть турецкий сериал 1 серия",596
"зависть",popular,"зависть лень",595
"зависть",popular,"зависть 32 серия",595
"зависть",popular,"цитаты про зависть",593
"зависть",popular,"зависть каина",591
"зависть",popular,"зависть прошла",591
"зависть",popular,"слова из слова зависть",590
"зависть",popular,"сериал зависть 2",590
"зависть",popular,"зависть егор",589
"зависть",popular,"зависть какого цвета",588
"зависть",popular,"зависть рассказ",586
"зависть",popular,"что значит зависть",585
"зависть",popular,"юрий олеша зависть",584
"зависть",popular,"сериал зависть 26 серия",583
"зависть",popular,"зависть 27 серия",579
"зависть",popular,"сила зависти",578
"зависть",popular,"зависть турецкий сериал все серии подряд",578
"зависть",popular,"зависть 11",574
"зависть",popular,"зависть 30 серия",574
"зависть",popular,"зависть 23",573
"зависть",popular,"день зависти",573
"зависть",popular,"зависть синоним",572
"зависть",popular,"зависть 21",572
"зависть",popular,"молитва от зависти и колдовства",571
"зависть",popular,"зависть 22",569
"зависть",popular,"молитвы от колдовства зависти порчи",567
"зависть",popular,"сильная молитва от зла зависти",566
"зависть",popular,"найти зависть",566
"зависть",popular,"жертва зависти библейского",565
"зависть",popular,"жертва зависти каина",562
"зависть",popular,"зависть братьев",562
"зависть",popular,"зависть 1 сезон смотреть",558
"зависть",popular,"13 зависть",557
"зависть",popular,"когда зависть сильнее любви мелодрама",556
"зависть",popular,"жертва зависти библейского каина",551
"зависть",popular,"зависть смотреть все серии подряд",551
"зависть",popular,"зависть 18 серия",550
"зависть",popular,"сериал зависть 24",545
"зависть",popular,"егор крид зависть",544
"зависть",popular,"виды зависти",542
"зависть",popular,"зависть 25",542
"зависть",popular,"зависть и ревность",542
"зависть",popular,"зависть сериал смотреть все серии подряд",541
"зависть",popular,"молитва от зависти людей сильная",541
"зависть",popular,"зависть 33",538
"зависть",popular,"как пишется зависть",537
"зависть",popular,"зависть 28 серия",537
"зависть",popular,"молитва от колдовства зависти сглаза",537
"зависть",popular,"зависть 17 серия",537
"зависть",popular,"зависть турецкий 26",535
"зависть",popular,"зависть мужу",535
"зависть",popular,"турецкий сериал зависть смотреть все серии подряд",533
"зависть",popular,"зависть 31",533
"зависть",popular,"защита от сглаза и зависти",532
"зависть",popular,"порно зависть",530
"зависть",popular,"молитвы от порчи сглаза зависти колдовства",529
"зависть",popular,"начинать зависть",528
"зависть",popular,"фильм зависть сильнее",526
"зависть",popular,"твоя зависть",523
"зависть",popular,"молитва от зависти злых людей сильная",521
"зависть",popular,"зависть негатив",518
"зависть",popular,"зависть сериал 9",518
"зависть",popular,"зависть смысл",516
"зависть",popular,"характеристика зависти",515
"зависть",popular,"зависть турецкий 26 серия",514
"зависть",popular,"зависть проходит",514
"зависть",popular,"сказка зависть",513
"зависть",popular,"молитва от сглаза и зависти сильная православная",513
"зависть",popular,"сильная молитва от сглаза и зависти злых",512
"зависть",popular,"зависть деньгам",507
"зависть",popular,"против зависти",506
"зависть",popular,"зависть турецкий 14",506
"зависть",popular,"ни зависть",505
"зависть",popular,"зависть счастливых",505
"зависть",popular,"зависть 2 серия",501
"зависть",popular,"сериал зависть 12",501
"зависть",popular,"serjj зависть",499
"зависть",popular,"текст песни зависть",499
"зависть",popular,"смотреть сериал зависть 1 серия",497
"зависть",popular,"зависть 8 серия",496
"зависть",popular,"зависть турецкий сериал 26",496
"зависть",popular,"сидела зависть",496
"зависть",popular,"зависть 23 серия",495
"зависть",popular,"зависть разрушает",495
"зависть",popular,"ложь зависть",494
"зависть",popular,"зависть 31 серия",492
"зависть",popular,"сериал зависть 16",491
"зависть",popular,"слушать онлайн зависть",489
"зависть",popular,"молитвы от зависти слушать",489
"зависть",popular,"зависть описание серий",489
"зависть",popular,"с какими цветами ассоциируется зависть",488
"зависть",popular,"сериал зависть 24 серия",487
"зависть",popular,"какой цвет ассоциируется с завистью",486
"зависть",popular,"зависть турецкий сериал 14",485
"зависть",popular,"зависть 20 серия",484
"зависть",popular,"сорт всем на зависть",479
"зависть",popular,"мантра от зависти",478
"зависть",popular,"зависть турецкий 2",478
"зависть",popular,"зависть турецкий сериал 26 серия",478
"зависть",popular,"сериал зависть 9 серия",477
"зависть",popular,"сериал зависть 12 серия",477
"зависть",popular,"зависть сочинение",477
"зависть",popular,"зависть 14 серия турецкий",477
"зависть",popular,"сериал зависть 15 серия",476
"зависть",popular,"фильм любовь зависть",475
"зависть",popular,"зависть 21 серия",475
"зависть",popular,"зависть 33 серия",475
"зависть",popular,"завести или зависти",472
"зависть",popular,"зависть святые",472
"зависть",popular,"зависть какая эмоция",469
"зависть",popular,"ваша зависть",468
"зависть",popular,"зависть сериал 29",468
"зависть",popular,"зависть 2004",467
"зависть",popular,"зависть турецкий 9",466
"зависть",popular,"зависть 22 серия",466
"зависть",popular,"зависть отца",465
"зависть",popular,"жертва зависти библейского каина кроссворд",465
"зависть",popular,"соседская зависть",463
"зависть",popular,"зависть жадность гордость",461
"зависть",popular,"зависть скрытый",461
"зависть",popular,"зависть сериал 6",460
"зависть",popular,"зависть турецкий 24",460
"зависть",popular,"молитвы от зла колдовства зависти",459
"зависть",popular,"зависть турецкий сериал 14 серия",459
"зависть",popular,"зависть клуб",458
"зависть",popular,"покажи зависть",456
"зависть",popular,"зависть 1 серия русская",456
"зависть",popular,"зависть турецкий сериал 2",456
"зависть",popular,"зависть 25 серия",455
"зависть",popular,"какой цвет ассоциируется с завистью и природой",454
"зависть",popular,"от колдовства зависти людей",453
"зависть",popular,"зависть 10 серия",451
"зависть",popular,"зависть русский фильм",450
"зависть",popular,"молитвы от сглаза порчи зависти православные",449
"зависть",popular,"православные молитвы от зависти и порчи",449
"зависть",popular,"зависть и жадность",448
"зависть",popular,"месть зависть",447
"зависть",popular,"зависть 2 сезон",447
"зависть",popular,"зависть турецкий сериал 24",446
"зависть",popular,"зависть дело",446
"зависть",popular,"зависть коран",446
"зависть",popular,"какое слово зависть",446
"зависть",popular,"черная зависть 2004",445
"зависть",popular,"как бороться с завистью",443
"зависть",popular,"сериал зависть актеры и роли",442
"зависть",popular,"сериал зависть 16 серия",441
"зависть",popular,"сериал зависть 27",440
"зависть",popular,"зависть б",440
"зависть",popular,"зависть стороны",439
"зависть",popular,"сериал зависть 19",436
"зависть",popular,"зависть фильм 2004",436
"зависть",popular,"психология зависти",435
"зависть",popular,"человеческая зависть",434
"зависть",popular,"зависть турецкой 9 серия",433
"зависть",popular,"черная зависть фильм 2004",433
"зависть",popular,"зависть причины",433
"зависть",popular,"сериал зависть 29 серия",433
"зависть",popular,"меньше зависти",432
"зависть",popular,"зависть как правильно",431
"зависть",popular,"принять зависть",431
"зависть",popular,"сериал зависть 6 серия",431
"зависть",popular,"прячешь зависть",431
"зависть",popular,"зависть значения",429
"зависть",popular,"сериал зависть 27 серия",428
"зависть",popular,"зависть смертный грех",425
"зависть",popular,"имя зависти",424
"зависть",popular,"от сглаза и зависти дома",424
"зависть",popular,"зависть турецкий 29",423
"зависть",popular,"зависть сериал 28",420
"зависть",popular,"слушать сура от зависти колдовства порчи",419
"зависть",popular,"защита от порчи зависти",419
"зависть",popular,"зависть турецкий 24 серия",418
"зависть",popular,"зависть турецкий сериал 29",418
"зависть",popular,"зависть счастью других",418
"зависть",popular,"зависть сериал 32",415
"зависть",popular,"зависть турецкий 12",414
"зависть",popular,"зависть турецкий 16",414
"зависть",popular,"оберег от зависти и сглаза",411
"зависть",popular,"роман зависть",411
"зависть",popular,"зависть турецкий сериал 24 серия",408
"зависть",popular,"зависть богов актеры и роли",408
"зависть",popular,"зависть словосочетания",408
"зависть",popular,"зависть турецкий сериал 9",408
"зависть",popular,"29 серия зависть турецкий",404
"зависть",popular,"кино зависть",403
"зависть",popular,"зависть турецкий актеры и роли",403
"зависть",popular,"зависть турецкий сериал актеры и роли",403
"зависть",popular,"сериал зависть 19 серия",403
"зависть",popular,"описание томата всем на зависть",402
"зависть",popular,"зависть бывшей девушке",401
"зависть",popular,"зависть турецкий 15",400
"зависть",popular,"турецкие сериалы зависть 29 серия",400
"зависть",popular,"как справиться с завистью",399
"зависть",popular,"зависть спб",399
"зависть",popular,"зависть сериал турция",399
"зависть",popular,"сериал зависть 32 серия",398
"зависть",popular,"зависть турецкий 12 серия",398
"зависть",popular,"зависть 11 серия",397
"зависть",popular,"описание сериала зависть",397
"зависть",popular,"зависть всегда зависть",397
"зависть",popular,"молитва от зла и зависти православная",397
"зависть",popular,"турецкий сериал зависть 1 сезон",396
"зависть",popular,"зависть ре зеро",396
"зависть",popular,"мусульманские молитвы от зависти",392
"зависть",popular,"зависть турецкий сериал 12",391
"зависть",popular,"зависть 13 серия",391
"зависть",popular,"зависть 7 серия",391
"зависть",popular,"зависть православного человека",390
"зависть",popular,"сериал зависть 28 серия",390
"зависть",popular,"сериал зависть 30",390
"зависть",popular,"типы зависти",389
"зависть",popular,"зависть турецкий 6",388
"зависть",popular,"заговор от сглаза зависти",387
"зависть",popular,"зависть дамы",387
"зависть",popular,"от сглаза и зависти мусульманская",386
"зависть",popular,"молитва от зависти людей православная",386
"зависть",popular,"зависть мужчины",386
"зависть",popular,"зависть турецкий сериал 15",385
"зависть",popular,"зависть сериал 8",385
"зависть",popular,"зависть турецкий сериал на 1 1",385
"зависть",popular,"молитва от зависти злых людей православная",384
"зависть",popular,"зависть и благодарность",384
"зависть",popular,"пусть зависть",384
"зависть",popular,"зависть турецкий 15 серия",383
"зависть",popular,"сериал зависть 2 серия",382
"зависть",popular,"фильм когда зависть сильнее любви",381
"зависть",popular,"как называется зависть",381
"зависть",popular,"зависть турецкий 28",381
"зависть",popular,"сериал зависть 23",380
"зависть",popular,"зависть 3 серия",380
"зависть",popular,"зависть турецкий сериал 16",380
"зависть",popular,"зависть это плохо",380
"зависть",popular,"зависть турецкий 19",379
"зависть",popular,"камень от зависти",378
"зависть",popular,"сравнения зависть",377
"зависть",popular,"зависть турецкий 27",376
"зависть",popular,"зависть турецкий сериал 12 серия",375
"зависть",popular,"зависть турецкий сериал 9 серия",375
"зависть",popular,"как проявляется зависть",374
"зависть",popular,"зависть 34",373
"зависть",popular,"порча сглаз зависть защита",373
"зависть",popular,"зависть дружба",373
"зависть",popular,"зависть 26 серия русская",373
"зависть",popular,"зависть турецкий 16 серия",373
"зависть",popular,"зависть турецкий сериал 28",372
"зависть",popular,"мантра от сглаза и зависти",371
"зависть",popular,"мусульманская молитва от сглаза зависти",370
"зависть",popular,"уважение зависть",369
"зависть",popular,"турецкий сериал зависть 15 серия",369
"зависть",popular,"молитва от зависти сглаза слушать",368
"зависть",popular,"зависть турецкий 27 серия",368
"зависть",popular,"зависть 14 серия русская",367
"зависть",popular,"зависть турецкий сериал 19",365
"зависть",popular,"зависть турецкий 19 серия",365
"зависть",popular,"зависть турецкий сериал 27",364
"зависть",popular,"зависти полна",364
"зависть",popular,"зависть турецкий сериал на русском 1 серия",364
"зависть",popular,"зависть дочери",363
"зависть",popular,"зависть приводит",362
"зависть",popular,"зависть турецкий 30",361
"зависть",popular,"зависть страшное",360
"зависть",popular,"зависть сериал 30 серия",360
"зависть",popular,"мантра от порчи и зависти",360
"зависть",popular,"зависть турецкий 6 серия",359
"зависть",popular,"не зависти друг другом",359
"зависть",popular,"сериал зависть 21",358
"зависть",popular,"сериал зависть 18",358
"зависть",popular,"мантра от порчи и сглаза зависти",358
"зависть",popular,"зависть 28 серия турецкий",357
"зависть",popular,"плачу от зависти",357
"зависть",popular,"лицо зависти",357
"зависть",popular,"чувствую зависть",356
"зависть",popular,"турецкий сериал зависть 27 серия",356
"зависть",popular,"книга зависть олеша",355
"зависть",popular,"зависть турецкий сериал 6",354
"зависть",popular,"зависть турецкий сериал 19 серия",354
"зависть",popular,"зависть в исламе",353
"зависть",popular,"предмет зависти",353
"зависть",popular,"зависть фразы",352
"зависть",popular,"зависть красоте",351
"зависть",popular,"музыка зависти",350
"зависть",popular,"плакать от зависти",350
"зависть",popular,"сериал зависть 23 серия",350
"зависть",popular,"зависть турецкий 32",349
"зависть",popular,"зависть турецкий сериал 30",349
"зависть",popular,"примеры зависти",349
"зависть",popular,"зависть турецкий сериал 28 серия",348
"зависть",popular,"сериал зависть 8 серия",347
"зависть",popular,"сильная дуа от зависти",346
"зависть",popular,"зависть турецкий сериал 16 серия",345
"зависть",popular,"зависть г",345
"зависть",popular,"статус зависть",342
"зависть",popular,"сериал зависть описание серий",342
"зависть",popular,"сериал зависть 10 серия",341
"зависть",popular,"тест на зависть",341
"зависть",popular,"зависти вк",341
"зависть",popular,"зависть турецкий 32 серия",341
"зависть",popular,"зависть турецкий 30 серия",341
"зависть",popular,"близко зависть",340
"зависть",popular,"томат соседская зависть",340
"зависть",popular,"зависть богов год",339
"зависть",popular,"зависть слушать онлайн бесплатно",339
"зависть",popular,"сериал зависть 25 серия",338
"зависть",popular,"зависть турецкий сериал 1 1 смотреть",338
"зависть",popular,"зависть часть",337
"зависть",popular,"как защититься от зависти",337
"зависть",popular,"аудиокнига зависть",336
"зависть",popular,"зависть сюжет",336
"зависть",popular,"зависть это простыми словами",336
"зависть",popular,"зависть турецкий сериал смотреть 1 серия",336
"зависть",popular,"турецкие сериалы зависть 32",335
"зависть",popular,"зависть игры",335
"зависть",popular,"зависть сериал 11",332
"зависть",popular,"дуа от сглаза зависти болезни",332
"зависть",popular,"зависть 5 серия",332
"зависть",popular,"зависть сериал 33",332
"зависть",popular,"зависть речь",331
"зависть",popular,"зависть чем закончится",331
"зависть",popular,"открытая зависть",330
"зависть",popular,"дуа от порчи сглаза болезни зависть",330
"зависть",popular,"сериал зависть 17 серия",329
"зависть",popular,"сериал зависть 18 серия",329
"зависть",popular,"турецкие сериалы зависть 30 серия",329
"зависть",popular,"сериал зависть 20",329
"зависть",popular,"зависть появляется",328
"зависть",popular,"сериал зависть 21 серия",327
"зависть",popular,"турецкий сериал зависть 32 серия",327
"зависть",popular,"как понять зависть",326
"зависть",popular,"зависть турецкий 25",326
"зависть",popular,"дуа от зависти сглаза бесплатно",326
"зависть",popular,"зависть дамы за 30",325
"зависть",popular,"зависть турецкий сериал 6 серия",325
"зависть",popular,"зависть 34 серия",324
"зависть",popular,"зависть стальной",324
"зависть",popular,"зависть богов видео",324
"зависть",popular,"чем опасна зависть",323
"зависть",popular,"сериал зависть 22",321
"зависть",popular,"зависть сериал 31 сериал",320
"зависть",popular,"оберег от порчи и зависти",320
"зависть",popular,"содержание сериала зависть",319
"зависть",popular,"зависть автор",317
"зависть",popular,"дуа от болезни зависти колдовства порчи",317
"зависть",popular,"зависть перевод",316
"зависть",popular,"молитва от болезни колдовства порчи зависти",314
"зависть",popular,"похоть зависть",313
"зависть",popular,"тени зависть",313
"зависть",popular,"сериал зависть 20 серия",311
"зависть",popular,"россия зависть",309
"зависть",popular,"зависть турецкий 23",308
"зависть",popular,"ведьма зависти ре",308
"зависть",popular,"зависть алхимик",307
"зависть",popular,"оберег от сглаза порчи зависти",307
"зависть",popular,"зависть турецкий сериал 25",307
"зависть",popular,"зависть турецкий 25 серия",307
"зависть",popular,"темная зависть",307
"зависть",popular,"аль бакара от сглаза зависти",307
"зависть",popular,"какое чувство зависть",307
"зависть",popular,"зависть 24 серия русская",306
"зависть",popular,"зависть турецкий 2 серия",306
"зависть",popular,"сериал зависть 11 серия",306
"зависть",popular,"животное зависти",305
"зависть",popular,"сериал зависть 33 серия",305
"зависть",popular,"алентова в фильме зависть",304
"зависть",popular,"сильная дуа от сглаза зависти",304
"зависть",popular,"сериал зависть 31 серия",304
"зависть",popular,"зависть богов вера",302
"зависть",popular,"сериал зависть 22 серия",300
"зависть",popular,"бывать зависть",300
"зависть",popular,"зависть турецкий 31",300
"зависть",popular,"зависть сука скачать",299
"зависть",popular,"зависть турецкий 21",299
"зависть",popular,"алентова в фильме зависть богов",299
"зависть",popular,"как защитить себя от зависти",297
"зависть",popular,"томат всем на зависть характеристика",297
"зависть",popular,"зависть турецкий 8",297
"зависть",popular,"зависть турецкий сериал 2 серия",296
"зависть",popular,"зависть прилагательное",295
"зависть",popular,"сорт томата всем на зависть",295
"зависть",popular,"зависть антоним",294
"зависть",popular,"ре зеро ведьма зависти",293
"зависть",popular,"зависть помощь",293
"зависть",popular,"зависть турецкий сериал 23",293
"зависть",popular,"вера алентова зависть богов",293
"зависть",popular,"сплетни зависть",292
"зависть",popular,"зависть турецкий 2025",292
"зависть",popular,"зависть 9 серия русская",291
"зависть",popular,"зависть стальной алхимик",291
"зависть",popular,"турецкий сериал зависть 2025",291
"зависть",popular,"зависть турецкий сериал 25 серия",290
"зависть",popular,"дуа от сглаза зависти колдовства болезни",289
"зависть",popular,"зависть турецкий 31 серия",289
"зависть",popular,"кляйн зависть",289
"зависть",popular,"зависть турецкий 23 серия",288
"зависть",popular,"зависть турецкий 18",288
"зависть",popular,"зависть турецкий 21 серия",288
"зависть",popular,"зависть 12 серия русская",287
"зависть",popular,"пишет зависть зависть зависть",286
"зависть",popular,"зависть парня",285
"зависть",popular,"зависть турецкий 33",284
"зависть",popular,"вместе зависть",284
"зависть",popular,"зависть воздействие",283
"зависть",popular,"зависть ночи",283
"зависть",popular,"зависть ума",282
"зависть",popular,"зависть мысли",282
"зависть",popular,"зависть 15 серия русская",282
"зависть",popular,"зависть турецкий отзывы",282
"зависть",popular,"зависть произведения",281
"зависть",popular,"проявление зависти",281
"зависть",popular,"злой плачет от зависти",280
"зависть",popular,"зависть корень",280
"зависть",popular,"зависть турецкий сериал 31",280
"зависть",popular,"камень от сглаза и зависти",280
"зависть",popular,"зависть 5 букв",280
"зависть",popular,"смотреть зависть 26",279
"зависть",popular,"зависть окружающих",279
"зависть",popular,"зависть бар",279
"зависть",popular,"зависть родителей",279
"зависть",popular,"зависть турецкий сериал 23 серия",279
"зависть",popular,"serjj зависть скачать",278
"зависть",popular,"зависть турецкий 17",278
"зависть",popular,"содержание серий зависть",276
"зависть",popular,"зависть богов сцены",276
"зависть",popular,"проклятье завистью",275
"зависть",popular,"зависть турецкий 18 серия",275
"зависть",popular,"зависть сериал 7",275
"зависть",popular,"турецкие сериалы зависть 8",275
"зависть",popular,"зависть небес",275
"зависть",popular,"зависть богов фильм роли",274
"зависть",popular,"бед зависти",274
"зависть",popular,"зависть турецкий сериал описание",274
"зависть",popular,"зависть турецкий сериал 21",274
"зависть",popular,"что делать с завистью",274
"зависть",popular,"зависть турецкий 33 серия",273
"зависть",popular,"зависть турецкий сериал 31 серия",271
"зависть",popular,"группа зависть песни",271
"зависть",popular,"зависть турецкий 10",271
"зависть",popular,"зависть турецкий сериал 18",271
"зависть",popular,"зависть турецкий сериал 33",270
"зависть",popular,"зависть турецкий сериал отзывы",270
"зависть",popular,"сериал зависть 13 серия",269
"зависть",popular,"зависть измена",269
"зависть",popular,"некоторой зависти",268
"зависть",popular,"злой плачет от зависти добрый от",268
"зависть",popular,"зависть слушать полностью бесплатно",267
"зависть",popular,"турецкий сериал зависть 21 серия",267
"зависть",popular,"знаки зависти",266
"зависть",popular,"зависть турк",266
"зависть",popular,"карты зависти",266
"зависть",popular,"скачать бесплатно песню зависть",265
"зависть",popular,"томаты всем на зависть описание сорта",265
"зависть",popular,"зависть завистливый",265
"зависть",popular,"зависть 26 серия смотреть",264
"зависть",popular,"белая зависть 1",264
"зависть",popular,"зависть родственников",264
"зависть",popular,"зависть знакомой",263
"зависть",popular,"кляйн зависть и благодарность",263
"зависть",popular,"зависть турецкий 20",263
"зависть",popular,"алчность зависть",263
"зависть",popular,"соль от зависти",263
"зависть",popular,"зависть какой грех",263
"зависть",popular,"чревоугодие зависть",263
"зависть",popular,"стыд зависть",262
"зависть",popular,"зависть турецкий сериал 18 серия",262
"зависть",popular,"зависть турецкий описание серий",262
"зависть",popular,"зависть в сердце",261
"зависть",popular,"зависть турецкий 8 серия",261
"зависть",popular,"зависть турецкий содержание",260
"зависть",popular,"зависть турецкий сериал 10",260
"зависть",popular,"зависть турецкий 17 серия",259
"зависть",popular,"сериал зависть 2 сезон",259
"зависть",popular,"зависть способностям",259
"зависть",popular,"вечная зависть",259
"зависть",popular,"зависть турецкий сериал 33 серия",259
"зависть",popular,"завестью или завистью",257
"зависть",popular,"зависть или завесть",257
"зависть",popular,"современная зависть",257
"зависть",popular,"сериал зависть иви",257
"зависть",popular,"смотреть зависть 29",256
"зависть",popular,"зависть плохое чувство",256
"зависть",popular,"зависть турецкий 10 серия",256
"зависть",popular,"сериал зависть 3 серия",256
"зависть",popular,"зависть т",256
"зависть",popular,"деревня зависть",256
"зависть",popular,"зависть 27 серия русская",256
"зависть",popular,"зависть мнение",255
"зависть",popular,"зависть петербург",255
"зависть",popular,"зависть 24 серия смотреть",254
"зависть",popular,"тайная зависть",254
"зависть",popular,"зависть турецкий 22",254
"зависть",popular,"зависть турецкий сериал 17",253
"зависть",popular,"зависть турецкий 20 серия",252
"зависть",popular,"зависть и здоровье",252
"зависть",popular,"гнев зависть гордыня",252
"зависть",popular,"зависть суффикс",252
"зависть",popular,"зависть стране в мире",251
"зависть",popular,"зависть турецкий 11",251
"зависть",popular,"помидоры всем на зависть",251
"зависть",popular,"повесть зависть",251
"зависть",popular,"сериал зависть 7 серия",251
"зависть",popular,"песня зависть serjj",251
"зависть",popular,"зависть турецкий сериал описание серий",250
"зависть",popular,"зависть делает людей",249
"зависть",popular,"зеленая зависть",249
"зависть",popular,"турецкий сериал зависть сериал 20",248
"зависть",popular,"зависть 29 серия смотреть",248
"зависть",popular,"зависть турецкий сериал содержание",248
"зависть",popular,"зависть означает",247
"зависть",popular,"читать молитву от зависти",247
"зависть",popular,"на зависть многим",247
"зависть",popular,"сериал зависть 26 серия на русском",247
"зависть",popular,"зависть подруги фильм",246
"зависть",popular,"зависть душит",246
"зависть",popular,"лобоцкий зависть",246
"зависть",popular,"круг зависти",246
"зависть",popular,"зависть турецкий сериал 10 серия",245
"зависть",popular,"зависть сколько сезонов",245
"зависть",popular,"зависть санкт петербург",245
"зависть",popular,"зависть богов скачать",244
"зависть",popular,"икона от зависти",242
"зависть",popular,"зависть турецкий 22 серия",242
"зависть",popular,"милая зависть",242
"зависть",popular,"чем закончится сериал зависть",241
"зависть",popular,"зависть турецкий сериал 17 серия",241
"зависть",popular,"волк зависть",240
"зависть",popular,"состояние зависти",240
"зависть",popular,"фильм зависть богов год",240
"зависть",popular,"зависть богов лобоцкий",239
"зависть",popular,"зависть турецкий сериал 11",239
"зависть",popular,"зависть турецкий сериал 8 серия",239
"зависть",popular,"зависть турецкий сериал 20 серия",239
"зависть",popular,"сериал зависть смотреть видео",239
"зависть",popular,"зависть торрент",238
"зависть",popular,"томат всем на зависть отзывы",238
"зависть",popular,"зависть турецкий 3",238
"зависть",popular,"зависть 29 серия русская",238
"зависть",popular,"турецкие сериалы зависть 22",237
"зависть",popular,"умирать от зависти",237
"зависть",popular,"чистка от зависти",236
"зависть",popular,"зависть строй",235
"зависть",popular,"зависть корысть",235
"зависть",popular,"зависть соседки",234
"зависть",popular,"салон зависть",234
"зависть",popular,"комсомольск зависть",234
"зависть",popular,"смотреть сериал зависть 26",234
"зависть",popular,"возникнуть зависть",234
"зависть",popular,"как убрать зависть",233
"зависть",popular,"страсть зависти",233
"зависть",popular,"фильм зависть богов видео",233
"зависть",popular,"иви турецкие сериалы зависть",233
"зависть",popular,"свет зависть",232
"зависть",popular,"молитвы слушать от зависти порчи",231
"зависть",popular,"зависть турецкий сериал 22 серия",231
"зависть",popular,"добра и зла зависти и",230
"зависть",popular,"фильмы про зависть",230
"зависть",popular,"зависть блядь",230
"зависть",popular,"зависть мамы",230
"зависть",popular,"зависть разрушает жизнь",230
"зависть",popular,"зависть 14 серия смотреть",229
"зависть",popular,"зависть 16 серия русская",229
"зависть",popular,"зависть турецкий сериал 26 серия на русском",229
"зависть",popular,"ирония судьбы белая зависть",229
"зависть",popular,"зависть больного",229
"зависть",popular,"зависть турецкий 13",229
"зависть",popular,"зависть и доброта",228
"зависть",popular,"зависть богатым",228
"зависть",popular,"зависть турецкий 11 серия",228
"зависть",popular,"комплекс зависти",228
"зависть",popular,"зависть гузеевой",227
"зависть",popular,"зависть 9 серия смотреть",226
"зависть",popular,"зависть 4 серия",226
"зависть",popular,"зависть 19 серия русская",225
"зависть",popular,"желать зависть",225
"зависть",popular,"зависть бывших жен",225
"зависть",popular,"сериал зависть сколько сезонов",225
"зависть",popular,"сильная дуа от сглаза зависти колдовства",224
"зависть",popular,"сильная молитва от зависти от колдовства",223
"зависть",popular,"зависть 30 серия русская",223
"зависть",popular,"смотреть сериал зависть 26 серию",222
"зависть",popular,"как выглядит зависть",222
"зависть",popular,"зависть форум",221
"зависть",popular,"зависть турецкий 3 серия",221
"зависть",popular,"зависть турецкий сериал 3",221
"зависть",popular,"зависть петь",221
"зависть",popular,"зависть 32 серия русская",220
"зависть",popular,"мелани кляйн зависть",220
"зависть",popular,"зависть турецкий сериал на русском 24",219
"зависть",popular,"зависть скачать торрент",219
"зависть",popular,"зависть персонаж",219
"зависть",popular,"постоянная зависть",219
"зависть",popular,"смотреть когда зависть сильнее любви",219
"зависть",popular,"как скрыть зависть",219
"зависть",popular,"зависть доброго человека",219
"зависть",popular,"проблема зависти",218
"зависть",popular,"про зависть людей",218
"зависть",popular,"зависть турецкий 7",218
"зависть",popular,"демон зависти",218
"зависть",popular,"от зависти сделала",218
"зависть",popular,"зависть сериал 5",218
"зависть",popular,"зависть 28 серия русская",218
"зависть",popular,"сестра убила ее из зависти",218
"зависть",popular,"зависть турецкий 13 серия",218
"зависть",popular,"лень зависть жадность",217
"зависть",popular,"зависть это эмоция",217
"зависть",popular,"зависть 9 на русском",217
"зависть",popular,"зависть дзен",217
"зависть",popular,"сказал с завистью",216
"зависть",popular,"турецкий сериал зависть 11 серия",216
"зависть",popular,"зависть глагол",216
"зависть",popular,"там где зависть там",215
"зависть",popular,"земля зависти",215
"зависть",popular,"сильная молитва от порчи зависти колдовства",215
"зависть",popular,"плачет от зависти а добрый",215
"зависть",popular,"зависть турецкий сериал на русском 24 серия",215
"зависть",popular,"взгляд зависти",215
"зависть",popular,"зависть краткое содержание",214
"зависть",popular,"заговор от зависти людей",214
"зависть",popular,"зависть турецкий сериал 13",214
"зависть",popular,"зависть богов фильм 2000 видео",213
"зависть",popular,"от сглаза зависти и порчи камень",213
"зависть",popular,"зависть 32 серия смотреть",213
"зависть",popular,"мотив зависти",213
"зависть",popular,"смотреть сериал зависть 14",212
"зависть",popular,"актеры и роли фильма зависть",212
"зависть",popular,"зависть богов главная",212
"зависть",popular,"томаты всем на зависть фото",211
"зависть",popular,"зависть тур",210
"зависть",popular,"слушать аудиокнига зависть",210
"зависть",popular,"зависть фильм 2005",210
"зависть",popular,"вежливая зависть",210
"зависть",popular,"сериал зависть 34 серия",210
"зависть",popular,"человек вызывает зависть",210
"зависть",popular,"зависть турецкий сериал 3 серия",210
"зависть",popular,"зависть мем",210
"зависть",popular,"зависть 18 серия русская",210
"зависть",popular,"зависть турецкий сериал 14 серия на русском",209
"зависть",popular,"сериал зависть 14 серия на русском",209
"зависть",popular,"смотреть сериал зависть 29",209
"зависть",popular,"слушать песню зависть",209
"зависть",popular,"сериал зависть содержание серий",209
"зависть",popular,"молитва от порчи сглаза зависти слушать",209
"зависть",popular,"как пишется слово зависть",209
"зависть",popular,"от зависти и сглаза на работе",209
"зависть",popular,"серж зависть",208
"зависть",popular,"детская зависть",208
"зависть",popular,"зависть принца",207
"зависть",popular,"русский фильм зависть богов",206
"зависть",popular,"зависть 34 серия турецкий",206
"зависть",popular,"гордыня жадность зависть",206
"зависть",popular,"картина зависть",206
"зависть",popular,"сколько лет зависти",206
"зависть",popular,"как побороть зависть",206
"зависть",popular,"зависть определение",206
"зависть",popular,"сколько серий в сериале зависть",206
"зависть",popular,"зависть ю",205
"зависть",popular,"зависть белая и черная",205
"зависть",popular,"посмотреть сериал зависть",205
"зависть",popular,"голос зависти",204
"зависть",popular,"зависть и благодарность мелани",204
"зависть",popular,"зависть смотреть 12 серию",204
"зависть",popular,"список завистей",203
"зависть",popular,"сериал зависть 29 серия смотреть",203
"зависть",popular,"мелани кляйн зависть и благодарность",203
"зависть",popular,"смотреть русский фильм зависть богов",203
"зависть",popular,"зависть турецкий сериал 13 серия",203
"зависть",popular,"зависть смотреть онлайн 29",202
"зависть",popular,"завистью ничего",202
"зависть",popular,"сильная дуа от зависти колдовства порчи",201
"зависть",popular,"зависть конюшенная",201
"зависть",popular,"зависть образовать прилагательное",201
"зависть",popular,"песня про зависть",201
"зависть",popular,"сериал зависть 5 серия",201
"зависть",popular,"турк сериал зависть",201
"зависть",popular,"зависть 29 серия онлайн",201
"зависть",popular,"зависть 29 серия смотреть онлайн",201
"зависть",popular,"зависть аккорды",201
"зависть",popular,"зависть 29 серия турецкий смотреть",201
"зависть",popular,"смотреть зависть турецкий 29",201
"зависть",popular,"рукия от зависти",201
"зависть",popular,"зависть турецкий сериал 34",200
"зависть",popular,"скачать песню зависть сук",200
"зависть",popular,"скачать песню зависть сука",200
"зависть",popular,"молитва от зависти и злобы",200
"зависть",popular,"зависть турецкий сериал 29 серия смотреть",200
"зависть",popular,"зависть турецкий сериал смотреть 29",200
"зависть",popular,"фильм зависть богов актеры и роли",200
"зависть",popular,"зависть телефон",199
"зависть",popular,"зависть спас",199
"зависть",popular,"зависть мудрость",199
"зависть",popular,"зависть 25 серия русская",198
"зависть",popular,"зависть турецкий 2 сезон",198
"зависть",popular,"большая конюшенная 29 зависть",198
"зависть",popular,"зависть большая конюшенная",198
"зависть",popular,"конюшенная 29 зависть",198
"зависть",popular,"зависть высказывания",198
"зависть",popular,"смотреть турецкий сериал зависть 26",197
"зависть",popular,"зависть завистник",197
"зависть",popular,"зависть сезон 1 смотреть онлайн",197
"зависть",popular,"настоящая зависть",196
"зависть",popular,"турецкий сериал зависть 7",196
"зависть",popular,"смотреть сериал зависть 14 серия",195
"зависть",popular,"от сглаза зависти и порчи мусульманская",194
"зависть",popular,"молитва мусульманская от порчи и зависти",194
"зависть",popular,"как защититься от зависти и сглаза",194
"зависть",popular,"зависть турецкой 7 серия",194
"зависть",popular,"зависть турецкий 5",194
"зависть",popular,"стихотворение зависть",193
"зависть",popular,"смотреть зависть 16 серия",193
"зависть",popular,"пословица злой плачет от зависти",193
"зависть",popular,"смотреть зависть 33",193
"зависть",popular,"зависть 27 серия смотреть",193
"зависть",popular,"зависть поле",192
"зависть",popular,"зависть турецкий сериал 2 сезон",192
"зависть",popular,"мусульманская молитва от порчи сглаз зависти",192
"зависть",popular,"зависть турецкий сериал 34 серия",192
"зависть",popular,"я люблю зависть",192
"зависть",popular,"зависть 24 серия смотреть онлайн",192
"зависть",popular,"зависть турецкий 26 серия смотреть",191
"зависть",popular,"зависть турецкий сериал на русском 9",191
"зависть",popular,"сура от сглаза и зависти слушать очищающая",191
"зависть",popular,"зависть на иви",191
"зависть",popular,"дуа от болезней и зависти",190
"зависть",popular,"составляющие зависти",190
"зависть",popular,"сер зависть",190
"зависть",popular,"турецкий сериал зависть 26 серия смотреть",190
"зависть",popular,"зависть турецкий сериал смотреть 24",189
"зависть",popular,"зависть чужих людей",189
"зависть",popular,"смотреть сериал зависть 24 серию",189
"зависть",popular,"зависти дорама",189
"зависть",popular,"рассказ белая зависть",189
"зависть",popular,"фильм зависть скачать",188
"зависть",popular,"олеша зависть отзывы",188
"зависть",popular,"зависть аят",188
"зависть",popular,"зависть 6 серия смотреть",188
"зависть",popular,"сениха зависть",188
"зависть",popular,"зависть родных",187
"зависть",popular,"серая зависть",187
"зависть",popular,"зависть богов лобоцкий алентова",186
"зависть",popular,"смотреть зависть 17 серию",186
"зависть",popular,"зависть турецкий сериал турк",186
"зависть",popular,"не буду больше прятать своей зависти",186
"зависть",popular,"сильное дуа от сглаза зависти порчи",186
"зависть",popular,"коран от сглаза и зависти",186
"зависть",popular,"с завистью посмотрел",186
"зависть",popular,"смотреть зависть 30",185
"зависть",popular,"соль от сглаза и зависти",185
"зависть",popular,"сериал зависть 9 серию смотреть",184
"зависть",popular,"о чем говорит зависть",184
"зависть",popular,"зависть смерть",184
"зависть",popular,"зависть гордыня похоть",184
"зависть",popular,"скачать песню зависть serjj",184
"зависть",popular,"зависть 21 серия смотреть",184
"зависть",popular,"зависть оренбург",183
"зависть",popular,"соседская зависть описание",183
"зависть",popular,"смотреть зависть 19",183
"зависть",popular,"зависть гнев жадность",182
"зависть",popular,"живой зависть",182
"зависть",popular,"читать молитвы от сглаза и зависти",182
"зависть",popular,"томат всем на зависть характеристика и описание",182
"зависть",popular,"зависть пушкин",182
"зависть",popular,"зависть турецкий сериал сколько сезонов",182
"зависть",popular,"глухая зависть",181
"зависть",popular,"смотреть зависть 2026",181
"зависть",popular,"зависть 2025 смотреть",181
"зависть",popular,"зависть черта",181
"зависть",popular,"секс зависть",181
"зависть",popular,"великий зависть",181
"зависть",popular,"зависть 23 серия русская",181
"зависть",popular,"смотреть зависть 18 серия",181
"зависть",popular,"зависть турецкий сериал смотреть 24 серия",180
"зависть",popular,"зависть молча",180
"зависть",popular,"дом зависть соседа",180
"зависть",popular,"зависть турецкий 9 серия на русском",180
"зависть",popular,"зависть турецкий сериал смотреть 14",180
"зависть",popular,"зависть штука",180
"зависть",popular,"завидую черной завистью",180
"зависть",popular,"ответы на вопросы зависть",179
"зависть",popular,"заговор от зависти и сглаза злых",179
"зависть",popular,"зависть турецкий сериал 5",179
"зависть",popular,"зависть сколько серий и сезонов",179
"зависть",popular,"зависть 33 серия смотреть",178
"зависть",popular,"заговор от сглаза и зависти злых людей",178
"зависть",popular,"смотреть сериал зависть 2025",178
"зависть",popular,"далекий зависть",178
"зависть",popular,"зависть людей злоба",177
"зависть",popular,"зависть вещь",177
"зависть",popular,"коран от порчи от зависти",177
"зависть",popular,"здоровая зависть",177
"зависть",popular,"сериал зависть 9 серия на русском",177
"зависть",popular,"что такое зависть коротко",177
"зависть",popular,"посмотреть турецкий сериал зависть",177
"зависть",popular,"смотреть зависть турецкий сериал 9",177
"зависть",popular,"смотреть турецкий зависть 9",177
"зависть",popular,"сериал зависть сколько серий и сезонов",176
"зависть",popular,"зависть ли тайная",176
"зависть",popular,"красавица зависть",176
"зависть",popular,"кишлак зависть скачать",176
"зависть",popular,"что вызывает чувство зависти",176
"зависть",popular,"темный принц зависть",176
"зависть",popular,"зависть богов сколько лет",175
"зависть",popular,"порно зависть измена",175
"зависть",popular,"зависть 20 серия смотреть",175
"зависть",popular,"зависть турецкий сериал 9 серия на русском",174
"зависть",popular,"зависть 26 серия на русском языке",174
"зависть",popular,"зависть турецкий сериал на русском 27 серия",174
"зависть",popular,"символ зависти",174
"зависть",popular,"плачет от радости а от зависти",174
"зависть",popular,"зависть сериал на русском 15 серия",174
"зависть",popular,"зависть турецкий сериал 15 серия на русском",174
"зависть",popular,"зависть 26 серия смотреть онлайн",174
"зависть",popular,"зависть 1 сезон сериал смотреть онлайн",174
"зависть",popular,"смотреть сериал зависть 12 серия",174
"зависть",popular,"зависть 12 турецкий на русском",174
"зависть",popular,"очищение от зависти",173
"зависть",popular,"зависть турецкий 5 серия",173
"зависть",popular,"как защитить себя от зависти и сглаза",173
"зависть",popular,"зависть смотреть 30 серию",173
"зависть",popular,"точка зависть",173
"зависть",popular,"зависть коллектива",172
"зависть",popular,"доктор краснов зависть",172
"зависть",popular,"зависть легкая",172
"зависть",popular,"зависть турецкий сериал на русском 12",172
"зависть",popular,"зависть турецкий сериал 7 серия",172
"зависть",popular,"псалом от зависти",172
"зависть",popular,"зависть 19 серия смотреть",171
"зависть",popular,"значение слова зависть",171
"зависть",popular,"прилагательное слова зависть",171
"зависть",popular,"как зависть подруги разрушила ее жизнь",171
"зависть",popular,"зависть 14 серия озвучка",171
"зависть",popular,"жгучая зависть",171
"зависть",popular,"зависть богов главные роли",170
"зависть",popular,"статусы про зависть",170
"зависть",popular,"смотреть зависть 31",170
"зависть",popular,"зависть сальери",170
"зависть",popular,"зависть королева",169
"зависть",popular,"королев зависть",169
"зависть",popular,"фильм как зависть подруги разрушила",169
"зависть",popular,"томаты всем на зависть описание сорта фото",168
"зависть",popular,"вера алентова в фильме зависть богов",168
"зависть",popular,"зависть смотреть 15 серию",168
"зависть",popular,"зависть турецкий сериал турку ру",168
"зависть",popular,"зависть турецкий сериал смотреть 14 серия",167
"зависть",popular,"зависть турецкий сериал 29 серия смотреть онлайн",167
"зависть",popular,"зависть турецкий сериал онлайн 29 серия",167
"зависть",popular,"зависть турецкий сериал смотреть онлайн 29",167
"зависть",popular,"сериал зависть 29 серия смотреть онлайн",167
"зависть",popular,"объяснить зависть",167
"зависть",popular,"зависть кажется",167
"зависть",popular,"сильная дуа от джинов сглаза зависти",167
"зависть",popular,"зависть турецкий сериал 12 серия на русском",166
"зависть",popular,"молитва от зависти и врагов",166
"зависть",popular,"как зависть влияет",166
"зависть",popular,"зависти читать бесплатно",165
"зависть",popular,"характеристика сорта томатов всем на зависть",165
"зависть",popular,"зависть турецкий сериал содержание серий",165
"зависть",popular,"зависть ли тайная злоба",165
"зависть",popular,"халит зависть",165
"зависть",popular,"мультик зависть",165
"зависть",popular,"зависть турецкий сериал 5 серия",164
"зависть",popular,"зависть худым",164
"зависть",popular,"смотреть турецкий сериал зависть 9 серия",164
"зависть",popular,"зависть турецкий сериал турк ру",164
"зависть",popular,"зависть турецкий турк ру",164
"зависть",popular,"зависть ад",163
"зависть",popular,"метанойя зависть",163
"зависть",popular,"от зависти позеленел",163
"зависть",popular,"позеленеть от зависти",163
"зависть",popular,"обычная зависть",163
"зависть",popular,"со мной моя зависть",163
"зависть",popular,"белая зависть рязань",163
"зависть",popular,"жемчужная зависть",163
"зависть",popular,"зависть бывших друзей",163
"зависть",popular,"зависть девичник",162
"зависть",popular,"зависть большая конюшенная ул 29",162
"зависть",popular,"зависть сериал 1 сезон все серии подряд",162
"зависть",popular,"зависть 31 серия русская",162
"зависть",popular,"сочинение на тему зависть",161
"зависть",popular,"смотреть сериал зависть 27",161
"зависть",popular,"смотреть зависть 25",161
"зависть",popular,"зависть богов фото",161
"зависть",popular,"мужская зависть",161
"зависть",popular,"про зависть подруг",161
"зависть",popular,"уныние зависть",161
"зависть",popular,"качество человека зависть",161
"зависть",popular,"кино зависть богов",160
"зависть",popular,"урок зависти",160
"зависть",popular,"зависть се",160
"зависть",popular,"форма зависти",160
"зависть",popular,"томаты всем на зависть описание отзывы",159
"зависть",popular,"зависть всякому",159
"зависть",popular,"сериал зависть смотреть 27 серию",159
"зависть",popular,"зависть 28 серия смотреть",159
"зависть",popular,"зависть 20 серия русская",159
"зависть",popular,"зависть 23 серия смотреть",159
"зависть",popular,"как зависть подруги разрушила ее жизнь фильм",158
"зависть",popular,"красный зависть",158
"зависть",popular,"зависть 29 турецкий сериал на русском",158
"зависть",popular,"зависть турецкий сериал бесплатно 29 серия",158
"зависть",popular,"море зависти",158
"зависть",popular,"зависть аниме",158
"зависть",popular,"зависть турецкий сериал 19 серия на русском",157
"зависть",popular,"томат всем на зависть отзывы фото",157
"зависть",popular,"смотреть сериал зависть 32 серия",157
"зависть",popular,"зависть 21 серия русская",157
"зависть",popular,"смотреть 31 серию зависть",157
"зависть",popular,"зависть тур сериал",157
"зависть",popular,"зависть турецкий сериал на русском 29 серия",157
"зависть",popular,"смотреть фильм зависть турецкий",156
"зависть",popular,"зависть спб клуб",156
"зависть",popular,"смотреть зависть 22 серия",156
"зависть",popular,"книга зависть отзывы",156
"зависть",popular,"магия зависть",156
"зависть",popular,"юрий олеша зависть отзывы",156
"зависть",popular,"зависть 33 серия русская",156
"зависть",popular,"зависть выражение",155
"зависть",popular,"психологическая зависть",155
"зависть",popular,"зависть цветка",155
"зависть",popular,"сериал зависть 24 серия смотреть онлайн",155
"зависть",popular,"молитвы от зла и зависти слушать",154
"зависть",popular,"рукия от сглаза зависти",154
"зависть",popular,"зависть турецкий сериал смотреть 12",154
"зависть",popular,"лучше быть предметом зависти",154
"зависть",popular,"зависть на руки",154
"зависть",popular,"человек без зависти",154
"зависть",popular,"смотреть сериал зависть 26 серия бесплатно",154
"зависть",popular,"зависть глава 1",153
"зависть",popular,"зависть турецкий сериал 24 серия смотреть онлайн",153
"зависть",popular,"молитва от зависти слушать сглаза сильная",153
"зависть",popular,"зависть турецкий сериал 32 серия на русском",153
"зависть",popular,"конкуренция зависть",153
"зависть",popular,"салат зависть",153
"зависть",popular,"зависть турецкий 16 серия на русском",153
"зависть",popular,"включи зависть",153
"зависть",popular,"хватит прятать зависть",153
"зависть",popular,"зависть турецкий сериал сколько сезонов и серий",152
"зависть",popular,"зависть к пенису",152
"зависть",popular,"зависть читать онлайн",152
"зависть",popular,"смотреть бесплатно 29 серию сериала зависть",152
"зависть",popular,"зависть богов меньшов",152
"зависть",popular,"зависть берет",152
"зависть",popular,"зависть песня крида",152
"зависть",popular,"зависть 30 серия турецкий сериал на русском",152
"зависть",popular,"зависть турецкий 30 серия на русском",152
"зависть",popular,"зависть турецкий сериал 16 серия на русском",152
"зависть",popular,"коран от сглаза порчи зависти",151
"зависть",popular,"зависть 25 серия турецкий сериал на русском",151
"зависть",popular,"ведьма зависти сателла",151
"зависть",popular,"зависть 14 русская озвучка",150
"зависть",popular,"зависть 14 серия русская озвучка",150
"зависть",popular,"зависть турецкий сериал 26 смотреть онлайн",150
"зависть",popular,"раневская зависть",150
"зависть",popular,"зависть вдпс",150
"зависть",popular,"зависть 22 серия русская",150
"зависть",popular,"какие чувства вызывает зависть",150
"зависть",popular,"зависть другими словами",150
"зависть",popular,"зависть клипы",149
"зависть",popular,"зависть когда выходит",149
"зависть",popular,"сериал зависть 4 серия",149
"зависть",popular,"зависть сегодня",149
"зависть",popular,"зависть х",149
"зависть",popular,"зависть ли тайная злоба ль открытая",149
"зависть",popular,"зависть турция актеры",149
"зависть",popular,"вежливое проявление зависти",149
"зависть",popular,"зависть слушать аудиокнигу бесплатно",148
"зависть",popular,"текст песни кишлак зависть",148
"зависть",popular,"зависть талантам",148
"зависть",popular,"скачать фильм зависть богов",148
"зависть",popular,"зависть турецкий сериал смотреть 12 серия",148
"зависть",popular,"зависть понятие",148
"зависть",popular,"чем опасна зависть сочинение",147
"зависть",popular,"зависть 17 серия русская",147
"зависть",popular,"дуа от зависти людей",147
"зависть",popular,"субару зависть",147
"зависть",popular,"зависть 33 серия смотреть онлайн",147
"зависть",popular,"зависть 24 серия смотреть бесплатно",147
"зависть",popular,"зависть бывшей подруги",147
"зависть",popular,"зависть 11 серия смотреть",146
"зависть",popular,"зависть богов содержание",146
"зависть",popular,"зависть турецкий сериал 26 серия смотреть онлайн",146
"зависть",popular,"сериал зависть 26 серия смотреть онлайн",146
"зависть",popular,"зависть звезды",146
"зависть",popular,"зависть 5 серия русская",145
"зависть",popular,"олеша зависть читать",145
"зависть",popular,"огурец всем на зависть",145
"зависть",popular,"моцарт зависть",145
"зависть",popular,"песня егора зависть",145
"зависть",popular,"зачем зависть",145
"зависть",popular,"зависть турецкий сериал на русском 18",145
"зависть",popular,"зависть сериал 15 серия смотреть",144
"зависть",popular,"сон зависть",144
"зависть",popular,"зависть турецкий 14 серия бесплатно",144
"зависть",popular,"зависть 32 серия смотреть онлайн",144
"зависть",popular,"смотреть сериал зависть 33",144
"зависть",popular,"зависть 25 серия смотреть",144
"зависть",popular,"зависть юрий олеша книга отзывы",144
"зависть",popular,"книга зависть олеша отзывы",144
"зависть",popular,"зависть 13 серия русская",143
"зависть",popular,"зависть рассуждение",143
"зависть",popular,"зависть турецкий сериал 18 серия на русском",143
"зависть",popular,"зависть в жизни человека",142
"зависть",popular,"смотреть сериал зависть 25",142
"зависть",popular,"зависть свекрови",142
"зависть",popular,"адский босс зависть",142
"зависть",popular,"моменты зависти",142
"зависть",popular,"негативная зависть",142
"зависть",popular,"зависть статья",142
"зависть",popular,"зависть в классе",142
"зависть",popular,"зависть 29 серия смотреть онлайн бесплатно",142
"зависть",popular,"песня егора крида зависть",142
"зависть",popular,"смотреть сериал зависть 30",141
"зависть",popular,"зависть порно фильм",141
"зависть",popular,"зависть сериал смотреть 19",141
"зависть",popular,"белая зависть 1 глава",141
"зависть",popular,"агрессия зависть",141
"зависть",popular,"русская мелодрама зависть",141
"зависть",popular,"описание томата соседская зависть",141
"зависть",popular,"зависть 15 серия озвучка",140
"зависть",popular,"зависть цитата со смыслом",140
"зависть",popular,"зависть на русском языке 14",140
"зависть",popular,"честной завистью",140
"зависть",popular,"торговля и зависть",140
"зависть",popular,"зависть 34 серия русская",140
"зависть",popular,"семь грехов зависть",140
"зависть",popular,"движет зависть",139
"зависть",popular,"забыть зависть",139
"зависть",popular,"зависть какие молитвы",139
"зависть",popular,"чем закончился сериал зависть турецкий",139
"зависть",popular,"зависть 10 серия русская",139
"зависть",popular,"молитвы от людской зависти",139
"зависть",popular,"зависть предательство",139
"зависть",popular,"смотреть турецкий сериал зависть 32",139
"зависть",popular,"суффикс слова зависть",138
"зависть",popular,"каналы зависти",138
"зависть",popular,"смотреть сериал бесплатно зависть 14 серия",138
"зависть",popular,"зависть трек",138
"зависть",popular,"жизнь без зависти",138
"зависть",popular,"зависть внешности",138
"зависть",popular,"тихое зависть",138
"зависть",popular,"дуа от зависти колдовства и болезней",137
"зависть",popular,"лишняя зависть",137
"зависть",popular,"салат зависть соседки",137
"зависть",popular,"смотреть сериал зависть 21 серия",137
"зависть",popular,"содержание фильма зависть",137
"зависть",popular,"искренняя зависть",137
"зависть",popular,"гнев зависть гордыня жадность",136
"зависть",popular,"зависть ненависть злоба",136
"зависть",popular,"зависть турецкий сериал смотреть 15",136
"зависть",popular,"фото фильма зависть богов",136
"зависть",popular,"соль от сглаза и порчи зависти",136
"зависть",popular,"от сглаза зависти ребенку",136
"зависть",popular,"иконы от зависти и сглаза",136
"зависть",popular,"7 грехов зависть",136
"зависть",popular,"спа зависть",135
"зависть",popular,"смотреть сериал зависть 16 серия",135
"зависть",popular,"завести или зависти как правильно",135
"зависть",popular,"зависть турецкий на иви",135
"зависть",popular,"смотреть сериал зависть 11 серия",135
"зависть",popular,"зависть турецкий сериал смотреть 32 серию",135
"зависть",popular,"зависть богов фильм сцены",135
"зависть",popular,"быстро зависть",135
"зависть",popular,"зависть как реагировать",135
"зависть",popular,"стихи про зависть",135
"зависть",popular,"зависть турецкий сериал смотреть 28",135
"зависть",popular,"зависть это болезнь",135
"зависть",popular,"смотреть сериал зависть 33 серию",135
"зависть",popular,"зависть 26 серия смотреть онлайн бесплатно",135
"зависть",popular,"зависть и слава",135
"зависть",popular,"зависть 28 онлайн",134
"зависть",popular,"духи зависть",134
"зависть",popular,"зависть сериал сениха",134
"зависть",popular,"зависть 30 серия онлайн",134
"зависть",popular,"зависть 30 серия смотреть онлайн",134
"зависть",popular,"смотреть сериал зависть 30 серия",134
"зависть",popular,"зависть турецкий сериал смотреть 16",134
"зависть",popular,"лень гордыня зависть",134
"зависть",popular,"зависть день рождения",134
"зависть",popular,"зависть образ",133
"зависть",popular,"руна от зависти",133
"зависть",popular,"руны от зависти",133
"зависть",popular,"зависть кудрявцева",133
"зависть",popular,"аяты от сглаза и зависти",133
"зависть",popular,"зависть 24 серия смотреть онлайн бесплатно",133
"зависть",popular,"какие камни от зависти",133
"зависть",popular,"зависть с точки зрения",133
"зависть",popular,"зависть 24 серия на русском языке",133
"зависть",popular,"смотреть сериал зависть 20 серия",132
"зависть",popular,"зависть онлайн озвучка",132
"зависть",popular,"зависть турецкий 4",132
"зависть",popular,"зависть разбор",132
"зависть",popular,"книги про зависть",132
"зависть",popular,"зависть в библии",132
"зависть",popular,"зависть турецкий сериал смотреть 21",132
"зависть",popular,"ненавижу зависть",132
"зависть",popular,"смотреть сериал зависть 28 серия",131
"зависть",popular,"розовая зависть",131
"зависть",popular,"зависть 21 серия онлайн",131
"зависть",popular,"зависть 21 серия смотреть онлайн",131
"зависть",popular,"слова песни зависть",131
"зависть",popular,"злость и зависть людей",131
"зависть",popular,"зависть турецкий сериал смотреть 30",131
"зависть",popular,"смотреть на иви зависть",131
"зависть",popular,"гузеева про зависть",131
"зависть",popular,"шепотки от зависти",131
"зависть",popular,"смотреть сериал зависть 19 серию",131
"зависть",popular,"томат сорт всем на зависть отзывы",131
"зависть",popular,"зависть 2 серия смотреть",131
"зависть",popular,"зависть богов фильм лобоцкий",131
"зависть",popular,"зависть турецкий 21 серия смотреть",130
"зависть",popular,"зависть турецкий сериал смотреть 21 серию",130
"зависть",popular,"зависть прежде",130
"зависть",popular,"поступки зависти",130
"зависть",popular,"икона зависти порчи",130
"зависть",popular,"зависть составить слова",130
"зависть",popular,"зависть 9 серия на русском языке",130
"зависть",popular,"зависть 6 серия русская",130
"зависть",popular,"видео про зависть",130
"зависть",popular,"зависть корень слова",130
"зависть",popular,"зависть турецкий сериал смотреть 6",130
"зависть",popular,"живи без зависти",130
"зависть",popular,"зависть турецкий сериал 28 серия на русском",130
"зависть",popular,"синоним к слову зависть",129
"зависть",popular,"зависть 5 серия смотреть",129
"зависть",popular,"зависть 7 серия смотреть",129
"зависть",popular,"зависть турецкий сериал смотреть 30 серию",129
"зависть",popular,"зависть 14 серия на русском языке",129
"зависть",popular,"сериал зависть смотреть на иви",129
"зависть",popular,"турецкий сериал зависть смотреть на иви",129
"зависть",popular,"кто играл зависть",128
"зависть",popular,"зависти собаку",128
"зависть",popular,"зависть разрушительна",128
"зависть",popular,"зависть турецкий сериал смотреть 19",128
"зависть",popular,"смотреть 19 серию турецкого сериала зависть",128
"зависть",popular,"зависть турецкий сериал смотреть 16 серия",128
"зависть",popular,"спа салон зависть",128
"зависть",popular,"смотреть сериал зависть 25 серия",128
"зависть",popular,"нюсхет зависть",128
"зависть",popular,"зависть человека цитаты",128
"зависть",popular,"зависть 28 серия турецкий смотреть",128
"зависть",popular,"смотреть 28 серию турецкого сериала зависть",128
"зависть",popular,"зависть режиссеров",127
"зависть",popular,"смотреть сериал зависть 23",127
"зависть",popular,"людская зависть и злоба",127
"зависть",popular,"дуа от сглаза зависти людей",127
"зависть",popular,"зависть церковь",127
"зависть",popular,"энергия зависти",127
"зависть",popular,"зависть турецкий сериал смотреть 15 серия",127
"зависть",popular,"смотреть зависть 15 серия турецкий",127
"зависть",popular,"зависть турецкий сериал смотреть 25",127
"зависть",popular,"фильм турецкий сериал зависть",126
"зависть",popular,"12 серию на русском языке зависть",126
"зависть",popular,"зависть амулет",126
"зависть",popular,"зависть смотреть онлайн 14",126
"зависть",popular,"боятся зависти",126
"зависть",popular,"зависть 31 серия турецкий сериал на русском",126
"зависть",popular,"зависти часы",126
"зависть",popular,"зависть рифма",126
"зависть",popular,"как защитить дом от зависти",126
"зависть",popular,"озвучивал зависть",126
"зависть",popular,"зависть проверочное",126
"зависть",popular,"зависть смотреть 10 серию",126
"зависть",popular,"ритуал от зависти",125
"зависть",popular,"jealous зависть",125
"зависть",popular,"зависть 1 часть",125
"зависть",popular,"зависть смотреть 8 серию",125
"зависть",popular,"как уберечь от зависти",125
"зависть",popular,"розенбаум зависть",125
"зависть",popular,"не надо зависти",125
"зависть",popular,"зависть турецкий сериал 21 серия на русском",125
"зависть",popular,"зависть турецкий сериал на русском 21",125
"зависть",popular,"зависть трусость",125
"зависть",popular,"зависть 26 серия озвучка",124
"зависть",popular,"левиафан зависть",124
"зависть",popular,"смотреть сериал зависть 7",124
"зависть",popular,"зависть турецкий сериал 20 русская",124
"зависть",popular,"не обращать внимание на зависть",124
"зависть",popular,"фильм зависть богов содержание",124
"зависть",popular,"зверь который душит от зависти",124
"зависть",popular,"сглаз зависти в исламе",124
"зависть",popular,"клевета и зависть",124
"зависть",popular,"зависть 26 серия смотреть на русском",124
"зависть",popular,"зависть турецкий сериал смотреть 33",123
"зависть",popular,"смотреть турецкий сериал зависть 33 серия",123
"зависть",popular,"смотреть зависть 14 серия онлайн",123
"зависть",popular,"зависть подруги сериал",123
"зависть",popular,"гора зависти",123
"зависть",popular,"театр зависти",123
"зависть",popular,"смотреть сериал зависть 6 серия",123
"зависть",popular,"зависть на дзене",123
"зависть",popular,"чистой завистью",123
"зависть",popular,"смотреть сериал зависть 18",123
"зависть",popular,"зависть 11 серия русская",122
"зависть",popular,"ядовитая зависть",122
"зависть",popular,"успешно зависть",122
"зависть",popular,"что значит завидовать белой завистью",122
"зависть",popular,"зависть 18 серия смотреть онлайн",122
"зависть",popular,"сочинение рассуждение зависть",122
"зависть",popular,"зависть турецкий сериал видео",122
"зависть",popular,"смотреть сериал турецкий зависть 27",122
"зависть",popular,"король зависти",122
"зависть",popular,"сериал зависть на русском 23 серия",122
"зависть",popular,"смотреть сериал зависть 17 серия",122
"зависть",popular,"зависть психолог",122
"зависть",popular,"зависть 13 серия русская турецкий",122
"зависть",popular,"зависть турецкий сериал онлайн озвучка",122
"зависть",popular,"сериал зависть онлайн озвучка",122
"зависть",popular,"зависть ближних",122
"зависть",popular,"зависть 2 серия русская",122
"зависть",popular,"иконы от сглаза порчи зависти",121
"зависть",popular,"зависть трейлер",121
"зависть",popular,"лень зависть чревоугодие",121
"зависть",popular,"лопнет зависти",121
"зависть",popular,"зависть рф",121
"зависть",popular,"зависть турецкий сериал 23 серия на русском",121
"зависть",popular,"зависть проверочное слово",121
"зависть",popular,"аят от зависти и порчи",120
"зависть",popular,"зависть турецкий сериал 4",120
"зависть",popular,"зависть боль",120
"зависть",popular,"сериал зависть 2 серия смотреть",120
"зависть",popular,"зависть турецкий 4 серия",120
"зависть",popular,"сериал зависть 23 серия смотреть",120
"зависть",popular,"зависть 9 серия смотреть онлайн",120
"зависть",popular,"зависть смотреть онлайн 28 серия",120
"зависть",popular,"зависть егор крид темный",120
"зависть",popular,"зависть 27 серия турецкий смотреть",120
"зависть",popular,"зависть турецкий сериал 27 серия смотреть",120
"зависть",popular,"фильм меньшова зависть",120
"зависть",popular,"фильм меньшова зависть богов",120
"зависть",popular,"смотреть сериал зависть 31",120
"зависть",popular,"зависть 27 серия на русском языке",119
"зависть",popular,"зависть за 30 скачать",119
"зависть",popular,"русская мелодрама когда зависть сильнее любви",119
"зависть",popular,"зависть турецкий сериал 25 серия смотреть",118
"зависть",popular,"зависть лесть",118
"зависть",popular,"без зависти без злости",118
"зависть",popular,"картинки про зависть",118
"зависть",popular,"зависть гнев лень чревоугодие",118
"зависть",popular,"зависть зависть песня на английском",118
"зависть",popular,"зависть турецкий сериал на русском 13",118
"зависть",popular,"зависть подруги мелодрама",118
"зависть",popular,"зависть варианты слов",118
"зависть",popular,"мороженое белая зависть",118
"зависть",popular,"как избавиться от зависти к людям",118
"зависть",popular,"з зависть",118
"зависть",popular,"зависть егор крид темный принц",118
"зависть",popular,"зависть крид темный принц",118
"зависть",popular,"против зависти и лжи",117
"зависть",popular,"дуа от сглаза и зависти злых",117
"зависть",popular,"церковные молитвы от зависти",117
"зависть",popular,"зависть матери к дочери",117
"зависть",popular,"скачать зависть дамы",117
"зависть",popular,"зависть стрип",117
"зависть",popular,"зависть 17 серия смотреть онлайн",117
"зависть",popular,"аяты от порчи и сглаза зависти",117
"зависть",popular,"молитва от зависти людской от злобы",117
"зависть",popular,"зависть блять",117
"зависть",popular,"зависть аудиокнига слушать онлайн",116
"зависть",popular,"зависть одолела",116
"зависть",popular,"зависть 12 серия озвучка",116
"зависть",popular,"зависть 14 серия смотреть онлайн бесплатно",116
"зависть",popular,"зависть на работе молитва",116
"зависть",popular,"медляк зависть",116
"зависть",popular,"как зависть влияет на человека",116
"зависть",popular,"зависть 16 серия смотреть онлайн",116
"зависть",popular,"танцы всем на зависть",116
"зависть",popular,"зависть смотреть онлайн 23 серия",116
"зависть",popular,"смотреть сериал зависть 18 серию",116
"зависть",popular,"зависть победам",116
"зависть",popular,"умение зависть",115
"зависть",popular,"актеры сериала зависть турция",115
"зависть",popular,"смотреть фильм когда зависть сильнее",115
"зависть",popular,"зависть за 30 песня",115
"зависть",popular,"грусть зависть",115
"зависть",popular,"смотреть 9 серию сериала зависть бесплатно",115
"зависть",popular,"турецкий сериал зависть 4 серия",115
"зависть",popular,"зависть днюха",115
"зависть",popular,"зависть турецкий сериал смотреть 11 серия",114
"зависть",popular,"молитва от сглаза и зависти церковная",114
"зависть",popular,"смотреть глазами зависти",114
"зависть",popular,"социальная зависть",114
"зависть",popular,"вк видео зависть",114
"зависть",popular,"молитва против зависти",114
"зависть",popular,"зависть лживость",114
"зависть",popular,"зависть письмо",114
"зависть",popular,"песня зависть блядь",114
"зависть",popular,"зависть турецкий сериал смотреть на русском 14",114
"зависть",popular,"зависть 31 серия смотреть онлайн",114
"зависть",popular,"смотреть сериал зависть 10 серия",114
"зависть",popular,"зависть дамы за 30 скачать",114
"зависть",popular,"жертва зависти библейского каина кроссворд ответ",114
"зависть",popular,"зависть 19 серия смотреть онлайн",114
"зависть",popular,"зависть богов главный актер",114
"зависть",popular,"зависть сериал 2025 2026 смотреть",114
"зависть",popular,"дуа от злых и зависти людей",113
"зависть",popular,"цитаты со смыслом про зависть",113
"зависть",popular,"зависть турецкий 23 серия смотреть",113
"зависть",popular,"зависть турецкий сериал смотреть 23",113
"зависть",popular,"смотреть турецкий сериал зависть 23 серия",113
"зависть",popular,"зависть тщеславие",113
"зависть",popular,"смотреть зависть 13",113
"зависть",popular,"22 серия зависть смотреть онлайн",113
"зависть",popular,"оберег от зла и зависти",112
"зависть",popular,"сериал зависть 31 серия смотреть",112
"зависть",popular,"зависть 9 серия озвучка",112
"зависть",popular,"зависть турецкий сериал смотреть онлайн 9",112
"зависть",popular,"актрисы сериала зависть",112
"зависть",popular,"суть фильма зависть богов",112
"зависть",popular,"сериал зависть 14 серия смотреть онлайн",112
"зависть",popular,"объект зависти",112
"зависть",popular,"сериал зависть смотреть онлайн 33 серия",112
"зависть",popular,"зависть 13 серия турецкий сериал на русском",112
"зависть",popular,"сериал зависть ответы",112
"зависть",popular,"печаль и зависть",112
"зависть",popular,"вернуть зависть",112
"зависть",popular,"сильная история как зависть подруги",112
"зависть",popular,"смотреть турецкий сериал зависть 18",112
"зависть",popular,"огромный зависть",112
"зависть",popular,"крепкая зависть",112
"зависть",popular,"сериал зависть турецкий смотреть 7",112
"зависть",popular,"камни защищающие от зависти",111
"зависть",popular,"как правильно зависть или завесть",111
"зависть",popular,"зависть со стороны",111
"зависть",popular,"зависть стриптиз",111
"зависть",popular,"зависть турецкий сериал смотреть онлайн 14",111
"зависть",popular,"дуа от зависти и сглаза злых людей",111
"зависть",popular,"турецкий сериал зависть смотреть русская озвучка",111
"зависть",popular,"глупая зависть",111
"зависть",popular,"зависть турецкий 20 серия смотреть",111
"зависть",popular,"зависть турецкий сериал 20 серия смотреть",111
"зависть",popular,"зависть турецкий сериал смотреть 20",111
"зависть",popular,"зависть 19 серия на русском языке",111
"зависть",popular,"зависть к сыну",111
"зависть",popular,"зависть евтушенко",111
"зависть",popular,"зависть мужчин женщинам",110
"зависть",popular,"зависть турецкий сериал на русском 22",110
"зависть",popular,"зависть турецкий сериал на русском 22 серия",110
"зависть",popular,"сериал зависть на русском 22 серия",110
"зависть",popular,"зависть лера",110
"зависть",popular,"к чему относится зависть",110
"зависть",popular,"сладкий зависть",110
"зависть",popular,"зависть яд",110
"зависть",popular,"фильм зависть турция",110
"зависть",popular,"зависть вк смотреть",110
"зависть",popular,"зависть в школе",110
"зависть",popular,"зависть турецкий сериал смотреть 18 серия",110
"зависть",popular,"зависть турецкий сериал 33 серия смотреть онлайн",110
"зависть",popular,"сериал зависть фото",109
"зависть",popular,"зависть продолжение",109
"зависть",popular,"зависть турецкий 5 серия русская",109
"зависть",popular,"зависть турецкий сериал 20 серия на русском",109
"зависть",popular,"сериал зависть 20 серия на русском",109
"зависть",popular,"сорт помидор всем на зависть",109
"зависть",popular,"лермонтов зависть",109
"зависть",popular,"спокойно зависть",109
"зависть",popular,"зависть 27 серия онлайн",109
"зависть",popular,"как защитить дом от сглаза и зависти",109
"зависть",popular,"зависть 33 серия турецкий сериал на русском",109
"зависть",popular,"сергей зависть",108
"зависть",popular,"смотреть сериал зависть 22 серию",108
"зависть",popular,"салон зависть оренбург",108
"зависть",popular,"дамы за 30 песня зависть",108
"зависть",popular,"песня зависть дам за 30",108
"зависть",popular,"целует красавицу зависть",108
"зависть",popular,"зависть нарцисса",108
"зависть",popular,"зависть художников",108
"зависть",popular,"зависть субтитры",108
"зависть",popular,"зависть и власть",108
"зависть",popular,"смотреть сериал зависть 7 серия",108
"зависть",popular,"сериал зависть вк",108
"зависть",popular,"зависть 3 серия русская",107
"зависть",popular,"снять порчу зависть",107
"зависть",popular,"зависть турецкий сериал 6 серия смотреть",107
"зависть",popular,"смотреть турецкие сериалы зависть 17 серия",107
"зависть",popular,"сглаз зависть проклятие",107
"зависть",popular,"зависть съела",107
"зависть",popular,"степанова зависть",107
"зависть",popular,"кишлак зависть аккорды",107
"зависть",popular,"святые отцы зависть",107
"зависть",popular,"зависть 9 серия смотреть онлайн бесплатно",107
"зависть",popular,"какие камни от сглаза и зависти",107
"зависть",popular,"зависть 15 серия на русском языке",107
"зависть",popular,"зависть богов торрент",107
"зависть",popular,"зависть 26 серия русская озвучка",107
"зависть",popular,"соседская зависть отзывы",106
"зависть",popular,"зависть 16 серия озвучка",106
"зависть",popular,"зависть 14 серия смотреть на русском",106
"зависть",popular,"медиха зависть",106
"зависть",popular,"зависть богов актеры фото",106
"зависть",popular,"зависть 28 серия озвучка",106
"зависть",popular,"сериал зависть 9 серия смотреть онлайн",106
"зависть",popular,"когда зависть сильнее любви фильм смотреть",106
"зависть",popular,"зависть f1",106
"зависть",popular,"зависть злость обида",106
"зависть",popular,"крид зависть текст",106
"зависть",popular,"читать книгу зависть",106
"зависть",popular,"зависть 12 серия смотреть онлайн",106
"зависть",popular,"черная зависть людей",106
"зависть",popular,"налян зависть",106
"зависть",popular,"зависть богов режиссер",106
"зависть",popular,"сериал зависть скачать",105
"зависть",popular,"зависть бесплатно 15 серия",105
"зависть",popular,"зависть 12 серия русская озвучка",105
"зависть",popular,"проверить зависть",105
"зависть",popular,"зависть и жестокость",105
"зависть",popular,"пословицы про зависть",105
"зависть",popular,"сура от сглаза зависти болезней",105
"зависть",popular,"суры от сглаза зависти болезни порчи",105
"зависть",popular,"зависть турецкий сериал смотреть онлайн 9 серия",105
"зависть",popular,"турецкий сериал зависть 9 серия онлайн",105
"зависть",popular,"смотреть онлайн сериал зависть 30 серия",105
"зависть",popular,"зависть бывшего мужа",105
"зависть",popular,"зависть 15 серия русская озвучка",105
"зависть",popular,"смотреть сериал зависть 27 серия бесплатно",104
"зависть",popular,"зависть семь смертных",104
"зависть",popular,"зависть турецкий сериал смотреть 31",104
"зависть",popular,"сильная история как зависть подруги разрушила",104
"зависть",popular,"зависть лера кудрявцева",104
"зависть",popular,"моя зависть лакшми скачать бесплатно",104
"зависть",popular,"зависть писатель",104
"зависть",popular,"права зависть",104
"зависть",popular,"зависть турецкий сериал 28 серия смотреть онлайн",104
"зависть",popular,"зависть турецкий сериал онлайн 28 серия",104
"зависть",popular,"сериал зависть 28 серия смотреть онлайн",104
"зависть",popular,"звуки зависти",104
"зависть",popular,"где нет зависти и злости",104
"зависть",popular,"зависть 8 серия русская",104
"зависть",popular,"зависть смотреть 3 серию",104
"зависть",popular,"семь смертных грехов зависть",103
"зависть",popular,"зависть баб",103
"зависть",popular,"сильная история как зависть подруги разрушила жизнь",103
"зависть",popular,"зависть дьявола",103
"зависть",popular,"зависть турецкий сериал 31 серия смотреть",103
"зависть",popular,"зависть двигатель",103
"зависть",popular,"зависть как уберечься от зависти",103
"зависть",popular,"ирония судьбы белая зависть 1",103
"зависть",popular,"отравлена завистью",103
"зависть",popular,"зависть верите",103
"зависть",popular,"зависть эзотерика",103
"зависть",popular,"зависть оренбург спа",103
"зависть",popular,"сериал зависть 32 серия смотреть онлайн",103
"зависть",popular,"смотреть 5 серию сериала зависть",102
"зависть",popular,"как избавиться от чувства зависти",102
"зависть",popular,"смотреть зависть 13 серию",102
"зависть",popular,"зависть турецкий сериал 30 серия онлайн",102
"зависть",popular,"зависть турецкий сериал 30 серия смотреть онлайн",102
"зависть",popular,"что способствует формированию зависти",102
"зависть",popular,"смотреть турецкий зависть 9 на русском",102
"зависть",popular,"зависть богов актеры в главных ролях",102
"зависть",popular,"поговорки про зависть",102
"зависть",popular,"зависть 34 серия турецкий сериал на русском",102
"зависть",popular,"зависть успехам других",101
"зависть",popular,"зависть турецкий сериал смотреть 5 серия",101
"зависть",popular,"ужасная зависть",101
"зависть",popular,"зависть хуже порчи",101
"зависть",popular,"амулет от зависти и сглаза",101
"зависть",popular,"защита от сглаза и зависти молитва",101
"зависть",popular,"резеро зависть",101
"зависть",popular,"слова из букв зависть",101
"зависть",popular,"круг зависти адский",101
"зависть",popular,"круг зависти адский босс",101
"зависть",popular,"три толстяка зависть",101
"зависть",popular,"madk1d зависть",101
"зависть",popular,"зависть 2009",101
"зависть",popular,"зависть роман олеши",101
"зависть",popular,"зависть 34 серия смотреть",101
"зависть",popular,"зависть хадис",101
"зависть",popular,"смотреть турецкий зависть 12 на русском",100
"зависть",popular,"зависть 33 серия смотреть онлайн бесплатно",100
"зависть",popular,"смотреть кино зависть",100
"зависть",popular,"смотреть онлайн зависть 27 серию",100
"зависть",popular,"молитва защита от порчи и зависти",100
"зависть",popular,"молитва защита от сглаза и порчи зависти",100
"зависть",popular,"зависть 20 серия смотреть онлайн",100
"зависть",popular,"зависть 25 серия смотреть онлайн",100
"зависть",popular,"грех зависть 7 смертных грехов",100
"зависть",popular,"просмотр сериала зависть",100
"зависть",popular,"рукъя от зависти",100
"зависть",popular,"зависть турецкий сериал 10 смотреть",100
"зависть",popular,"смотреть 8 серию сериала зависть",99
"зависть",popular,"сериал зависть 3 серия смотреть",99
"зависть",popular,"зависть трифонова",99
"зависть",popular,"трифонов зависть",99
"зависть",popular,"посинеть от зависти",99
"зависть",popular,"зависть вражда",99
"зависть",popular,"моцарт и сальери зависть",99
"зависть",popular,"зависть лорд",99
"зависть",popular,"как определить зависть",99
"зависть",popular,"гордон зависть",99
"зависть",popular,"зависть в теле",99
"зависть",popular,"группа зависть слушать",99
"зависть",popular,"тревожность зависть",98
"зависть",popular,"зависть грех в православии",98
"зависть",popular,"зависть рассеянный",98
"зависть",popular,"зависть турецкий сериал смотреть онлайн 2",98
"зависть",popular,"камень защищающий от сглаза зависти",98
"зависть",popular,"боже зависть",98
"зависть",popular,"хватит прятать зависть когда смотришь на нас",98
"зависть",popular,"комментарий зависть",98
"зависть",popular,"зависть и ненависть к людям",98
"зависть",popular,"егор крид зависть текст",98
"зависть",popular,"слезы зависти",98
"зависть",popular,"зависть пара",97
"зависть",popular,"зависть богов скачать торрент",97
"зависть",popular,"точный зависть",97
"зависть",popular,"зависть турецкий сериал смотреть 2 серия",97
"зависть",popular,"зависть и подлость",97
"зависть",popular,"зависть 9 серия смотреть на русском",97
"зависть",popular,"зависть дурной глаз",97
"зависть",popular,"зависть турецкий фильм бесплатно",97
"зависть",popular,"зависть завистливые люди",97
"зависть",popular,"зависть смотреть турецкий сериал бесплатно 12",97
"зависть",popular,"томат всем на зависть характеристика отзывы",97
"зависть",popular,"зависть турецкий сериал 10 серия смотреть",97
"зависть",popular,"зависть противоположное",96
"зависть",popular,"зависть 12 серия смотреть на русском",96
"зависть",popular,"осуждение зависть",96
"зависть",popular,"слушать коран от зависти",96
"зависть",popular,"зависть ангелов",96
"зависть",popular,"защита дома от зависти",96
"зависть",popular,"дух зависти",96
"зависть",popular,"маски зависти",96
"зависть",popular,"алчность зависть гнев",96
"зависть",popular,"зависть как перестать",96
"зависть",popular,"подружка зависть",96
"зависть",popular,"песня зависти и лжи",96
"зависть",popular,"схема зависти",96
"зависть",popular,"зависть фрейд",96
"зависть",popular,"спа салон зависть оренбург",95
"зависть",popular,"зависть сериал ответы на вопросы",95
"зависть",popular,"подходит знакомая фальши целует красавицу зависть",95
"зависть",popular,"целует красавицу зависть подходит знакомая",95
"зависть",popular,"грех ли зависть",95
"зависть",popular,"зависть турецкий сериал смотреть 22 серия",95
"зависть",popular,"смотреть турецкий сериал зависть 22",95
"зависть",popular,"зависть 18 серия смотреть онлайн бесплатно",95
"зависть",popular,"зависть богатству",95
"зависть",popular,"от зависти от глаза сура",95
"зависть",popular,"черная зависть смотреть",95
"зависть",popular,"помнить зависть",95
"зависть",popular,"зависть невестки",95
"зависть",popular,"как уберечься от зависти и сглаза",95
"зависть",popular,"проявлять зависть",95
"зависть",popular,"источники зависти",95
"зависть",popular,"доктор краснов 6 серия зависть",95
"зависть",popular,"зависть турецкий сериал на русском 5",95
"зависть",popular,"смотреть турецкий сериал зависть 7 серию",95
"зависть",popular,"зависть 29 серия на русском языке",95
"зависть",popular,"зависть любимого человека",95
"зависть",popular,"зависть измена фильм",95
"зависть",popular,"пословица о зависти",94
"зависть",popular,"мелодрам как зависть подруги разрушила жизнь",94
"зависть",popular,"любовь ненависть зависть",94
"зависть",popular,"зависть 9mice",94
"зависть",popular,"зависть турецкий сериал смотреть онлайн 32",94
"зависть",popular,"мусульманская молитва от зависти и злых",94
"зависть",popular,"волосы зависть",94
"зависть",popular,"зависть 9 русская озвучка",94
"зависть",popular,"зависть 9 серия русская озвучка",94
"зависть",popular,"как распознать зависть",94
"зависть",popular,"зависть турецкий сериал на русском 5 серия",94
"зависть",popular,"зависть рассеянный хореограф",94
"зависть",popular,"зависть зависеть",94
"зависть",popular,"зависть это чувство или эмоция",94
"зависть",popular,"зависть 17 серия турецкий сериал на русском",93
"зависть",popular,"зависть турецкий 17 серия на русском",93
"зависть",popular,"их ест зависть",93
"зависть",popular,"зависть 24 серия озвучка",93
"зависть",popular,"актеры фильма зависть богов фото",93
"зависть",popular,"вежливое проявление зависти 12",93
"зависть",popular,"зависти зубы",93
"зависть",popular,"джинн зависти",93
"зависть",popular,"молитва мусульманская от зависти злых людей",93
"зависть",popular,"архиепископ зависти",93
"зависть",popular,"очень сильная зависть",93
"зависть",popular,"зависть близких людей",93
"зависть",popular,"избегать зависть",93
"зависть",popular,"зависть в обществе",93
"зависть",popular,"трудно зависть",92
"зависть",popular,"зависть турецкий сериал фото",92
"зависть",popular,"минута зависть",92
"зависть",popular,"темный принц madk1d зависть",92
"зависть",popular,"шепоток от сглаза и зависти",92
"зависть",popular,"сериал зависть 21 серия смотреть онлайн",92
"зависть",popular,"смотреть турецкий сериал зависть 13",92
"зависть",popular,"соник бум посинеть от зависти",92
"зависть",popular,"смотреть турецкий зависть 8",91
"зависть",popular,"зависть турция смотреть",91
"зависть",popular,"зависть запада",91
"зависть",popular,"скачать группа зависть",91
"зависть",popular,"зависть турецкий вк",91
"зависть",popular,"оберег от зависти и злых",91
"зависть",popular,"зависть 7 серия русская",91
"зависть",popular,"зависть турецкий сериал смотреть 3 серия",91
"зависть",popular,"жалость и зависть",91
"зависть",popular,"фильм зависть все серии",91
"зависть",popular,"рукия от сглаза и зависти слушать",90
"зависть",popular,"как победить зависть",90
"зависть",popular,"холодная зависть",90
"зависть",popular,"зависть турецкий сериал 32 серия онлайн",90
"зависть",popular,"зависть турецкий сериал 32 серия смотреть онлайн",90
"зависть",popular,"зависть пьеса",90
"зависть",popular,"сколько алентовой в фильме зависть богов",90
"зависть",popular,"зависть лордфильм",90
"зависть",popular,"зависть сериал 25 серия смотреть онлайн",90
"зависть",popular,"как защитить себя от зависти людей",90
"зависть",popular,"сериал зависть 12 серия смотреть онлайн",90
"зависть",popular,"зависть избавление",90
"зависть",popular,"свобода от зависти",90
"зависть",popular,"соседская зависть характеристика",90
"зависть",popular,"томат соседская зависть характеристики",90
"зависть",popular,"нарисовать зависть",90
"зависть",popular,"зависть 1 сезон 14 серия",90
"зависть",popular,"амулет от сглаза и порчи и зависти",89
"хейт",popular,"хейт",34751
"хейт",popular,"песня хейт",2125
"хейт",popular,"хейт ми",1573
"хейт",popular,"ай хейт",1416
"хейт",popular,"хейт герл",1304
"хейт",popular,"хейт ю",1092
"хейт",popular,"хейт элден",902
"хейт",popular,"хейт элден ринг",836
"хейт",popular,"хейт видео",800
"хейт",popular,"скачать хейт",753
"хейт",popular,"ай хейт ю",749
"хейт",popular,"кеннет хейт",748
"хейт",popular,"слово хейт",747
"хейт",popular,"хейт простой",668
"хейт",popular,"хейт про",663
"хейт",popular,"текст хейт",650
"хейт",popular,"хейт перевод",621
"хейт",popular,"хейт ми песня",584
"хейт",popular,"наболевшие хейты",579
"хейт",popular,"форт хейт",482
"хейт",popular,"хейты вк",478
"хейт",popular,"хейт 2",477
"хейт",popular,"делаю хейт",462
"хейт",popular,"хейте ван хейте",448
"хейт",popular,"квест хейт",436
"хейт",popular,"хейт рп",429
"хейт",popular,"лове хейт",421
"хейт",popular,"фильм хейт",414
"хейт",popular,"кеннет хейт элден",414
"хейт",popular,"федя ван хейт",412
"хейт",popular,"хейт читать",400
"хейт",popular,"кеннет хейт элден ринг",395
"хейт",popular,"хейт колобка",368
"хейт",popular,"скачать песню хейт",362
"хейт",popular,"много хейта",352
"хейт",popular,"хейт игры",347
"хейт",popular,"больше хейта",342
"хейт",popular,"хейт шоу",340
"хейт",popular,"хейт люди",336
"хейт",popular,"тема хейта",329
"хейт",popular,"песня ай хейт",321
"хейт",popular,"хейта манга",314
"хейт",popular,"хейт герл читать",306
"хейт",popular,"меньшова хейт",295
"хейт",popular,"хейт меньшовой",295
"хейт",popular,"хейт герл манга",287
"хейт",popular,"хейт девушка",279
"хейт",popular,"что такое хейт простыми словами",278
"хейт",popular,"хейт слушать",262
"хейт",popular,"хейта порно",262
"хейт",popular,"квест хейты элден",259
"хейт",popular,"ай лав ту хейт",259
"хейт",popular,"аниме хейта",255
"хейт",popular,"ты пишешь мне хейт",252
"хейт",popular,"элден ринг квест хейты",251
"хейт",popular,"хейт эврифинг",247
"хейт",popular,"песня хейт ю",244
"хейт",popular,"смотреть хейт",243
"хейт",popular,"форт хейт элден",241
"хейт",popular,"ай лав ту хейт ю",238
"хейт",popular,"секс хейтами",238
"хейт",popular,"русский хейт",236
"хейт",popular,"твой хейт",234
"хейт",popular,"хейт ми перевод",234
"хейт",popular,"элден ринг форт хейт",229
"хейт",popular,"лов ми хейт ми",227
"хейт",popular,"ай хейт эврифинг",225
"хейт",popular,"ты пишешь мне хейт я делаю",224
"хейт",popular,"лав ми хейт ми",222
"хейт",popular,"хейт elden",219
"хейт",popular,"волны хейта",219
"хейт",popular,"elden ring хейта",218
"хейт",popular,"хейт журавлева",212
"хейт",popular,"квеста кеннета хейта",211
"хейт",popular,"кеннет хейт квест",211
"хейт",popular,"комментарии хейта",210
"хейт",popular,"хейт герл манхва",205
"хейт",popular,"пинк хейт",200
"хейт",popular,"группа хейт",197
"хейт",popular,"хейт крида",195
"хейт",popular,"пинк хейт ми",195
"хейт",popular,"песня я делаю хейт",189
"хейт",popular,"хейт ми текст",189
"хейт",popular,"хейт машеры",188
"хейт",popular,"хейт лям",185
"хейт",popular,"что значит хейт",185
"хейт",popular,"как ответить на хейт",184
"хейт",popular,"хейтами 18",184
"хейт",popular,"текст песни хейте",182
"хейт",popular,"тема хейта вк",178
"хейт",popular,"ай хейт эврифинг эбаут",177
"хейт",popular,"хейт спич",174
"хейт",popular,"хейт я делаю лям",170
"хейт",popular,"машера хайп на сливах и безумный хейт",169
"хейт",popular,"ай хейт эврифинг эбаут ю",169
"хейт",popular,"ай хейт эврифинг ю",169
"хейт",popular,"песня ай хейт ю",169
"хейт",popular,"анна хейт",165
"хейт",popular,"хейт бтс",164
"хейт",popular,"перевод песни хейт ми",159
"хейт",popular,"причина хейта",158
"хейт",popular,"столкнуться с хейтом",158
"хейт",popular,"хейт ми скачать",157
"хейт",popular,"пишешь мне хейт песня",156
"хейт",popular,"хейт сериал",155
"хейт",popular,"хейт росомахи",154
"хейт",popular,"хейт дмитриенко",153
"хейт",popular,"хейт я делаю два",150
"хейт",popular,"егор крид хейт",149
"хейт",popular,"против хейта",149
"хейт",popular,"ваш хейт",149
"хейт",popular,"хейт на английском",148
"хейт",popular,"без хейта",148
"хейт",popular,"как реагировать на хейт",147
"хейт",popular,"хейт ольга",146
"хейт",popular,"хейт в интернете",145
"хейт",popular,"ты мне хейт я тебе два",144
"хейт",popular,"хейт лайка",144
"хейт",popular,"песня пишешь мне хейт я делаю",141
"хейт",popular,"кеннет хейт элден ринг квест",141
"хейт",popular,"ты пишешь мне хейт я делаю лям",139
"хейт",popular,"ай хейт перевод",138
"хейт",popular,"ответ на хейт",135
"хейт",popular,"хейт в соцсетях",135
"хейт",popular,"хейт хейтер",132
"хейт",popular,"хейт канал",131
"хейт",popular,"хейт вани дмитриенко",130
"хейт",popular,"лиза хейт",128
"хейт",popular,"хейт книга",127
"хейт",popular,"хейт хантер",122
"хейт",popular,"забила на хейт",120
"хейт",popular,"хейт вопросы",120
"хейт",popular,"хейт мем",119
"хейт",popular,"хейт это пиар",117
"хейт",popular,"джонатан морган хейт",117
"хейт",popular,"хейт чонгука",117
"хейт",popular,"хейт трек",116
"хейт",popular,"первый хейт",115
"хейт",popular,"хейт коре",114
"хейт",popular,"elden ring кеннет хейт",113
"хейт",popular,"кеннет хейт elden",113
"хейт",popular,"я делаю хейт лям песня",113
"хейт",popular,"реакция на хейт",113
"хейт",popular,"хейт масленникова",113
"хейт",popular,"хейт герл 16",110
"хейт",popular,"хейт герл 18",109
"хейт",popular,"бузова хейт",108
"хейт",popular,"ты пишешь мне хейт я делаю два",107
"хейт",popular,"хейт юлии меньшовой",107
"хейт",popular,"юлия меньшова хейт",107
"хейт",popular,"хейт в сети",107
"хейт",popular,"хейт кор",105
"хейт",popular,"хейт ю перевод",105
"хейт",popular,"забила на хейт я делаю",104
"хейт",popular,"клип хейт",103
"хейт",popular,"хейт рдр",102
"хейт",popular,"история хейта",101
"хейт",popular,"ваш хейт это мой пиар",101
"хейт",popular,"гонна хейт",100
"хейт",popular,"фото хейт",99
"хейт",popular,"хейт рп рдр",99
"хейт",popular,"хейт пересильд",99
"хейт",popular,"хейт буллинг",99
"хейт",popular,"как справиться с хейтом",98
"хейт",popular,"забила хейт я делаю лям",98
"хейт",popular,"хейт до смерти",97
"хейт",popular,"ты делаешь хейт я делаю два песня",95
"хейт",popular,"зе хейт",95
"хейт",popular,"хейт фильма колобок",95
"хейт",popular,"хейт актрисы",95
"хейт",popular,"хейт рп сталкер рп",94
"хейт",popular,"хейтерс гонна хейт",92
"хейт",popular,"хейт ток",91
"хейт",popular,"наиболевшие хейты",91
"хейт",popular,"песня забила на хейт",91
"хейт",popular,"хейт блогеров",91
"хейт",popular,"хейт в школе",90
"хейт",popular,"хейт росомахи рекорд мстителей 5",89
"хейт",popular,"актеры хейт",88
"хейт",popular,"ю хейт ми",88
"хейт",popular,"хейт рп рдр 2",85
"хейт",popular,"хейта блэк",84
"хейт",popular,"энд хейт",83
"хейт",popular,"хейт россии",83
"хейт",popular,"ай хейт май",83
"хейт",popular,"скачать песню хейт ми",81
"хейт",popular,"майкл хейт",81
"хейт",popular,"не вижу хейта",80
"хейт",popular,"чонгук хейт ю",80
"хейт",popular,"хейт герл 16 глава",80
"хейт",popular,"хейт что это значит простыми",80
"хейт",popular,"хейт рп дейз",79
"хейт",popular,"геншин хейт",79
"хейт",popular,"лесбиянки хейт",78
"хейт",popular,"музыка хейт",78
"хейт",popular,"песня лов ми хейт ми",77
"хейт",popular,"где хейта элден",77
"хейт",popular,"ваш хейт просто",77
"хейт",popular,"хейт хейт раменское",77
"хейт",popular,"дмитрий журавлев хейт",77
"хейт",popular,"данмачи хейт",76
"хейт",popular,"песня лав ту хейт",76
"хейт",popular,"хейт зис",76
"хейт",popular,"хейт ю скачать",76
"хейт",popular,"блэк пинк хейт",75
"хейт",popular,"я делаю хейт лям песня забила",75
"хейт",popular,"хейт коре текст",74
"хейт",popular,"рафи хейтам",74
"хейт",popular,"хейт мультфильмов",73
"хейт",popular,"статья хейта",73
"хейт",popular,"хейта элден ринг где",73
"хейт",popular,"массовый хейт",72
"хейт",popular,"гона хейт",72
"хейт",popular,"хейт хетс",71
"хейт",popular,"хейт айдолов",71
"хейт",popular,"блэк пинк хейт ми",70
"хейт",popular,"хейт лав скачать",70
"хейт",popular,"текст песни хейт ми",70
"хейт",popular,"луиза хейт",69
"хейт",popular,"скачать песню я делаю хейт",69
"хейт",popular,"перевод песни ай хейт",69
"хейт",popular,"хейт кор текст",69
"хейт",popular,"никита хейт",68
"хейт",popular,"песня лав ту хейт ю",68
"хейт",popular,"песня пишешь хейт я делаю два",68
"хейт",popular,"хейт лав перевод",68
"хейт",popular,"ольга бородина хейт",68
"хейт",popular,"хейт онлайн",67
"хейт",popular,"блэк пинк лав ту хейт",67
"хейт",popular,"блэк пинк лав ту хейт ми",67
"хейт",popular,"хейт тик ток",67
"хейт",popular,"твои кошмары хейт",66
"хейт",popular,"женский хейт",66
"хейт",popular,"хейт звезд",66
"хейт",popular,"милана некрасова хейт",66
"хейт",popular,"хейт до смерти твои",66
"хейт",popular,"футболка хейт",66
"хейт",popular,"хейт синоним",65
"хейт",popular,"хейт модс",65
"хейт",popular,"сколько хейта",65
"хейт",popular,"ай хейт зис",65
"хейт",popular,"ваш хейт это просто мой пиар",65
"хейт",popular,"уровень хейта",65
"хейт",popular,"хейт хатс",65
"хейт",popular,"хейт 2023",65
"хейт",popular,"люблю хейт",64
"хейт",popular,"ай хейт ю перевод",64
"хейт",popular,"день хейта",64
"хейт",popular,"хейт до смерти твои кошмары",64
"хейт",popular,"майкл джексон хейт",63
"хейт",popular,"хейт делаю 2",63
"хейт",popular,"хейт и критика",62
"хейт",popular,"хейт худ",62
"хейт",popular,"песня ай лав ту хейт",62
"хейт",popular,"где форт хейт",61
"хейт",popular,"ариана гранде хейт",61
"хейт",popular,"хейтерс гонна хейт перевод",61
"хейт",popular,"ты пишешь мне хейт скачать",60
"хейт",popular,"лав ми хейт ми текст",60
"хейт",popular,"донт хейт",60
"хейт",popular,"песня ай лав ту хейт ю",59
"хейт",popular,"хейт лав фейс",59
"хейт",popular,"хейт лайф",59
"хейт",popular,"хейт кф",59
"хейт",popular,"хейт ми слушать",58
"хейт",popular,"шаман хейт",58
"хейт",popular,"саша клубника хейт",57
"хейт",popular,"лов ту хейт ю",57
"хейт",popular,"словить хейт",57
"хейт",popular,"пишешь мне хейт я делаю 2",57
"хейт",popular,"хейт аккорды",55
"хейт",popular,"хейт купить",55
"хейт",popular,"хейт киркорова",55
"хейт",popular,"хейт грейс",54
"хейт",popular,"что значит слово хейт",54
"хейт",popular,"хейта ютуб",54
"хейт",popular,"скачать песню ты пишешь мне хейт",54
"хейт",popular,"фанлерок хейт",54
"хейт",popular,"порно аниме хейта",54
"хейт",popular,"ольга бузова хейт",54
"хейт",popular,"жесткий хейт",53
"хейт",popular,"забила на хейт я делаю два",53
"хейт",popular,"майкл джексон хейт ми",52
"хейт",popular,"дора хейт",52
"хейт",popular,"секс аниме хейта",52
"хейт",popular,"хейт лов перевод",52
"хейт",popular,"форт хейт elden",52
"хейт",popular,"форт хейт elden ring",52
"хейт",popular,"хейт меня больше егор",52
"хейт",popular,"хейт меня больше егор крид",52
"хейт",popular,"хейт меня больше крид",52
"хейт",popular,"скачать песню забила на хейт",52
"хейт",popular,"пипл хейт",52
"хейт",popular,"я делаю хейт два скачать",51
"хейт",popular,"хейт фильм 2023",51
"хейт",popular,"мужской хейт",51
"хейт",popular,"хейт эшбери",50
"хейт",popular,"джон хейт",50
"хейт",popular,"лайк хейт",50
"хейт",popular,"хейт лав слушать",50
"хейт",popular,"слушать песню хейт",50
"хейт",popular,"ай хейт эврисинг",50
"хейт",popular,"хейт комменты",49
"хейт",popular,"хейт сленг",49
"хейт",popular,"хейт герл 18 глава",49
"хейт",popular,"хейт перевод на русский",49
"хейт",popular,"хейт тв",48
"хейт",popular,"как пишется хейт",48
"хейт",popular,"хейт правила",48
"хейт",popular,"я делаю хейт два скачать песню",48
"хейт",popular,"хейт новости",47
"хейт",popular,"переживает хейт",47
"хейт",popular,"хейт 2021",47
"хейт",popular,"elden ring квест хейты",46
"хейт",popular,"квест хейта elden",46
"хейт",popular,"ай хейт ю скачать",46
"хейт",popular,"песня про хейт",46
"хейт",popular,"песня лав ми хейт ми",46
"хейт",popular,"дженни хейт",46
"хейт",popular,"хейт пост",46
"хейт",popular,"хейт герл 17",45
"хейт",popular,"ники хейт",45
"хейт",popular,"катя хейт",45
"хейт",popular,"как относиться к хейту",45
"хейт",popular,"хейт роблокса",45
"хейт",popular,"слова песни хейт",45
"хейт",popular,"хейт зис гейм",45
"хейт",popular,"колобок почему хейт",44
"хейт",popular,"джаст хейт ми",44
"хейт",popular,"где находится форт хейт",44
"хейт",popular,"пикми не хейт",44
"хейт",popular,"пинк хейт ми слушать",43
"хейт",popular,"джонни хейт джаз",43
"хейт",popular,"ай лов ту хейт ю",43
"хейт",popular,"хейт фак",43
"хейт",popular,"сидни суини хейт",43
"хейт",popular,"перевод песни хейт ю",42
"хейт",popular,"дабл бабл хейт",42
"хейт",popular,"ай хейт зис гейм",42
"хейт",popular,"хейт хатс раменское",42
"хейт",popular,"хейт что это значит простыми словами",42
"хейт",popular,"хейт вельвет",42
"хейт",popular,"ай хейт ю текст",41
"хейт",popular,"хейтерс гона хейт",41
"хейт",popular,"хейты отель хазбин",41
"хейт",popular,"почему фанлерок заслужила хейт",41
"хейт",popular,"фанлерок заслуживает хейта",41
"хейт",popular,"lesbian space princess хейт",41
"хейт",popular,"хейт бой",41
"хейт",popular,"дейс грейс ай хейт эврифинг",41
"хейт",popular,"почему так много хейта",40
"хейт",popular,"хэйт или хейт",40
"хейт",popular,"семья хейт",40
"хейт",popular,"ума кристовская хейт",40
"хейт",popular,"напишешь мне хейт",39
"хейт",popular,"агентство хейт",39
"хейт",popular,"хейт хаус",39
"хейт",popular,"оливер три лов ми хейт ми",39
"хейт",popular,"сельпо на выезде хейт",39
"хейт",popular,"лиза бойко хейт",38
"хейт",popular,"что означает хейт",37
"хейт",popular,"виленская хейт",37
"хейт",popular,"альбом хейт лав",37
"хейт",popular,"настольная игра хейт",37
"хейт",popular,"селф хейт",36
"хейт",popular,"текст ай хейт эврифинг",36
"хейт",popular,"лиза бойка хейт",36
"хейт",popular,"шаблон для хейта",36
"хейт",popular,"примеры хейта",36
"хейт",popular,"хейт картинка",36
"хейт",popular,"чимин хейт",36
"хейт",popular,"макан хейт",36
"хейт",popular,"хейт макана",36
"хейт",popular,"забила на хейт я делаю 2",36
"хейт",popular,"читать мангу хейт герл",36
"хейт",popular,"хейт кпоп",35
"хейт",popular,"хейт скачать бесплатно",35
"хейт",popular,"загитова хейт",35
"хейт",popular,"хейт саши спилберг",34
"хейт",popular,"гача хейт",34
"хейт",popular,"дима масленников хейт",34
"хейт",popular,"подвиги главкома драпатого и хейт зеленского",34
"хейт",popular,"хейт анны пересильд",34
"хейт",popular,"хейт мурат",34
"хейт",popular,"хейт как переводится",34
"хейт",popular,"фурри хейт",34
"хейт",popular,"ида галич хейт",34
"хейт",popular,"сони хейт",34
"хейт",popular,"хейт герл манхва читать",34
"хейт",popular,"хейт ремикс",34
"хейт",popular,"полина хейт",33
"хейт",popular,"хейт герл 15",33
"хейт",popular,"гта 6 хейт",33
"хейт",popular,"хейт герл 17 глава",33
"хейт",popular,"колобок хейт последнее",33
"хейт",popular,"хейт 12",33
"хейт",popular,"хейт сайт",33
"хейт",popular,"хейт вельвет данмачи",33
"хейт",popular,"ай хейт эврифинг эбаут текст",32
"хейт",popular,"лав ту хейт ми блэк пинк текст",32
"хейт",popular,"черен хейт",32
"хейт",popular,"форт хейт элден ринг где находится",32
"хейт",popular,"перевод песни ай хейт ю",32
"хейт",popular,"танец хейте",32
"хейт",popular,"белевская пастила хейт",32
"хейт",popular,"хип хейт",32
"хейт",popular,"имя хейт",32
"хейт",popular,"хейт э",31
"хейт",popular,"ай лав ту хейт ю перевод",31
"хейт",popular,"лав ту хейт ю перевод",31
"хейт",popular,"майнкрафт хейт",31
"хейт",popular,"хейт чат",31
"хейт",popular,"хейта марьяна",31
"хейт",popular,"мы заработаем на этом хейте",31
"хейт",popular,"как красиво ответить на хейт",30
"хейт",popular,"ай хейт эврисинг эбаут ю",30
"хейт",popular,"хейт сысоева",30
"хейт",popular,"хейт сысоевой",30
"хейт",popular,"хейт значение",30
"хейт",popular,"ай хейт эврифинг эбаут ю текст",30
"хейт",popular,"песня бузова хейт",30
"хейт",popular,"хейт рп дискорд",30
"хейт",popular,"нефтяник на кухне ответ на хейт",30
"хейт",popular,"тимберлейк хейт мурат",30
"хейт",popular,"бренд хейт",29
"хейт",popular,"хейт санс",29
"хейт",popular,"хейтам рафи хабиби",29
"хейт",popular,"хейт хетс раменское",29
"хейт",popular,"хейт май селф",28
"хейт",popular,"хейт бтс 2026",28
"хейт",popular,"покажи хейт",28
"хейт",popular,"хейт российского",28
"хейт",popular,"куплинов хейт",28
"хейт",popular,"песня хейт саша",28
"хейт",popular,"саша клубника песня хейт",28
"хейт",popular,"лов ми хейт ми текст",28
"хейт",popular,"три грейс ай хейт",27
"хейт",popular,"хейт майселф",27
"хейт",popular,"хейт ит",27
"хейт",popular,"хейт ми anazed",27
"хейт",popular,"алена блин хейт",27
"хейт",popular,"хейт бот",27
"хейт",popular,"вики хейт вельвет из данмачи",27
"хейт",popular,"дима журавлев хейт",27
"хейт",popular,"хейт стрей кидс",27
"хейт",popular,"грайм хейт",27
"хейт",popular,"мия бойко хейт",27
"хейт",popular,"хейт фильм 2021",27
"хейт",popular,"бит ми хейт ми",26
"хейт",popular,"хейт мии бойки",26
"хейт",popular,"лумити хейт",26
"хейт",popular,"не выдержал хейта",26
"хейт",popular,"лав ми хейт ми перевод",26
"хейт",popular,"аль хейтам",26
"хейт",popular,"хейт макса",26
"хейт",popular,"перевод песни лов ми хейт ми",26
"хейт",popular,"плющенко хейт",26
"хейт",popular,"хейт герл читать 19",26
"хейт",popular,"пикми не хейт мем",26
"хейт",popular,"пинк хейт ми перевод",26
"хейт",popular,"альбом фейса хейт лав",26
"хейт",popular,"игра хейт правила",25
"хейт",popular,"хейт лав группа сайленс скачать",25
"хейт",popular,"слушать ай лав ту хейт",25
"хейт",popular,"вова солодков хейт",25
"хейт",popular,"включи хейт",25
"хейт",popular,"текст песни ай хейт",25
"хейт",popular,"савичева хейт",25
"хейт",popular,"хейт за внешность",25
"хейт",popular,"ай хейт май селф",25
"хейт",popular,"хейт клуб",25
"хейт",popular,"квест кеннета хейта в elden ring",25
"хейт",popular,"хейт до смерти скачать",25
"хейт",popular,"ирина смирнова хейт",25
"хейт",popular,"феликс хейт",25
"хейт",popular,"кинг оф хейт",25
"хейт",popular,"хейт лебедева",25
"хейт",popular,"хейта с кармен сантьяго",24
"хейт",popular,"адреналин хаус хейты",24
"хейт",popular,"одиссея хейт",24
"хейт",popular,"хейт мерет",24
"хейт",popular,"хейт собак",24
"хейт",popular,"аманда хейт",24
"хейт",popular,"лав ми хейт ми оливер три",24
"хейт",popular,"песня чонгук хейт",24
"хейт",popular,"алабуга хейт",24
"хейт",popular,"манна хейт гюрл 15 глава",24
"хейт",popular,"хейт маразма",24
"хейт",popular,"кенет хейт",24
"хейт",popular,"marvels wolverine хейт",23
"хейт",popular,"хейт адушкиной",23
"хейт",popular,"кеннет хейт элден ринг где",23
"хейт",popular,"фри дейс грейс ай хейт",23
"хейт",popular,"значение слова хейт",23
"хейт",popular,"ай лав ту хейт ю слушать",23
"хейт",popular,"хейт в соц сетях",23
"хейт",popular,"хип хейт мой контье",22
"хейт",popular,"ай хейт май мам",22
"хейт",popular,"хейт бсд",22
"хейт",popular,"хейт крайм",22
"хейт",popular,"хейт перевод с английского",22
"хейт",popular,"ай хейт пипл",22
"хейт",popular,"хейт декарта",22
"хейт",popular,"тема хейта мокси и милли вк",22
"хейт",popular,"наше последнее лето хейт",22
"хейт",popular,"песня хейт до смерти",22
"хейт",popular,"хейт хатс раменское барбершоп",22
"хейт",popular,"мина повесилась из за хейта",22
"хейт",popular,"как бороться с хейтом",21
"хейт",popular,"билан хейт",21
"хейт",popular,"хейт в сторону бтс",21
"хейт",popular,"лав ту хейт ю скачать",21
"хейт",popular,"манга хейт герл 18",21
"хейт",popular,"как реагировать на хейт в соцсетях",21
"хейт",popular,"фри дейс грейс ай хейт эврифинг",21
"хейт",popular,"кеннет хейт элден ринг где найти",21
"хейт",popular,"федько хейт",21
"хейт",popular,"хейт насти федько",21
"хейт",popular,"лиса хейт",21
"хейт",popular,"хейт чан",21
"хейт",popular,"фильм дора хейта",20
"хейт",popular,"хейт ми моргенштерн",20
"хейт",popular,"хейтер гона хейт",20
"хейт",popular,"чонгук хейт ю перевод",20
"хейт",popular,"секс с варей грейт хейт",20
"хейт",popular,"хейт до смерти текст",20
"хейт",popular,"песня хейт меня больше",20
"хейт",popular,"майкл джексон кик ми хейт ми",20
"хейт",popular,"хейт саша клубника клип",20
"хейт",popular,"сабрина карпентер хейт",20
"хейт",popular,"хейт куплинова",20
"хейт",popular,"хейт стаса ярушина",20
"хейт",popular,"хейт блэкпинк",20
"хейт",popular,"хейт зайчика",20
"хейт",popular,"хейт стрелец",20
"хейт",popular,"хейт ершова",20
"хейт",popular,"хейт ани пересильд",20
"хейт",popular,"что такое хейт в молодежном сленге",20
"хейт",popular,"хейт алины загитовой",20
"хейт",popular,"домер хейт",20
"хейт",popular,"read хейт герл",20
"хейт",popular,"хейт по другому",19
"хейт",popular,"дора хейта фильм 2000",19
"хейт",popular,"хейт моды",19
"хейт",popular,"хейт битва",19
"хейт",popular,"порно крд хейт",19
"хейт",popular,"хейта фарфоровая кукла",19
"хейт",popular,"хейта фарфоровая кукла аниме",19
"хейт",popular,"ай хейт эврифинг эбаут ю аккорды",19
"хейт",popular,"текст песни хейт ю",19
"хейт",popular,"ай лайк ю хейт ю",19
"хейт",popular,"наболевшие хейты вк",19
"хейт",popular,"привет не хейт",19
"хейт",popular,"хейт электрика",19
"хейт",popular,"федя ван хейт фильмы",19
"хейт",popular,"хейт герл глава 15",18
"хейт",popular,"три дейс грейс ай хейт эврифинг",18
"хейт",popular,"хейт цитаты",18
"хейт",popular,"bvs смотри хейт как смысл жизни",18
"хейт",popular,"группа сайленс скачать песню хейт лав",18
"хейт",popular,"хейт про колобка",18
"хейт",popular,"хейтам кенуэй",18
"хейт",popular,"егор крид хейт меня больше песня",18
"хейт",popular,"хейт тату",18
"хейт",popular,"хейт герл читать 18",18
"хейт",popular,"лав ту хейт ю перевод песни",18
"хейт",popular,"скачать песню ай хейт",18
"хейт",popular,"ноу хейт",18
"хейт",popular,"кока хейт",18
"хейт",popular,"пинк хейт ми скачать",18
"хейт",popular,"баста хейт",18
"хейт",popular,"хип хейт мой контье перевод",18
"хейт",popular,"хейт квинки",17
"хейт",popular,"хай хейт",17
"хейт",popular,"хейт тэхена",17
"хейт",popular,"ольга бородина жена артура далалояна хейт",17
"хейт",popular,"ай хейт антихайп",17
"хейт",popular,"последний богатырь колобок хейт",17
"хейт",popular,"ерасуре ай лав ту хейт",17
"хейт",popular,"ерасуре ай лав ту хейт ю",17
"хейт",popular,"амаранта хейт",17
"хейт",popular,"чеботина хейт",17
"хейт",popular,"алабуга политех хейт",17
"хейт",popular,"девушка повесилась из за хейта",17
"хейт",popular,"манки хейт",17
"хейт",popular,"колобок фильм почему хейт",17
"хейт",popular,"хейта не появляется",17
"хейт",popular,"хейт слушать онлайн",17
"хейт",popular,"песня пинк хейт",17
"хейт",popular,"пинк песни хейт ми",17
"хейт",popular,"волочкова хейт",17
"хейт",popular,"хейт хэтс",17
"хейт",popular,"хейт клавы коки",17
"хейт",popular,"хейт и хайп что это",16
"хейт",popular,"джус ворлд хейт ми",16
"хейт",popular,"форт хейт квест",16
"хейт",popular,"колобок фильм 2026 хейт",16
"хейт",popular,"путин хейт",16
"хейт",popular,"хейт ме",16
"хейт",popular,"саша теслонд хейт",16
"хейт",popular,"песня майкла джексона хейт ми",16
"хейт",popular,"хейт дюна",16
"хейт",popular,"эдисон хейт",16
"хейт",popular,"наболевшие хейты 2.0",16
"хейт",popular,"искательница света хейта",15
"хейт",popular,"инстасамка хейт",15
"хейт",popular,"скачать песню хейт ю",15
"хейт",popular,"доктор хейт",15
"хейт",popular,"вики хейт вельвет из данмачи отношение",15
"хейт",popular,"форт хейт элден ринг квест",15
"хейт",popular,"хейт герл читать 16 глава",15
"хейт",popular,"умер из за хейта",15
"хейт",popular,"бадабумчик хейт",15
"хейт",popular,"форт хейт карта",15
"хейт",popular,"хейт хадсон",15
"хейт",popular,"мизулина хейт",15
"хейт",popular,"ай лав ту хейт ю скачать",15
"хейт",popular,"хейт 13 карт",15
"хейт",popular,"ай лав ту хейт ю кто поет",15
"хейт",popular,"хейт геро",15
"хейт",popular,"хейт елены райтман",15
"хейт",popular,"вонен хейт",15
"хейт",popular,"эрза миллер причина хейта",15
"хейт",popular,"хейт на англ",14
"хейт",popular,"привет это мой первый хейт",14
"хейт",popular,"илья слепов ответил на хейт",14
"хейт",popular,"надежда сысоева хейт",14
"хейт",popular,"кап хейт",14
"хейт",popular,"рафи хейтам слушать",14
"хейт",popular,"джон хейт пассивное ежегодное хранений тепла",14
"хейт",popular,"хейт альбины кабалиной",14
"хейт",popular,"лав энд хейт",14
"хейт",popular,"форте хейт в замогилье",14
"хейт",popular,"хейт марьям",14
"хейт",popular,"хейт против киркорова",14
"хейт",popular,"слава хейт",14
"хейт",popular,"хейт герл манхва 17 глава",14
"хейт",popular,"высоцкая хейт",13
"хейт",popular,"нфс хейт",13
"хейт",popular,"хейт лейла",13
"хейт",popular,"хилькевич хейт",13
"хейт",popular,"скачать бесплатно песню хейт",13
"хейт",popular,"ай лав ту хейт ю клип",13
"хейт",popular,"лав ту хейт ю клип",13
"хейт",popular,"твои кошмары хейт до смерти текст",13
"хейт",popular,"алена швец хейт",13
"хейт",popular,"джаст хейт зе крайм",13
"хейт",popular,"топлес хейт",13
"хейт",popular,"хейт косплей",13
"хейт",popular,"хейт на работе",13
"хейт",popular,"виды хейта",13
"хейт",popular,"песня я твой хейт",13
"хейт",popular,"хейт хетс высоковольтная",13
"хейт",popular,"анна немченко хейт",13
"хейт",popular,"хейт до смерти твои кошмары скачать",13
"хейт",popular,"хейт гуменника",13
"хейт",popular,"хейт футболистов",13
"хейт",popular,"сальма хейт",13
"хейт",popular,"я лав ту хейт ю слушать",13
"хейт",popular,"клаустрофобия хейт",12
"хейт",popular,"хейт журавлев электрик",12
"хейт",popular,"хейт дотторе",12
"хейт",popular,"порно видео хейт",12
"хейт",popular,"мина видео хейт",12
"хейт",popular,"хейт спич и свобода слова где граница",12
"хейт",popular,"хейт рассекающий демонов",12
"хейт",popular,"я не вижу хейт сквозь гуччи линзы",12
"хейт",popular,"мэтт хейт",12
"хейт",popular,"текст песни лов ми хейт ми",12
"хейт",popular,"чонгук песня хейт ю",12
"хейт",popular,"хайп и хейт в чем разница",12
"хейт",popular,"кошкина хейт",12
"хейт",popular,"хейт ольга бузова текст",12
"хейт",popular,"песня хейт кор",12
"хейт",popular,"cup хейт телефон скачать на телефоне",12
"хейт",popular,"ай хейт скул",12
"хейт",popular,"хейт на мари краймбрери",12
"хейт",popular,"хейт умы крестовской",12
"хейт",popular,"хейт бин собер",12
"хейт",popular,"хейт монгер",12
"хейт",popular,"миа бойка хейт",12
"хейт",popular,"хейт перевод с английского на русский",12
"хейт",popular,"что означает слово хейт",12
"хейт",popular,"ай лайк ту хейт",12
"хейт",popular,"таблица луизы хейт",12
"хейт",popular,"хейт беллы рамзи",12
"хейт",popular,"наболевшие хейты самиздат",12
"хейт",popular,"хейт рп донат",11
"хейт",popular,"правила хейт рп",11
"хейт",popular,"ярушин зомби хейт",11
"хейт",popular,"форт хейт запад",11
"хейт",popular,"ос хейт",11
"хейт",popular,"люся чеботина хейт",11
"хейт",popular,"пикми не хейт текст",11
"хейт",popular,"манга хейт герл 15",11
"хейт",popular,"наболевшие хейты нх",11
"хейт",popular,"фудблоггер ирина смирнова хейт",11
"хейт",popular,"хейт на учебники по истории мединского",11
"хейт",popular,"вика дмитриева хейт",11
"хейт",popular,"синоним к слову хейт",11
"хейт",popular,"скачать песню ай хейт ю",11
"хейт",popular,"милена макарова хейт кф",11
"хейт",popular,"хейт андертейл",11
"хейт",popular,"диброва хейт",11
"хейт",popular,"видео хейты по научи хорошему",11
"хейт",popular,"стерео хейт",11
"хейт",popular,"хейт бан чана",11
"хейт",popular,"дима билан хейт",11
"хейт",popular,"джонатан морган хейт фильмы",11
"хейт",popular,"блю октобер хейт ми",11
"хейт",popular,"джек глисон хейт",10
"хейт",popular,"между хейтом и хайпом",10
"хейт",popular,"критика и хейт разница",10
"хейт",popular,"хейт герл тг",10
"хейт",popular,"хейт харламова",10
"хейт",popular,"дмитрий журавлев хейт колобок",10
"хейт",popular,"лав ми хейт ми скачать",10
"хейт",popular,"манга хейт герл 17",10
"хейт",popular,"хейт котов воителей",10
"хейт",popular,"в 2026 году чугайнов столкнулся с хейтом",10
"хейт",popular,"билли айлиш хейт",10
"хейт",popular,"пикми не хейт мем текст",10
"хейт",popular,"форд хейт elden ring",10
"хейт",popular,"хейт вотч",10
"хейт",popular,"кеннет хейт элден ринг служить или нет",10
"хейт",popular,"ирейже ай лав ту хейт ю",10
"хейт",popular,"оцениваю мультики психовые лица бена хейт",10
"хейт",popular,"чонгук хейт ю скачать",10
"хейт",popular,"секс с необычными девушек хейт",10
"хейт",popular,"новый чек неплохо на твой хейт",10
"хейт",popular,"хейт мерет он зе стрит mpз",10
"хейт",popular,"вадим хейтов",10
"хейт",popular,"скачать музыку хейт",10
"хейт",popular,"скачать песню лов ми хейт ми",10
"хейт",popular,"хейт фильм 2021 отзывы",10
"хейт",popular,"хейт на английском как пишется",10
"хейт",popular,"лорд кеннет хейт elden ring",10
"хейт",popular,"хейт яна топлес",10
"хейт",popular,"ян топлес хейт",10
"хейт",popular,"футболка хейт фоидс",10
"хейт",popular,"актриса салма хейт",10
"хейт",popular,"кавказские песни хейт на русском",10
"хейт",popular,"что ответить на хейт в комментариях",9
"хейт",popular,"ай хейт лида футболка",9
"хейт",popular,"федя ван хейт почему такое имя",9
"хейт",popular,"хейт гарри поттера",9
"хейт",popular,"что можно ответить на хейт",9
"хейт",popular,"хейт герл манхва 18 глава",9
"хейт",popular,"служить ли кеннету хейту",9
"хейт",popular,"обогреватели хейт стоун",9
"хейт",popular,"ай хейт эврифинг эбаут ю табы",9
"хейт",popular,"песня ай хейт эврифинг эбаут ю",9
"хейт",popular,"хейт роскомнадзора",9
"хейт",popular,"хейтам gen порно",9
"хейт",popular,"это мой первый хейт текст",9
"хейт",popular,"хейт кор мзлф",9
"хейт",popular,"причины хейта колобка",9
"хейт",popular,"хейт фильм 2023 смотреть онлайн",9
"хейт",popular,"что за хейт вокруг колобка",9
"хейт",popular,"оксана яшанькина хейт",9
"хейт",popular,"хейт наше последнее лето скачать",9
"хейт",popular,"хейт поэтическое странствие",9
"хейт",popular,"заказать хейт",9
"хейт",popular,"карина кросс хейт",9
"хейт",popular,"зоркий хейт канал",9
"хейт",popular,"ай вонт ю хейт ю",9
"хейт",popular,"скачать песню хейт последняя лето",9
"хейт",popular,"манга хейт герл 16 глава",9
"хейт",popular,"inquisitore3 тиктокер не выдержал хейта",8
"хейт",popular,"причины хейта фурри",8
"хейт",popular,"крейти хейт мейт бокс сквиш уточка лалафанфан",8
"хейт",popular,"песня хейт руи камиширо",8
"хейт",popular,"хейт руи",8
"хейт",popular,"хейт руи камиширо",8
"хейт",popular,"хейт руи песня",8
"хейт",popular,"молдавская вика хейт",8
"хейт",popular,"хейт роял канин",8
"хейт",popular,"мина повесилась из за хейта видео",8
"хейт",popular,"хейт журавлева из за колобка",8
"хейт",popular,"скачать песню хейт до смерти",8
"хейт",popular,"рекламное агентство хейт",8
"хейт",popular,"хейт дибровой",8
"хейт",popular,"чем отличается хейт от буллинга",8
"хейт",popular,"что будет если служить кеннету хейту",8
"хейт",popular,"хейте маша и медведь",8
"хейт",popular,"форт хейт элден ринг карта",8
"хейт",popular,"масло хейт меракс",8
"хейт",popular,"хейт миланы хаметовой",8
"хейт",popular,"ресторан хейт",8
"хейт",popular,"порошок духа хейты",8
"хейт",popular,"юлия савичева хейт",8
"хейт",popular,"хейт эшбери watch dogs 2",8
"хейт",popular,"галь гадот хейт",8
"хейт",popular,"артемий лебедев хейт",8
"хейт",popular,"кан меф деен ай хейт ю",8
"хейт",popular,"ай хейт эврифинг эбаут ю слушать",8
"хейт",popular,"валя карнавал хейт",8
"хейт",popular,"хейт карнавал",8
"хейт",popular,"хилькевич анна хейт",8
"хейт",popular,"ландо норрис хейт",8
"хейт",popular,"доч сломена хейтам 18",8
"хейт",popular,"дариано хейте",8
"хейт",popular,"сестра мии бойко хейт",8
"хейт",popular,"песня хейт ми слушать",8
"хейт",popular,"текст песни хейт кор",8
"хейт",popular,"сюрприз судьбы паола хейт ч",8
"хейт",popular,"хейт хатс крымская",8
"хейт",popular,"хилькевич хейт ставка",8
"хейт",popular,"катрадора хейт",8
"хейт",popular,"хейт шоп",8
"хейт",popular,"самойлова хейт",7
"хейт",popular,"мир денди хейт",7
"хейт",popular,"пинк хейт ми слушать онлайн",7
"хейт",popular,"позитивная лапа история хейта",7
"хейт",popular,"артемий захаров хейт",7
"хейт",popular,"почему бубс боится хейта",7
"хейт",popular,"валентина алексеева подверглась хейту",7
"хейт",popular,"скрытый хейт",7
"хейт",popular,"джаст хейт ми квапа",7
"хейт",popular,"катерина ло хейт радфем",7
"хейт",popular,"очень много хейта на вадима тимонова",7
"хейт",popular,"чугайнов хейт гоша",7
"хейт",popular,"колобок отзывы и хейт",7
"хейт",popular,"айдолша которая повесилась от хейта",7
"хейт",popular,"ляйсан загитова проплачивала хейт валиевой",7
"хейт",popular,"русская певица биомойка которая столкнулась с хейтом",7
"хейт",popular,"хейты ве",7
"хейт",popular,"дроны убийцы хейт",7
"хейт",popular,"оливер трии лов ми хейт ми",7
"хейт",popular,"как реагировать на хейт в интернете",7
"хейт",popular,"кошкина яна хейт",7
"хейт",popular,"хейт месси",7
"хейт",popular,"хейт ми anazed текст",7
"хейт",popular,"саша таня хейт",7
"хейт",popular,"хейт и натаха встречаются",7
"хейт",popular,"а лав ту хейт ю",7
"хейт",popular,"хейт кампусов",7
"хейт",popular,"рабаши крд хейт обзор столпа пламени",7
"хейт",popular,"билан концерт хейт",7
"хейт",popular,"хейт кор мзлф текст",7
"хейт",popular,"хейт форест",7
"хейт",popular,"хейт долиной",7
"хейт",popular,"регина тодоренко хейт",7
"хейт",popular,"антон маслов хейт",7
"хейт",popular,"хейт обзор на маразма",7
"хейт",popular,"хейт олега булкина",7
"хейт",popular,"дима журавлев колобок хейт",7
"хейт",popular,"эконика хейт",7
"хейт",popular,"текст песни хейт до смерти",7
"хейт",popular,"статья за хейт в интернете",7
"хейт",popular,"хейт интернал металл слушать",7
"хейт",popular,"декарт ютубер ответ на хейт",7
"хейт",popular,"хейт газан",7
"хейт",popular,"евген бро хейт",7
"хейт",popular,"ты делаешь хейт текст",7
"хейт",popular,"децл история всенародного хейта",6
"хейт",popular,"настройка газового котла навьен хейт люкс",6
"хейт",popular,"хейт компании самокат",6
"хейт",popular,"хавьер хейт",6
"хейт",popular,"хейт юлии высоцкой",6
"хейт",popular,"хейт герд 18 глава манхва",6
"хейт",popular,"хейт дженнифер лоуренс",6
"хейт",popular,"аппарат хейт айс ionto",6
"хейт",popular,"видео отец карины высказался насчет хейта",6
"хейт",popular,"как пишется слово хейт",6
"хейт",popular,"песня ай хейт эврисинг эбаут ю",6
"хейт",popular,"хейт машин",6
"хейт",popular,"секонд хейт магазин",6
"хейт",popular,"что сказала меньшова об сво хейт",6
"хейт",popular,"очередной хейт",6
"хейт",popular,"шатунов про хейт",6
"хейт",popular,"тема хейта секс",6
"хейт",popular,"наболевшие хейты пьющие люди которые поехали веселиться",6
"хейт",popular,"vk marvel wolverine хейт",6
"хейт",popular,"какой альбом металлики больше всего подвергался хейту",6
"хейт",popular,"спукисный обзор на хейт",6
"хейт",popular,"умная розетка хейт про",6
"хейт",popular,"хейта фарфоровая кукла аниме секс",6
"хейт",popular,"мистер макс хейт",6
"хейт",popular,"адреналин хаус отвечает на хейт",6
"хейт",popular,"ваш хейт это просто мой пиар текст",6
"хейт",popular,"хейт вс",6
"хейт",popular,"саша стрельцова как реагирует на хейт",6
"хейт",popular,"5 часть хейт аниме секс",6
"хейт",popular,"в чем хейт гта 6 сейчас",6
"хейт",popular,"лав хейт что это",6
"хейт",popular,"ай хейт эврифинг эбаут ю перевод",6
"хейт",popular,"ай хейт пипл вульф",6
"хейт",popular,"хейт хетс жуковский",6
"хейт",popular,"елена летучая хейт",6
"хейт",popular,"хейт за ии",6
"хейт",popular,"машера и хейт бадабумчик",6
"хейт",popular,"хейт хантер вакансии",6
"хейт",popular,"анастасия миронова хейт",6
"хейт",popular,"anomaly coffee machine 2 хейта",6
"хейт",popular,"алиса включи компот в майнкрафте для хейта",6
"хейт",popular,"вк все еще есть хейт 2026",6
"хейт",popular,"давай ту хейт ми",6
"хейт",popular,"тема хейта клише фанфиков вк",6
"хейт",popular,"потап война хейт настя новая жизнь вдудь",5
"хейт",popular,"книга джон хейт",5
"хейт",popular,"журавлев про хейт колобка",5
"хейт",popular,"маразм хейт разоблачение",5
"хейт",popular,"самый сильный хейт в индустрии музыки",5
"хейт",popular,"группа хейт песня erebos слушать",5
"хейт",popular,"моногрудь хейт",5
"хейт",popular,"роман большие часы клемента хейта",5
"хейт",popular,"gpt astra хейт",5
"хейт",popular,"open ai astra хейт",5
"хейт",popular,"креатив хейт мейт",5
"хейт",popular,"как избавиться от хейта",5
"хейт",popular,"хейт рп рдр 2 дискорд",5
"хейт",popular,"индеситорис тиктокер не выдержал хейта",5
"хейт",popular,"хейт надежды стрелец",5
"хейт",popular,"джаст хейт ми шторм",5
"хейт",popular,"хейт герл 13",5
"хейт",popular,"джонни хейт джаз слушать",5
"хейт",popular,"дженни на 2026 хейты в августе",5
"хейт",popular,"ща начнется хейт шоу лизок сск",5
"хейт",popular,"хейт деревянко",5
"хейт",popular,"лав ми хейт ми аккорды",5
"хейт",popular,"карамель пдб хейт обидно",5
"хейт",popular,"хейт вотчинг",5
"хейт",popular,"егор крид и нюша хейт за что",5
"хейт",popular,"смертельный нокаут тима хейта видео",5
"хейт",popular,"секс из мультфильма хейт",5
"хейт",popular,"байгужин как реагировать на хейт компромат собирают",5
"хейт",popular,"у кого на рутубе больше всего хейта",5
"хейт",popular,"хейт варесы геншин",5
"хейт",popular,"хейт на юрия фидря",5
"хейт",popular,"вики хейт вельвет из может",5
"хейт",popular,"хейт фурри разбор",5
"хейт",popular,"шеди поставил хейте",5
"хейт",popular,"foodart хейт",5
"хейт",popular,"хейт герл 12",5
"хейт",popular,"07.09 2026 бтс хейт чимина",5
"хейт",popular,"амаранта хейт ххх",5
"хейт",popular,"видео хейт стримера",5
"хейт",popular,"квас желтая бочка хейт",5
"хейт",popular,"кокорин в суперниндзя хейт",5
"хейт",popular,"хейт из заподаенечных платьев яна лантратова",5
"хейт",popular,"хейт майка шиноды",5
"хейт",popular,"как бороться с хейтом в соц сетях",5
"хейт",popular,"я хейт эврифинг эбаут от",5
"хейт",popular,"хейт фильм 2023 отзывы",5
"хейт",popular,"наболевшие хейты аватария",5
"хейт",popular,"тема хейта адский босс вк",5
"хейт",popular,"тема хейта подростки вк",5
"хейт",popular,"хейт молочные продукты",5
"хейт",popular,"хейт юбки",5
"хейт",popular,"хейт зани на алиночку",5
"хейт",popular,"wolverine 2026 за что хейт",5
"хейт",popular,"александра трусова хейт",5
"хейт",popular,"букет с розами хейт мэджик",5
"хейт",popular,"девушка застряла в стене анимация хейта 18",5
"хейт",popular,"смешарики хейт нового сезона",5
"хейт",popular,"хейт к шарлю леклеру",5
"хейт",popular,"хейт кф джейн фиш",5
"хейт",popular,"хейт трусовой из личной жизни",5
"хейт",popular,"вк хейт пост о мистере декарте",5
"хейт",popular,"джон хейт пассивного годового хранения тепла",5
"хейт",popular,"аргентинцы не понимают русского хейта на девушку",5
"хейт",popular,"хейт психология",5
"хейт",popular,"зеленый фонарь хейт",5
"хейт",popular,"наболевшие хейты образование в стране",5
"хейт",popular,"хейт герл манхва 15",5
"хейт",popular,"хейт герл манхва 15 глава",5
"хейт",popular,"хейт дотторе читать",5
"хейт",popular,"хейт скары",5
"хейт",popular,"шаман какой был хейт",5
"хейт",popular,"кепка хейт кор",4
"хейт",popular,"хейт герл читать 15",4
"хейт",popular,"пусикет доллс ай хейт зис парт",4
"хейт",popular,"канье уэст за что хейт",4
"хейт",popular,"хейт герл 13 глава",4
"хейт",popular,"зачем человек хейт пишет в лайке",3
"хейт",popular,"добровольці хейт спич",3
"хейт",popular,"скин хейт понедилок слушать",3
"хейт",popular,"манга хейт геро",2
"хейт",popular,"гей секс в баре аниме порно хейт",1
"кибербуллинг",popular,"какой кибербуллинг",3622
"кибербуллинг",popular,"что такое кибербуллинг",3492
"кибербуллинг",popular,"кибербуллингу относится",2754
"кибербуллинг",popular,"признаки кибербуллинга",2719
"кибербуллинг",popular,"проявление кибербуллинга",2706
"кибербуллинг",popular,"кибербуллинг в цифровых сообществах",2539
"кибербуллинг",popular,"травля кибербуллинг",1125
"кибербуллинг",popular,"шалимов кибербуллинг",955
"кибербуллинг",popular,"слово кибербуллинг",937
"кибербуллинг",popular,"михаил шалимов кибербуллинг",914
"кибербуллинг",popular,"буллинг и кибербуллинг",897
"кибербуллинг",popular,"тема кибербуллинга",845
"кибербуллинг",popular,"профилактика кибербуллинга",842
"кибербуллинг",popular,"кибербуллинг в сети",775
"кибербуллинг",popular,"угрозы кибербуллинга",767
"кибербуллинг",popular,"кибербуллинг это простыми",711
"кибербуллинг",popular,"виды кибербуллинга",700
"кибербуллинг",popular,"кибербуллинг вопросы",686
"кибербуллинг",popular,"социальный кибербуллинг",656
"кибербуллинг",popular,"кибербуллинг это простыми словами",634
"кибербуллинг",popular,"кибербуллинг человека",618
"кибербуллинг",popular,"формы кибербуллинга",605
"кибербуллинг",popular,"кибербуллинг школа",599
"кибербуллинг",popular,"кибербуллинг интернет травля",585
"кибербуллинг",popular,"кибербуллинг дети",570
"кибербуллинг",popular,"кибербуллинг подростков",545
"кибербуллинг",popular,"кибербуллинг статья",540
"кибербуллинг",popular,"жертва кибербуллинг",528
"кибербуллинг",popular,"кибербуллинг игры",517
"кибербуллинг",popular,"кибербуллинг онлайн",482
"кибербуллинг",popular,"кибербуллинг фото",459
"кибербуллинг",popular,"ситуации кибербуллинга",446
"кибербуллинг",popular,"что такое кибербуллинг в интернете",433
"кибербуллинг",popular,"кибербуллинг информация",429
"кибербуллинг",popular,"1 кибербуллинг",426
"кибербуллинг",popular,"последствия кибербуллинга",407
"кибербуллинг",popular,"кибербуллинг фишинг",377
"кибербуллинг",popular,"кибербуллинг россия",356
"кибербуллинг",popular,"кибербуллинг защита",350
"кибербуллинг",popular,"кибербуллинг сообщение",349
"кибербуллинг",popular,"2 кибербуллинг",343
"кибербуллинг",popular,"кибербуллинг мошенничество",332
"кибербуллинг",popular,"3 кибербуллинг",330
"кибербуллинг",popular,"профилактика буллинга и кибербуллинга",327
"кибербуллинг",popular,"кибербуллинг в социальных сетях",327
"кибербуллинг",popular,"про кибербуллинг",326
"кибербуллинг",popular,"срок за кибербуллинг",325
"кибербуллинг",popular,"кибербуллинг в онлайн играх",321
"кибербуллинг",popular,"кибербуллинг участники",312
"кибербуллинг",popular,"суть кибербуллинга",277
"кибербуллинг",popular,"кибербуллинг сайт",268
"кибербуллинг",popular,"кибербуллинг презентация",262
"кибербуллинг",popular,"кибербуллинг в сети интернет",258
"кибербуллинг",popular,"проблема кибербуллинга",236
"кибербуллинг",popular,"кибербуллинг примеры",234
"кибербуллинг",popular,"безопасность в интернете кибербуллинг",225
"кибербуллинг",popular,"кибербуллинг проекты",223
"кибербуллинг",popular,"школьный кибербуллинг",217
"кибербуллинг",popular,"классный час кибербуллинга",211
"кибербуллинг",popular,"видео кибербуллинг",208
"кибербуллинг",popular,"кибербуллинг картинки",199
"кибербуллинг",popular,"жертвами кибербуллинга становятся",196
"кибербуллинг",popular,"роли в кибербуллинге",191
"кибербуллинг",popular,"кибербуллинг рф",191
"кибербуллинг",popular,"кибербуллинг травля в сети",190
"кибербуллинг",popular,"произошел кибербуллинг",182
"кибербуллинг",popular,"кибербуллинг пост",180
"кибербуллинг",popular,"кибербуллинг в соцсетях",178
"кибербуллинг",popular,"правила кибербуллинга",164
"кибербуллинг",popular,"реальный срок за кибербуллинг",158
"кибербуллинг",popular,"кибербуллинг троллинг",155
"кибербуллинг",popular,"кибербуллинг почему",150
"кибербуллинг",popular,"кибербуллинг борьба",150
"кибербуллинг",popular,"кибербуллинг и агрессия",148
"кибербуллинг",popular,"памятка кибербуллинга",148
"кибербуллинг",popular,"кибербуллинг термин",142
"кибербуллинг",popular,"как не стать жертвой кибербуллинга",141
"кибербуллинг",popular,"буллинг кибербуллинг в школе",140
"кибербуллинг",popular,"опасности кибербуллинга",139
"кибербуллинг",popular,"противодействие кибербуллингу",135
"кибербуллинг",popular,"занятие кибербуллинг",135
"кибербуллинг",popular,"цели кибербуллинга",133
"кибербуллинг",popular,"кибербуллинг фильм",130
"кибербуллинг",popular,"ответственность за кибербуллинг",129
"кибербуллинг",popular,"какое из утверждений о кибербуллинге является верным",127
"кибербуллинг",popular,"12 лет за кибербуллинг",126
"кибербуллинг",popular,"кибербуллинг что делать",124
"кибербуллинг",popular,"кибербуллинг план",123
"кибербуллинг",popular,"дали реальный срок за кибербуллинг",123
"кибербуллинг",popular,"подростковый кибербуллинг",121
"кибербуллинг",popular,"безопасный интернет кибербуллинг",121
"кибербуллинг",popular,"методы кибербуллинга",120
"кибербуллинг",popular,"технология кибербуллинга",120
"кибербуллинг",popular,"кибербуллинг ук",120
"кибербуллинг",popular,"кибербуллинг детей в интернете",115
"кибербуллинг",popular,"кибербуллинг несовершеннолетних",113
"кибербуллинг",popular,"определение кибербуллинга",111
"кибербуллинг",popular,"кибербуллинг для родителей",110
"кибербуллинг",popular,"в россии дали реальный срок за кибербуллинг",109
"кибербуллинг",popular,"кибербуллинг статья ук",109
"кибербуллинг",popular,"в россии впервые дали срок за кибербуллинг",108
"кибербуллинг",popular,"исследования кибербуллинга",108
"кибербуллинг",popular,"кибербуллинг ук рф",106
"кибербуллинг",popular,"кибербуллинг школьников",105
"кибербуллинг",popular,"вербальный кибербуллинг",105
"кибербуллинг",popular,"кибербуллинг педагогов",104
"кибербуллинг",popular,"беседы кибербуллинга",104
"кибербуллинг",popular,"истории кибербуллинга",100
"кибербуллинг",popular,"мероприятия по кибербуллингу",100
"кибербуллинг",popular,"кибербуллинг статья ук рф",97
"кибербуллинг",popular,"кибербуллинг профилактика в школе",96
"кибербуллинг",popular,"кибербуллинг на работе",96
"кибербуллинг",popular,"посадили за кибербуллинг",93
"кибербуллинг",popular,"12 что такое кибербуллинг",92
"кибербуллинг",popular,"кибербуллинг психология",92
"кибербуллинг",popular,"скачать кибербуллинг",92
"кибербуллинг",popular,"кибербуллинг текст",91
"кибербуллинг",popular,"приговор за кибербуллинг",90
"кибербуллинг",popular,"случаи кибербуллинга",90
"кибербуллинг",popular,"день кибербуллинга",88
"кибербуллинг",popular,"кибербуллинг взрослых",88
"кибербуллинг",popular,"диана кибербуллинг",86
"кибербуллинг",popular,"кибербуллинг законы",85
"кибербуллинг",popular,"как бороться с кибербуллингом",84
"кибербуллинг",popular,"кибербуллинг в подростковой среде",84
"кибербуллинг",popular,"понятие кибербуллинга",82
"кибербуллинг",popular,"кибербуллинг материалы",81
"кибербуллинг",popular,"информационная безопасность кибербуллинг",80
"кибербуллинг",popular,"кибербуллинг особенности",78
"кибербуллинг",popular,"кибербуллинг психолог",77
"кибербуллинг",popular,"безопасность в сети интернета кибербуллинг",76
"кибербуллинг",popular,"кибербуллинг причины кибербуллинга",75
"кибербуллинг",popular,"мероприятие кибербуллинг буллинг",74
"кибербуллинг",popular,"мероприятия по профилактике кибербуллинга",70
"кибербуллинг",popular,"кибербуллинг среди подростков",70
"кибербуллинг",popular,"кибербуллинг учителей",69
"кибербуллинг",popular,"тесты кибербуллинг",69
"кибербуллинг",popular,"кибербуллинг решение",68
"кибербуллинг",popular,"как избежать кибербуллинга",68
"кибербуллинг",popular,"кибербуллинг доклад",68
"кибербуллинг",popular,"кибербуллинг урок",66
"кибербуллинг",popular,"профилактика телефонного мошенничества буллинга кибербуллинга скулшутинга суицидов",66
"кибербуллинг",popular,"разновидности кибербуллинга",63
"кибербуллинг",popular,"проект на тему кибербуллинг",63
"кибербуллинг",popular,"план профилактика буллинга кибербуллинга",63
"кибербуллинг",popular,"детский кибербуллинг",62
"кибербуллинг",popular,"кибербуллинг в семье",61
"кибербуллинг",popular,"против кибербуллинга",61
"кибербуллинг",popular,"плакат кибербуллинг",60
"кибербуллинг",popular,"кибербезопасность кибербуллинг",58
"кибербуллинг",popular,"программа по кибербуллингу",57
"кибербуллинг",popular,"как распознать кибербуллинг",57
"кибербуллинг",popular,"что такое кибербуллинг кратко",56
"кибербуллинг",popular,"кибербуллинг правила поведения",55
"кибербуллинг",popular,"наказание за кибербуллинг",55
"кибербуллинг",popular,"wishmaster кибербуллинг и технологический абьюз",52
"кибербуллинг",popular,"кибербуллинг 2025",51
"кибербуллинг",popular,"кибербуллинг типы",51
"кибербуллинг",popular,"кибербуллинг как защитить себя",51
"кибербуллинг",popular,"фильм про кибербуллинг",51
"кибербуллинг",popular,"кибербуллинг в уфе",51
"кибербуллинг",popular,"елена погребижская кибербуллинг",50
"кибербуллинг",popular,"кибербуллинг лекция",50
"кибербуллинг",popular,"кибербуллинг рекомендации",50
"кибербуллинг",popular,"кибербуллинг социальный ролик",50
"кибербуллинг",popular,"кибербуллинг законодательства",47
"кибербуллинг",popular,"опросник кибербуллинг",47
"кибербуллинг",popular,"кибербуллинг новости",47
"кибербуллинг",popular,"груминг кибербуллинг",46
"кибербуллинг",popular,"осудили за кибербуллинг",46
"кибербуллинг",popular,"михаил шалимов кибербуллинг фото",46
"кибербуллинг",popular,"профилактика буллинга и кибербуллинга в школе",46
"кибербуллинг",popular,"феномен кибербуллинга",45
"кибербуллинг",popular,"примеры кибербуллинга в интернете",45
"кибербуллинг",popular,"видео про кибербуллинг",44
"кибербуллинг",popular,"презентация на тему кибербуллинг",43
"кибербуллинг",popular,"первый срок за кибербуллинг",42
"кибербуллинг",popular,"кибербуллинг статистика",41
"кибербуллинг",popular,"как правильно кибербуллинг",41
"кибербуллинг",popular,"кибербуллинг буклеты",39
"кибербуллинг",popular,"примером кибербуллинга является",39
"кибербуллинг",popular,"кибербуллинг статья наказания",38
"кибербуллинг",popular,"как защититься от кибербуллинга",38
"кибербуллинг",popular,"кибербуллинг ответственность по законодательству",38
"кибербуллинг",popular,"влияние кибербуллинга",37
"кибербуллинг",popular,"профилактика кибербуллинга в подростковой среде",37
"кибербуллинг",popular,"знание кибербуллинг",36
"кибербуллинг",popular,"кибербуллинг в великом новгороде",35
"кибербуллинг",popular,"предотвращение кибербуллинга",35
"кибербуллинг",popular,"кибербуллинг мемы",35
"кибербуллинг",popular,"как пишется кибербуллинг",34
"кибербуллинг",popular,"классные часы на тему кибербуллинг",34
"кибербуллинг",popular,"классный час на тему кибербуллинг",34
"кибербуллинг",popular,"кибербуллинг полиция",34
"кибербуллинг",popular,"реклама кибербуллинга",34
"кибербуллинг",popular,"буллинг и кибербуллинг презентация",34
"кибербуллинг",popular,"агрессивное поведение кибербуллинг",33
"кибербуллинг",popular,"кибербуллинг уголовная ответственность",33
"кибербуллинг",popular,"кибербуллинг и цифровые угрозы",32
"кибербуллинг",popular,"шалимов диана кибербуллинг",30
"кибербуллинг",popular,"кибербуллинг вк",29
"кибербуллинг",popular,"статья за кибербуллинг в рф",29
"кибербуллинг",popular,"кибербуллинг 2023",29
"кибербуллинг",popular,"кибербуллинг рисунок",29
"кибербуллинг",popular,"кибербуллинг в интернете статья",28
"кибербуллинг",popular,"что такое кибербуллинг и почему это плохо",27
"кибербуллинг",popular,"разговоры о важном кибербуллинг",27
"кибербуллинг",popular,"кибербуллинг на английском",26
"кибербуллинг",popular,"что является кибербуллингом",26
"кибербуллинг",popular,"кибербуллинг девочки из уфы",25
"кибербуллинг",popular,"как предотвратить кибербуллинг",25
"кибербуллинг",popular,"кибербуллинг в деструктивном поведении детей",25
"кибербуллинг",popular,"статьи про кибербуллинг",25
"кибербуллинг",popular,"срок за кибербуллинг уфа",24
"кибербуллинг",popular,"что означает кибербуллинг",24
"кибербуллинг",popular,"кибербуллинг литература",24
"кибербуллинг",popular,"штраф за кибербуллинг",23
"кибербуллинг",popular,"меры профилактики кибербуллинга",23
"кибербуллинг",popular,"день борьбы с кибербуллингом",23
"кибербуллинг",popular,"кибербуллинг куда обратиться",23
"кибербуллинг",popular,"характеристика кибербуллинга",22
"кибербуллинг",popular,"уголовно правовой механизм противодействия кибербуллингу",22
"кибербуллинг",popular,"что значит кибербуллинг",21
"кибербуллинг",popular,"занятия по медиаграмотности и профилактике кибербуллинга",21
"кибербуллинг",popular,"первый приговор за кибербуллинг",20
"кибербуллинг",popular,"кибербуллинг диана из уфы",20
"кибербуллинг",popular,"кибербуллинг относится к киберпреступлениям",20
"кибербуллинг",popular,"неверно что к киберпреступлениям относится кибербуллинг",20
"кибербуллинг",popular,"кибербуллинг это простыми словами для детей что",19
"кибербуллинг",popular,"какая статья за кибербуллинг",19
"кибербуллинг",popular,"что такое кибербуллинг его формы и последствия",19
"кибербуллинг",popular,"кибербуллинг сериал",19
"кибербуллинг",popular,"кибербуллинг картинка для презентации",18
"кибербуллинг",popular,"план мероприятий по профилактике буллинга и кибербуллинга",17
"кибербуллинг",popular,"индивидуальный проект на тему кибербуллинг",17
"кибербуллинг",popular,"кибербуллинг примеры из жизни",16
"кибербуллинг",popular,"наказание за кибербуллинг в россии",16
"кибербуллинг",popular,"как бороться с кибербуллингом в интернете",16
"кибербуллинг",popular,"сообщение по информатике 9 класс кибербуллинг",16
"кибербуллинг",popular,"первый реальный срок за кибербуллинг",15
"кибербуллинг",popular,"методы борьбы с кибербуллингом",15
"кибербуллинг",popular,"видео кибербуллинг для школьников",15
"кибербуллинг",popular,"сообщение на тему кибербуллинг",15
"кибербуллинг",popular,"что такое кибербуллинг простыми словами в интернете",14
"кибербуллинг",popular,"погребижская о кибербуллинге",13
"кибербуллинг",popular,"кибербуллинг синоним",13
"кибербуллинг",popular,"есть ли статья за кибербуллинг",13
"кибербуллинг",popular,"кибербуллинг и сетевой этикет видеолекция",13
"кибербуллинг",popular,"кибербуллинг это в информатике",13
"кибербуллинг",popular,"12 лет строгого режима за кибербуллинг",13
"кибербуллинг",popular,"буллинг кибербуллинг картинки",13
"кибербуллинг",popular,"кибербуллинг тренинги",12
"кибербуллинг",popular,"анонимность в кибербуллинге",12
"кибербуллинг",popular,"опросник кибербуллинга и агрессии в интернете coas",12
"кибербуллинг",popular,"кибербуллинг и ответственность за травлю в сети",12
"кибербуллинг",popular,"что делать если стал жертвой кибербуллинга",12
"кибербуллинг",popular,"кибербуллинг статья ук рф наказание",12
"кибербуллинг",popular,"как справляться с кибербуллингом",12
"кибербуллинг",popular,"примером кибербуллинга является запугивание в школе",12
"кибербуллинг",popular,"кибербуллинг ответственность по законодательству рф",11
"кибербуллинг",popular,"мультик кибербуллинг",11
"кибербуллинг",popular,"сериал про кибербуллинг",10
"кибербуллинг",popular,"кибербуллинг 2022",10
"кибербуллинг",popular,"спасибо за кибербуллинг",9
"кибербуллинг",popular,"кибербуллинг дети в опасности",9
"кибербуллинг",popular,"кибербуллинг и сетевой этикет видео",9
"кибербуллинг",popular,"алиса что такое кибербуллинг",8
"кибербуллинг",popular,"получил срок за кибербуллинг",8
"кибербуллинг",popular,"что делать если столкнулся с кибербуллингом",8
"кибербуллинг",popular,"буллинг и кибербуллинг среди подростков классный час",8
"кибербуллинг",popular,"соцсети фейковые аккаунты кибербуллинг тема классного часа",8
"кибербуллинг",popular,"конспект мероприятия по профилактике кибербуллинга в школе",8
"кибербуллинг",popular,"сексуальный кибербуллинг",7
"кибербуллинг",popular,"к какой статье относится кибербуллинг",7
"кибербуллинг",popular,"кибербуллинг из за нейросетей",7
"кибербуллинг",popular,"спок за кибербуллинг",7
"кибербуллинг",popular,"примером кибербуллинга является ответ",7
"кибербуллинг",popular,"видеоролик про кибербуллинг",7
"кибербуллинг",popular,"день борьбы с кибербуллингом в россии",7
"кибербуллинг",popular,"анкетирование обучающихся по теме буллинг кибербуллинг",7
"кибербуллинг",popular,"че за кибербуллинг тебя",6
"кибербуллинг",popular,"классные часы про кибербуллинг",6
"кибербуллинг",popular,"кибербуллинг психологическая характеристика",6
"кибербуллинг",popular,"кибербуллинг в банковской сфере",6
"кибербуллинг",popular,"сталкер и кибербуллинг психопат объявил",6
"кибербуллинг",popular,"презентация буллинг и кибербуллинг в школе",5
"кибербуллинг",popular,"кибербуллинг книга",5
"кибербуллинг",popular,"кибербуллинг это насилие",5
"кибербуллинг",popular,"моббинг буллинг кибербуллинг",5
"кибербуллинг",popular,"документ ответственность обучающихся за буллинг и кибербуллинг",5
"кибербуллинг",popular,"кто чаще подвергается кибербуллингу",5
"кибербуллинг",popular,"видео про кибербуллинг и безопасность в интернете",5
"кибербуллинг",popular,"погребижская травля нашей семьи кибербуллинг",5
"кибербуллинг",popular,"передача погребижской про кибербуллинг",5
"кибербуллинг",popular,"михаил шалимов кибербуллинг наказание",5
"кибербуллинг",popular,"кибербуллинг в соцсетях школьные новости 7 класс",5
"кибербуллинг",popular,"кибербуллинг объяснить родителям как помочь",5
"кибербуллинг",popular,"ролик про кибербуллинг и шрамы",5
"кибербуллинг",popular,"ролик про кибербуллинг футболистов",5
"кибербуллинг",popular,"буллинг и кибербуллинг буклет для родителей",4
"кибербуллинг",popular,"классный час на тему кибербуллинг 7 класс",4
"кибербуллинг",popular,"плакат стоп кибербуллинг",4
"кибербуллинг",popular,"кибербуллинг пнг",2
"кибербуллинг",popular,"буклет по кибербуллингу для родителей",2
"лайки",popular,"лайка",2158875
"лайки",popular,"лайки лайков",1294832
"лайки",popular,"лайк",1291409
"лайки",popular,"лайки лайк",1291409
"лайки",popular,"лайков лайк",1291403
"лайки",popular,"лайки настя",349175
"лайки",popular,"лайк настя",346888
"лайки",popular,"настя лайк лайки",346888
"лайки",popular,"русская лайка",105964
"лайки",popular,"лайк на русском",99614
"лайки",popular,"смотреть лайки",97666
"лайки",popular,"лайки настя на русском",95713
"лайки",popular,"лайк настя на русском",95335
"лайки",popular,"скачать лайки",94121
"лайки",popular,"смотреть лайк",86378
"лайки",popular,"смотреть лайки лайк",86378
"лайки",popular,"лайки 2026",78985
"лайки",popular,"поставьте лайки",74631
"лайки",popular,"лайке поставить лайк",66172
"лайки",popular,"бесплатные лайки",65932
"лайки",popular,"аккаунт в лайке",63952
"лайки",popular,"котенка лайка",62918
"лайки",popular,"лайка лета",61860
"лайки",popular,"лайка лет",61502
"лайки",popular,"лайки мани",59663
"лайки",popular,"котенка лайк котенка лайка",58858
"лайки",popular,"лайк мане",58855
"лайки",popular,"котенок лайк",58836
"лайки",popular,"котенок лайк котенок лайк котенок лайков",58836
"лайки",popular,"лайк мани",58731
"лайки",popular,"смотреть настя лайки",58612
"лайки",popular,"лайк настя смотреть лайки",58363
"лайки",popular,"смотреть настя лайк",58363
"лайки",popular,"видео лайк",57553
"лайки",popular,"скачать лайк",51359
"лайки",popular,"скачать лайк лайки",51359
"лайки",popular,"лайки вк",49968
"лайки",popular,"лайк бесплатно",49418
"лайки",popular,"лайк бесплатно лайки",49418
"лайки",popular,"русский лайк смотреть",49156
"лайки",popular,"лайки займ",48642
"лайки",popular,"смотреть лайки настя на русском",48376
"лайки",popular,"смотреть лайк настя на русском",48156
"лайки",popular,"лайк займ",47972
"лайки",popular,"можно лайки",39387
"лайки",popular,"как посмотреть лайки",39373
"лайки",popular,"лайки бывшего",38718
"лайки",popular,"лайками будете",38504
"лайки",popular,"лайке смотреть бесплатно",37487
"лайки",popular,"лайк смотреть бесплатно",36840
"лайки",popular,"лайк смотреть бесплатно лайки",36840
"лайки",popular,"как сделать в лайке",35706
"лайки",popular,"песни лайки лайк",35519
"лайки",popular,"песня лайк",35464
"лайки",popular,"видео из лайка",35344
"лайки",popular,"русская лайка бесплатно",34221
"лайки",popular,"лайка фото",34116
"лайки",popular,"лайк настя бесплатно",34082
"лайки",popular,"лайки ли",34041
"лайки",popular,"лайки фм",33988
"лайки",popular,"удалено лайки",33980
"лайки",popular,"удали лайки",33954
"лайки",popular,"лайк фм",33881
"лайки",popular,"лайк фм лайки",33881
"лайки",popular,"лайки настя смотреть бесплатно",33654
"лайки",popular,"смотреть настю лайк бесплатно",33608
"лайки",popular,"лайк смотреть бесплатно русский",33416
"лайки",popular,"лайк настя на русском бесплатно",33001
"лайки",popular,"лайк настя на русском смотреть бесплатно",32852
"лайки",popular,"лайк личный",32522
"лайки",popular,"где лайки",31784
"лайки",popular,"песни из лайка",30598
"лайки",popular,"без лайка",30360
"лайки",popular,"лайка собака",29278
"лайки",popular,"лайки человек",29166
"лайки",popular,"кабинет лайка",28983
"лайки",popular,"лайка личный кабинет",28918
"лайки",popular,"лайк кабинет",28597
"лайки",popular,"лайк личный кабинет",28561
"лайки",popular,"новые лайка",27552
"лайки",popular,"лайки ток",26716
"лайки",popular,"тик лайки",26600
"лайки",popular,"сколько лайка",26548
"лайки",popular,"включи лайки",26475
"лайки",popular,"лайк 2026",25382
"лайки",popular,"кофе лайки",25252
"лайки",popular,"супер лайки",24952
"лайки",popular,"2 лайка",24824
"лайки",popular,"кофе лайк",24618
"лайки",popular,"2026 года из лайка",23969
"лайки",popular,"тренды из лайка",23947
"лайки",popular,"скай лайке",23588
"лайки",popular,"как удалить в лайке",23551
"лайки",popular,"скай лайк",23526
"лайки",popular,"купить лайки",23103
"лайки",popular,"почему лайка",22265
"лайки",popular,"включи лайк",21356
"лайки",popular,"включи лайк лайка",21356
"лайки",popular,"лайки шоу",20993
"лайки",popular,"серия лайки",20927
"лайки",popular,"супер лайк",20813
"лайки",popular,"лайки стор",20501
"лайки",popular,"лайки мани личный",20378
"лайки",popular,"приложение лайки",20330
"лайки",popular,"лайк мани личный",20182
"лайки",popular,"лайк стор",20160
"лайки",popular,"охота с лайками",19893
"лайки",popular,"лайк шоу",19686
"лайки",popular,"лайка танцует",19598
"лайки",popular,"танцующая лайка",19598
"лайки",popular,"фильм лайка",19373
"лайки",popular,"лайки онлайн",19279
"лайки",popular,"лайк серия",19271
"лайки",popular,"лайка знаешь",19180
"лайки",popular,"лайк посмотреть",19160
"лайки",popular,"посмотрим лайки лайк",19160
"лайки",popular,"лайки лайк мультик",19063
"лайки",popular,"мультик лайк",19063
"лайки",popular,"ай лайки лайки",19046
"лайки",popular,"лайки ае",19044
"лайки",popular,"лайки делай",18808
"лайки",popular,"тренды 2026 из лайка",18792
"лайки",popular,"ай лайк",18255
"лайки",popular,"ай лайки лайк",18255
"лайки",popular,"ая лайк",18255
"лайки",popular,"лайки мани личный кабинет",18241
"лайки",popular,"лайк мани кабинет",18084
"лайки",popular,"лайк мани личный кабинет",18078
"лайки",popular,"лайки займ личный",17959
"лайки",popular,"лайк займ личный",17742
"лайки",popular,"лайка телефон",17657
"лайки",popular,"лайк онлайн",17558
"лайки",popular,"мало лайка",17005
"лайки",popular,"фильм лайк",16981
"лайки",popular,"фильм лайки лайк",16981
"лайки",popular,"супер лайки шоу",16892
"лайки",popular,"супер лайк шоу",16772
"лайки",popular,"лайки инстаграм",16735
"лайки",popular,"тренды из 2026 года из лайка",16673
"лайки",popular,"включи лайки настя",16613
"лайки",popular,"включи лайк насти лайки насти",16559
"лайки",popular,"включи лайк настя",16559
"лайки",popular,"лайки в максе",16452
"лайки",popular,"танцуй если знаешь из лайка",16261
"лайки",popular,"лайка слушать",16119
"лайки",popular,"знаешь тренды из лайка",16094
"лайки",popular,"маленькая лайка",15863
"лайки",popular,"скачать видео с лайка",15842
"лайки",popular,"танцуй если знаешь этот тренд из лайка",15654
"лайки",popular,"лайки займ личный кабинет",15612
"лайки",popular,"форму лайки",15602
"лайки",popular,"лайк вк",15544
"лайки",popular,"лайк лайки вк",15544
"лайки",popular,"школьный лайк",15481
"лайки",popular,"лайк займ кабинет",15445
"лайки",popular,"лайк займ личный кабинет",15440
"лайки",popular,"форма лайк",15384
"лайки",popular,"лайка настя мультики",15264
"лайки",popular,"мультик лайк настя",15239
"лайки",popular,"тренды этого года из лайка",15232
"лайки",popular,"скай лайк школьная",15206
"лайки",popular,"лайк без",15110
"лайки",popular,"лайк без лайка",15110
"лайки",popular,"лайки в тик ток",14955
"лайки",popular,"подписчики в лайке",14773
"лайки",popular,"форма скай лайк",14699
"лайки",popular,"1 лайка",14674
"лайки",popular,"как посмотреть кто поставил лайки",14595
"лайки",popular,"как удалить видео в лайке",14577
"лайки",popular,"год лайк",14464
"лайки",popular,"макс лайк",14351
"лайки",popular,"школьная форма лайки",14291
"лайки",popular,"школьная форма лайк",14274
"лайки",popular,"сибирская лайка",14248
"лайки",popular,"скай лайк школьная форма",14224
"лайки",popular,"приложение лайк",14200
"лайки",popular,"приложение лайк лайк лайк лайк лайка",14200
"лайки",popular,"щенок лайки",14101
"лайки",popular,"ник в лайк",14029
"лайки",popular,"ник в лайк ника",14029
"лайки",popular,"ники в лайк",14029
"лайки",popular,"мало лайк",13987
"лайки",popular,"2026 танцуй если знаешь этот тренд лайка",13895
"лайки",popular,"игра лайк",13814
"лайки",popular,"игра лайк игра лайки",13814
"лайки",popular,"танцуй если знаешь 2026 года из лайка",13799
"лайки",popular,"ник для лайка",13790
"лайки",popular,"ники для лайка",13790
"лайки",popular,"танцующий тренд из лайка 2026 года",13785
"лайки",popular,"тренды 2026 года танцуй из лайка",13785
"лайки",popular,"самое лайка",13679
"лайки",popular,"нова лайк",13615
"лайки",popular,"лайк настя серия",13609
"лайки",popular,"бывший лайк",13607
"лайки",popular,"лучше лайка",13584
"лайки",popular,"новый лайк",13574
"лайки",popular,"лайка ест",13543
"лайки",popular,"маленьких лайк",13443
"лайки",popular,"лайк ли",13195
"лайки",popular,"накрутить лайки",13075
"лайки",popular,"красивые лайки",12977
"лайки",popular,"как посмотреть кто поставил лайк",12923
"лайки",popular,"лайк аккаунт",12722
"лайки",popular,"другой лайки",12666
"лайки",popular,"роблокс лайк лайк",12662
"лайки",popular,"найдена лайка",12659
"лайки",popular,"сериал лайки",12554
"лайки",popular,"настя лайки маленькая",12449
"лайки",popular,"настя лайк маленькая",12420
"лайки",popular,"ю лайка",12339
"лайки",popular,"можно лайк",12336
"лайки",popular,"галочка в лайке",12291
"лайки",popular,"лайки друзей",11949
"лайки",popular,"лайка отзывы",11849
"лайки",popular,"где лайк",11678
"лайки",popular,"займ лайке мане",11644
"лайки",popular,"лайки мани займ",11626
"лайки",popular,"сколько лет лайку",11460
"лайки",popular,"видео лайка настя",11400
"лайки",popular,"г лайка",11359
"лайки",popular,"лайк сериал",11305
"лайки",popular,"лайк настя видео",11303
"лайки",popular,"кот лайк",11277
"лайки",popular,"лайк мани займ",11264
"лайки",popular,"как создать аккаунт в лайке",11238
"лайки",popular,"видео без лайка",11200
"лайки",popular,"песни из лайка 2026",11131
"лайки",popular,"лайк ю",11011
"лайки",popular,"какой лайк",10931
"лайки",popular,"фото лайк",10918
"лайки",popular,"фото лайки лайк",10918
"лайки",popular,"лайки 2022",10789
"лайки",popular,"как сделать аккаунт в лайке",10716
"лайки",popular,"лайк г",10656
"лайки",popular,"лайка играет",10649
"лайки",popular,"знак лайка",10566
"лайки",popular,"лайк настя сериал",10540
"лайки",popular,"лайк 2022",10446
"лайки",popular,"роблокс в лайке",10379
"лайки",popular,"как поставить лайк в максе",10337
"лайки",popular,"радио лайкам",10271
"лайки",popular,"лайки стар",10213
"лайки",popular,"лайк настя 2022",10195
"лайки",popular,"лайк настя 2022 сериал",10166
"лайки",popular,"лайки текст",10123
"лайки",popular,"лайк настя г",10115
"лайки",popular,"лайк настя сериал с 2022 г",10058
"лайки",popular,"котиков лайки",9994
"лайки",popular,"как посмотреть лайки в вк",9929
"лайки",popular,"скачать без лайка",9928
"лайки",popular,"получите лайки",9886
"лайки",popular,"радио лайк",9864
"лайки",popular,"день лайка",9743
"лайки",popular,"про лайк",9696
"лайки",popular,"видит лайки",9623
"лайки",popular,"аккаунт в лайке лайк",9510
"лайки",popular,"боб поставил лайк",9500
"лайки",popular,"хорош лайк",9497
"лайки",popular,"как посмотреть лайки в максе",9476
"лайки",popular,"скачать лайки бесплатно",9440
"лайки",popular,"можно ли в лайке",9262
"лайки",popular,"западная лайка",9220
"лайки",popular,"под лайка",9066
"лайки",popular,"сколько лайков лайки",9037
"лайки",popular,"лайки накрутка",9022
"лайки",popular,"лайка ставит лайк",9001
"лайки",popular,"ставь лайк",9001
"лайки",popular,"порода лайка",8993
"лайки",popular,"лайки реакции",8893
"лайки",popular,"лайк играть",8880
"лайки",popular,"западно сибирская лайка",8860
"лайки",popular,"белая лайка",8832
"лайки",popular,"соулс лайки",8765
"лайки",popular,"без водяного знака лайка",8749
"лайки",popular,"котик лайк",8704
"лайки",popular,"котик лайк лайки",8704
"лайки",popular,"котиков лайк",8704
"лайки",popular,"сайт лайки",8704
"лайки",popular,"лайки групп",8701
"лайки",popular,"тревино поставил лайк",8679
"лайки",popular,"лайк сколько лайков",8673
"лайки",popular,"сколько лайк",8673
"лайки",popular,"3 лайка",8664
"лайки",popular,"скачать без лайка видео",8629
"лайки",popular,"ава в лайк",8587
"лайки",popular,"боб тревино лайк",8575
"лайки",popular,"2 аккаунт в лайке",8534
"лайки",popular,"боб тревина поставил лайк",8509
"лайки",popular,"скачать лайки без водяного",8504
"лайки",popular,"боб тревино поставил лайки",8490
"лайки",popular,"боб тревино поставил лайк",8489
"лайки",popular,"финская лайка",8438
"лайки",popular,"канал в лайке",8416
"лайки",popular,"спирит лайки",8370
"лайки",popular,"почему лайк",8362
"лайки",popular,"лайк 2",8356
"лайки",popular,"лайк 2 лайка",8356
"лайки",popular,"лайк спирит",8355
"лайки",popular,"данные лайки",8299
"лайки",popular,"лайки би",8286
"лайки",popular,"я тебе поставлю лайк",8260
"лайки",popular,"фон для лайка",8247
"лайки",popular,"лайка сообщение",8128
"лайки",popular,"лайки войти",8122
"лайки",popular,"скачать знак лайка",8063
"лайки",popular,"как посмотреть кто поставил лайки в максе",8050
"лайки",popular,"скачать без знака лайка",8020
"лайки",popular,"лайки фм слушать",7915
"лайки",popular,"лайк фм слушать",7896
"лайки",popular,"лайки страйки",7891
"лайки",popular,"лайки страйк",7890
"лайки",popular,"водяной знак лайка скачать",7873
"лайки",popular,"песнь лайк",7864
"лайки",popular,"лайки твои",7816
"лайки",popular,"аккаунт в лайке удалено",7816
"лайки",popular,"радио лайки фм",7776
"лайки",popular,"как максе посмотреть кто поставил лайк",7767
"лайки",popular,"лайки онлайн бесплатно",7758
"лайки",popular,"радио лайк фм",7749
"лайки",popular,"лайки снимать лайк",7737
"лайки",popular,"лайк телефон",7710
"лайки",popular,"лайки тин",7695
"лайки",popular,"просмотр лайка",7678
"лайки",popular,"лайка со",7670
"лайки",popular,"как посмотреть лайк в максе",7662
"лайки",popular,"лайк человеку",7657
"лайки",popular,"лайки лайк человек",7657
"лайки",popular,"лайк тин",7600
"лайки",popular,"лайки смотреть онлайн",7571
"лайки",popular,"соулс лайк",7497
"лайки",popular,"лайк ток",7396
"лайки",popular,"карело лайки",7371
"лайки",popular,"карела финская лайка",7364
"лайки",popular,"называется лайки",7333
"лайки",popular,"карело финская лайка",7320
"лайки",popular,"тик лайк",7316
"лайки",popular,"кому ставить лайки",7293
"лайки",popular,"лайк смотреть онлайн",7242
"лайки",popular,"милс лайк",7227
"лайки",popular,"1 лайк",7203
"лайки",popular,"сезон лайк",7190
"лайки",popular,"игры в лайке",7154
"лайки",popular,"лайк тин спирит",7140
"лайки",popular,"лайк тик ток",7121
"лайки",popular,"лайк онлайн бесплатно",7104
"лайки",popular,"дана лайка",7101
"лайки",popular,"как сделать лайк",7090
"лайки",popular,"не видны лайки",7081
"лайки",popular,"лайка новый год",7062
"лайки",popular,"лайк отзывы",7038
"лайки",popular,"папа лайка",6990
"лайки",popular,"лайки шоу 2026",6990
"лайки",popular,"лайка там",6988
"лайки",popular,"канал лайк",6953
"лайки",popular,"канал лайки лайк",6953
"лайки",popular,"лайк шоу 2026",6927
"лайки",popular,"лайк войти",6889
"лайки",popular,"поставить лайки в вк",6849
"лайки",popular,"лайк настя лет",6811
"лайки",popular,"супер лайк 2026",6809
"лайки",popular,"лайк текстом",6800
"лайки",popular,"лайки мани займ личный",6792
"лайки",popular,"второй аккаунт в лайке",6751
"лайки",popular,"лайки настя новые",6743
"лайки",popular,"смелс лайк",6731
"лайки",popular,"лайк э",6718
"лайки",popular,"э лайк лайке",6718
"лайки",popular,"настя лайк новые",6702
"лайки",popular,"лайка слушать онлайн",6702
"лайки",popular,"написать лайку",6700
"лайки",popular,"супер лайки шоу 2026",6693
"лайки",popular,"лайки ми",6678
"лайки",popular,"где посмотреть лайки",6672
"лайки",popular,"покажи лайк",6665
"лайки",popular,"покажи лайки лайк",6665
"лайки",popular,"супер лайк шоу 2026",6659
"лайки",popular,"лайк мани займ личный",6649
"лайки",popular,"лайк милс кел",6644
"лайки",popular,"большая лайка",6635
"лайки",popular,"акк в лайке",6617
"лайки",popular,"европейская лайка",6557
"лайки",popular,"лайк настя 2026",6507
"лайки",popular,"новые серии лайка",6504
"лайки",popular,"лайки на айфоне",6492
"лайки",popular,"лайк слушать онлайн",6481
"лайки",popular,"лайк сайт",6474
"лайки",popular,"сайт лайки лайк",6474
"лайки",popular,"как удалить аккаунт в лайке",6431
"лайки",popular,"фото лайков в лайке",6414
"лайки",popular,"лайка сейчас",6380
"лайки",popular,"узнали лайку",6370
"лайки",popular,"лайки лайк новые серии",6362
"лайки",popular,"новая серия лайк",6362
"лайки",popular,"красивый лайк",6291
"лайки",popular,"стать лайки",6250
"лайки",popular,"скрытые лайки",6230
"лайки",popular,"фотка лайка",6229
"лайки",popular,"последние лайки",6186
"лайки",popular,"алиса лайк",6171
"лайки",popular,"лайк ми",6156
"лайки",popular,"скачивание лайка",6151
"лайки",popular,"делает лайк",6149
"лайки",popular,"лайки андроид",6145
"лайки",popular,"лайк скачать бесплатно",6119
"лайки",popular,"скачать лайки бесплатно скачать лайк",6119
"лайки",popular,"удали лайк",6115
"лайки",popular,"удалено лайк",6107
"лайки",popular,"лайка язык",6079
"лайки",popular,"лайка качества",6053
"лайки",popular,"лайке фм онлайн",6037
"лайки",popular,"лайк фм онлайн",6032
"лайки",popular,"лайка магазин",6030
"лайки",popular,"лопаю лайки",6030
"лайки",popular,"став лайки",6018
"лайки",popular,"лайка стала",6009
"лайки",popular,"пап лайк",5998
"лайки",popular,"снято в лайк",5994
"лайки",popular,"лайки мани займ личный кабинет",5983
"лайки",popular,"заходи в лайки",5972
"лайки",popular,"истории в лайк",5964
"лайки",popular,"лайка 2024",5953
"лайки",popular,"лайке пк",5930
"лайки",popular,"трансляция лайке",5926
"лайки",popular,"лайки официальный",5904
"лайки",popular,"лайк мани займ личный кабинет",5871
"лайки",popular,"лайке без скачивания",5842
"лайки",popular,"фон в лайк",5823
"лайки",popular,"девочка лайк лайки",5823
"лайки",popular,"лайк девочки",5823
"лайки",popular,"новые тренды из лайка",5816
"лайки",popular,"как в лайке поменять",5810
"лайки",popular,"лайка перевод",5780
"лайки",popular,"мама лайк",5738
"лайки",popular,"скачивание лайк",5719
"лайки",popular,"слово лайка",5705
"лайки",popular,"лайки в тт",5701
"лайки",popular,"смелс лайк спирит",5660
"лайки",popular,"номер лайка",5659
"лайки",popular,"лайк день",5654
"лайки",popular,"как сделать видео в лайке",5653
"лайки",popular,"лайк без скачивания",5645
"лайки",popular,"популярные песни из лайка",5645
"лайки",popular,"песня из лайка лет",5610
"лайки",popular,"шрифт в ник лайке",5591
"лайки",popular,"версии лайка",5585
"лайки",popular,"магазин лайк",5581
"лайки",popular,"картинка лайка",5574
"лайки",popular,"лайка фм онлайн слушать",5568
"лайки",popular,"лайк 2026 год",5564
"лайки",popular,"лайк фм слушать онлайн",5564
"лайки",popular,"лайки в инстагра",5562
"лайки",popular,"лайки писать",5550
"лайки",popular,"как снимать в лайке",5539
"лайки",popular,"хорошее качество в лайке",5532
"лайки",popular,"видео где лайки",5501
"лайки",popular,"смелс лайк тин",5449
"лайки",popular,"нужна лайка",5441
"лайки",popular,"новые тренды из лайка 2026",5439
"лайки",popular,"лайк настя лучшие",5423
"лайки",popular,"новые тренды лайки танцевать",5414
"лайки",popular,"хочу лайки",5398
"лайки",popular,"котенка лайка играть",5395
"лайки",popular,"мод лайке",5368
"лайки",popular,"звук лайка",5347
"лайки",popular,"лайка 5",5334
"лайки",popular,"роблокс котенка лайка",5333
"лайки",popular,"смотреть хороший лайк",5312
"лайки",popular,"лайки игроман",5302
"лайки",popular,"лайки личный кабинет войти",5302
"лайки",popular,"лайк личный кабинет войти",5285
"лайки",popular,"миллс лайки",5281
"лайки",popular,"лайк настя сезон",5261
"лайки",popular,"шрифты для лайка",5259
"лайки",popular,"лайка работает",5246
"лайки",popular,"лайки ютуб",5222
"лайки",popular,"настя лайки новые серии",5211
"лайки",popular,"лайке авто",5191
"лайки",popular,"смелс лайк тин спирит",5190
"лайки",popular,"миллс лайк",5179
"лайки",popular,"настя лайк новые серии",5177
"лайки",popular,"лайк на пк",5175
"лайки",popular,"поставил лайк фильм",5159
"лайки",popular,"новые тренды из лайка танцевать 2026",5130
"лайки",popular,"русско европейская лайка",5121
"лайки",popular,"блогеры лайка",5107
"лайки",popular,"реакция на лайк",5088
"лайки",popular,"лайк перевод",5088
"лайки",popular,"лайки тикток",5079
"лайки",popular,"скачать песни из лайка",5062
"лайки",popular,"котенок лайк роблокс",5060
"лайки",popular,"лайку назвали",5033
"лайки",popular,"купить щенка лайки",5027
"лайки",popular,"меню лайки",5019
"лайки",popular,"само лайки",4994
"лайки",popular,"песню ай лайки",4984
"лайки",popular,"язык лайк",4978
"лайки",popular,"авто лайк",4975
"лайки",popular,"миллс кел лайки",4966
"лайки",popular,"лайк в хорошем качестве",4950
"лайки",popular,"лайк настя папа",4934
"лайки",popular,"котенок лайк играет",4921
"лайки",popular,"крутая лайка",4910
"лайки",popular,"лайки вход",4897
"лайки",popular,"миллс кел лайк",4896
"лайки",popular,"лайки мувет",4896
"лайки",popular,"девушки лайка",4895
"лайки",popular,"фильм боб лайк",4839
"лайки",popular,"меню лайк",4832
"лайки",popular,"русский язык лайки",4820
"лайки",popular,"много лайка",4818
"лайки",popular,"песни из лайка 2026 года",4811
"лайки",popular,"фильм боб поставил лайк",4802
"лайки",popular,"сергей лайка",4789
"лайки",popular,"черная лайка",4785
"лайки",popular,"лайки быстро",4779
"лайки",popular,"красивые ники для лайка",4777
"лайки",popular,"красивый ник для лайка",4777
"лайки",popular,"лайки в инсте",4776
"лайки",popular,"старый лайк",4762
"лайки",popular,"лайк друзей",4756
"лайки",popular,"включи мультики лайка",4749
"лайки",popular,"самоедская лайка",4747
"лайки",popular,"лайки марьяна",4743
"лайки",popular,"скачать лайки 2026",4728
"лайки",popular,"лайки пришли",4710
"лайки",popular,"лайки соловьева",4687
"лайки",popular,"шрифты для ника в лайке",4650
"лайки",popular,"песня ай лайк",4645
"лайки",popular,"песня ай лайке лайк",4645
"лайки",popular,"аватарки в лайк",4628
"лайки",popular,"пинтерест лайки",4618
"лайки",popular,"где лайки в вк",4604
"лайки",popular,"фильм тревино поставил лайк",4603
"лайки",popular,"дети в лайке",4597
"лайки",popular,"сколько лайк насте",4592
"лайки",popular,"лайк вход",4592
"лайки",popular,"лайк ест",4587
"лайки",popular,"фильм боб тревина поставил лайк",4580
"лайки",popular,"рождение лайки",4580
"лайки",popular,"фильм боб тревино поставил лайк",4579
"лайки",popular,"включи мультик лайк",4570
"лайки",popular,"включи мультик лайки лайк",4570
"лайки",popular,"поставь лайки песне",4561
"лайки",popular,"порода собак лайка",4560
"лайки",popular,"лайки чит",4559
"лайки",popular,"бан в лайке",4558
"лайки",popular,"игроман и лайк",4558
"лайки",popular,"лайка стоит",4539
"лайки",popular,"лайки 2025",4527
"лайки",popular,"синие лайки",4506
"лайки",popular,"игры соулс лайки",4505
"лайки",popular,"что значат лайки",4503
"лайки",popular,"смотреть лайк в хорошем качестве",4497
"лайки",popular,"видео котенка лайка",4496
"лайки",popular,"лайки настя мама",4490
"лайки",popular,"группа лайк",4488
"лайки",popular,"группа лайки лайк",4488
"лайки",popular,"белая галочка в лайке",4453
"лайки",popular,"как создать 2 в лайки",4452
"лайки",popular,"сергей охота с лайками",4450
"лайки",popular,"ава для лайка",4447
"лайки",popular,"лайки суши",4431
"лайки",popular,"адрес лайка",4423
"лайки",popular,"скачать песню лайков лайки",4421
"лайки",popular,"идеи для лайка",4421
"лайки",popular,"песня лайк лайк лайки скачать",4419
"лайки",popular,"скачать песню лайк",4419
"лайки",popular,"скачать песню лайков лайк",4419
"лайки",popular,"лайки отправлять",4413
"лайки",popular,"лайк смотреть бесплатно в хорошем качестве",4406
"лайки",popular,"соулс лайк игры",4402
"лайки",popular,"суши лайк",4396
"лайки",popular,"лайк 2024",4374
"лайки",popular,"котенка лайка игромана",4372
"лайки",popular,"контакт лайка",4371
"лайки",popular,"музыка из лайка",4356
"лайки",popular,"лайк сообщения",4349
"лайки",popular,"лайка надо",4346
"лайки",popular,"сразу лайки",4332
"лайки",popular,"би 2 лайки",4320
"лайки",popular,"лайко про",4315
"лайки",popular,"подписка в лайке",4299
"лайки",popular,"4 лайка",4295
"лайки",popular,"официальный сайт лайка",4293
"лайки",popular,"логики лайки",4293
"лайки",popular,"с лайка без водяного",4289
"лайки",popular,"название в лайке",4282
"лайки",popular,"день рождение лайка",4278
"лайки",popular,"логик лайк",4277
"лайки",popular,"якутская лайка",4273
"лайки",popular,"голосование лайка",4266
"лайки",popular,"лайки лайк сколько лет",4252
"лайки",popular,"сколько лет лайк",4252
"лайки",popular,"алиса включи лайки",4246
"лайки",popular,"авито лайка",4243
"лайки",popular,"лайк официальный",4220
"лайки",popular,"лайк адрес",4218
"лайки",popular,"лайк настя хорошая смотреть",4208
"лайки",popular,"лайк чит",4193
"лайки",popular,"лайк русский язык",4185
"лайки",popular,"лайка смотреть онлайн бесплатно",4184
"лайки",popular,"настя лайк на русском лучшее",4179
"лайки",popular,"фоны для историй в лайке",4178
"лайки",popular,"бутаков лайки",4164
"лайки",popular,"лайки бутакова",4163
"лайки",popular,"как скрыть лайки в лайке",4162
"лайки",popular,"бутаков охота с лайками",4136
"лайки",popular,"охота с лайками бутакова",4135
"лайки",popular,"сергей бутаков лайки",4127
"лайки",popular,"лайки бутакова сергея",4126
"лайки",popular,"красивый ник для ника в лайке",4117
"лайки",popular,"охота с лайками сергей бутаков",4116
"лайки",popular,"какой ник в лайке",4116
"лайки",popular,"охота с лайками сергея бутакова",4115
"лайки",popular,"лайк голосование",4115
"лайки",popular,"настя лайк смотреть бесплатно в хорошем",4111
"лайки",popular,"как сделать 2 как в лайке",4106
"лайки",popular,"радио лайки слушать",4106
"лайки",popular,"лайк смотреть онлайн бесплатно",4102
"лайки",popular,"два лайка",4073
"лайки",popular,"кринжи лайка",4071
"лайки",popular,"скачать видео с лайка с водяным",4069
"лайки",popular,"нирвана лайк",4067
"лайки",popular,"кринж лайка",4067
"лайки",popular,"скачать видео с лайка без водяного",4061
"лайки",popular,"лайки смотреть без скачивания",4059
"лайки",popular,"лайка 2021",4056
"лайки",popular,"пользователи лайка",4049
"лайки",popular,"показала за лайки",4045
"лайки",popular,"голосование лайк шоу",4043
"лайки",popular,"лайки вики",4037
"лайки",popular,"как удалить лайк",4036
"лайки",popular,"слушать радио лайк",4035
"лайки",popular,"разделась за лайки",4020
"лайки",popular,"охота с лайками видео",4016
"лайки",popular,"милс кел реакция лайка",3993
"лайки",popular,"поставь видео лайки",3975
"лайки",popular,"красивый шрифт для лайка",3974
"лайки",popular,"милс реакция лайк",3969
"лайки",popular,"котенок лайк играет в котенка лайка",3963
"лайки",popular,"смотреть лайк без скачивания",3961
"лайки",popular,"как создать второй в лайке",3960
"лайки",popular,"как создать 2 аккаунт в лайке",3950
"лайки",popular,"супер лайки голосование",3948
"лайки",popular,"супер лайк голосование",3938
"лайки",popular,"сколько лет лайка насте",3932
"лайки",popular,"купить лайк",3931
"лайки",popular,"включи лайки настю мультик",3931
"лайки",popular,"включи мультик лайк настя",3927
"лайки",popular,"супер лайки шоу голосование",3924
"лайки",popular,"видео про лайки",3919
"лайки",popular,"лайка цена",3919
"лайки",popular,"супер лайк шоу голосование",3915
"лайки",popular,"скачать с лайка без водяного знака",3898
"лайки",popular,"лайк настя маленькая на русском",3892
"лайки",popular,"лайки настя на русском маленькая",3892
"лайки",popular,"красивый шрифт ника для лайка ник",3870
"лайки",popular,"ник для лайка красивым шрифтом",3870
"лайки",popular,"бывшие видео в лайке",3869
"лайки",popular,"лайка первая",3869
"лайки",popular,"лайка мальчик",3860
"лайки",popular,"лайк самое",3842
"лайки",popular,"лайк версии",3837
"лайки",popular,"ай лайки ту мувет мувет",3833
"лайки",popular,"сколько лет лайк насте",3833
"лайки",popular,"лайки потом",3826
"лайки",popular,"лайка рутубе",3825
"лайки",popular,"накрутить лайки бесплатно",3811
"лайки",popular,"магазин скай лайк",3805
"лайки",popular,"день рождение лайки лайк",3795
"лайки",popular,"день рождения лайк",3795
"лайки",popular,"школа лайка",3795
"лайки",popular,"ай лайк ту мувет мувет",3791
"лайки",popular,"ая лайк ту мувет",3791
"лайки",popular,"лайки озон",3788
"лайки",popular,"дерзко лайки",3773
"лайки",popular,"скачать видео водяного знака с лайка",3770
"лайки",popular,"какие есть лайки",3764
"лайки",popular,"котенок лайк и котенок игроман",3742
"лайки",popular,"реклама в лайке",3738
"лайки",popular,"би лайк",3736
"лайки",popular,"скачать лайки пк",3728
"лайки",popular,"лайк 2021",3724
"лайки",popular,"лайка на английском",3664
"лайки",popular,"лайка котик игроман",3660
"лайки",popular,"лайк фильм 2024",3644
"лайки",popular,"идеи в лайк",3642
"лайки",popular,"верни лайки",3642
"лайки",popular,"можно ли лайк",3641
"лайки",popular,"простая лайка",3635
"лайки",popular,"видео из лайка без водяного",3633
"лайки",popular,"скачать лайк на пк",3632
"лайки",popular,"лайк настя день",3617
"лайки",popular,"аватарки для лайка",3612
"лайки",popular,"лайки сохрани",3608
"лайки",popular,"восточная лайка",3606
"лайки",popular,"лайки на комментарии",3606
"лайки",popular,"лайки на пост",3600
"лайки",popular,"сейчас лайк",3599
"лайки",popular,"сигареты лайка",3590
"лайки",popular,"как создать второй аккаунт в лайке",3575
"лайки",popular,"лайк найду",3560
"лайки",popular,"найти лайк",3557
"лайки",popular,"как изменить в лайке",3545
"лайки",popular,"лайк под",3535
"лайки",popular,"красивый шрифт для ника в лайке",3529
"лайки",popular,"лайки добавить",3525
"лайки",popular,"лайк настя рождения",3520
"лайки",popular,"лайк настя в хорошем качестве",3519
"лайки",popular,"девочки из лайка",3510
"лайки",popular,"алмаз лайки",3498
"лайки",popular,"посмотрим видео лайки",3495
"лайки",popular,"видео лайка дети",3495
"лайки",popular,"поставленные лайки в группе",3493
"лайки",popular,"настя лайк смотреть в хорошем качестве",3492
"лайки",popular,"лайк 3",3491
"лайки",popular,"лайк 3 лайка",3491
"лайки",popular,"лайки настя на русском языке",3489
"лайки",popular,"лайк официальный сайт",3470
"лайки",popular,"чаты лайка",3458
"лайки",popular,"лайки настя день рождения",3455
"лайки",popular,"лайки 10",3451
"лайки",popular,"лайк другая",3450
"лайки",popular,"лайк настя день рождения",3448
"лайки",popular,"алиса включи лайк",3446
"лайки",popular,"настя лайки онлайн",3439
"лайки",popular,"шрифт в лайк",3435
"лайки",popular,"лайк настя онлайн",3428
"лайки",popular,"видео из лайка водяного знака",3428
"лайки",popular,"подписался лайк",3426
"лайки",popular,"лайк настя бесплатно в хорошем качестве",3421
"лайки",popular,"слушать лайка фм радио",3421
"лайки",popular,"видео из лайка без знака",3408
"лайки",popular,"слушать радио лайк фм",3406
"лайки",popular,"смотреть фильм лайки",3406
"лайки",popular,"лайк мани войти",3399
"лайки",popular,"настя лайка смотреть онлайн",3384
"лайки",popular,"видео котенок лайк",3377
"лайки",popular,"котенок лайк видео котенка лайка",3377
"лайки",popular,"лопаю лайки марьяна",3375
"лайки",popular,"настя лайк смотреть онлайн",3374
"лайки",popular,"поставь лайк групп",3370
"лайки",popular,"лайки парня",3369
"лайки",popular,"лайк займ войти",3368
"лайки",popular,"лайка на медведя",3367
"лайки",popular,"лайка ит",3363
"лайки",popular,"лайке like",3353
"лайки",popular,"лайке займ личный кабинет войти",3351
"лайки",popular,"лайк займ личный кабинет войти",3349
"лайки",popular,"как сделать 2 аккаунт в лайке",3345
"лайки",popular,"как выглядит лайка",3337
"лайки",popular,"лайки сегодня",3336
"лайки",popular,"видео из лайка без водяного знака",3334
"лайки",popular,"музыка лайк",3333
"лайки",popular,"лайки можно поставить",3328
"лайки",popular,"красивые ники в лайк",3323
"лайки",popular,"красивый ник в лайк",3323
"лайки",popular,"красивый ник в лайк ника",3323
"лайки",popular,"лицо лайка",3322
"лайки",popular,"лайк ит",3314
"лайки",popular,"котик котенка лайка",3300
"лайки",popular,"100 лайка 100",3298
"лайки",popular,"дерзко лайк",3297
"лайки",popular,"лайки лайки лайки слушать бесплатно",3282
"лайки",popular,"начало лайка",3278
"лайки",popular,"лайка какой видео",3277
"лайки",popular,"алиса лайк настя",3276
"лайки",popular,"лайки лайк все серии",3274
"лайки",popular,"лайка где ставят",3263
"лайки",popular,"likee лайки",3260
"лайки",popular,"пропала лайка",3250
"лайки",popular,"лайк настя на русском языке",3244
"лайки",popular,"лайки вконтакте",3244
"лайки",popular,"поставь лайк сообщению",3244
"лайки",popular,"смотреть фильм лайк",3240
"лайки",popular,"песня лайки лайки ю",3237
"лайки",popular,"нирвана лайки спирит",3234
"лайки",popular,"нирвана лайк спирит",3232
"лайки",popular,"коте котенок лайк",3230
"лайки",popular,"лайки 6",3226
"лайки",popular,"милана лайки",3210
"лайки",popular,"популярные песни из лайка 2026",3209
"лайки",popular,"лайк заходи",3199
"лайки",popular,"котик игроман и котик лайк",3195
"лайки",popular,"бридж лайки",3193
"лайки",popular,"лайка интернет",3185
"лайки",popular,"как поставить лайк в вк",3185
"лайки",popular,"говорящая лайка",3184
"лайки",popular,"лайка говорит",3184
"лайки",popular,"со лайк",3176
"лайки",popular,"лайки страйки сигареты",3174
"лайки",popular,"уведомления лайка",3173
"лайки",popular,"сигареты лайки страйк",3173
"лайки",popular,"лайке радио онлайн",3170
"лайки",popular,"песня лайк ю",3155
"лайки",popular,"локель лопаю лайки",3153
"лайки",popular,"лайки ли видео",3144
"лайки",popular,"знакомства лайками",3143
"лайки",popular,"лопаю лайки марьяна локель",3141
"лайки",popular,"как получить галочку в лайке",3139
"лайки",popular,"лайк радио онлайн",3138
"лайки",popular,"новый аккаунт в лайки",3125
"лайки",popular,"игра роблокс лайки",3114
"лайки",popular,"лайки парк",3109
"лайки",popular,"ник в лайк шрифт",3094
"лайки",popular,"нирвана смелс лайк",3078
"лайки",popular,"лайки любимой",3074
"лайки",popular,"эфиры лайка",3073
"лайки",popular,"скачать видео из лайка без знака",3058
"лайки",popular,"лайке дженни",3054
"лайки",popular,"котик котенок лайк",3043
"лайки",popular,"дженни лайк",3034
"лайки",popular,"котенок лайки котик игроман",3023
"лайки",popular,"где лайк настю",3020
"лайки",popular,"лайки человека вк",3018
"лайки",popular,"фото лайки поставь",3016
"лайки",popular,"как узнать кто поставил лайки",3013
"лайки",popular,"технолайк лайк",3009
"лайки",popular,"лайк видео из лайка",3008
"лайки",popular,"репосты лайк",3001
"лайки",popular,"лайк лайки подписка",2998
"лайки",popular,"лайк подписка",2998
"лайки",popular,"боб тревино поставил лайк 2024",2998
"лайки",popular,"лайко магний",2989
"лайки",popular,"видео из лайка скачать без водяного знака",2987
"лайки",popular,"чужие лайки",2980
"лайки",popular,"меню кофе лайка",2978
"лайки",popular,"лайк настя без",2973
"лайки",popular,"номера лайк",2971
"лайки",popular,"скачать версий лайка",2969
"лайки",popular,"уберут ли лайки",2967
"лайки",popular,"песня лайки настя",2967
"лайки",popular,"лайки привет",2966
"лайки",popular,"лайк мод",2964
"лайки",popular,"сборник лайки",2964
"лайки",popular,"текст песни лайки",2957
"лайки",popular,"лайки россии",2956
"лайки",popular,"как сделать второй лайке",2953
"лайки",popular,"картинки лайки лайк",2950
"лайки",popular,"картинка лайк",2949
"лайки",popular,"лайки без регистрации",2947
"лайки",popular,"лайки наста",2947
"лайки",popular,"как посмотреть лайки в инстаграме",2946
"лайки",popular,"кофе лайк меню",2942
"лайки",popular,"лайки лайк видео смотреть",2942
"лайки",popular,"смотреть видео лайк",2942
"лайки",popular,"песня я поставлю тебе лайк",2940
"лайки",popular,"настя лайк песни",2934
"лайки",popular,"песня лайк настя лайки",2934
"лайки",popular,"милс кел реакция на лайк",2922
"лайки",popular,"фоны для видео в лайке",2920
"лайки",popular,"лайки час",2919
"лайки",popular,"часы лайки",2919
"лайки",popular,"лайк комментарий",2915
"лайки",popular,"нирвана лайк тин",2913
"лайки",popular,"боб тревино поставил лайк фильм 2024",2906
"лайки",popular,"май лайки",2893
"лайки",popular,"лайке радио слушать онлайн",2887
"лайки",popular,"лайк настя 2026 год",2882
"лайки",popular,"лайк андроид",2881
"лайки",popular,"детская лайка",2879
"лайки",popular,"фотография лайка",2877
"лайки",popular,"смешные лайки",2877
"лайки",popular,"лайки онлайн русский",2877
"лайки",popular,"скачать ссылку с лайка",2871
"лайки",popular,"вики лайк",2868
"лайки",popular,"номер телефона лайка",2867
"лайки",popular,"слушать бесплатно лайк",2860
"лайки",popular,"как посмотреть кому ставил лайки",2857
"лайки",popular,"лайк радио слушать онлайн",2856
"лайки",popular,"лайк онлайн русский",2849
"лайки",popular,"что значит в лайке",2849
"лайки",popular,"лайк для детей",2843
"лайки",popular,"как узнать кто поставил лайк",2835
"лайки",popular,"скай лайк адреса",2825
"лайки",popular,"последний лайк",2824
"лайки",popular,"магазин скай лайк школьная",2820
"лайки",popular,"лайк смотреть онлайн русский",2815
"лайки",popular,"как зайти в лайке",2815
"лайки",popular,"школа лайк",2812
"лайки",popular,"котенок лайк и котиков",2809
"лайки",popular,"наст лайк",2809
"лайки",popular,"лайки лук",2806
"лайки",popular,"луки лайки",2806
"лайки",popular,"новый лайк 2026",2800
"лайки",popular,"как удали видео из лайка",2794
"лайки",popular,"роблокс игра лайк",2793
"лайки",popular,"слова лайк",2793
"лайки",popular,"порно лайк",2790
"лайки",popular,"мультфильмы лайка",2789
"лайки",popular,"вики шоу лайка",2788
"лайки",popular,"лайк шоу 2026 голосование",2782
"лайки",popular,"лайка слушать онлайн бесплатно",2782
"лайки",popular,"деньги за лайки",2776
"лайки",popular,"охота на медведя с лайками",2770
"лайки",popular,"нирвана тин лайк спирит",2769
"лайки",popular,"большой лайк",2756
"лайки",popular,"лайка 2023",2750
"лайки",popular,"лайк новые видео",2749
"лайки",popular,"супер лайки шоу 2026 голосование",2748
"лайки",popular,"супер лайк 2026 голосование",2746
"лайки",popular,"можно посмотреть лайки",2742
"лайки",popular,"голосование супер лайк шоу 2026",2740
"лайки",popular,"веселая лайка",2735
"лайки",popular,"лайка месяц",2735
"лайки",popular,"где можно лайки",2730
"лайки",popular,"котенок лайк и котик игроман",2729
"лайки",popular,"алиса включи лайки настя",2728
"лайки",popular,"видео с лайка по ссылке",2720
"лайки",popular,"оне лайк",2716
"лайки",popular,"лайки аккорды",2712
"лайки",popular,"лук лайк",2712
"лайки",popular,"луки лайк",2712
"лайки",popular,"лайки без рекламы",2708
"лайки",popular,"бридж лайк",2704
"лайки",popular,"алиса включи лайк настя",2699
"лайки",popular,"фоны для историй в лайк",2696
"лайки",popular,"актив в лайке",2694
"лайки",popular,"скачать видео с лайка по ссылке",2692
"лайки",popular,"лайка собака фото",2692
"лайки",popular,"лайка дома",2690
"лайки",popular,"форма скай лайк магазины",2684
"лайки",popular,"1 видео лайка",2681
"лайки",popular,"лайк фм радио онлайн",2679
"лайки",popular,"радио лайка фм онлайн",2679
"лайки",popular,"пост лайк",2676
"лайки",popular,"фото поставь лайк",2671
"лайки",popular,"7 лайка",2671
"лайки",popular,"где поставить лайки",2666
"лайки",popular,"лайк онлайн слушать бесплатно",2663
"лайки",popular,"имена в лайке ники",2663
"лайки",popular,"раз лайки",2656
"лайки",popular,"последняя версия лайка",2649
"лайки",popular,"скай лайк школьная форма магазины",2638
"лайки",popular,"лайк регистрация",2637
"лайки",popular,"настя лайк наст",2633
"лайки",popular,"лайк 5",2632
"лайки",popular,"лайк 5 лайков",2632
"лайки",popular,"человек аккаунт в лайке",2629
"лайки",popular,"лайка адреналином",2627
"лайки",popular,"какие можно ники в лайке",2626
"лайки",popular,"какой можно ник в лайке",2626
"лайки",popular,"хотите лайк",2625
"лайки",popular,"лайки в инстаграмме",2621
"лайки",popular,"лайк подряд",2621
"лайки",popular,"лайк там",2618
"лайки",popular,"поставь убери лайк",2616
"лайки",popular,"котенка лайка и кот",2611
"лайки",popular,"лайки гол",2611
"лайки",popular,"лайк без рекламы",2599
"лайки",popular,"восточно сибирская лайка",2595
"лайки",popular,"лайк настя с мамой",2594
"лайки",popular,"аккаунт в лайке на айфоне",2582
"лайки",popular,"лайка спб",2581
"лайки",popular,"накрутить лайки тик",2580
"лайки",popular,"лайк май",2580
"лайки",popular,"лайк маи",2573
"лайки",popular,"бесплатные подписчики в лайке",2571
"лайки",popular,"за лайки да владус",2570
"лайки",popular,"лайки видео бесплатно",2569
"лайки",popular,"типа лайка",2561
"лайки",popular,"как сделать второй аккаунт в лайке",2560
"лайки",popular,"лайк в инстаграм",2556
"лайки",popular,"топы лайка",2553
"лайки",popular,"лайк настя без русских",2548
"лайки",popular,"лайк настя смотреть без",2541
"лайки",popular,"лайка отель",2541
"лайки",popular,"лайк сборнику",2540
"лайки",popular,"как убрать лайк",2540
"лайки",popular,"взлом лайка",2537
"лайки",popular,"лайк через",2532
"лайки",popular,"лайк рутубе",2531
"лайки",popular,"лайки даймонд",2531
"лайки",popular,"накрутить лайки тик ток",2529
"лайки",popular,"нирвана смелс лайк тин",2528
"лайки",popular,"продажа лаек",2513
"лайки",popular,"лайки вк бесплатно",2513
"лайки",popular,"лайк даймонд",2512
"лайки",popular,"лайки много лайков",2509
"лайки",popular,"смайлик лайка",2509
"лайки",popular,"где найти лайку",2502
"лайки",popular,"лайк зайти",2500
"лайки",popular,"как заблокировать в лайке",2499
"лайки",popular,"лайка поет",2496
"лайки",popular,"лайк личный кабинет вход",2492
"лайки",popular,"катенка лайка",2492
"лайки",popular,"как поменять ник в лайке",2487
"лайки",popular,"ссылка водяной знак лайка",2486
"лайки",popular,"ну лайки",2484
"лайки",popular,"привет лайк",2479
"лайки",popular,"твой лайк",2477
"лайки",popular,"человек поставь лайк",2473
"лайки",popular,"вокс лайке",2472
"лайки",popular,"лайке лайке ду",2469
"лайки",popular,"старые аккаунты в лайке",2469
"лайки",popular,"имя в лайк",2466
"лайки",popular,"лайк настя смотреть русском онлайн",2465
"лайки",popular,"бывшая поставила лайки",2465
"лайки",popular,"реклама в лайк",2464
"лайки",popular,"лайк настя на русском онлайн",2461
"лайки",popular,"вести лайка",2460
"лайки",popular,"кнопка лайка",2454
"лайки",popular,"без водяного знака лайка по ссылке",2447
"лайки",popular,"лайка вел",2447
"лайки",popular,"вокса лайк",2445
"лайки",popular,"поставил лайк смотреть",2437
"лайки",popular,"лайк накрутка",2434
"лайки",popular,"лайки накрутка лайк",2434
"лайки",popular,"радио лайк фм слушать онлайн",2428
"лайки",popular,"радио лайки фм онлайн слушать",2428
"лайки",popular,"выйди лайка",2422
"лайки",popular,"скачать приложение лайки",2422
"лайки",popular,"нирвана смелс лайк тин спирит",2421
"лайки",popular,"как взломать в лайке",2420
"лайки",popular,"лайк на айфон",2417
"лайки",popular,"сколько стоит лайка",2417
"лайки",popular,"лайк фм бесплатная лайков",2416
"лайки",popular,"лайк фм бесплатно",2416
"лайки",popular,"фм лайки бесплатные",2416
"лайки",popular,"катенок лайк",2406
"лайки",popular,"веселая лайк",2404
"лайки",popular,"написанный лайк",2403
"лайки",popular,"скачать ссылку лайка без водяного знака",2402
"лайки",popular,"реклама лайк настя",2399
"лайки",popular,"пинтерест лайк",2395
"лайки",popular,"шрифты для ника в лайк",2393
"лайки",popular,"школьница за лайки",2391
"лайки",popular,"полина из лайка",2388
"лайки",popular,"лайк настя без рекламы",2387
"лайки",popular,"красивый шрифт в лайк",2385
"лайки",popular,"лучшие видео лайка",2383
"лайки",popular,"лайки москва",2378
"лайки",popular,"западносибирская лайка",2377
"лайки",popular,"betsy лайк",2377
"лайки",popular,"фильм лайки 2021",2376
"лайки",popular,"накрутка в лайке бесплатно",2376
"лайки",popular,"ай лайк ю",2376
"лайки",popular,"пришли лайк",2375
"лайки",popular,"лайки подписчики в лайк",2367
"лайки",popular,"подписчики в лайк",2367
"лайки",popular,"фильм лайк 2021",2365
"лайки",popular,"betsy я тебе поставлю лайк",2362
"лайки",popular,"лайк фм слушать бесплатно",2359
"лайки",popular,"в лайке вход в личный",2357
"лайки",popular,"скачать мод лайка",2355
"лайки",popular,"лайк вход в личный",2354
"лайки",popular,"галочка лайк",2348
"лайки",popular,"лайк настя смотреть без реклам",2347
"лайки",popular,"новая русская лайка",2345
"лайки",popular,"лайк настя бесплатно без рекламы",2345
"лайки",popular,"2 аккаунт в лайк",2345
"лайки",popular,"что означает лайка",2344
"лайки",popular,"как посмотреть лайк в вк",2342
"лайки",popular,"майнкрафт лайка",2342
"лайки",popular,"фотка лайка лайк",2340
"лайки",popular,"настя лайк смотреть бесплатно без рекламы",2338
"лайки",popular,"на русском без рекламы лайк настя",2337
"лайки",popular,"реклама лайк настя на русском",2337
"лайки",popular,"1 2 лайка",2333
"лайки",popular,"лайк парк",2333
"лайки",popular,"лайк без регистрации",2331
"лайки",popular,"скай лайк школьная адреса",2330
"лайки",popular,"как накрутить подписчиков в лайке",2327
"лайки",popular,"техно лаек",2319
"лайки",popular,"становлюсь популярной в лайке",2319
"лайки",popular,"лайки онлайн без",2313
"лайки",popular,"лайк клипы",2306
"лайки",popular,"лайк фм онлайн бесплатно",2305
"лайки",popular,"лайк фм слушать онлайн бесплатно",2305
"лайки",popular,"лайки фм слушать онлайн бесплатно",2305
"лайки",popular,"ооо лайка",2304
"лайки",popular,"лайки телеграмм",2304
"лайки",popular,"вк лайк видео",2292
"лайки",popular,"можно лайк поставлю",2291
"лайки",popular,"почта лайка",2288
"лайки",popular,"удаленные видео лайк",2285
"лайки",popular,"фнаф лайки",2279
"лайки",popular,"лайка мишка",2277
"лайки",popular,"дерзко смотрит лайки",2268
"лайки",popular,"вк знакомства лайки",2268
"лайки",popular,"лайка 13",2267
"лайки",popular,"лайк сосед",2267
"лайки",popular,"как поставить лайки в роблокс",2266
"лайки",popular,"настя лайка сборник",2259
"лайки",popular,"видео для лайка истории",2256
"лайки",popular,"лайк настя сборник",2256
"лайки",popular,"мила лайки",2254
"лайки",popular,"скай лайк школьная форма адреса",2254
"лайки",popular,"фон для видео в лайк",2254
"лайки",popular,"настя лайк новые русские",2254
"лайки",popular,"как поставить лайк в роблоксе",2252
"лайки",popular,"как поставить лайк игре",2247
"лайки",popular,"как в лайке посмотреть сообщения",2243
"лайки",popular,"посмотреть лайки в группах",2241
"лайки",popular,"лайки настя на русском новые",2235
"лайки",popular,"котенка лайка веселого кота",2234
"лайки",popular,"лайка настя сейчас",2227
"лайки",popular,"премиум лайки",2226
"лайки",popular,"скачать лайк версия",2224
"лайки",popular,"человек убирает лайки",2221
"лайки",popular,"шайн лайк",2220
"лайки",popular,"лайк настя сейчас",2219
"лайки",popular,"лайк на английском",2219
"лайки",popular,"лайки в тг",2218
"лайки",popular,"карта лайка",2215
"лайки",popular,"ваши лайки",2214
"лайки",popular,"как снимать видео в лайке",2209
"лайки",popular,"иди лайки",2206
"лайки",popular,"милс в лайке",2204
"лайки",popular,"ооо лайк",2204
"лайки",popular,"лайк видео без",2202
"лайки",popular,"экран лайки",2202
"лайки",popular,"страница лайка",2195
"лайки",popular,"синий лайк",2189
"лайки",popular,"ник для лайка для девочек",2188
"лайки",popular,"ники для лайка для девочек",2188
"лайки",popular,"веселый кот лайк",2187
"лайки",popular,"фнаф лайк",2186
"лайки",popular,"лайк видное",2186
"лайки",popular,"лайк потом",2185
"лайки",popular,"ду лайк ду",2179
"лайки",popular,"как выложить лайки",2178
"лайки",popular,"лайка вход в личный кабинет",2174
"лайки",popular,"дана лайк",2166
"лайки",popular,"приложение лайка видео",2164
"лайки",popular,"лайк кринж",2163
"лайки",popular,"лайк дам",2159
"лайки",popular,"лайк ютуб",2159
"лайки",popular,"лайки лайк ютуб",2159
"лайки",popular,"лайка пожалуйста",2157
"лайки",popular,"лайки отменят",2150
"лайки",popular,"ставить видео лайки",2150
"лайки",popular,"like лайк",2149
"лайки",popular,"дайте лайк",2149
"лайки",popular,"веселый котенок лайк",2148
"лайки",popular,"тренды лайк",2147
"лайки",popular,"скачать последнюю версию лайка",2146
"лайки",popular,"лайк спб",2143
"лайки",popular,"лайки лайк спб",2143
"лайки",popular,"та самая полина из лайка",2142
"лайки",popular,"тема лайки",2141
"лайки",popular,"даю лайк",2140
"лайки",popular,"ссылка из лайка",2139
"лайки",popular,"почему лайки поставлю",2137
"лайки",popular,"куда лайка",2137
"лайки",popular,"животное лайка",2130
"лайки",popular,"рыжая лайка",2126
"лайки",popular,"проходи лайки",2126
"лайки",popular,"дерзко смотрит лайк",2125
"лайки",popular,"накрутка подписчиков в лайке",2124
"лайки",popular,"онлайн в хорошем качестве лайк",2118
"лайки",popular,"лента лайка",2117
"лайки",popular,"лайк 2025",2110
"лайки",popular,"лайк займ вход",2110
"лайки",popular,"лайки бейби",2108
"лайки",popular,"поставь лайки подпишись",2102
"лайки",popular,"настя лайк ребенок",2098
"лайки",popular,"лайф лайки",2098
"лайки",popular,"восстановить лайки",2094
"лайки",popular,"канал лайки видео",2090
"лайки",popular,"лайк последняя версия",2089
"лайки",popular,"кому ставить лайки в вк",2081
"лайки",popular,"мишка лайк",2080
"лайки",popular,"лайк настя подряд",2078
"лайки",popular,"настя лайк онлайн бесплатно",2076
"лайки",popular,"маша лайк",2075
"лайки",popular,"плейлист лайка",2074
"лайки",popular,"мем лайк",2073
"лайки",popular,"лайк собака",2073
"лайки",popular,"собаки лайк собака лайки",2073
"лайки",popular,"лайки настя смотреть онлайн бесплатно",2071
"лайки",popular,"песнь и лайка",2070
"лайки",popular,"как узнать лайки в максе",2068
"лайки",popular,"скачать лайк 2026",2066
"лайки",popular,"смотреть онлайн настю лайк бесплатно",2066
"лайки",popular,"бывшая поставила лайк",2063
"лайки",popular,"1 лайк в лайке",2063
"лайки",popular,"скажи лайки",2060
"лайки",popular,"рука лайки",2056
"лайки",popular,"лайке лове лове",2051
"лайки",popular,"лайк и игран",2051
"лайки",popular,"соус лайки",2050
"лайки",popular,"кирюху лайка",2050
"лайки",popular,"как увидеть лайки",2046
"лайки",popular,"лайки под видео",2045
"лайки",popular,"трендовей лайки",2044
"лайки",popular,"фото на аву в лайке",2043
"лайки",popular,"лайка привет сосед",2039
"лайки",popular,"сразу лайк",2035
"лайки",popular,"лайка настя рутуб",2031
"лайки",popular,"лайка город",2030
"лайки",popular,"описание в лайке",2026
"лайки",popular,"смотреть лайк онлайн бесплатно в хорошем",2026
"лайки",popular,"8 лайка",2022
"лайки",popular,"лайк настя рутуб",2022
"лайки",popular,"лайк 2023",2019
"лайки",popular,"страшный лайки",2018
"лайки",popular,"котенка лайка фнаф",2014
"лайки",popular,"витамины лайко",2010
"лайки",popular,"веселого кота и лайка",2010
"лайки",popular,"лайки список",2010
"лайки",popular,"взрослая лайка",2009
"лайки",popular,"как посмотреть лайки в максе в группе",2004
"лайки",popular,"гачу лайк",2004
"лайки",popular,"смотреть маленькую лайк настю",2004
"лайки",popular,"смотреть настя лайки маленькая",2004
"лайки",popular,"лайк цен",2003
"лайки",popular,"лайкни лайку",1996
"лайки",popular,"задания лайки",1996
"лайки",popular,"как набрать лайки в лайке",1995
"лайки",popular,"отель лайк",1994
"лайки",popular,"лайка казань",1993
"лайки",popular,"лайка сера",1989
"лайки",popular,"видимо лайк",1989
"лайки",popular,"фан в лайке",1987
"лайки",popular,"лайк популярные",1986
"лайки",popular,"лайки настя на русском новые серии",1983
"лайки",popular,"посмотреть лайки человека",1979
"лайки",popular,"песня про лайку",1978
"лайки",popular,"лайки ми песня",1976
"лайки",popular,"как сделать аккаунт в лайк",1976
"лайки",popular,"лайка серая",1975
"лайки",popular,"кирюха лайк",1974
"лайки",popular,"никто в лайке",1973
"лайки",popular,"удалят ли лайки",1971
"лайки",popular,"что снять в лайк",1971
"лайки",popular,"лайк настя новые серии на русском",1970
"лайки",popular,"милс кел в лайке",1970
"лайки",popular,"смайл лайка",1968
"лайки",popular,"насти лайки все серии",1968
"лайки",popular,"лайк работа",1965
"лайки",popular,"сердечки лайка",1962
"лайки",popular,"вижу лайк",1958
"лайки",popular,"видео лайк дети",1957
"лайки",popular,"какого года лайки",1957
"лайки",popular,"кира лайки",1954
"лайки",popular,"вики шоу лайк",1949
"лайки",popular,"нажми лайки",1944
"лайки",popular,"лайки веб",1944
"лайки",popular,"лайко про магний",1944
"лайки",popular,"гача лайк",1944
"лайки",popular,"супер лайков в лайке",1944
"лайки",popular,"лайка курск",1942
"лайки",popular,"ставить ли лайки",1942
"лайки",popular,"как убрать лайк в лайке",1941
"лайки",popular,"ю лайк ми",1939
"лайки",popular,"автор лайка",1937
"лайки",popular,"как вернуть аккаунт в лайке",1935
"лайки",popular,"овчарка лайка",1935
"лайки",popular,"видео охота с лайками с сергеем",1933
"лайки",popular,"лайки короткие",1932
"лайки",popular,"лайки бутакова сергея видео",1932
"лайки",popular,"охота с лайками бутаков видео",1932
"лайки",popular,"сергей бутаков охота с лайкой видео",1932
"лайки",popular,"называется лайк",1931
"лайки",popular,"текст песни лайк",1927
"лайки",popular,"скачать лайк без",1927
"лайки",popular,"ник в лайке на русском",1926
"лайки",popular,"ответы лайки",1924
"лайки",popular,"соня лайк",1923
"лайки",popular,"100 трендов из лайка",1918
"лайки",popular,"ставлю бывшей лайки",1918
"лайки",popular,"смотреть новые лайки",1917
"лайки",popular,"лайк где видео",1913
"лайки",popular,"охота с лайками последние",1913
"лайки",popular,"как отключить лайки в лайке",1909
"лайки",popular,"лайк лайк курск",1906
"лайки",popular,"лайк частота",1906
"лайки",popular,"лайк настя старше",1906
"лайки",popular,"как стать популярной в лайке",1906
"лайки",popular,"лайка в космосе",1905
"лайки",popular,"как посмотреть кто поставил лайк группе макс",1904
"лайки",popular,"веселый кот и котенок лайк",1900
"лайки",popular,"лаки лайки",1899
"лайки",popular,"лайки бесплатно быстро",1897
"лайки",popular,"котенок лайк фнаф",1895
"лайки",popular,"скачать приложение лайк",1894
"лайки",popular,"скачать приложение лайк лайки",1894
"лайки",popular,"леня за лайки да",1894
"лайки",popular,"как создать аккаунт в лайке 2026",1893
"лайки",popular,"как создать аккаунт в лайк",1893
"лайки",popular,"лайки хабаровск",1893
"лайки",popular,"возраст лайки",1887
"лайки",popular,"лайки любовь",1887
"лайки",popular,"охотничья лайка",1882
"лайки",popular,"крутой лайк",1880
"лайки",popular,"знак лайк",1876
"лайки",popular,"лайк много лайков",1874
"лайки",popular,"лайка много лайк",1874
"лайки",popular,"много лайк",1874
"лайки",popular,"как сделать чтобы не видели лайки",1873
"лайки",popular,"сервис лайка",1873
"лайки",popular,"лайк привет сосед",1870
"лайки",popular,"лайк настя старая",1868
"лайки",popular,"настя лайки старые",1868
"лайки",popular,"поставь лайк почему",1867
"лайки",popular,"ай лайке ит",1866
"лайки",popular,"зе лайк",1863
"лайки",popular,"лайки киров",1862
"лайки",popular,"лайки радио слушать бесплатно",1861
"лайки",popular,"ай лайк ит",1856
"лайки",popular,"тик ток лайке скачать",1852
"лайки",popular,"фото на аву в лайк",1851
"лайки",popular,"лайк фм частота",1851
"лайки",popular,"лайки фм частота",1851
"лайки",popular,"никита лайке",1851
"лайки",popular,"лопаю лайки песня",1850
"лайки",popular,"карельская лайка",1843
"лайки",popular,"лайк снимать видео в лайки",1842
"лайки",popular,"охота с лайками сергей бутаков последнее",1842
"лайки",popular,"али лайки",1841
"лайки",popular,"как закрыть лайки в лайке",1840
"лайки",popular,"русские ники для лайка",1839
"лайки",popular,"яндекс лайк",1838
"лайки",popular,"взлом лайк",1838
"лайки",popular,"взлом лайк лайки",1838
"лайки",popular,"тик ток мод лайка",1838
"лайки",popular,"кафе лайки",1837
"лайки",popular,"что значит лайк",1836
"лайки",popular,"слушать радио лайк бесплатно",1835
"лайки",popular,"лайка зовут",1835
"лайки",popular,"брайт лайк",1832
"лайки",popular,"как зарегистрироваться в лайке",1828
"лайки",popular,"лайк знакомства",1828
"лайки",popular,"как узнать кто поставил лайки в максе",1825
"лайки",popular,"лайки все серии подряд",1823
"лайки",popular,"лайка мир",1822
"лайки",popular,"идеи для видео в лайке",1818
"лайки",popular,"песни лайка бесплатно",1817
"лайки",popular,"радио лайки онлайн слушать бесплатно",1817
"лайки",popular,"смайл лайк",1815
"лайки",popular,"кот лаек",1814
"лайки",popular,"лайк тин спирит текст",1813
"лайки",popular,"прикольные лайки",1802
"лайки",popular,"лайк интернет",1800
"лайки",popular,"видео про лайк",1800
"лайки",popular,"лайки 11",1798
"лайки",popular,"поставить лайки в инстаграм",1796
"лайки",popular,"лайки тайги",1795
"лайки",popular,"лайк радио онлайн бесплатно",1791
"лайки",popular,"радио лайк онлайн слушать бесплатно",1791
"лайки",popular,"лайк лове",1786
"лайки",popular,"лайк хабаровск",1784
"лайки",popular,"лайк все серии подряд",1783
"лайки",popular,"лайка смела",1781
"лайки",popular,"лайка матом",1780
"лайки",popular,"ду ю лайки",1778
"лайки",popular,"котенка лайка кирюху",1776
"лайки",popular,"стать лайк",1771
"лайки",popular,"как можно сделать лайки",1771
"лайки",popular,"включи видео лайки лайк",1770
"лайки",popular,"инстаграм скрытые лайки",1769
"лайки",popular,"что творят лайки",1768
"лайки",popular,"лайки в вк видео",1766
"лайки",popular,"включи котенка лайка",1763
"лайки",popular,"лайки тик скачать",1760
"лайки",popular,"лайки в сети",1760
"лайки",popular,"лайк смотреть онлайн в хорошем качестве",1760
"лайки",popular,"скачать последний лайк",1760
"лайки",popular,"настя лайк на русском смотреть онлайн бесплатно",1760
"лайки",popular,"как поставить лайки игре в роблокс",1759
"лайки",popular,"лайк смотреть онлайн бесплатно в хорошем качестве",1759
"лайки",popular,"милана лайк",1759
"лайки",popular,"милана лайк лайки",1759
"лайки",popular,"лайк казань",1758
"лайки",popular,"студия лайка",1758
"лайки",popular,"лайк хаус",1756
"лайки",popular,"лайки друга вк",1756
"лайки",popular,"как поставить лайк игре в роблоксе",1752
"лайки",popular,"лайк контакт",1752
"лайки",popular,"что дают лайки",1750
"лайки",popular,"лайки мужчинам",1748
"лайки",popular,"купить лайку в области",1747
"лайки",popular,"придумать ник в лайке",1743
"лайки",popular,"придумывать ники в лайке",1743
"лайки",popular,"как узнать в максе кто поставил лайк",1741
"лайки",popular,"сибирская лайка щенок",1740
"лайки",popular,"смел лайк",1739
"лайки",popular,"шрифт лайка русское",1737
"лайки",popular,"можно лайки ставить",1733
"лайки",popular,"где там лайки",1731
"лайки",popular,"лайка играет роблокс",1730
"лайки",popular,"само лайк",1729
"лайки",popular,"лайк займ вход в личный",1728
"лайки",popular,"сосед котенка лайка",1728
"лайки",popular,"пост поставьте лайки",1728
"лайки",popular,"лайк детскую",1726
"лайки",popular,"мадагаскар ай лайк",1725
"лайки",popular,"лайк аккорды",1723
"лайки",popular,"лайка 500",1721
"лайки",popular,"взаимные лайки",1719
"лайки",popular,"лайк девушке",1718
"лайки",popular,"кафе лайк",1718
"лайки",popular,"лайки владуса и лени",1717
"лайки",popular,"лайк ми песня",1716
"лайки",popular,"создать новые лайки",1716
"лайки",popular,"лайки похожие",1712
"лайки",popular,"какие лайки поставить",1711
"лайки",popular,"скачать лайк последняя версия",1708
"лайки",popular,"лайк лайф",1708
"лайки",popular,"радио лайк фм бесплатно",1708
"лайки",popular,"радио лайка фм бесплатно",1708
"лайки",popular,"лайки лав",1707
"лайки",popular,"красная лайка",1707
"лайки",popular,"накрутка лайков в лайке",1705
"лайки",popular,"соцсеть лайки",1704
"лайки",popular,"песни из лайка 2026 скачать",1701
"лайки",popular,"найду по лайкам",1701
"лайки",popular,"как в максе посмотреть лайки на сообщения",1701
"лайки",popular,"сибирская лайка купить",1698
"лайки",popular,"лайк москва",1698
"лайки",popular,"попробовать лайки",1695
"лайки",popular,"перевод песни лайка",1694
"лайки",popular,"лайк настя смотреть подряд",1693
"лайки",popular,"смотреть лайки настя подряд",1693
"лайки",popular,"лайк видео 2026",1690
"лайки",popular,"лайки roblox",1689
"лайки",popular,"лайки мкк",1689
"лайки",popular,"лайки про настю",1689
"лайки",popular,"соус лайк",1689
"лайки",popular,"где поставили лайк",1687
"лайки",popular,"лайк уведомление",1685
"лайки",popular,"радио лайк фм слушать бесплатно",1685
"лайки",popular,"мкк лайк",1685
"лайки",popular,"шайн брайт лайк",1678
"лайки",popular,"лайки просмотр видео",1677
"лайки",popular,"бесплатные лайки без регистрации",1677
"лайки",popular,"лайки бир",1677
"лайки",popular,"маша и лайки",1673
"лайки",popular,"лайк видео бывшее",1672
"лайки",popular,"песня а лайк а лайков",1671
"лайки",popular,"радио лайк фм онлайн бесплатно",1666
"лайки",popular,"радио онлайн слушать бесплатно лайк фм",1666
"лайки",popular,"слушать радио онлайн лайки фм бесплатно",1666
"лайки",popular,"про лайк настя",1663
"лайки",popular,"лайки стор чита",1662
"лайки",popular,"лайк рос",1660
"лайки",popular,"лайки драгон",1659
"лайки",popular,"лайк займ вход в личный кабинет",1658
"лайки",popular,"лайк стор чита",1658
"лайки",popular,"лайк тикток",1656
"лайки",popular,"лайки лайк тикток",1656
"лайки",popular,"имя для лайка",1655
"лайки",popular,"лайк настя вк",1654
"лайки",popular,"лайк 18",1654
"лайки",popular,"получи лайк",1651
"лайки",popular,"горячий лайк",1648
"лайки",popular,"сибирская лайка фото",1647
"лайки",popular,"лайки тула",1646
"лайки",popular,"расти лайк",1644
"лайки",popular,"игру котенка лайка",1643
"лайки",popular,"лайки 6 лайков",1641
"лайки",popular,"ники в лайк имена",1641
"лайки",popular,"как в вк посмотреть кто поставил лайк",1641
"лайки",popular,"котенок лайк сосед",1640
"лайки",popular,"контент лайка",1640
"лайки",popular,"как выложить видео в лайке",1639
"лайки",popular,"лайк топ",1636
"лайки",popular,"красивый шрифт для ника в лайк",1635
"лайки",popular,"шрифты для ника в лайке на русском",1635
"лайки",popular,"как посмотреть лайки на фото",1633
"лайки",popular,"лайк фильм 2023",1633
"лайки",popular,"лайк чат",1630
"лайки",popular,"какие можно придумать в лайке",1629
"лайки",popular,"как зарабатывать в лайке",1629
"лайки",popular,"как заработать в лайке",1629
"лайки",popular,"мультфильм лайк",1627
"лайки",popular,"супер мишка лайк",1625
"лайки",popular,"аля бридж лайки",1623
"лайки",popular,"лаки лайк",1619
"лайки",popular,"лайк 6",1618
"лайки",popular,"брайт лайк даймонд",1616
"лайки",popular,"лайк сегодня",1614
"лайки",popular,"лайк мальчик",1613
"лайки",popular,"ищу лайку",1611
"лайки",popular,"лайка нету",1610
"лайки",popular,"лайка оренбург",1610
"лайки",popular,"какие снимать лайки",1607
"лайки",popular,"смелс лайк текст",1606
"лайки",popular,"помесь лайки",1605
"лайки",popular,"али лайк",1604
"лайки",popular,"аля лайк",1604
"лайки",popular,"видео милс лайк",1604
"лайки",popular,"перевод песни лайк",1603
"лайки",popular,"лайка желтая",1602
"лайки",popular,"поставь лайк под",1601
"лайки",popular,"подпишись и поставь лайк",1601
"лайки",popular,"отменить лайк",1601
"лайки",popular,"лайк мани вход",1601
"лайки",popular,"лайк каталог",1601
"лайки",popular,"лайк дом",1601
"лайки",popular,"охота с лайками последние видео",1599
"лайки",popular,"лера лайке",1598
"лайки",popular,"настоящий лайка",1597
"лайки",popular,"лайк если увидел",1594
"лайки",popular,"лайки стор хабаровск",1592
"лайки",popular,"идеи для видео в лайк",1591
"лайки",popular,"лайк настя смотреть на русском подряд",1591
"лайки",popular,"лайк стор хабаровск",1589
"лайки",popular,"истории из лайка",1589
"лайки",popular,"лайк тула",1588
"лайки",popular,"лайк премиум",1587
"лайки",popular,"лайки скачать бесплатно без",1584
"лайки",popular,"красивые ники в лайке на русском",1582
"лайки",popular,"песня лайке мувет",1582
"лайки",popular,"поддержка лайка",1580
"лайки",popular,"вело в лайке",1579
"лайки",popular,"лайки удаляются",1579
"лайки",popular,"название аккаунта в лайке",1578
"лайки",popular,"лайк оптик",1577
"лайки",popular,"лайк оптика",1577
"лайки",popular,"лайк нужно",1576
"лайки",popular,"красивый русский шрифт в лайке",1575
"лайки",popular,"10 лайк",1575
"лайки",popular,"лайк настя на русском 2026",1573
"лайки",popular,"лайк старые видео",1571
"лайки",popular,"лайк 10 лайков",1571
"лайки",popular,"скачать андроид лайки",1567
"лайки",popular,"песня лайк мувет мувет",1566
"лайки",popular,"лайк стрим",1563
"лайки",popular,"разные лайки",1562
"лайки",popular,"лайк водяной",1562
"лайки",popular,"лайка размер",1558
"лайки",popular,"почему вк лайки",1554
"лайки",popular,"смотреть новый лайк",1552
"лайки",popular,"охота с лайками сергей бутаков последнее видео",1551
"лайки",popular,"просто лайк",1551
"лайки",popular,"боб поставил лайк смотреть",1550
"лайки",popular,"синяя галочка в лайке",1548
"лайки",popular,"став лайк",1546
"лайки",popular,"красивый ник для лайка на русском",1546
"лайки",popular,"скачать видео с лайк",1543
"лайки",popular,"скачать видео с лайк лайки",1543
"лайки",popular,"убили лайку",1543
"лайки",popular,"милая лайка",1543
"лайки",popular,"музыка из лайка 2026",1543
"лайки",popular,"нельзя в лайке",1542
"лайки",popular,"лайка дзен",1542
"лайки",popular,"убитые лайки",1541
"лайки",popular,"лайки как понять",1540
"лайки",popular,"лайки пицца",1537
"лайки",popular,"как назвать аккаунт в лайке",1534
"лайки",popular,"магний в6 лайко",1534
"лайки",popular,"петь лайк",1531
"лайки",popular,"как сделать аккаунт в лайке 2026",1531
"лайки",popular,"синема лайк",1530
"лайки",popular,"вк лайк человек",1525
"лайки",popular,"видео для историй в лайк",1525
"лайки",popular,"плей лайки",1525
"лайки",popular,"первый лайк",1524
"лайки",popular,"выбрать лайку",1521
"лайки",popular,"лайка голос",1521
"лайки",popular,"блоггеры из лайка",1520
"лайки",popular,"лайки иркутске",1520
"лайки",popular,"скачать ссылку с лайка без водяного",1520
"лайки",popular,"найти видео лайки",1519
"лайки",popular,"кошку лайку",1518
"лайки",popular,"видео роблокс лайка",1517
"лайки",popular,"лайка рязань",1516
"лайки",popular,"накрутить лайки в вк",1516
"лайки",popular,"второй лайк",1515
"лайки",popular,"лайки жизни",1513
"лайки",popular,"три лайка",1512
"лайки",popular,"лайк стали",1512
"лайки",popular,"лайк стала",1511
"лайки",popular,"лени и лайки да",1509
"лайки",popular,"ай лайки мувет мувет мадагаскар",1509
"лайки",popular,"охота с лайками в тайге",1508
"лайки",popular,"лайк секс",1508
"лайки",popular,"скачать видео с лайка без ссылки",1507
"лайки",popular,"лайки джон",1506
"лайки",popular,"соня лайк в лайке",1506
"лайки",popular,"бывший снял лайки",1506
"лайки",popular,"лайк мане мкк",1504
"лайки",popular,"песни лайки фм",1504
"лайки",popular,"песня лайк фм",1504
"лайки",popular,"мкк лайк мани",1503
"лайки",popular,"попробуй не засмеяться лайки",1501
"лайки",popular,"режим лайки",1501
"лайки",popular,"телеграм лайки",1500
"лайки",popular,"лайк пицца",1499
"лайки",popular,"лайк лав",1498
"лайки",popular,"где смотреть лайки",1497
"лайки",popular,"платформа лайка",1496
"лайки",popular,"плейлист лайк",1495
"лайки",popular,"лайка youtube",1495
"лайки",popular,"аккаунт в приложении лайки",1494
"лайки",popular,"как удалить видео в лайк",1493
"лайки",popular,"оставь лайки",1492
"лайки",popular,"песня ай лайки мувет мувет",1492
"лайки",popular,"песня ая лайки мувет мувет",1492
"лайки",popular,"как создать 2 аккаунт в лайк",1491
"лайки",popular,"лайк пожалуйста",1488
"лайки",popular,"поставить лайк посту",1488
"лайки",popular,"помогите лайками",1485
"лайки",popular,"канал поставь лайк",1484
"лайки",popular,"звук лайк",1484
"лайки",popular,"лайка ростов",1481
"лайки",popular,"канал настя лайки",1480
"лайки",popular,"настя лайк на русском маленькая смотреть",1479
"лайки",popular,"лайк мани займ личный кабинет войти",1478
"лайки",popular,"лайк веб",1478
"лайки",popular,"лайки бтс",1478
"лайки",popular,"виды лаек",1478
"лайки",popular,"лайк час",1478
"лайки",popular,"часы лайк",1478
"лайки",popular,"лайка 16",1478
"лайки",popular,"стишок из лайка",1476
"лайки",popular,"лайки смотреть без регистрации",1475
"лайки",popular,"вк знакомства лайк",1475
"лайки",popular,"роблокс лайки кот",1474
"лайки",popular,"хаски и лайка",1474
"лайки",popular,"вероника лайке",1474
"лайки",popular,"лайк видео милс кел",1473
"лайки",popular,"лайки под песни",1473
"лайки",popular,"сливы из лайка",1473
"лайки",popular,"лайк россия",1472
"лайки",popular,"котенка лайка привет сосед",1469
"лайки",popular,"какая песня лайка",1469
"лайки",popular,"лайк бейби",1468
"лайки",popular,"лайк тг",1468
"лайки",popular,"фотки в лайк",1466
"лайки",popular,"белый лайк",1466
"лайки",popular,"симка лайки",1462
"лайки",popular,"модно лайк",1462
"лайки",popular,"1 аккаунт в лайке",1461
"лайки",popular,"донт лайк",1460
"лайки",popular,"лайк настя новые 2026",1460
"лайки",popular,"лайк номер телефона",1459
"лайки",popular,"санкт петербург лайка",1458
"лайки",popular,"стиль лайка",1457
"лайки",popular,"лайки босс",1456
"лайки",popular,"купить лайку на авито",1456
"лайки",popular,"лайки пауков",1455
"лайки",popular,"лайк nastya",1454
"лайки",popular,"лайк дзене",1453
"лайки",popular,"как подписаться в лайке",1453
"лайки",popular,"канал лайк настя",1452
"лайки",popular,"реальные лайки",1450
"лайки",popular,"аля бридж лайк",1445
"лайки",popular,"владус и леня за лайки да",1443
"лайки",popular,"лайки на фото в вк",1442
"лайки",popular,"предложение лайка",1441
"лайки",popular,"лайк бтс",1441
"лайки",popular,"лайки свежие",1439
"лайки",popular,"лайки леди",1439
"лайки",popular,"приключения лайка",1437
"лайки",popular,"настя лайк новое смотреть",1436
"лайки",popular,"лайка одежда",1435
"лайки",popular,"лайка ru",1435
"лайки",popular,"кот лайк роблокс",1434
"лайки",popular,"лайк хорошее видео",1433
"лайки",popular,"лайк блоггер",1431
"лайки",popular,"лайки лайк блоггер",1431
"лайки",popular,"лайко про отзывы",1430
"лайки",popular,"лайк рязань",1429
"лайки",popular,"смелс лайк спирит текст",1428
"лайки",popular,"мил лайк",1428
"лайки",popular,"мила лайк",1428
"лайки",popular,"купить лайков в лайке",1427
"лайки",popular,"лайка прохождение",1426
"лайки",popular,"лайк смотреть регистрации",1425
"лайки",popular,"лайки настя на русском языке смотреть",1424
"лайки",popular,"лайк сервис",1424
"лайки",popular,"котенок лайк привет",1423
"лайки",popular,"лайк 9",1423
"лайки",popular,"лайка новгород",1423
"лайки",popular,"мисс лайки",1422
"лайки",popular,"лайки абакан",1420
"лайки",popular,"смотреть лайк без регистрации",1419
"лайки",popular,"скачать лайк мод",1419
"лайки",popular,"можно приложение лайки",1417
"лайки",popular,"смелс лайк тин текст",1416
"лайки",popular,"лайка взять",1416
"лайки",popular,"русская лайка видео",1415
"лайки",popular,"просмотр лайк",1414
"лайки",popular,"отправь лайк",1413
"лайки",popular,"купить лайки в лайк",1412
"лайки",popular,"лайки человека в инстаграме",1412
"лайки",popular,"смайлик лайк",1409
"лайки",popular,"лайки комменты",1408
"лайки",popular,"нашлась лайка",1408
"лайки",popular,"песню лайк э",1407
"лайки",popular,"бесплатные лайки инстаграм",1406
"лайки",popular,"лайки корм",1402
"лайки",popular,"лайка против",1398
"лайки",popular,"как скрыть лайки в инстаграме",1396
"лайки",popular,"говорящий лайк",1395
"лайки",popular,"лайк говорю",1395
"лайки",popular,"поставьте лайки комментарии",1394
"лайки",popular,"лайк настя новые серии 2026",1389
"лайки",popular,"роблокс играет лайк",1388
"лайки",popular,"лайка екатеринбург",1388
"лайки",popular,"соня сафарова лайк",1386
"лайки",popular,"какой придумать ник в лайке",1386
"лайки",popular,"песня твои лайки лайки",1384
"лайки",popular,"плей лайк",1384
"лайки",popular,"лайк без водяных",1383
"лайки",popular,"лайки регистрация без скачивания",1382
"лайки",popular,"котенок лайк привет сосед",1381
"лайки",popular,"как разблокировать в лайке",1381
"лайки",popular,"фоны для историй в лайке видео",1380
"лайки",popular,"игрушки лайк",1378
"лайки",popular,"видео лайка 2022",1376
"лайки",popular,"норвежская лайка",1375
"лайки",popular,"горячая линия лайка",1374
"лайки",popular,"медведь лайк",1373
"лайки",popular,"побег лайки",1373
"лайки",popular,"смелс лайк тин спирит текст",1371
"лайки",popular,"лайка волны",1370
"лайки",popular,"историки в лайке",1367
"лайки",popular,"где ставит лайки вк",1364
"лайки",popular,"лайк билет",1362
"лайки",popular,"лайк 7",1362
"лайки",popular,"вопросы лайка",1362
"лайки",popular,"скачать ай лайк",1358
"лайки",popular,"видео лайк тик",1358
"лайки",popular,"лайкай лайкай лайка",1357
"лайки",popular,"горячая линия лайк",1357
"лайки",popular,"лайки попу",1357
"лайки",popular,"попа лайки",1357
"лайки",popular,"ник в лайке на имя",1356
"лайки",popular,"ник на имя ника в лайке",1356
"лайки",popular,"розова лайка",1356
"лайки",popular,"просмотреть лайки",1355
"лайки",popular,"идеи для ника в лайке",1354
"лайки",popular,"боб тревина поставил лайк смотреть",1352
"лайки",popular,"лайки подписчики подписки",1352
"лайки",popular,"лайк майнкрафт",1352
"лайки",popular,"сколько живут лайки",1351
"лайки",popular,"сколько жила лайка",1351
"лайки",popular,"боб тревино поставил лайк смотреть",1349
"лайки",popular,"мультики котенка лайка",1348
"лайки",popular,"накрутить лайки быстро",1346
"лайки",popular,"гитары лайка",1345
"лайки",popular,"западная лайка щенок",1344
"лайки",popular,"как заблокировать человека в лайке",1344
"лайки",popular,"как сделать приложение лайки",1342
"лайки",popular,"как убрать лайки в вк",1339
"лайки",popular,"тоже лайки",1338
"лайки",popular,"лайк roblox",1336
"лайки",popular,"лайк лайкнуть",1335
"лайки",popular,"идеи для ников в лайке",1335
"лайки",popular,"лайк на русском языке смотреть",1334
"лайки",popular,"из лайка 2025 год",1334
"лайки",popular,"значок лайка",1333
"лайки",popular,"лайки сообщество",1331
"лайки",popular,"скрытые лайки вк",1327
"лайки",popular,"поставь лайк телефон",1327
"лайки",popular,"лайка томска",1326
"лайки",popular,"ставьте лайки и подписывайтесь",1326
"лайки",popular,"тик ток просмотры лайки",1324
"лайки",popular,"западно сибирская лайка щенок",1324
"лайки",popular,"приложения лайк видео",1323
"лайки",popular,"где лайки песня",1323
"лайки",popular,"хостел лайка",1322
"лайки",popular,"лайки бобо",1320
"лайки",popular,"купить западную лайку",1319
"лайки",popular,"песни из лайка слушать",1319
"лайки",popular,"лайк без знаков",1319
"лайки",popular,"лайко магний 500",1318
"лайки",popular,"скай лайк казань",1317
"лайки",popular,"какой популярные лайки",1314
"лайки",popular,"сколько лет лайк насте в 2026",1314
"лайки",popular,"лайк настя сериал видео",1313
"лайки",popular,"прохождение лайк",1313
"лайки",popular,"лайк проходит",1312
"лайки",popular,"какое приложение лайки",1310
"лайки",popular,"лов ю лайк",1309
"лайки",popular,"лайку 2 года",1309
"лайки",popular,"лайк абакан",1309
"лайки",popular,"лайка форум",1308
"лайки",popular,"лайки 30",1308
"лайки",popular,"западно сибирская лайка купить",1307
"лайки",popular,"фото друзья лайки",1306
"лайки",popular,"лайк пользователи",1305
"лайки",popular,"бесплатные лайки поставить",1305
"лайки",popular,"настя лайк видео для детей",1305
"лайки",popular,"настя лайки видео для детей",1305
"лайки",popular,"лайки модный лук",1304
"лайки",popular,"смотреть мультик лайки",1304
"лайки",popular,"помощь лайка",1304
"лайки",popular,"лайк настя сериал с 2022 г видео",1304
"лайки",popular,"лайк модный лук",1303
"лайки",popular,"очень лайк",1302
"лайки",popular,"vk лайка",1302
"лайки",popular,"песня ай лайк ту мувет мувет",1302
"лайки",popular,"лайк без водяного знака",1300
"лайки",popular,"мисс лайк",1300
"лайки",popular,"лайка малыш",1299
"лайки",popular,"ненецкая лайка",1299
"лайки",popular,"зачем лайки",1298
"лайки",popular,"лайк киров",1298
"лайки",popular,"лайк иркутск",1298
"лайки",popular,"как посмотреть лайки в инсте",1297
"лайки",popular,"лайка умерла",1297
"лайки",popular,"лайк без регистрации и без скачивания",1296
"лайки",popular,"бесплатные лайки в тик",1296
"лайки",popular,"фильм супер лайк шоу",1295
"лайки",popular,"лайк настя все серии подряд",1295
"лайки",popular,"настя лайки все серии подряд",1295
"лайки",popular,"котик лаек",1295
"лайки",popular,"песня владуса за лайки да",1294
"лайки",popular,"лайк части",1294
"лайки",popular,"можно скачать лайки",1293
"лайки",popular,"лайк хостел",1293
"лайки",popular,"лайк сразу поставь",1291
"лайки",popular,"лицо лайк",1291
"лайки",popular,"как удалить лайки в телефоне",1290
"лайки",popular,"лайке оф",1290
"лайки",popular,"как сделать чтоб лайки",1288
"лайки",popular,"включи лайка котенок лайк",1287
"лайки",popular,"включить котенка лайк",1287
"лайки",popular,"2 котенка лайка",1287
"лайки",popular,"почему не грузит лайки",1286
"лайки",popular,"видео из лайка 2026",1283
"лайки",popular,"лайк волна",1283
"лайки",popular,"лайки 3 2 2",1283
"лайки",popular,"сделай приложение лайк",1282
"лайки",popular,"вк клипы лайки",1282
"лайки",popular,"почему не ставят лайки",1278
"лайки",popular,"бесплатные лайки по ссылке бесплатно",1278
"лайки",popular,"что можно снимать в лайке",1275
"лайки",popular,"рабочие лайки",1274
"лайки",popular,"лайка любую",1273
"лайки",popular,"даже лайки",1272
"лайки",popular,"15 лайк",1272
"лайки",popular,"про котенка лайка",1271
"лайки",popular,"что творят дети в лайке",1271
"лайки",popular,"лайк озвучка",1270
"лайки",popular,"лайки фм плейлист",1270
"лайки",popular,"бесплатные лайки в тик ток",1269
"лайки",popular,"лайк фм плейлист",1268
"лайки",popular,"настя лайк бесплатно подряд на русском",1268
"лайки",popular,"классы лайки",1266
"лайки",popular,"лайки кемерово",1266
"лайки",popular,"питомник лаек",1265
"лайки",popular,"лайк настя на русском смотреть бесплатно подряд",1265
"лайки",popular,"лайка попала",1264
"лайки",popular,"как посмотреть лайки в вк которые ставил",1263
"лайки",popular,"как выглядит лайк",1263
"лайки",popular,"бесплатные лайки андроид",1262
"лайки",popular,"собака лайка купить",1260
"лайки",popular,"товары лайка",1259
"лайки",popular,"лайки без матов",1258
"лайки",popular,"доктор лайки",1255
"лайки",popular,"яндекс музыка лайки",1254
"лайки",popular,"зеленые лайки",1254
"лайки",popular,"танцы из лайка",1253
"лайки",popular,"вк сделать лайка",1252
"лайки",popular,"скачать поставьте лайки",1252
"лайки",popular,"охота с лайками 2026",1249
"лайки",popular,"нижний лайк",1249
"лайки",popular,"удаленные видео с лайка",1249
"лайки",popular,"как получить белую галочку в лайке",1248
"лайки",popular,"лайки кристина",1246
"лайки",popular,"мультик лайки лайк смотреть",1245
"лайки",popular,"смотреть мультик лайк",1245
"лайки",popular,"смотреть все серии лайк",1244
"лайки",popular,"удалено лайк аккаунт",1244
"лайки",popular,"цвет лайка в лайке",1243
"лайки",popular,"почему не видны лайки",1242
"лайки",popular,"лайки уфа",1242
"лайки",popular,"иконка лайка",1242
"лайки",popular,"сба лайк",1240
"лайки",popular,"установить лайки",1239
"лайки",popular,"лайк 1 серия",1235
"лайки",popular,"лайка рб",1235
"лайки",popular,"лайк новгород",1232
"лайки",popular,"лайк шоу билеты",1231
"лайки",popular,"поставь лайки в тик токе",1231
"лайки",popular,"лайк правда",1231
"лайки",popular,"приключения лайк",1230
"лайки",popular,"лайка центра",1229
"лайки",popular,"лайки архангельска",1228
"лайки",popular,"лайк оф",1227
"лайки",popular,"как создать новый аккаунт в лайке",1225
"лайки",popular,"лайк живут",1223
"лайки",popular,"лайк время",1221
"лайки",popular,"кабан лайка",1221
"лайки",popular,"лайка кабанов",1220
"лайки",popular,"лайки фильмы онлайн",1218
"лайки",popular,"лайки зет",1215
"лайки",popular,"милскел лайки",1214
"лайки",popular,"лайк екатеринбург",1214
"лайки",popular,"лайк зет",1212
"лайки",popular,"лайки лайк зет",1212
"лайки",popular,"настройка лайка",1211
"лайки",popular,"лайк настя все серии на русском",1210
"лайки",popular,"лайки онлайн без скачивания",1210
"лайки",popular,"обновить лайке",1210
"лайки",popular,"поставь лайк ток",1209
"лайки",popular,"лайк регистрация бесплатно",1209
"лайки",popular,"приложение лайк аккаунт",1208
"лайки",popular,"фильм лайка смотреть онлайн",1208
"лайки",popular,"накрутка подписчиков в лайке бесплатно",1207
"лайки",popular,"лайка поет песню",1206
"лайки",popular,"настя лайк русское смотреть подряд серии",1205
"лайки",popular,"лайке сторе абакан",1204
"лайки",popular,"лайк пдф",1203
"лайки",popular,"где посмотреть поставленные лайки",1203
"лайки",popular,"фд лайк",1203
"лайки",popular,"рекомендации лайка",1203
"лайки",popular,"ника лайк на русском",1202
"лайки",popular,"какие можно придумать ники в лайках",1202
"лайки",popular,"какой ник можно придумать в лайке",1202
"лайки",popular,"лайка скопировать",1201
"лайки",popular,"лайк бесплатно без регистрации",1201
"лайки",popular,"лайки без водяного знака скачать бесплатно",1200
"лайки",popular,"ник в лайк на русском",1199
"лайки",popular,"лайк стор абакан",1198
"лайки",popular,"как создать аккаунт в лайке на айфоне",1197
"лайки",popular,"лайк онлайн без скачивания",1196
"лайки",popular,"лайк в тт",1195
"лайки",popular,"лайк надо",1194
"лайки",popular,"лайки т",1194
"лайки",popular,"ссылка лайка скачать бесплатно",1194
"лайки",popular,"лайк фильм онлайн",1193
"лайки",popular,"желтый лайк",1192
"лайки",popular,"ти лайкам",1192
"лайки",popular,"лайк настя смотреть новые на русском",1191
"лайки",popular,"тренды из лайка 2025",1190
"лайки",popular,"злом лайка",1189
"лайки",popular,"поставь лайк бесплатно",1189
"лайки",popular,"like nastya лайк nastya",1188
"лайки",popular,"смотреть новую серию лайка насти",1188
"лайки",popular,"поставить лайк онлайн",1188
"лайки",popular,"супер лайк шоу билеты",1186
"лайки",popular,"лайк фильм смотреть онлайн",1185
"лайки",popular,"like nastya лайк настя",1184
"лайки",popular,"видео лайк русский",1183
"лайки",popular,"лайк песня слушать",1183
"лайки",popular,"котенок лайк 2",1183
"лайки",popular,"нарисуй лайку",1183
"лайки",popular,"лайк уф",1181
"лайки",popular,"смотрите настя лайк новые серии",1181
"лайки",popular,"луна лайку",1180
"лайки",popular,"боты в лайке",1180
"лайки",popular,"бери лайка",1180
"лайки",popular,"лайк чери",1180
"лайки",popular,"сидящая лайка",1180
"лайки",popular,"милскел лайк",1178
"лайки",popular,"озвучка для лайка",1175
"лайки",popular,"снят меня в лайке",1175
"лайки",popular,"лайки новокузнецке",1174
"лайки",popular,"ник в лайк для девочек",1170
"лайки",popular,"ники в лайк для девочек",1170
"лайки",popular,"лера симка лайки",1169
"лайки",popular,"случайно лайк",1169
"лайки",popular,"ходит лайка",1168
"лайки",popular,"ходи лайки",1167
"лайки",popular,"сердечко лайк",1164
"лайки",popular,"добавить лайк",1164
"лайки",popular,"лайк мани вход в личный",1164
"лайки",popular,"инструкция лайки",1163
"лайки",popular,"лайк посмотреть видео",1163
"лайки",popular,"лайк архангельск",1161
"лайки",popular,"золотая лайка",1160
"лайки",popular,"какие ники сделать в лайке",1159
"лайки",popular,"какой сделать ник в лайке",1159
"лайки",popular,"магний 500 мг лайко",1159
"лайки",popular,"скачать лайк на андроид",1157
"лайки",popular,"скай лайк спб",1156
"лайки",popular,"смотреть лайк настя все серии",1155
"лайки",popular,"смотреть лайки насти все серии",1155
"лайки",popular,"ава в лайк пинтерест",1154
"лайки",popular,"лайк карта",1154
"лайки",popular,"лайка м",1154
"лайки",popular,"лайки энималс",1153
"лайки",popular,"лайки нижний новгород",1153
"лайки",popular,"лайка космонавт",1152
"лайки",popular,"ваш лайк",1152
"лайки",popular,"леди лайк",1150
"лайки",popular,"настроить лайки",1150
"лайки",popular,"лайк энималс",1149
"лайки",popular,"где жить лайке",1148
"лайки",popular,"лайк кемерово",1148
"лайки",popular,"лайко про витамины",1148
"лайки",popular,"трендовые песни из лайка",1146
"лайки",popular,"как изменить ник в лайке",1145
"лайки",popular,"как изменять ник в лайке",1145
"лайки",popular,"роза лайка",1145
"лайки",popular,"новое видео в лайке",1145
"лайки",popular,"лайк спирит аккорды",1144
"лайки",popular,"лайка тв",1144
"лайки",popular,"мультик котенок лайк",1141
"лайки",popular,"видео водяного знака лайк",1139
"лайки",popular,"лайк быстрее",1138
"лайки",popular,"лайк настю машу",1138
"лайки",popular,"ограничения в лайке",1138
"лайки",popular,"уфа лайк",1137
"лайки",popular,"магний в6 лайко про",1137
"лайки",popular,"дипинс лайки",1137
"лайки",popular,"лайк блогеры",1136
"лайки",popular,"супер лайки видео",1136
"лайки",popular,"маша и медведь лайки",1135
"лайки",popular,"доктор лайки лайк",1135
"лайки",popular,"лайк доктор",1135
"лайки",popular,"лайки монстр",1134
"лайки",popular,"заявку на галочку в лайке",1134
"цифровой детокс",popular,"цифровой детокс",3357
"цифровой детокс",popular,"день цифрового детокса",241
"цифровой детокс",popular,"цифровой детокс это что такое простыми",207
"цифровой детокс",popular,"как провести цифровой детокс",200
"цифровой детокс",popular,"цифровой детокс это что такое простыми словами",199
"цифровой детокс",popular,"как сделать цифровой детокс",46
"цифровой детокс",popular,"телефон для цифрового детокса",37
"цифровой детокс",popular,"цифровой детокс книга",37
"цифровой детокс",popular,"плакат цифровой детокс",30
"цифровой детокс",popular,"как устраивать цифровой детокс",29
"цифровой детокс",popular,"что значит цифровой детокс",26
"цифровой детокс",popular,"цифровой детокс картинка",19
"цифровой детокс",popular,"цифровой детокс на выходные",19
"цифровой детокс",popular,"смартфоны для цифрового детокса",18
"цифровой детокс",popular,"цифровой детокс синоним",16
"цифровой детокс",popular,"цифровой детокс для детей",15
"цифровой детокс",popular,"полный цифровой детокс",15
"цифровой детокс",popular,"фокус цифровой детокс",14
"цифровой детокс",popular,"как проводить цифровой детокс читая книги",14
"цифровой детокс",popular,"цифровой детокс на природе",13
"цифровой детокс",popular,"цифровой детокс фото",12
"цифровой детокс",popular,"правила цифрового детокса",12
"цифровой детокс",popular,"цифровой детокс программа",10
"цифровой детокс",popular,"цифровой детокс в оранжерее",10
"цифровой детокс",popular,"разница между цифровым детоксом и книжным чтением",8
"цифровой детокс",popular,"зависимость от гаджетов и соцсетей цифровой детокс",7
"цифровой детокс",popular,"цифровой детокс сериал 2022",7
"цифровой детокс",popular,"почему цифровой детокс связан с переездом",6
"цифровой детокс",popular,"что означает цифровой детокс",6
"цифровой детокс",popular,"цифровой детокс форум",2
"инфоцыгане",popular,"инфоцыгане",7562
"инфоцыгане",popular,"слова инфоцыган",439
"инфоцыгане",popular,"инфоцыган это простыми",356
"инфоцыгане",popular,"про инфоцыган",284
"инфоцыгане",popular,"инфоцыгане россии",223
"инфоцыгане",popular,"инфоцыгане известные",121
"инфоцыгане",popular,"кто такие инфоцыгане простыми словами",92
"инфоцыгане",popular,"инфоцыган сериал",91
"инфоцыгане",popular,"почему инфоцыгане",81
"инфоцыгане",popular,"инфоцыгане видео",80
"инфоцыгане",popular,"блоггер инфоцыган",78
"инфоцыгане",popular,"самые известные инфоцыгане",78
"инфоцыгане",popular,"сериал про инфоцыган",78
"инфоцыгане",popular,"инфоцыгане список",73
"инфоцыгане",popular,"инфоцыганин",69
"инфоцыгане",popular,"разоблачение инфоцыган",67
"инфоцыгане",popular,"инфоцыгане курсы",67
"инфоцыгане",popular,"инфоцыгане фильм",67
"инфоцыгане",popular,"михаил инфоцыган",65
"инфоцыгане",popular,"инфоцыгане которых посадили",64
"инфоцыгане",popular,"ковалев инфоцыгане",63
"инфоцыгане",popular,"собчак инфоцыгане",62
"инфоцыгане",popular,"блогеров инфоцыган",57
"инфоцыгане",popular,"инфоцыган сергей",57
"инфоцыгане",popular,"фильм про инфоцыган",53
"инфоцыгане",popular,"топ инфоцыган",52
"инфоцыгане",popular,"коучи инфоцыгане",47
"инфоцыгане",popular,"инфоцыгане рыбакова",46
"инфоцыгане",popular,"рыбаков инфоцыган",46
"инфоцыгане",popular,"инфоцыган артем",45
"инфоцыгане",popular,"известные инфоцыгане россии",43
"инфоцыгане",popular,"популярный инфоцыган",41
"инфоцыгане",popular,"инфоцыган дмитрий",40
"инфоцыгане",popular,"русские инфоцыгане",40
"инфоцыгане",popular,"андрей ковалев инфоцыган",40
"инфоцыгане",popular,"михаил гребенюк инфоцыган",39
"инфоцыгане",popular,"список инфоцыган россии",35
"инфоцыгане",popular,"инфоцыгане песни",35
"инфоцыгане",popular,"инфоцыгане 2026",34
"инфоцыгане",popular,"инфоцыгане в тюрьме",34
"инфоцыгане",popular,"инфоцыган психолог",34
"инфоцыгане",popular,"инфоцыгане сейчас",34
"инфоцыгане",popular,"инфоцыгане камеди",34
"инфоцыгане",popular,"инфоцыгане мошенники",33
"инфоцыгане",popular,"инфоцыгане отзывы",31
"инфоцыгане",popular,"топ инфоцыган россии",30
"инфоцыгане",popular,"главные инфоцыгане",30
"инфоцыгане",popular,"кого называют инфоцыганами",29
"инфоцыгане",popular,"инфоцыгане бизнес",28
"инфоцыгане",popular,"инфоцыгане синяков",28
"инфоцыгане",popular,"инфоцыган аяз",28
"инфоцыгане",popular,"рыбаков игорь инфоцыган",26
"инфоцыгане",popular,"лысый инфоцыган",26
"инфоцыгане",popular,"бородатый инфоцыган",26
"инфоцыгане",popular,"маркарян инфоцыган",26
"инфоцыгане",popular,"американский инфоцыган",26
"инфоцыгане",popular,"как стать инфоцыганом",25
"инфоцыгане",popular,"самые известные инфоцыгане в россии",25
"инфоцыгане",popular,"гандапас инфоцыган",24
"инфоцыгане",popular,"методичка инфоцыгана",24
"инфоцыгане",popular,"инфоцыгане на английском",24
"инфоцыгане",popular,"книга инфоцыгана",23
"инфоцыгане",popular,"мем инфоцыгане",23
"инфоцыгане",popular,"инфоцыгане максим",23
"инфоцыгане",popular,"кийосаки инфоцыган",22
"инфоцыгане",popular,"инфоцыган как пишется",22
"инфоцыгане",popular,"против инфоцыган",22
"инфоцыгане",popular,"инфоцыгане женщины",22
"инфоцыгане",popular,"инфоцыган знаменитые",22
"инфоцыгане",popular,"инфоцыгане миллиардеры",21
"инфоцыгане",popular,"блиновская инфоцыган",21
"инфоцыгане",popular,"дело инфоцыган",20
"инфоцыгане",popular,"инфоцыган олег",20
"инфоцыгане",popular,"богатые инфоцыгане",19
"инфоцыгане",popular,"собчак интервью с инфоцыганам",19
"инфоцыгане",popular,"инфоцыгане смотреть",19
"инфоцыгане",popular,"петр инфоцыган",19
"инфоцыгане",popular,"арсен маркарян инфоцыган",19
"инфоцыгане",popular,"инфоцыгане прикол",18
"инфоцыгане",popular,"самый популярный инфоцыган",18
"инфоцыгане",popular,"что значит инфоцыган",18
"инфоцыгане",popular,"инфоцыган пример",18
"инфоцыгане",popular,"инфоцыгане москвы",18
"инфоцыгане",popular,"инфоцыган мужчина",17
"инфоцыгане",popular,"инфоцыгане к в д",17
"инфоцыгане",popular,"инфоцыгане статья",17
"инфоцыгане",popular,"форум инфоцыгане",17
"инфоцыгане",popular,"камеди клаб инфоцыган",16
"инфоцыгане",popular,"российские инфоцыгане",16
"инфоцыгане",popular,"квд инфоцыгане",16
"инфоцыгане",popular,"каких инфоцыган посадили",16
"инфоцыгане",popular,"инфоцыган коля",16
"инфоцыгане",popular,"инфоцыгане сатья",15
"инфоцыгане",popular,"инфоцыган сидит",15
"инфоцыгане",popular,"инфоцыгане топ 10",15
"инфоцыгане",popular,"антонов инфоцыган",14
"инфоцыгане",popular,"гребенюк инфоцыган или нет",14
"инфоцыгане",popular,"портнягин инфоцыган",13
"инфоцыгане",popular,"инфоцыгане текст",13
"инфоцыгане",popular,"главные инфоцыгане россии",13
"инфоцыгане",popular,"ситников инфоцыган",13
"инфоцыгане",popular,"новые инфоцыгане",13
"инфоцыгане",popular,"оскар хартманн инфоцыган",13
"инфоцыгане",popular,"армянин инфоцыган",13
"инфоцыгане",popular,"андрей лукин инфоцыган",12
"инфоцыгане",popular,"инфоцыгане россии топ 10",12
"инфоцыгане",popular,"инфоцыган фото",12
"инфоцыгане",popular,"почему назвали инфоцыгане",12
"инфоцыгане",popular,"инфоцыган гуру",12
"инфоцыгане",popular,"трансформатор инфоцыган",12
"инфоцыгане",popular,"косенко инфоцыган",12
"инфоцыгане",popular,"инфоцыган гусейн",11
"инфоцыгане",popular,"инфоцыган синоним",11
"инфоцыгане",popular,"петр осипов инфоцыган",11
"инфоцыгане",popular,"что означает инфоцыган",11
"инфоцыгане",popular,"оскар хартман инфоцыган",11
"инфоцыгане",popular,"женя синяков инфоцыгане",10
"инфоцыгане",popular,"блогеры инфоцыгане самые известные",10
"инфоцыгане",popular,"самые популярные инфоцыгане в россии",10
"инфоцыгане",popular,"инфоцыгане с продленки веб шпион",10
"инфоцыгане",popular,"фанлерок инфоцыган из интернета",10
"инфоцыгане",popular,"первые инфоцыгане",10
"инфоцыгане",popular,"первый инфоцыган",10
"инфоцыгане",popular,"радислав гандапас инфоцыган",9
"инфоцыгане",popular,"что продают инфоцыгане",9
"инфоцыгане",popular,"алексей ситников инфоцыган",9
"инфоцыгане",popular,"инфоцыган с бородой",9
"инфоцыгане",popular,"ия имшинецкая инфоцыган",9
"инфоцыгане",popular,"финансовая пирамида инфоцыган 2026",9
"инфоцыгане",popular,"тысленко инфоцыган",9
"инфоцыгане",popular,"чем занимаются инфоцыгане",8
"инфоцыгане",popular,"как работают инфоцыгане",8
"инфоцыгане",popular,"дзотти инфоцыган",8
"инфоцыгане",popular,"чермен дзотти инфоцыган",8
"инфоцыгане",popular,"инфоцыгане в дубае",8
"инфоцыгане",popular,"кречетов инфоцыган",8
"инфоцыгане",popular,"роберт кийосаки инфоцыган",8
"инфоцыгане",popular,"клуб миллионеров относится к инфоцыганам лже обучение",8
"инфоцыгане",popular,"аяз шабутдинов инфоцыган",7
"инфоцыгане",popular,"инфоцыгане список андрей ковалев",7
"инфоцыгане",popular,"егор ашатов инфоцыган",7
"инфоцыгане",popular,"лысый инфоцыган из америки",7
"инфоцыгане",popular,"артем звездин инфоцыган",7
"инфоцыгане",popular,"томас кралов инфоцыган",7
"инфоцыгане",popular,"дмитрий портнягин инфоцыган",7
"инфоцыгане",popular,"красные инфоцыгане",7
"инфоцыгане",popular,"жестоко избили блоггера инфоцыгана за оскорбление",7
"инфоцыгане",popular,"маслов инфоцыган",7
"инфоцыгане",popular,"инфоцыган профессия",7
"инфоцыгане",popular,"стас прокопьев инфоцыган",7
"инфоцыгане",popular,"азат валеев инфоцыган",7
"инфоцыгане",popular,"инфоцыгане список людей в россии",7
"инфоцыгане",popular,"блиновская и другие инфоцыгане",7
"инфоцыгане",popular,"инфоцыгане большой разбор собчак",6
"инфоцыгане",popular,"валентин василевский инфоцыган",6
"инфоцыгане",popular,"денис тясто инфоцыган шарлатан",6
"инфоцыгане",popular,"топ 300 список инфоцыган россии",6
"инфоцыгане",popular,"мечтают ли инфоцыгане",6
"инфоцыгане",popular,"сергей пирогов инфоцыган",6
"инфоцыгане",popular,"собчак интервью с инфоцыганам гафаров",6
"инфоцыгане",popular,"орлов про инфоцыган",6
"инфоцыгане",popular,"сергей орлов про инфоцыган",6
"инфоцыгане",popular,"инфоцыгане перевод",6
"инфоцыгане",popular,"парабеллум инфоцыган",6
"инфоцыгане",popular,"советский инфоцыган",6
"инфоцыгане",popular,"инфоцыган артур",5
"инфоцыгане",popular,"максим батырев инфоцыган",5
"инфоцыгане",popular,"плюсы и минусы работы инфоцыган",5
"инфоцыгане",popular,"инфоцыгане в европе",5
"инфоцыгане",popular,"инфоцыган шумофф",5
"инфоцыгане",popular,"тим шток инфоцыган",5
"инфоцыгане",popular,"проверяю лайфхаки по заработку от инфоцыган",5
"инфоцыгане",popular,"фанлерок инфоцыган ненавидит девушку",5
"инфоцыгане",popular,"константин михайлов и инфоцыгане",5
"инфоцыгане",popular,"денис подыниногин инфоцыган",5
"инфоцыгане",popular,"мечтают ли инфоцыгане о киберлошадях",5
"сравнение",popular,"сравнение",4135746
"сравнение",popular,"2 сравнения",213809
"сравнение",popular,"3 сравнения",189963
"сравнение",popular,"5 сравнений",188191
"сравнение",popular,"сравнение 1",182678
"сравнение",popular,"сравнение видеокарт",174455
"сравнение",popular,"сравнение про",169661
"сравнение",popular,"сравнения классов",157044
"сравнение",popular,"4 сравнения",155701
"сравнение",popular,"сравнение айфонов",138486
"сравнение",popular,"сравнение чисел",136386
"сравнение",popular,"сравнение 17",123841
"сравнение",popular,"7 сравнений",120216
"сравнение",popular,"сравнение процессоров",112879
"сравнение",popular,"сравнение телефонов",110166
"сравнение",popular,"15 сравнений",109806
"сравнение",popular,"сравнение лета",105525
"сравнение",popular,"сравнение самсунг",104952
"сравнение",popular,"сравнение лет",103954
"сравнение",popular,"сравнение размеров",101743
"сравнение",popular,"таблица сравнения",98126
"сравнение",popular,"8 сравнения",97299
"сравнение",popular,"2 3 сравнение",95148
"сравнение",popular,"суть сравнения",93716
"сравнение",popular,"6 сравнений",91261
"сравнение",popular,"сравнение 16",73672
"сравнение",popular,"сравнение людей",72665
"сравнение",popular,"сравнение айфонов про",70456
"сравнение",popular,"1 1 1 2 3 сравнения",69987
"сравнение",popular,"2 4 2 сравнение",67774
"сравнение",popular,"степени сравнения",67490
"сравнение",popular,"сравнение 1 и 2",66891
"сравнение",popular,"10 сравнений",64456
"сравнение",popular,"сколько сравнений",62878
"сравнение",popular,"сравнение 9",61877
"сравнение",popular,"samsung сравнение",60151
"сравнение",popular,"вопросы сравнения",59980
"сравнение",popular,"сравнение смартфонов",59609
"сравнение",popular,"сравнение xiaomi",56952
"сравнение",popular,"сравнение айфонов 17",56719
"сравнение",popular,"сравнение каждой",56584
"сравнение",popular,"хорошее сравнение",55461
"сравнение",popular,"сравнение характеристик",55072
"сравнение",popular,"сравнение цен",54555
"сравнение",popular,"сравнения работ",54049
"сравнение",popular,"3 3 и 1 сравнение",53750
"сравнение",popular,"сравнение времени",52957
"сравнение",popular,"ответ сравнение",52611
"сравнение",popular,"сравнение двух",52434
"сравнение",popular,"сравнение россии",52393
"сравнение",popular,"сравнение 14",52024
"сравнение",popular,"сравнение ростов",51091
"сравнение",popular,"мало сравнение",50652
"сравнение",popular,"сравнение 3 и 4",50550
"сравнение",popular,"сравнение с бывшими",50276
"сравнение",popular,"сравнение роста",49433
"сравнение",popular,"сравнение iphone",48972
"сравнение",popular,"сравнение примеры",48866
"сравнение",popular,"сравнение 13",48341
"сравнение",popular,"1 2 3 4 сравнение",47599
"сравнение",popular,"сравнение про максов",47436
"сравнение",popular,"слова сравнения",46474
"сравнение",popular,"большое сравнение",46121
"сравнение",popular,"5 2 сравнение",45169
"сравнение",popular,"сравнение каждый с каждым",44977
"сравнение",popular,"5 3 сравнение",44257
"сравнение",popular,"сравнение фото",43584
"сравнение",popular,"сравнение 11",43301
"сравнение",popular,"сравнению с предыдущими",43149
"сравнение",popular,"сравнение языков",42954
"сравнение",popular,"сравнение 17 и 17 про",42145
"сравнение",popular,"сравнение частей",41726
"сравнение",popular,"сравнение 12",41362
"сравнение",popular,"условия сравнения",40721
"сравнение",popular,"3 4 и 2 3 сравнение",40593
"сравнение",popular,"сравнение прилагательных",40112
"сравнение",popular,"хоноры сравнение",39540
"сравнение",popular,"сравнение 18",39218
"сравнение",popular,"сравнение текстов",38914
"сравнение",popular,"сравнение определение",37979
"сравнение",popular,"сравнение рубли",37953
"сравнение",popular,"тема сравнения",37446
"сравнение",popular,"степени сравнения прилагательных",37417
"сравнение",popular,"заполните таблицу сравнения",37325
"сравнение",popular,"сравнение honor",37068
"сравнение",popular,"новый сравнение",36774
"сравнение",popular,"метод сравнения",36316
"сравнение",popular,"какие есть сравнения",36068
"сравнение",popular,"сравни сравнение",35550
"сравнение",popular,"сравнение средств",35424
"сравнение",popular,"сравнение 20",35045
"сравнение",popular,"2 какие сравнения",35045
"сравнение",popular,"сравнение huawei",35032
"сравнение",popular,"сравнение результатов",34999
"сравнение",popular,"выберите сравнение",34852
"сравнение",popular,"vs сравнение",34794
"сравнение",popular,"конец сравнение",34748
"сравнение",popular,"особенность сравнения",34653
"сравнение",popular,"poco сравнения",34395
"сравнение",popular,"сравнение 4 2 1 и 4 1",34357
"сравнение",popular,"банки сравнение",34340
"сравнение",popular,"сравнение банков",34269
"сравнение",popular,"сравнение камер",34123
"сравнение",popular,"сравнение 5 класс",34015
"сравнение",popular,"эпитет сравнение олицетворение",33865
"сравнение",popular,"сравнение 1 4 и 1 3",33729
"сравнение",popular,"сравнение карт",33661
"сравнение",popular,"маленький сравнения",33490
"сравнение",popular,"сравнение моделей",33263
"сравнение",popular,"разные сравнения",33118
"сравнение",popular,"сравнение значений",32928
"сравнение",popular,"общее сравнение",32827
"сравнение",popular,"сравнение онлайн",32621
"сравнение",popular,"сравнение кредитов",32439
"сравнение",popular,"развитие сравнения",31976
"сравнение",popular,"айфон про макс сравнение",31952
"сравнение",popular,"используя сравнения",31949
"сравнение",popular,"сравнение групп",31721
"сравнение",popular,"сравнение натуральных",31364
"сравнение",popular,"айфон 17 и 17 про сравнение",31313
"сравнение",popular,"сравнение рубля по годам",31292
"сравнение",popular,"взять в сравнение",31283
"сравнение",popular,"сравнение данных",31122
"сравнение",popular,"сравнение числа 5",31086
"сравнение",popular,"по сравнению с январем",30862
"сравнение",popular,"сравнение презентаций",30455
"сравнение",popular,"взять кредит сравнение",30122
"сравнение",popular,"сравнение вид",30082
"сравнение",popular,"сравнение условий кредитов",29902
"сравнение",popular,"сравнение б",29840
"сравнение",popular,"сравнение натуральных чисел",29749
"сравнение",popular,"3 2 4 5 сравнение",29725
"сравнение",popular,"сравнение сказок",29681
"сравнение",popular,"сравнения galaxy",29611
"сравнение",popular,"сравнение 7 класс",29584
"сравнение",popular,"в сравнении с предыдущим годом",29357
"сравнение",popular,"iphone pro сравнение",28882
"сравнение",popular,"какие сравнения эпитеты",28734
"сравнение",popular,"сравнение айфонов 16",28445
"сравнение",popular,"обзоры сравнения",28244
"сравнение",popular,"по сравнению с июлем в",28223
"сравнение",popular,"системы сравнений",28137
"сравнение",popular,"года по сравнению с январем",27882
"сравнение",popular,"составьте сравнения",27778
"сравнение",popular,"25 сравнений",27724
"сравнение",popular,"сравнение s25 и s25",27722
"сравнение",popular,"1 2 5 4 сравнение",27575
"сравнение",popular,"сравнение действительных",27392
"сравнение",popular,"олицетворение метафоры сравнения",27131
"сравнение",popular,"сравнение s",27107
"сравнение",popular,"три сравнения",27049
"сравнение",popular,"урок сравнение",26989
"сравнение",popular,"видео сравнение",26877
"сравнение",popular,"найди эпитеты найди сравнения",26876
"сравнение",popular,"высокий сравнение",26759
"сравнение",popular,"прочитать сравнений",26680
"сравнение",popular,"сравнение действительных чисел",26634
"сравнение",popular,"b сравнение",26053
"сравнение",popular,"сравнение предметов",25768
"сравнение",popular,"сравнение г",25746
"сравнение",popular,"сравнение числа 1",25735
"сравнение",popular,"сравнение айфон 15",25626
"сравнение",popular,"сравнение s26 и s26",25598
"сравнение",popular,"мир сравнений",25594
"сравнение",popular,"по сравнению с февралем",25385
"сравнение",popular,"кредит банки сравнение",25220
"сравнение",popular,"увеличилась по сравнению с",25098
"сравнение",popular,"сравнение redmi",25068
"сравнение",popular,"сравнение банков по кредитам",24821
"сравнение",popular,"по сравнению с январем февралем",24786
"сравнение",popular,"сравнение условий банков",24778
"сравнение",popular,"50 сравнений",24773
"сравнение",popular,"сравнение одиссея",24731
"сравнение",popular,"сравнение состоит",24660
"сравнение",popular,"сравнение шин",24622
"сравнение",popular,"рублей по сравнению с предыдущим",24617
"сравнение",popular,"взять кредит сравнение банков",24548
"сравнение",popular,"москва сравнение",24306
"сравнение",popular,"банки кредит сравнение условий",24264
"сравнение",popular,"сравнение банков условий кредита",24260
"сравнение",popular,"сравнение плюс",24166
"сравнение",popular,"сравнение 15 и 15 про",23992
"сравнение",popular,"перед сравнением",23809
"сравнение",popular,"сравнение числа 2",23802
"сравнение",popular,"сравнение сумм",23394
"сравнение",popular,"по сравнению с июнем",23368
"сравнение",popular,"c сравнение",23207
"сравнение",popular,"сравнение современных",23180
"сравнение",popular,"сравнение 1 класс",23173
"сравнение",popular,"сравнение 5 7",23163
"сравнение",popular,"отзывы сравнения",23131
"сравнение",popular,"сравнение вариантов",23084
"сравнение",popular,"rtx сравнение",22988
"сравнение",popular,"2 5 и 3 5 сравнение",22931
"сравнение",popular,"сравнение самсунгов ультра",22684
"сравнение",popular,"7 7 3 сравнение",22680
"сравнение",popular,"сравнение выражений",22675
"сравнение",popular,"сравнение форм",22665
"сравнение",popular,"сравнение iphone 17",22647
"сравнение",popular,"эпитет 3 сравнение",22494
"сравнение",popular,"сравнение 4 5 и 3 4",22398
"сравнение",popular,"запиши сравнения",22259
"сравнение",popular,"без сравнений",22210
"сравнение",popular,"сравнение испанский",22064
"сравнение",popular,"уровни сравнения",21799
"сравнение",popular,"сравнение 16 и 16 про",21799
"сравнение",popular,"сравнение pro и pro max",21738
"сравнение",popular,"2 5 и 4 5 сравнение",21676
"сравнение",popular,"сравнения циклопа",21655
"сравнение",popular,"сравнение первой",21655
"сравнение",popular,"samsung galaxy сравнение",21542
"сравнение",popular,"признак сравнения",21309
"сравнение",popular,"сравнение серы",21203
"сравнение",popular,"привела сравнение",21144
"сравнение",popular,"сравнение спутников",21121
"сравнение",popular,"укажите сравнение",21005
"сравнение",popular,"сравнение между",20968
"сравнение",popular,"сравнение 15 15 pro",20936
"сравнение",popular,"1 и 3 5 сравнение",20932
"сравнение",popular,"сравнение поко",20795
"сравнение",popular,"сравнение растений",20713
"сравнение",popular,"одиссея эпитеты и сравнения",20641
"сравнение",popular,"2 сравнения эпитеты",20598
"сравнение",popular,"сравнение выразительности",20572
"сравнение",popular,"французский сравнение",20543
"сравнение",popular,"сравнение одиссея и циклопа",20532
"сравнение",popular,"свойства сравнений",20503
"сравнение",popular,"сравнение ели",20498
"сравнение",popular,"сравнение хонор 600",20405
"сравнение",popular,"метафора и сравнение",20339
"сравнение",popular,"элемент сравнения",20308
"сравнение",popular,"сравнение 17 про и про макс",20292
"сравнение",popular,"сравнение т",20279
"сравнение",popular,"критерии сравнения",20227
"сравнение",popular,"сравнение x",20206
"сравнение",popular,"сравнение одиссея и полифема",20188
"сравнение",popular,"сравнение изменения",20188
"сравнение",popular,"30 сравнений",20140
"сравнение",popular,"эпитеты и сравнения циклопа полифема",20117
"сравнение",popular,"анализ сравнение",20016
"сравнение",popular,"сравнение чисел 5 класс",19999
"сравнение",popular,"сравнение ryzen",19943
"сравнение",popular,"период сравнения",19858
"сравнение",popular,"сравнение основных",19853
"сравнение",popular,"сравнение дробей",19840
"сравнение",popular,"спутниками найдите эпитеты и сравнения",19836
"сравнение",popular,"серый сравнение",19792
"сравнение",popular,"средство выразительности сравнение",19663
"сравнение",popular,"сравнение хуавей",19565
"сравнение",popular,"сравнение intel",19562
"сравнение",popular,"сравнение гиперболы",19499
"сравнение",popular,"задания на сравнение",19465
"сравнение",popular,"сравнение ем",19462
"сравнение",popular,"сравнение натуральных чисел 5",19442
"сравнение",popular,"сравнение больше меньше",19439
"сравнение",popular,"где сравнение",19321
"сравнение",popular,"году увеличилось по сравнению с",19290
"сравнение",popular,"сравнение редми",19198
"сравнение",popular,"животные сравнение",19149
"сравнение",popular,"сравнение стран",19095
"сравнение",popular,"сравнение жизни",19070
"сравнение",popular,"сравнение часов",19058
"сравнение",popular,"сравнение часы",19058
"сравнение",popular,"сравнение организаций",19019
"сравнение",popular,"сравнение ивана",18923
"сравнение",popular,"образные определения и сравнения",18843
"сравнение",popular,"сравнения детей",18826
"сравнение",popular,"эксперимент сравнение",18749
"сравнение",popular,"сравнение речи",18742
"сравнение",popular,"сравнение watch",18734
"сравнение",popular,"сравнение веществ",18726
"сравнение",popular,"сравнение 17 и 17 pro",18717
"сравнение",popular,"сходство сравнение",18690
"сравнение",popular,"испанский и английский сравнение",18659
"сравнение",popular,"являться сравнение",18620
"сравнение",popular,"сравнение по количеству",18614
"сравнение",popular,"айфон 17 про макс сравнение",18607
"сравнение",popular,"сравнение 9 классов",18543
"сравнение",popular,"сравнение 40",18530
"сравнение",popular,"сравнение samsung ultra",18480
"сравнение",popular,"сравнение составов",18469
"сравнение",popular,"realme сравнение",18441
"сравнение",popular,"управление сравнение",18416
"сравнение",popular,"сравнение и различие",18411
"сравнение",popular,"сравнение м",18356
"сравнение",popular,"сравнение note",18263
"сравнение",popular,"сравнение испанских и английских колоний",18257
"сравнение",popular,"oneplus сравнение",18097
"сравнение",popular,"сравнение процессов",18043
"сравнение",popular,"сравнение 5 и 6",18032
"сравнение",popular,"сравнение века",17910
"сравнение",popular,"сравнение натуральных чисел 5 класс",17867
"сравнение",popular,"сравнения алгебра",17749
"сравнение",popular,"сравнение преимущества",17622
"сравнение",popular,"по сравнению с предыдущими частями",17613
"сравнение",popular,"сравнение отношений",17609
"сравнение",popular,"известные сравнения",17542
"сравнение",popular,"3 числа сравнение",17416
"сравнение",popular,"сравнение 7 1 7",17373
"сравнение",popular,"сравнение игр",17365
"сравнение",popular,"тип сравнения",17248
"сравнение",popular,"возрастают в сравнении с",17191
"сравнение",popular,"черты сравнения",17167
"сравнение",popular,"эпитеты сравнения 4",17163
"сравнение",popular,"иван царевич сравнение",17139
"сравнение",popular,"особенно по сравнению с",17086
"сравнение",popular,"сравнение процентов",17052
"сравнение",popular,"сравнение 0",17034
"сравнение",popular,"художественное сравнение",17027
"сравнение",popular,"французский и английский сравнение",16849
"сравнение",popular,"измерение сравнение",16735
"сравнение",popular,"сравнение величин",16685
"сравнение",popular,"конспект сравнение",16561
"сравнение",popular,"выписать сравнения",16538
"сравнение",popular,"дай сравнение",16421
"сравнение",popular,"сравнение цветов",16406
"сравнение",popular,"сравнение 7 8",16323
"сравнение",popular,"сравнение рациональных",16286
"сравнение",popular,"сравнение i5",16200
"сравнение",popular,"сравнение тел",16188
"сравнение",popular,"100 сравнение",16153
"сравнение",popular,"автору сравнение",16146
"сравнение",popular,"сравнение amd",16126
"сравнение",popular,"сравнение самых",16048
"сравнение",popular,"практическая сравнение",15977
"сравнение",popular,"сравнение наблюдение",15944
"сравнение",popular,"сравнение испанского и португальского",15938
"сравнение",popular,"сравнение числа 4",15828
"сравнение",popular,"сравнение ноутбуков",15713
"сравнение",popular,"айфон и самсунг сравнение",15686
"сравнение",popular,"сравнение числа 7",15652
"сравнение",popular,"возрастает по сравнению с предыдущими",15543
"сравнение",popular,"увеличился по сравнению с предыдущим",15520
"сравнение",popular,"сравнение 14 14 про",15502
"сравнение",popular,"сравнение айфонов 13",15476
"сравнение",popular,"сравнение рациональных чисел",15392
"сравнение",popular,"сравнение испанского и французского",15377
"сравнение",popular,"назови сравнение",15326
"сравнение",popular,"действие сравнения",15304
"сравнение",popular,"сравнение графики",15241
"сравнение",popular,"vivo сравнение",15222
"сравнение",popular,"как найти сравнение",15127
"сравнение",popular,"сравнение источников",15115
"сравнение",popular,"5 1 по сравнению с",15064
"сравнение",popular,"знаки сравнения",15045
"сравнение",popular,"сравнение чисел 1 2",15031
"сравнение",popular,"наушники сравнение",15007
"сравнение",popular,"сравнение наушников",15007
"сравнение",popular,"сравнение 8 класс",15001
"сравнение",popular,"доказанные сравнения",14989
"сравнение",popular,"сравнение 16 и 17",14909
"сравнение",popular,"правила сравнения",14874
"сравнение",popular,"сравнение 2 таблиц",14869
"сравнение",popular,"сравнение населения",14860
"сравнение",popular,"сравнение цвета",14816
"сравнение",popular,"сравнение качества",14769
"сравнение",popular,"империя сравнение",14655
"сравнение",popular,"характер сравнения",14588
"сравнение",popular,"сравнения 3 класс",14587
"сравнение",popular,"сравнение 5060",14532
"сравнение",popular,"сравнение 17 и 18",14517
"сравнение",popular,"сравнение айфон 16 и 16 про",14509
"сравнение",popular,"сравнение земель",14362
"сравнение",popular,"сравнение айфонов 18",14361
"сравнение",popular,"сравнение целых",14350
"сравнение",popular,"сравнение отрезков",14327
"сравнение",popular,"сравнение 24",14320
"сравнение",popular,"сравнение iphone pro max",14248
"сравнение",popular,"сравнение core",14236
"сравнение",popular,"сравнения характеризующие",14212
"сравнение",popular,"сравнительная сравнения",14176
"сравнение",popular,"apple сравнение",14156
"сравнение",popular,"сравнение 4 и 4 7",14127
"сравнение",popular,"сравнение сходства различия",14107
"сравнение",popular,"d сравнение",14051
"сравнение",popular,"сравнение honor 600",14009
"сравнение",popular,"году возросла по сравнению с",13955
"сравнение",popular,"сравнение rx",13846
"сравнение",popular,"определение и сравнение в сказке",13830
"сравнение",popular,"сравнение пк",13819
"сравнение",popular,"сравнение устройств",13815
"сравнение",popular,"сравнение имеет",13811
"сравнение",popular,"день сравнений",13809
"сравнение",popular,"способы сравнения",13790
"сравнение",popular,"сравнение redmi note",13783
"сравнение",popular,"какое сравнение использовал",13776
"сравнение",popular,"практическая работа сравнение",13740
"сравнение",popular,"степени сравнения в английском",13712
"сравнение",popular,"сравнение средних",13706
"сравнение",popular,"сравнение теста",13679
"сравнение",popular,"сравнение самсунг s25",13667
"сравнение",popular,"сравнение площадей",13482
"сравнение",popular,"сравнение платежей",13474
"сравнение",popular,"месяц сравнения",13422
"сравнение",popular,"сравнение звезд",13412
"сравнение",popular,"айфон 14 сравнение",13409
"сравнение",popular,"сравнение машин",13388
"сравнение",popular,"сравнение габаритов",13384
"сравнение",popular,"таблице 1 таблица 1 сравнение",13379
"сравнение",popular,"сравнение стать",13353
"сравнение",popular,"презентация сравнение чисел",13336
"сравнение",popular,"сравнение округление натуральных",13264
"сравнение",popular,"сравнение клеток",13261
"сравнение",popular,"сравнение воды",13235
"сравнение",popular,"сравнение округление натуральных чисел",13232
"сравнение",popular,"сравнение углов",13191
"сравнение",popular,"сравнение s26 и s26 ultra",13173
"сравнение",popular,"20 лет по сравнению",13160
"сравнение",popular,"сравнение информации",13145
"сравнение",popular,"сравнение истории",13101
"сравнение",popular,"сравнение 1 5 1 6",13056
"сравнение",popular,"сяоми сравнение",13021
"сравнение",popular,"строение сравнения",12991
"сравнение",popular,"найдите сравнение прочитайте",12967
"сравнение",popular,"выполни сравнение",12945
"сравнение",popular,"сравнение тетрадей",12929
"сравнение",popular,"сравнение айфон 15 и 15 про",12893
"сравнение",popular,"сравнение 1 и 6",12872
"сравнение",popular,"сравнение основ",12869
"сравнение",popular,"сравнение длины",12860
"сравнение",popular,"лист сравнения",12840
"сравнение",popular,"сравнение высокий низкий",12829
"сравнение",popular,"острова сравнение",12811
"сравнение",popular,"сравнение сказки иван царевич и серый волк",12799
"сравнение",popular,"кредит сравнение платежа",12796
"сравнение",popular,"образные сравнения в сказке",12777
"сравнение",popular,"природа сравнения",12771
"сравнение",popular,"сравнение телевизоров",12700
"сравнение",popular,"проводить сравнение",12687
"сравнение",popular,"чувство сравнения",12625
"сравнение",popular,"сравнение redmi pro",12576
"сравнение",popular,"сравнение см",12527
"сравнение",popular,"эпитет сравнение гипербола",12517
"сравнение",popular,"объяснить сравнение",12494
"сравнение",popular,"методы наблюдения сравнения",12491
"сравнение",popular,"сравнение произведений",12489
"сравнение",popular,"2 и 7 3 сравнение",12489
"сравнение",popular,"сравнение городов",12452
"сравнение",popular,"сравнение карт эратосфена",12412
"сравнение",popular,"сравнение gt",12402
"сравнение",popular,"сравнение автомобилей",12383
"сравнение",popular,"алгебра сравнение чисел",12378
"сравнение",popular,"сравнение карт птолемея",12253
"сравнение",popular,"эпитеты и сравнения характеризующие циклопа",12252
"сравнение",popular,"сравнение 3 и 6",12224
"сравнение",popular,"сравнение xiaomi 17",12182
"сравнение",popular,"сравнение чисел 9 класс",12154
"сравнение",popular,"iphone 17 и 17 pro сравнение",12152
"сравнение",popular,"образные определения и сравнения иван царевич",12109
"сравнение",popular,"таблица сравнения растений",12104
"сравнение",popular,"сравнение д",12096
"сравнение",popular,"эпитеты и сравнения характеризующие полифема",12093
"сравнение",popular,"сравнение е",12080
"сравнение",popular,"параметр сравнения",12073
"сравнение",popular,"цель сравнения",12061
"сравнение",popular,"спутниками найдите эпитеты и сравнения характеризующие его",12055
"сравнение",popular,"вывод сравнение",12039
"сравнение",popular,"математика сравнение чисел",12025
"сравнение",popular,"сравнения 2 класс",12019
"сравнение",popular,"сравнение эратосфена птолемея",12014
"сравнение",popular,"сравнение какой вопрос",12013
"сравнение",popular,"научное сравнение",11982
"сравнение",popular,"эпитеты и сравнения характеризующие циклопа полифема",11972
"сравнение",popular,"сравнения в сказке иван царевич",11964
"сравнение",popular,"линия сравнения",11957
"сравнение",popular,"сравнение 17 pro 17 pro max",11935
"сравнение",popular,"сравнение тарифов",11925
"сравнение",popular,"иван царевич и серый волк образные сравнения",11878
"сравнение",popular,"сравнение листьев",11877
"сравнение",popular,"увеличилась по сравнению с июнем",11837
"сравнение",popular,"показатели сравнения",11833
"сравнение",popular,"по сравнению с более",11821
"сравнение",popular,"найдите эпитеты и сравнения характеризующие циклопа полифема",11817
"сравнение",popular,"сравнение действительных чисел 9",11749
"сравнение",popular,"образные определения и сравнения в сказке",11726
"сравнение",popular,"ждать сравнение",11704
"сравнение",popular,"сравнение второго",11695
"сравнение",popular,"сравнение реалми",11646
"сравнение",popular,"сравнение пылесосов",11605
"сравнение",popular,"одиссей на острове циклопов сравнения",11593
"сравнение",popular,"сравнение 6 класс",11580
"сравнение",popular,"мини сравнение",11554
"сравнение",popular,"увидеть сравнение",11513
"сравнение",popular,"урок сравнение чисел",11479
"сравнение",popular,"сравнение цифр",11462
"сравнение",popular,"полное сравнение",11444
"сравнение",popular,"сравнение записей",11407
"сравнение",popular,"сравнение gtx",11360
"сравнение",popular,"сравнение карт эратосфена и птолемея",11311
"сравнение",popular,"сравнение скоростей",11307
"сравнение",popular,"сравнения в сказке иван царевич и серый",11298
"сравнение",popular,"исследование сравнение",11290
"сравнение",popular,"сравнение химический",11273
"сравнение",popular,"сравнение о полку игореве",11255
"сравнение",popular,"сравнение хавал",11239
"сравнение",popular,"сравнения в иван царевич и серый волк",11233
"сравнение",popular,"сравнение прилагательных в английском",11178
"сравнение",popular,"сравнение s25 и s25 ultra",11169
"сравнение",popular,"сравнение чисел работа",11149
"сравнение",popular,"сравнение часть 1",11116
"сравнение",popular,"сравнение числа 8",11016
"сравнение",popular,"сравнение производительности",11007
"сравнение",popular,"600 про сравнение",10997
"сравнение",popular,"сравнение чисел 1 4",10951
"сравнение",popular,"сравнение нот",10937
"сравнение",popular,"сравнение главных",10927
"сравнение",popular,"калькулятор сравнения",10919
"сравнение",popular,"сравнение домов",10908
"сравнение",popular,"сравнение объемов",10890
"сравнение",popular,"сравнение товаров",10876
"сравнение",popular,"сравнения intel core",10852
"сравнение",popular,"сравнение черного",10801
"сравнение",popular,"сравнение черных",10801
"сравнение",popular,"сравнение слова эпитет",10798
"сравнение",popular,"сравнение белой",10760
"сравнение",popular,"степени сравнения прилагательных в английском",10748
"сравнение",popular,"сравнение ryzen 5",10728
"сравнение",popular,"сравнение колонок",10713
"сравнение",popular,"сравнение 9 2 9",10674
"сравнение",popular,"сравнение действительных чисел 9 класс",10643
"сравнение",popular,"айфон 18 про сравнение",10600
"сравнение",popular,"сравнение а57",10590
"сравнение",popular,"сравнение современной карты",10585
"сравнение",popular,"сравнение объектов",10576
"сравнение",popular,"наблюдение сравнение эксперимент",10538
"сравнение",popular,"таблица сравнения результатов",10522
"сравнение",popular,"сравнение героев",10505
"сравнение",popular,"сравнение отрезков и углов",10462
"сравнение",popular,"план сравнения",10453
"сравнение",popular,"сильнее сравнение",10405
"сравнение",popular,"классификация сравнений",10375
"сравнение",popular,"сравнение 2 организаций",10371
"сравнение",popular,"сравнение войн",10368
"сравнение",popular,"xiaomi 17t сравнение",10366
"сравнение",popular,"сравнение время москва",10366
"сравнение",popular,"сравнение отличий",10363
"сравнение",popular,"сравнение строк",10336
"сравнение",popular,"сравнение старого",10310
"сравнение",popular,"сравнение samsung s25 и s25",10299
"сравнение",popular,"сравнение 15 и 16",10297
"сравнение",popular,"сравнение раз",10241
"сравнение",popular,"художественные средства сравнения",10224
"сравнение",popular,"сравнение 6 и 7",10154
"сравнение",popular,"образные сравнения в сказке иван царевич",10149
"сравнение",popular,"сравнение 7 2 3 5",10135
"сравнение",popular,"сравнение низших растений",10128
"сравнение",popular,"сравнение samsung s26 и s26",10111
"сравнение",popular,"сравнение масел",10106
"сравнение",popular,"сравнение планшетов",10059
"сравнение",popular,"сравнение с 26 и с 26",10047
"сравнение",popular,"сравнение плат",10026
"сравнение",popular,"несколько сравнений",10024
"сравнение",popular,"сравнение нескольких",10024
"сравнение",popular,"huawei pura сравнение",9986
"сравнение",popular,"сравнение звуков",9985
"сравнение",popular,"сравнение материалов",9973
"сравнение",popular,"задачи на сравнение",9966
"сравнение",popular,"сравнение низших и высших растений",9913
"сравнение",popular,"практическая работа сравнение карт",9910
"сравнение",popular,"сравнение карт птолемея и современных карт",9884
"сравнение",popular,"самсунг с 26 сравнение",9880
"сравнение",popular,"сравнение образов",9873
"сравнение",popular,"средства выразительности эпитет сравнение",9864
"сравнение",popular,"сравнение китая",9864
"сравнение",popular,"сравнение карт эратосфена и современной карты",9862
"сравнение",popular,"солнечная сравнение",9842
"сравнение",popular,"5 9 9 5 сравнение",9832
"сравнение",popular,"сравнение гипербола метафора",9780
"сравнение",popular,"сравнение целых чисел",9753
"сравнение",popular,"сравнение карт эратосфена птолемея и современных",9744
"сравнение",popular,"сравнение чисел 7 класс",9740
"сравнение",popular,"сравнение 14 и 15",9737
"сравнение",popular,"2 примера сравнения",9720
"сравнение",popular,"сравнение картинок",9718
"сравнение",popular,"факты сравнения",9708
"сравнение",popular,"сравнение пещер",9702
"сравнение",popular,"сравнение сталей",9699
"сравнение",popular,"методы измерений метод сравнения",9680
"сравнение",popular,"самостоятельная работа сравнение",9658
"сравнение",popular,"по сравнению с некоторыми",9649
"сравнение",popular,"сравнения человеческих",9649
"сравнение",popular,"самсунг s26 и s26 сравнение",9605
"сравнение",popular,"сравнение 17 и 15",9595
"сравнение",popular,"oppo сравнение",9588
"сравнение",popular,"яндекс сравнение",9573
"сравнение",popular,"сравнение чисел 1 2 3",9552
"сравнение",popular,"сравнение s25 и s26",9468
"сравнение",popular,"сравнение пушкина",9457
"сравнение",popular,"xiaomi redmi сравнения",9457
"сравнение",popular,"сравнение групп предметов",9451
"сравнение",popular,"сравнение округление натуральных чисел 5 класс",9448
"сравнение",popular,"сравнение света",9447
"сравнение",popular,"сравнение сходство различия 1",9410
"сравнение",popular,"iphone 16 сравнения",9383
"сравнение",popular,"причины сравнения",9380
"сравнение",popular,"оценки оценка сравнение",9380
"сравнение",popular,"с помощью сравнения",9355
"сравнение",popular,"сравнение xiaomi 15",9350
"сравнение",popular,"образные определения и сравнения в сказке иван",9339
"сравнение",popular,"сравнение конспект урока",9297
"сравнение",popular,"сравнение школа",9295
"сравнение",popular,"сравнение двигателей",9283
"сравнение",popular,"3 примера сравнения",9269
"сравнение",popular,"сравнения солнца",9269
"сравнение",popular,"измерение наблюдение сравнение",9267
"сравнение",popular,"положение по сравнению с",9229
"сравнение",popular,"1 2 и 1 6 сравнение",9223
"сравнение",popular,"сравнение 13 и 13 про",9209
"сравнение",popular,"сравнение 3060",9205
"сравнение",popular,"сравнение тойота",9200
"сравнение",popular,"сравнение poco x8",9183
"сравнение",popular,"сравнение 26 ультра",9177
"сравнение",popular,"сравнение связи",9158
"сравнение",popular,"сравнение pixel",9156
"сравнение",popular,"сравнение и какой лучше",9138
"сравнение",popular,"сравнение упорядочивание рациональных чисел",9137
"сравнение",popular,"таблица критерий сравнения",9135
"сравнение",popular,"сравнение жанров",9132
"сравнение",popular,"небольшое сравнение",9118
"сравнение",popular,"сравнение redmi note pro",9116
"сравнение",popular,"сравнение r",9114
"сравнение",popular,"изучение и сравнение",9095
"сравнение",popular,"сравнительная таблица сравнения",9094
"сравнение",popular,"сравнение неравенств",9087
"сравнение",popular,"сравнение рациональных чисел 7",9066
"сравнение",popular,"сила сравнение",9064
"сравнение",popular,"класс сравнение рациональных чисел",9058
"сравнение",popular,"с 5 сравнение значений",9052
"сравнение",popular,"таблица сравнения высших и низших",9052
"сравнение",popular,"сравнение х",9033
"сравнение",popular,"сравнение мощностей",9024
"сравнение",popular,"номер сравнения",9014
"сравнение",popular,"сравнение snapdragon",9011
"сравнение",popular,"сравнение химических элементов",9010
"сравнение",popular,"сравнение значений выражений",9005
"сравнение",popular,"картина сравнение",8993
"сравнение",popular,"сравнение техник",8989
"сравнение",popular,"сравнение например",8984
"сравнение",popular,"сравнение дюймов",8981
"сравнение",popular,"сравнение олицетворение гипербола",8959
"сравнение",popular,"сравнение i7",8954
"сравнение",popular,"сравнение мм",8939
"сравнение",popular,"сравнение низших и высших растений таблица",8930
"сравнение",popular,"таблица 2 1 сравнение",8925
"сравнение",popular,"сравнение галакси",8924
"сравнение",popular,"сравнение прием",8923
"сравнение",popular,"сравнение самсунг а57",8915
"сравнение",popular,"практическая работа сравнение карт эратосфена",8896
"сравнение",popular,"программа сравнения",8893
"сравнение",popular,"сравнение 16 и 17 айфона",8881
"сравнение",popular,"область сравнения",8862
"сравнение",popular,"покажи сравнение",8859
"сравнение",popular,"3 сравнения метафоры",8836
"сравнение",popular,"сравнение техники",8825
"сравнение",popular,"тема сравнение чисел",8823
"сравнение",popular,"таблица сравнение особенностей",8811
"сравнение",popular,"сравнение размеров шин",8803
"сравнение",popular,"27 сравнение",8777
"сравнение",popular,"произведено сравнение",8761
"сравнение",popular,"примеры таблиц сравнения",8758
"сравнение",popular,"5070 сравнение",8754
"сравнение",popular,"сравнение iqoo",8738
"сравнение",popular,"сравнение poco x8 pro",8738
"сравнение",popular,"сравнение sony",8726
"сравнение",popular,"сравнение авто",8724
"сравнение",popular,"ведь сравнение",8723
"сравнение",popular,"практическая работа сравнение карт птолемея",8719
"сравнение",popular,"айфон 17 и 18 сравнение",8714
"сравнение",popular,"таблица сравнения времен",8700
"сравнение",popular,"решения сравнения",8697
"сравнение",popular,"сравнение мобильных",8671
"сравнение",popular,"сравнение газов",8656
"сравнение",popular,"сравнение государств",8653
"сравнение",popular,"сравнение учебники",8644
"сравнение",popular,"сравнение химических веществ",8641
"сравнение",popular,"сравнение 5 класс математика",8635
"сравнение",popular,"сравнение роль",8617
"сравнение",popular,"практическая работа сравнение карт эратосфена птолемея",8612
"сравнение",popular,"сравнение российской",8606
"сравнение",popular,"сравнение зависимости",8582
"сравнение",popular,"14 14 pro сравнение",8577
"сравнение",popular,"1 7 6 сравнение",8548
"сравнение",popular,"сравнение чисел 3 4",8520
"сравнение",popular,"сравнение алгебра 7 класс",8516
"сравнение",popular,"использование сравнения",8493
"сравнение",popular,"техно сравнение",8490
"сравнение",popular,"опыт сравнения",8484
"сравнение",popular,"сравнение какое средство",8451
"сравнение",popular,"сравнение разницы",8447
"сравнение",popular,"млн рублей по сравнению",8441
"сравнение",popular,"сравнение трех банков",8424
"сравнение",popular,"сравнение 1 пример",8421
"сравнение",popular,"сравнение алис",8410
"сравнение",popular,"сравнение п",8405
"сравнение",popular,"географическое сравнение",8400
"сравнение",popular,"сравнение португальской и испанской колониальных империй",8392
"сравнение",popular,"сравнение 17 про и 18 про",8384
"сравнение",popular,"сравнение пиксель",8377
"сравнение",popular,"сравнение сша",8374
"сравнение",popular,"сравнение tecno",8372
"сравнение",popular,"весы сравнение",8360
"сравнение",popular,"сравнение организмов",8352
"сравнение",popular,"сравнение 5 лет",8332
"сравнение",popular,"самостоятельная сравнение чисел",8326
"сравнение",popular,"1 предложение сравнение",8321
"сравнение",popular,"iphone 15 сравнение",8315
"сравнение",popular,"сравнение соответствия",8286
"сравнение",popular,"метод изучения сравнение",8277
"сравнение",popular,"карта птолемея и эратосфена сравнение практическая",8267
"сравнение",popular,"сравнение 2020",8264
"сравнение",popular,"сравнение лада",8253
"сравнение",popular,"сравнение лады",8253
"сравнение",popular,"сравнение выборов",8249
"сравнение",popular,"прямые сравнения",8247
"сравнение",popular,"сравнение рациональных чисел 7 класс",8245
"сравнение",popular,"сравнение 16 про и про макс",8239
"сравнение",popular,"сравнение условий кредита в трех банках",8157
"сравнение",popular,"различные сравнения",8155
"сравнение",popular,"сравнение телефонов самсунг",8155
"сравнение",popular,"антитеза сравнение",8151
"сравнение",popular,"сравнение amd ryzen",8148
"сравнение",popular,"измерение сравнение эксперимент",8143
"сравнение",popular,"сравнение пределов",8139
"сравнение",popular,"сравнения знает какая",8135
"сравнение",popular,"по сравнению с первым",8123
"сравнение",popular,"образные сравнения это",8123
"сравнение",popular,"1 6 и 4 сравнение",8117
"сравнение",popular,"сравнение числа 6",8099
"сравнение",popular,"сравнение комплектаций",8090
"сравнение",popular,"сравнение 7 5 1 4 3",8080
"сравнение",popular,"сравнение высказываний",8068
"сравнение",popular,"сравнение диаметра",8041
"сравнение",popular,"сравнение прав",8041
"сравнение",popular,"сравнение версий",8036
"сравнение",popular,"сравнение н",8034
"сравнение",popular,"сравнение лиц",8015
"сравнение",popular,"сравнение расходов",8014
"сравнение",popular,"зимние сравнения",8007
"сравнение",popular,"учитель сравнение",7988
"сравнение",popular,"виво сравнение",7974
"сравнение",popular,"redmi 15 сравнение",7967
"сравнение",popular,"сравнение бензинов",7965
"сравнение",popular,"сравнение групп растений",7960
"сравнение",popular,"поле сравнения",7950
"сравнение",popular,"сравнение 4 5 и 5 6",7946
"сравнение",popular,"солнечная система сравнение",7941
"сравнение",popular,"поколения сравнение",7933
"сравнение",popular,"ранний сравнение",7917
"сравнение",popular,"сравнения великих",7877
"сравнение",popular,"европа сравнение",7867
"сравнение",popular,"сравнения фольклоре",7840
"сравнение",popular,"сравнение понятий",7830
"сравнение",popular,"года по сравнению с 1",7820
"сравнение",popular,"1 по сравнению с предыдущим",7807
"сравнение",popular,"сравнение джили",7784
"сравнение",popular,"найди 7 сравнений",7749
"сравнение",popular,"образное выражение сравнение",7741
"сравнение",popular,"сравнение химического состава",7734
"сравнение",popular,"сравнение редми нот",7734
"сравнение",popular,"измерение наблюдение сравнение эксперимент",7733
"сравнение",popular,"сравнение тек",7698
"сравнение",popular,"3 предложения сравнения",7694
"сравнение",popular,"найди образные определения и сравнения",7675
"сравнение",popular,"сравнение веса",7656
"сравнение",popular,"ryzen 7 сравнение",7640
"сравнение",popular,"google сравнение",7638
"сравнение",popular,"сравнение 2 текстов",7630
"сравнение",popular,"сравнение 3 7 и 1",7618
"сравнение",popular,"заполните таблицу сравнение низших и высших",7614
"сравнение",popular,"сравнение камер айфонов",7590
"сравнение",popular,"сложное сравнение",7586
"сравнение",popular,"сравнение по количеству больше меньше",7580
"сравнение",popular,"сравнение рф",7578
"сравнение",popular,"свечи сравнение",7577
"сравнение",popular,"buds сравнение",7569
"сравнение",popular,"сравнение числа 2 5",7567
"сравнение",popular,"5 эпитетов 5 сравнений",7563
"сравнение",popular,"сравнение айфонов 11",7558
"сравнение",popular,"сравнение списков",7550
"сравнение",popular,"сравнение территорий",7548
"сравнение",popular,"заполните таблицу сравнение низших и высших растений",7545
"сравнение",popular,"задание 4 сравнение английский",7543
"сравнение",popular,"выпишите эпитеты сравнения",7541
"сравнение",popular,"особенностей по сравнению с другими",7540
"сравнение",popular,"2 по сравнению с предыдущим",7532
"сравнение",popular,"социальное сравнение",7529
"сравнение",popular,"математика сравнение натуральных чисел",7528
"сравнение",popular,"сравнение в стихотворении",7500
"сравнение",popular,"сравнение р",7496
"сравнение",popular,"сравнение 15 про и про макс",7480
"сравнение",popular,"сравнение л",7476
"сравнение",popular,"калькулятор шин сравнение",7471
"сравнение",popular,"космические сравнения",7446
"сравнение",popular,"сравнение телефонов про",7443
"сравнение",popular,"3 числа в 2 сравнения",7427
"сравнение",popular,"методы сравнения измерения эксперимента",7423
"сравнение",popular,"сравнение чисел самостоятельная работа",7409
"сравнение",popular,"функция сравнения",7407
"сравнение",popular,"счет сравнение",7394
"сравнение",popular,"степени сравнения прилагательного языке",7380
"сравнение",popular,"сравнение писателей",7365
"сравнение",popular,"гипербола метафора сравнения эпитеты",7354
"сравнение",popular,"сравнение артикулов",7351
"сравнение",popular,"сравнение ч",7350
"сравнение",popular,"по сравнению с началом",7337
"сравнение",popular,"сравнение установок",7331
"сравнение",popular,"сравнение полов",7310
"сравнение",popular,"сравнение метод и эксперимент",7305
"сравнение",popular,"сравнение киа",7300
"сравнение",popular,"таблица признаки сравнения",7291
"сравнение",popular,"сравнение северной",7276
"сравнение",popular,"сравнение по количеству столько же",7264
"сравнение",popular,"океан сравнение",7260
"сравнение",popular,"сравнение океанов",7260
"сравнение",popular,"математика 5 класс сравнение чисел",7256
"сравнение",popular,"сравнение экономической",7249
"сравнение",popular,"средства выразительности сравнение олицетворение",7247
"сравнение",popular,"oneplus 15 сравнение",7240
"сравнение",popular,"canon сравнение",7235
"сравнение",popular,"сравнение деятельности",7234
"сравнение",popular,"сравнение малых жанров фольклора",7233
"сравнение",popular,"сравнение явлений",7225
"сравнение",popular,"предложение с сравнением",7223
"сравнение",popular,"сравнение айфон 14 и 14 про",7216
"сравнение",popular,"4 примера сравнений",7212
"сравнение",popular,"назначение сравнение классификация",7197
"сравнение",popular,"точки сравнения",7190
"сравнение",popular,"сравнение 2 человек",7180
"сравнение",popular,"редми 15 сравнение",7178
"сравнение",popular,"21 сравнение",7174
"сравнение",popular,"создать сравнение",7159
"сравнение",popular,"задание 7 сравнение",7154
"сравнение",popular,"сравнение десятичных",7118
"сравнение",popular,"сравнение 4060",7100
"сравнение",popular,"конспект сравнение чисел",7096
"сравнение",popular,"эпитеты гиперболы сравнения олицетворения",7092
"сравнение",popular,"разнообразие малых жанров фольклора назначение сравнение",7090
"сравнение",popular,"америка сравнение",7081
"сравнение",popular,"айфоны 12 сравнение",7069
"сравнение",popular,"сравнение f",7068
"сравнение",popular,"путь сравнения",7066
"сравнение",popular,"сравнение самсунг галакси",7066
"сравнение",popular,"сравнение 16 про и 17 про",7056
"сравнение",popular,"сравнение 2 7 и 1 3",7044
"сравнение",popular,"сравнение художественной выразительности",7038
"сравнение",popular,"сравнение натуральных чисел математика 5",7036
"сравнение",popular,"сравнении с прошлым",7034
"сравнение",popular,"разнообразие малых жанров фольклора назначение сравнение классификация",7031
"сравнение",popular,"сравнение по количеству больше меньше столько же",7020
"сравнение",popular,"вариант 2 в сравнении",6991
"сравнение",popular,"vivo x300 сравнение",6969
"сравнение",popular,"сравнение huawei pura pro",6969
"сравнение",popular,"сравнение методов наблюдения и эксперимента",6954
"сравнение",popular,"сравнения выделяют",6919
"сравнение",popular,"сравнения животной клетки",6892
"сравнение",popular,"неравенство сравнение чисел",6891
"сравнение",popular,"13 13 pro сравнение",6878
"сравнение",popular,"динамики сравнение",6857
"сравнение",popular,"сравнения упражнения",6843
"сравнение",popular,"сравнение карт мира",6836
"сравнение",popular,"применять сравнение",6835
"сравнение",popular,"метод сравнения наблюдения и измерения",6826
"сравнение",popular,"сравнение телефонов pro",6818
"сравнение",popular,"сравнение динамиков",6814
"сравнение",popular,"хуавей пура сравнение",6806
"сравнение",popular,"сравнение с25 и с25",6797
"сравнение",popular,"образование сравнение",6787
"сравнение",popular,"сравнение в английском языке",6776
"сравнение",popular,"самсунг с 26 ультра сравнение",6770
"сравнение",popular,"1660 сравнение",6759
"сравнение",popular,"сравнение 18 про и про макс",6758
"сравнение",popular,"математика 5 класс сравнение натуральных чисел",6744
"сравнение",popular,"сравнение природных",6742
"сравнение",popular,"5 6 и 1 2 сравнение",6740
"сравнение",popular,"сравнение s23",6739
"сравнение",popular,"таблица сравнения процессов",6736
"сравнение",popular,"сравнение 4 метафора",6727
"сравнение",popular,"сравнение действительных чисел алгебра",6711
"сравнение",popular,"метафоры сравнения примеры",6710
"сравнение",popular,"8 5 и 8 5 сравнение",6694
"сравнение",popular,"сравнение iphone 17 pro и pro max",6683
"сравнение",popular,"сравнения леса",6676
"сравнение",popular,"1 слово сравнения",6676
"сравнение",popular,"сравнение айфон 17 и 18 про",6663
"сравнение",popular,"5 примеров сравнения",6646
"сравнение",popular,"сравнение 8 3 5 3",6634
"сравнение",popular,"арифметическое сравнение",6628
"сравнение",popular,"сравнение 2 3 примера",6626
"сравнение",popular,"radeon сравнение",6625
"сравнение",popular,"калькулятор шин сравнение размеров",6617
"сравнение",popular,"сравнение айфон 17 и самсунг",6614
"сравнение",popular,"таблица линии сравнения",6606
"сравнение",popular,"сентябри сравнение",6602
"сравнение",popular,"3050 сравнение",6594
"сравнение",popular,"сравнение выбор",6593
"сравнение",popular,"сравнение аналогов",6592
"сравнение",popular,"сравнение чисел 8 класс",6592
"сравнение",popular,"реши сравнение",6576
"сравнение",popular,"сравнение ростов человека",6571
"сравнение",popular,"таблица сравнение графики",6569
"сравнение",popular,"южный сравнение",6567
"сравнение",popular,"наблюдать сравнение",6567
"сравнение",popular,"как называется сравнение",6559
"сравнение",popular,"процесс сравнения результатов",6547
"сравнение",popular,"сравнение роста людей",6540
"сравнение",popular,"1 7 5 и 1 сравнение",6528
"сравнение",popular,"сравнение через",6522
"сравнение",popular,"содержание сравнение",6522
"сравнение",popular,"сравнение а56",6520
"сравнение",popular,"сравнение g",6510
"сравнение",popular,"сравнение монстров",6493
"сравнение",popular,"решающее сравнение",6489
"сравнение",popular,"сравнение семей",6486
"сравнение",popular,"сравнение веста",6471
"сравнение",popular,"сравнение s24 и s24",6465
"сравнение",popular,"власть сравнение",6440
"сравнение",popular,"сравнение состояний",6436
"сравнение",popular,"2 слова сравнение",6434
"сравнение",popular,"живой сравнение",6428
"сравнение",popular,"температура сравнения",6423
"сравнение",popular,"сравнение документов",6407
"сравнение",popular,"июнь и июль сравнение",6388
"сравнение",popular,"самсунг с 25 и с 25 сравнение",6377
"сравнение",popular,"приведи пример сравнения",6373
"сравнение",popular,"сравнение экранов",6372
"сравнение",popular,"сравнение знаю как",6360
"сравнение",popular,"сравнение huawei watch",6358
"сравнение",popular,"сравнение материков",6348
"сравнение",popular,"по сравнению с 2019 годом",6341
"сравнение",popular,"хонор 400 сравнение",6325
"сравнение",popular,"куплю сравнению",6321
"сравнение",popular,"geforce сравнение",6301
"сравнение",popular,"средства выразительности метафоры эпитеты сравнения",6293
"сравнение",popular,"средство речи сравнение",6285
"сравнение",popular,"honor 600 и 600 pro сравнение",6285
"сравнение",popular,"сравнение redmi note 15",6283
"сравнение",popular,"айфон 18 про макс сравнение",6267
"сравнение",popular,"сравнение собак",6260
"сравнение",popular,"станция сравнения",6256
"сравнение",popular,"tcl сравнение",6249
"сравнение",popular,"олицетворение гипербола метафора сравнение",6240
"сравнение",popular,"сравнение pura 80",6238
"сравнение",popular,"сравнение рук",6235
"сравнение",popular,"слова эпитеты сравнения олицетворение",6232
"сравнение",popular,"есть ли сравнение",6223
"сравнение",popular,"сравнение занятий",6214
"сравнение",popular,"выразительное сравнение",6213
"сравнение",popular,"сравнение серий",6201
"сравнение",popular,"сравнение samsung galaxy ultra",6197
"сравнение",popular,"17 и 17 ультра сравнение",6192
"сравнение",popular,"вопросы сравнения таблица",6176
"сравнение",popular,"таблица сравнения свечей",6174
"сравнение",popular,"диаграмма сравнения",6167
"сравнение",popular,"google pixel сравнения",6151
"сравнение",popular,"сравнение ксиоми",6151
"сравнение",popular,"сравнение книг",6145
"сравнение",popular,"36 сравнение",6143
"сравнение",popular,"3 эпитета 3 сравнения 3 метафоры",6136
"сравнение",popular,"сравнение срок",6128
"сравнение",popular,"сравнение samsung s26 и s26 ultra",6123
"сравнение",popular,"3 слова сравнения",6123
"сравнение",popular,"сравнение массы",6122
"сравнение",popular,"опыт сравнение наблюдение",6098
"сравнение",popular,"сравнение действительных чисел 8",6098
"сравнение",popular,"сравнение упорядочивание рациональных чисел 7 класс",6091
"сравнение",popular,"сравнение фольксваген",6080
"сравнение",popular,"xiaomi note сравнение",6076
"сравнение",popular,"сравнение 3 текстов",6060
"сравнение",popular,"сравнение интернет",6058
"сравнение",popular,"сравнение 2 кредитов",6054
"сравнение",popular,"действия с числами сравнение чисел",6049
"сравнение",popular,"литературное сравнение",6044
"сравнение",popular,"сравнение айфон 13 и 13 про",6043
"сравнение",popular,"сравнение 1 11",6040
"сравнение",popular,"сравнение двух таблиц",6034
"сравнение",popular,"сравнение айфона 16 и 16 про макс",6031
"сравнение",popular,"сравнение размеров айфонов",6029
"сравнение",popular,"единица сравнения",6027
"сравнение",popular,"сравнение 3 7 и 4 5",6022
"сравнение",popular,"сравнение сколько столько",6006
"сравнение",popular,"средства выразительности эпитеты сравнения олицетворения",6000
"сравнение",popular,"сравнение баллов",5996
"сравнение",popular,"сравнение относится",5970
"сравнение",popular,"2 эпитета 2 метафоры 2 сравнения",5959
"сравнение",popular,"сравнение iphone samsung",5958
"сравнение",popular,"сравнение какое слово",5953
"сравнение",popular,"сравнение чисел в пределах",5948
"сравнение",popular,"сравнение свойств веществ",5945
"сравнение",popular,"заполните таблицу критерий сравнения",5944
"сравнение",popular,"гугл сравнения",5943
"сравнение",popular,"сравнение результатов эксперимента",5933
"сравнение",popular,"выберите верные сравнения",5908
"сравнение",popular,"методы изучения природы сравнение",5907
"сравнение",popular,"galaxy s25 сравнение",5899
"сравнение",popular,"сравнение 2060",5898
"сравнение",popular,"сравнение геометрии",5888
"сравнение",popular,"какого числа сравнение",5879
"сравнение",popular,"основания сравнения",5866
"сравнение",popular,"сравнение кредитов на январь 2026",5844
"сравнение",popular,"2 меньше по сравнению с",5830
"сравнение",popular,"1 признак сравнения",5829
"сравнение",popular,"методы изучения природы наблюдения сравнения",5822
"сравнение",popular,"сравнение моторов",5814
"сравнение",popular,"сравнение с26 и с26",5812
"сравнение",popular,"опыт измерение сравнение",5811
"сравнение",popular,"пункт сравнения",5809
"сравнение",popular,"сравнение poco f8",5799
"сравнение",popular,"сравнение высоты",5794
"сравнение",popular,"сравнение десятичных дробей",5793
"сравнение",popular,"сравнение арифметических чисел",5792
"сравнение",popular,"2 признака сравнения",5792
"сравнение",popular,"сравнение внешней",5791
"сравнение",popular,"как определить сравнение",5791
"сравнение",popular,"сравнению с январем составил",5784
"сравнение",popular,"сравнение конкурентов",5782
"сравнение",popular,"сравнение свойств элемента",5781
"сравнение",popular,"сравнение intel i5",5780
"сравнение",popular,"сравнение дисков",5779
"сравнение",popular,"сравнение аппаратов",5770
"сравнение",popular,"карточки сравнение",5763
"сравнение",popular,"сравнение атома",5762
"сравнение",popular,"сравнение смарт",5757
"сравнение",popular,"сравнение чисел 1 класс",5757
"сравнение",popular,"по сравнению с обычной",5746
"сравнение",popular,"сравнение презентация 5 класс",5742
"сравнение",popular,"сравнение золотого",5738
"сравнение",popular,"прочитайте высказывание писателя какое сравнение",5726
"сравнение",popular,"7 8 6 7 сравнение",5713
"сравнение",popular,"выразительность речи сравнение",5705
"сравнение",popular,"сравнение fold",5704
"сравнение",popular,"постоянные сравнения",5703
"сравнение",popular,"сравнение apple watch",5691
"сравнение",popular,"эпитеты сравнения предложения",5686
"сравнение",popular,"сравнение танков",5685
"сравнение",popular,"сравнение норм",5678
"сравнение",popular,"сравнение фильмов",5676
"сравнение",popular,"сравнение растительной",5676
"сравнение",popular,"слова сравнение примеры",5672
"сравнение",popular,"сравнение годов в процентах",5664
"сравнение",popular,"сравнение реалми про",5659
"сравнение",popular,"степени сравнения в английском языке",5657
"сравнение",popular,"сравнение и округление",5653
"сравнение",popular,"структура сравнений",5646
"сравнение",popular,"сравнение asus",5639
"сравнение",popular,"сравнение графиков работы",5637
"сравнение",popular,"сравнение должно быть не должно быть",5633
"сравнение",popular,"сравнение хонда",5633
"сравнение",popular,"сравнение iphone 18",5610
"сравнение",popular,"много сравнение",5609
"сравнение",popular,"сравнение с суммой чисел",5608
"сравнение",popular,"сравнение изображений",5604
"сравнение",popular,"сравнение отрезков 7 класс",5600
"сравнение",popular,"дорога сравнения",5595
"сравнение",popular,"сравнение 17t и 17t pro",5585
"сравнение",popular,"таблица сравнение видов",5583
"сравнение",popular,"красное сравнение",5578
"сравнение",popular,"какое сравнение приводит автор",5577
"сравнение",popular,"сравнение имен",5576
"сравнение",popular,"honor magic сравнение",5575
"сравнение",popular,"сравнение роботов",5569
"сравнение",popular,"сравнение мазда",5560
"сравнение",popular,"речь 2 3 сравнения",5555
"сравнение",popular,"сравнение систематических",5554
"сравнение",popular,"сравнение действительных чисел 8 класс",5553
"сравнение",popular,"сравнение 3 5 и 1 7",5550
"сравнение",popular,"сравнение народов",5546
"сравнение",popular,"сравнение рабочий лист",5543
"сравнение",popular,"сравнение вотчей",5538
"сравнение",popular,"урок сравнение 1 класс",5535
"сравнение",popular,"сравнение core i5",5533
"сравнение",popular,"5 8 3 4 сравнение",5529
"сравнение",popular,"сравнение видеокарт rtx",5524
"сравнение",popular,"презентация сравнение натуральных чисел",5515
"сравнение",popular,"самсунг а56 сравнение",5509
"сравнение",popular,"в чем принципиальная особенность зевса по сравнению",5506
"сравнение",popular,"друг сравнение",5506
"сравнение",popular,"сравнения отвечает на вопрос",5504
"сравнение",popular,"сравнение оригинала",5504
"сравнение",popular,"сравнение мониторов",5502
"сравнение",popular,"сравнение xiaomi redmi note",5500
"сравнение",popular,"6 10 сравнение",5494
"сравнение",popular,"сравнение источников информации",5491
"сравнение",popular,"дополнительная по сравнению",5490
"сравнение",popular,"сравнение плюсы и минусы",5488
"сравнение",popular,"сравнению с 2018 годом",5485
"сравнение",popular,"сравнение культур",5475
"сравнение",popular,"сравнение отрезков и углов 7",5474
"сравнение",popular,"сравнение физических",5464
"сравнение",popular,"сравнение эксперимента и опыта",5459
"сравнение",popular,"эпитет метафора сравнение примеры",5454
"сравнение",popular,"сравнение ниссан",5443
"сравнение",popular,"сравнение какое средство выразительности",5432
"сравнение",popular,"быстро сравнение",5431
"сравнение",popular,"сравнение относительных",5430
"сравнение",popular,"сравнение выразительное средство",5427
"сравнение",popular,"самсунг с25 и с25 сравнение",5424
"сравнение",popular,"сравнение 11 про",5422
"сравнение",popular,"сравнение углов 7 класс",5407
"сравнение",popular,"сравнение nvidia",5405
"сравнение",popular,"сравнение рено",5402
"сравнение",popular,"2 эпитета 2 сравнение 2 олицетворение",5401
"сравнение",popular,"схема сравнение",5401
"сравнение",popular,"сравнение ссср",5398
"сравнение",popular,"сравнение 6 и 8",5396
"сравнение",popular,"haval сравнение",5388
"сравнение",popular,"сравнение какой метод",5380
"сравнение",popular,"сравнение ростов онлайн",5376
"сравнение",popular,"сравнение отрезков и углов класс",5376
"сравнение",popular,"сравнение 1 12",5372
"сравнение",popular,"сравнение xiaomi 17t и 17t pro",5359
"сравнение",popular,"сравнение 2 банков",5355
"сравнение",popular,"3 эпитета 3 сравнения 3 олицетворения",5354
"сравнение",popular,"точные сравнения",5349
"сравнение",popular,"сравнение i3",5347
"сравнение",popular,"сравнение чем отличается",5344
"сравнение",popular,"методы изучения природы наблюдения сравнения измерения опыты",5339
"сравнение",popular,"сравнение роста онлайн",5338
"сравнение",popular,"сравнение в полке игореве",5337
"сравнение",popular,"реальные сравнения",5336
"сравнение",popular,"сравнению с предыдущим годом составил",5335
"сравнение",popular,"сравнения в слове о полку",5329
"сравнение",popular,"заполни таблицу линии сравнения",5323
"сравнение",popular,"сравнение 5600",5314
"сравнение",popular,"сравнение метода эксперимента и опыта",5313
"сравнение",popular,"виды 5 сравнение",5311
"сравнение",popular,"найти 5 сравнений",5310
"сравнение",popular,"сравнение ии",5301
"сравнение",popular,"сравнение e",5301
"сравнение",popular,"сравнение рисунков",5296
"сравнение",popular,"выразительности является сравнение",5294
"сравнение",popular,"сравнение текстов онлайн",5287
"сравнение",popular,"сравнение райзенов",5283
"сравнение",popular,"xiaomi poco сравнение",5280
"сравнение",popular,"сравнение айфона 15 и 15 про макс",5276
"сравнение",popular,"5 6 и 6 7 сравнение",5275
"сравнение",popular,"сравнение 12 12 pro",5271
"сравнение",popular,"средством выразительности является сравнение",5266
"сравнение",popular,"сравнение с 25 ультра",5264
"сравнение",popular,"сравнение столбцов",5260
"сравнение",popular,"сравнение 3 цифра",5259
"сравнение",popular,"сравнение значение выражения 7",5257
"сравнение",popular,"по сравнению с другими космическими двигательными установками",5250
"сравнение",popular,"xiaomi redmi pro сравнение",5242
"сравнение",popular,"прочитайте высказывание писателя какое сравнение приводит",5240
"сравнение",popular,"заполните таблицу признаки сравнения",5235
"сравнение",popular,"сравнение 8 1 и 8 2",5235
"сравнение",popular,"сравнение 5 процессоров",5230
"сравнение",popular,"сравнение и округление чисел",5226
"сравнение",popular,"арифметические действия сравнение чисел",5223
"сравнение",popular,"сравнение хендай",5216
"сравнение",popular,"как выглядит сравнение",5195
"сравнение",popular,"сравнение se",5187
"сравнение",popular,"сравнение отрезков и углов 7 класс",5181
"сравнение",popular,"прочитайте высказывание писателя какое сравнение приводит автор",5180
"сравнение",popular,"сравнение низших и высших растений характерные особенности",5176
"сравнение",popular,"сравнение ценностей",5173
"сравнение",popular,"море сравнения",5171
"сравнение",popular,"конспект урока сравнение чисел",5168
"сравнение",popular,"11 pro сравнение",5168
"сравнение",popular,"сравнение infinix",5168
"сравнение",popular,"сравнения регионов",5155
"сравнение",popular,"сравнение выражений 7 класс",5149
"сравнение",popular,"3 вида сравнения",5138
"сравнение",popular,"по сравнению с предыдущим месяцем",5135
"сравнение",popular,"речи является сравнение",5135
"сравнение",popular,"сравнение телефонов айфон",5131
"сравнение",popular,"сравнение garmin",5127
"сравнение",popular,"включи сравнения",5125
"сравнение",popular,"любое сравнение",5117
"сравнение",popular,"сравнение колес",5112
"сравнение",popular,"сравнение чисел 5 класс презентация",5112
"сравнение",popular,"задания 8 сравнение",5110
"сравнение",popular,"3 сравнение 4 метафора",5108
"сравнение",popular,"сравнения компаний",5106
"сравнение",popular,"сравнение xbox",5103
"сравнение",popular,"1 метод сравнения",5098
"сравнение",popular,"b 3 b сравнение",5094
"сравнение",popular,"воздух сравнения",5075
"сравнение",popular,"сравнение гугл пикселей",5066
"сравнение",popular,"сравнение этапы",5065
"сравнение",popular,"сравнение осени",5058
"сравнение",popular,"4 запиши сравнение",5050
"сравнение",popular,"сравнение глаз",5048
"сравнение",popular,"сравнение 12 13",5046
"сравнение",popular,"geely сравнение",5045
"сравнение",popular,"тесты и сравнения",5044
"сравнение",popular,"сравнение позволяет",5035
"сравнение",popular,"сайт для сравнения",5030
"сравнение",popular,"дроби 5 сравнение",5025
"сравнение",popular,"сравнения 3070",5021
"сравнение",popular,"составь таблицу сравнение",5015
"сравнение",popular,"galaxy s26 сравнение",5015
"сравнение",popular,"контрольное сравнение",5014
"сравнение",popular,"сравнение изобразительный",5012
"сравнение",popular,"сравнения в слове о полку игореве",5012
"сравнение",popular,"сравнение сделать вывод",5008
"сравнение",popular,"сравнение продуктов",5006
"сравнение",popular,"айфон 17 и 16 про сравнение",5004
"сравнение",popular,"средства сравнения примеры",4999
"сравнение",popular,"признаки сравнения растений",4994
"сравнение",popular,"сравнение препаратов",4989
"сравнение",popular,"сравнение телефонов 15",4986
"сравнение",popular,"сравнение аккумуляторов",4986
"сравнение",popular,"сравнение двух предметов",4983
"сравнение",popular,"сравнение файлов",4980
"сравнение",popular,"найди образные определения и сравнения в сказке",4980
"сравнение",popular,"традиционные сравнения",4978
"сравнение",popular,"сравнение натуральных чисел 5 класс презентация",4977
"сравнение",popular,"сравнение обыкновенных",4973
"сравнение",popular,"какие сравнение эпитеты метафоры",4970
"сравнение",popular,"метафора сравнение тексты",4959
"сравнение",popular,"сравнение углов геометрия",4956
"сравнение",popular,"12 про сравнение",4942
"сравнение",popular,"в сравнении с августом",4939
"сравнение",popular,"huawei pura 80 сравнение",4937
"сравнение",popular,"сравнение женщины",4931
"сравнение",popular,"сравнение процессоров intel",4931
"сравнение",popular,"rtx 5060 сравнение",4927
"сравнение",popular,"сравнение аптек",4925
"сравнение",popular,"сравнение buds buds pro",4925
"сравнение",popular,"сравнение 17 и 18 про макс",4924
"сравнение",popular,"сравнение металла",4924
"сравнение",popular,"сравнения словно",4908
"сравнение",popular,"2 метафоры и 2 сравнения",4904
"сравнение",popular,"samsung galaxy s25 сравнение",4900
"сравнение",popular,"найди сравнения найди метафоры",4887
"сравнение",popular,"сравнение на английском",4886
"сравнение",popular,"сравнение и сама",4874
"сравнение",popular,"сравнение резины",4870
"сравнение",popular,"математика 1 класс сравнения",4868
"сравнение",popular,"сравнение растительных клеток",4860
"сравнение",popular,"сравнение самсунг 25 ультра",4851
"сравнение",popular,"подберите сравнения",4844
"сравнение",popular,"поставь сравнение",4843
"сравнение",popular,"huawei nova сравнение",4829
"сравнение",popular,"сравнение карты мира и карты птолемея",4828
"сравнение",popular,"сравнение значений выражений класс",4822
"сравнение",popular,"также сравнение",4818
"сравнение",popular,"какие эпитеты сравнения олицетворения",4817
"сравнение",popular,"увеличилось по сравнению с 1",4812
"сравнение",popular,"выразительность речи является сравнение",4810
"сравнение",popular,"художественные олицетворения эпитеты сравнения",4807
"сравнение",popular,"сравнение грант",4807
"сравнение",popular,"сравнение вкладов",4802
"сравнение",popular,"сравнение презентация 1 класс",4797
"сравнение",popular,"сравнение персонажей",4796
"сравнение",popular,"пример сравнения олицетворения",4790
"сравнение",popular,"средства языка сравнение",4787
"сравнение",popular,"средством выразительности речи является сравнение",4786
"сравнение",popular,"труд сравнение",4784
"сравнение",popular,"возможности сравнения",4784
"сравнение",popular,"сравнение прилагательных в английском языке",4784
"сравнение",popular,"егэ сравнение",4784
"сравнение",popular,"сравнение карт мира эратосфена и птолемея",4781
"сравнение",popular,"4070 сравнение",4781
"сравнение",popular,"для сравнения задание 2",4780
"сравнение",popular,"сравнение электрических",4780
"сравнение",popular,"сравнение 13 и 15",4773
"сравнение",popular,"отметить сравнение",4769
"сравнение",popular,"зима сравнение",4768
"сравнение",popular,"1 по сравнению с январем",4766
"сравнение",popular,"сравнение двух видов",4751
"сравнение",popular,"найдите и выпишите сравнения",4750
"сравнение",popular,"dreame сравнение",4748
"сравнение",popular,"сравнение материков и частей света",4747
"сравнение",popular,"сравнение изобразительное средство",4745
"сравнение",popular,"samsung s25 и s25 ultra сравнение",4743
"сравнение",popular,"5 предложений сравнение",4743
"сравнение",popular,"геометрия сравнение отрезков и углов",4742
"сравнение",popular,"сравнение 15 про и 16 про",4736
"сравнение",popular,"сравнению с устной",4724
"сравнение",popular,"сравнение процессоров пк",4720
"сравнение",popular,"2 метод сравнения",4710
"сравнение",popular,"сравнение iphone 13",4699
"сравнение",popular,"сравнение натуральных чисел виленкин",4696
"сравнение",popular,"3 формы сравнения",4693
"сравнение",popular,"4 олицетворения 4 эпитета 4 сравнения",4693
"сравнение",popular,"ваз сравнения",4684
"сравнение",popular,"сравнение ваза",4684
"сравнение",popular,"сравнение поко х8",4683
"сравнение",popular,"сравнение 13 и 14",4678
"сравнение",popular,"сравнение иди сравнение",4677
"сравнение",popular,"сравнение хуавей нова",4675
"сравнение",popular,"сравнение самсунг с26 и с26",4674
"сравнение",popular,"таблица 1 4 сравнение",4672
"сравнение",popular,"снизился по сравнению с",4671
"сравнение",popular,"сравнение подходящее",4668
"сравнение",popular,"сравнение s25 ultra и s26 ultra",4668
"сравнение",popular,"современный мир в сравнении",4656
"сравнение",popular,"сравнение даст 2",4656
"сравнение",popular,"сравнение бмв",4651
"сравнение",popular,"сравнение телефонов по характеристикам",4646
"сравнение",popular,"сравнение редми нот про",4641
"сравнение",popular,"сравнение моделирование",4639
"сравнение",popular,"математика сравнение округление натуральных чисел",4637
"сравнение",popular,"средства выразительности метафоры сравнение олицетворение",4636
"сравнение",popular,"класс сравнение дробей",4634
"сравнение",popular,"2 сравнения 1 олицетворение",4632
"сравнение",popular,"не изменились по сравнению с",4626
"сравнение",popular,"сравнение рейтингов",4617
"сравнение",popular,"сравнение чтение 4 класс",4609
"сравнение",popular,"сравнение кошки",4609
"сравнение",popular,"сравнение значений выражений 7 класс",4609
"сравнение",popular,"3 6 и 3 7 сравнение",4608
"сравнение",popular,"проект сравнение",4605
"сравнение",popular,"сравнение иллюстрации",4603
"сравнение",popular,"intel core i5 сравнение",4602
"сравнение",popular,"похоже сравнение",4602
"сравнение",popular,"iphone 18 pro сравнение",4589
"сравнение",popular,"сравнение чисел 5 класс виленкин",4582
"сравнение",popular,"сравнение 10 и 11",4581
"сравнение",popular,"2 7 по сравнению с",4570
"сравнение",popular,"геометрия 7 сравнение отрезков",4564
"сравнение",popular,"художественные средства эпитет метафора сравнение",4559
"сравнение",popular,"honor 400 сравнение",4548
"сравнение",popular,"2 знака сравнения",4546
"сравнение",popular,"примеры эпитетов и сравнений",4543
"сравнение",popular,"сравнение величин 2",4543
"сравнение",popular,"ряды сравнения",4543
"сравнение",popular,"сравнение перевод",4542
"сравнение",popular,"вело сравнение",4540
"сравнение",popular,"сравнение 11 12",4539
"сравнение",popular,"какие преимущества по сравнению",4538
"сравнение",popular,"сравнение 1 и 9",4536
"сравнение",popular,"сделать таблицу сравнение",4536
"сравнение",popular,"сравнение чисел знаки",4532
"сравнение",popular,"сравнение гипербола антитеза",4532
"сравнение",popular,"5 9 4 7 сравнение",4531
"сравнение",popular,"сравнение 8 7 9 7",4529
"сравнение",popular,"красочные сравнения",4529
"сравнение",popular,"сравнение ведут",4528
"сравнение",popular,"художественной выразительности эпитеты сравнения",4525
"сравнение",popular,"сравнение наречий",4522
"сравнение",popular,"сравнение и упорядочивание",4518
"сравнение",popular,"степени сравнения прилагательных в английском языке",4517
"сравнение",popular,"сравнение iphone 16 и 16 pro",4512
"сравнение",popular,"сравнение больших чисел",4500
"сравнение",popular,"сравнение 15 и 16 айфона",4497
"сравнение",popular,"степени сравнения 2",4497
"сравнение",popular,"xiaomi 17 и 17 pro сравнение",4497
"сравнение",popular,"в сравнении с 2020 годом",4494
"сравнение",popular,"a57 сравнение",4492
"сравнение",popular,"сравнение intel ryzen",4491
"сравнение",popular,"сравнение pro и pro 2",4488
"сравнение",popular,"сравнение по количеству столько же сколько",4487
"сравнение",popular,"сравнение натуральных чисел 5 класс виленкин",4479
"сравнение",popular,"сравнение poco f9",4477
"сравнение",popular,"сравнение армий",4476
"сравнение",popular,"сравнение простых веществ",4474
"сравнение",popular,"описание метода сравнения",4469
"сравнение",popular,"сравнение lg",4468
"сравнение",popular,"сравнение страниц",4466
"сравнение",popular,"формула сравнения",4464
"сравнение",popular,"твердость сравнение",4464
"сравнение",popular,"сравнение мужчины",4463
"сравнение",popular,"сравнение двух чисел",4462
"сравнение",popular,"сравнение буквы",4461
"сравнение",popular,"сравнение планет",4456
"сравнение",popular,"сравнение происходит по",4453
"сравнение",popular,"луч сравнение",4451
"сравнение",popular,"hisense сравнение",4445
"сравнение",popular,"загадки сравнения",4443
"сравнение",popular,"сравнение числа 0",4435
"сравнение",popular,"в чем особенности письменной речи по сравнению",4433
"сравнение",popular,"сравнение s25 и s25 fe",4432
"сравнение",popular,"сравнение чисел 7 класс алгебра",4427
"сравнение",popular,"сравнение технологий",4426
"сравнение",popular,"сравнение какое правило",4422
"сравнение",popular,"сравнение метонимия",4420
"сравнение",popular,"сравнение хуже",4419
"сравнение",popular,"сравнение нив",4418
"сравнение",popular,"пура 80 сравнение",4417
"сравнение",popular,"pura 90s сравнение",4415
"сравнение",popular,"средства художественной выразительности сравнения эпитеты",4405
"сравнение",popular,"сравнение северной и южной",4400
"сравнение",popular,"таблица сравнение строение",4396
"сравнение",popular,"75 с по сравнению",4391
"сравнение",popular,"сравнение фигур",4390
"сравнение",popular,"3 по сравнению с предыдущим",4388
"сравнение",popular,"сравнение dimensity",4385
"сравнение",popular,"сравнение отрезков 7 класс геометрия",4380
"сравнение",popular,"орган сравнения",4380
"сравнение",popular,"сравнение процессоров ryzen",4379
"сравнение",popular,"таблица 3 4 сравнение",4373
"сравнение",popular,"сравнение чисел результат сравнения",4371
"сравнение",popular,"чанган сравнение",4369
"сравнение",popular,"сравнение россии в годах",4360
"сравнение",popular,"эффективность сравнение",4358
"сравнение",popular,"amd ryzen 5 сравнение",4357
"сравнение",popular,"сравнение 9 и 10",4354
"сравнение",popular,"сравнение xiaomi 15 pro",4344
"сравнение",popular,"магазин сравнение",4344
"сравнение",popular,"сравнение 1 степени",4341
"сравнение",popular,"предложения используя сравнения",4340
"сравнение",popular,"четыре сравнения",4339
"сравнение",popular,"какие сравнения гиперболы",4327
"сравнение",popular,"сравнение двух групп",4324
"сравнение",popular,"сравнение энергии",4321
"сравнение",popular,"сравнение растительной и животной",4314
"сравнение",popular,"ошибки сравнения",4308
"сравнение",popular,"сравнение электронных",4306
"сравнение",popular,"упорядочивание и сравнение чисел",4305
"сравнение",popular,"580 сравнение",4298
"сравнение",popular,"сравнение realme 16",4295
"сравнение",popular,"5 знаков сравнения",4294
"сравнение",popular,"сравнение рассказов",4292
"сравнение",popular,"математика 5 класс сравнение округление натуральных чисел",4291
"сравнение",popular,"сравнение мышек",4286
"сравнение",popular,"сравнение чисел 2 класс",4284
"сравнение",popular,"геометрия 7 сравнение отрезков и углов",4283
"сравнение",popular,"сяоми 17 сравнение",4280
"сравнение",popular,"сравнение ф",4280
"сравнение",popular,"сравнение углов 7 класс геометрия",4276
"сравнение",popular,"сравнение правления",4276
"сравнение",popular,"целом по сравнению с июлем",4273
"сравнение",popular,"таблица сравнение характеристики",4272
"сравнение",popular,"исторические сравнения",4268
"сравнение",popular,"медведи сравнение",4260
"сравнение",popular,"ниже по сравнению с",4259
"сравнение",popular,"сравнение со и со 2",4256
"сравнение",popular,"сравнение северной америки",4254
"сравнение",popular,"сравнение зимних шин",4250
"сравнение",popular,"простейшие свойства сравнения",4248
"сравнение",popular,"сравнение натуральных чисел урок",4245
"сравнение",popular,"сравнение южной америки",4241
"сравнение",popular,"сравнение действительных чисел арифметические действия с действительными",4238
"сравнение",popular,"мир по эратосфену и птолемею сравнение",4238
"сравнение",popular,"сравнение памяти",4230
"сравнение",popular,"волга сравнение",4230
"сравнение",popular,"4 вида сравнения",4230
"сравнение",popular,"сравнение ауди",4229
"сравнение",popular,"сравнение возраста",4216
"сравнение",popular,"степени сравнения прилагательных класс",4212
"сравнение",popular,"эпитеты сравнения олицетворения примеры",4212
"сравнение",popular,"деревья сравнение",4208
"сравнение",popular,"сравнение классов какой",4208
"сравнение",popular,"сравнение больше меньше 1 класс",4207
"сравнение",popular,"выписать эпитеты сравнения олицетворения",4206
"сравнение",popular,"сравнение старой и новой",4203
"сравнение",popular,"сравнение самсунга и айфон 17 про",4200
"сравнение",popular,"по сравнению с 2024 годом",4195
"сравнение",popular,"сравнение образцов",4189
"сравнение",popular,"сравнение кг",4185
"сравнение",popular,"письменной речи по сравнению с устной",4183
"сравнение",popular,"теория сравнений",4182
"сравнение",popular,"iphone 14 сравнения",4180
"сравнение",popular,"сравнение производителей",4175
"сравнение",popular,"3 степень сравнения",4175
"сравнение",popular,"5 сравнений метафор",4174
"сравнение",popular,"сравнение факторов",4171
"сравнение",popular,"птицы сравнение",4171
"сравнение",popular,"сравнение объяснить ребенку",4166
"сравнение",popular,"сравнения honor 8",4154
"сравнение",popular,"выписать эпитеты метафоры сравнения",4154
"сравнение",popular,"сравнение с 23",4150
"сравнение",popular,"сравнение n",4146
"сравнение",popular,"значение слова сравнение",4141
"сравнение",popular,"сравнение 5 11",4140
"сравнение",popular,"инфиникс сравнение",4138
"сравнение",popular,"сравнение пар",4136
"сравнение",popular,"сравнение пары",4136
"сравнение",popular,"сравнение часто",4132
"сравнение",popular,"сравнение аленушки",4130
"сравнение",popular,"найди олицетворения найди сравнения",4127
"сравнение",popular,"геометрия 7 класс сравнение отрезков и углов",4122
"сравнение",popular,"особенности письменной речи по сравнению с устной",4121
"сравнение",popular,"сравнение iphone 15 и 15 pro",4120
"сравнение",popular,"сравнение ipad",4113
"сравнение",popular,"сравнение watch 6",4109
"сравнение",popular,"сравнение рос",4108
"сравнение",popular,"найди образные определения и сравнения иван царевич",4105
"сравнение",popular,"степень сравнения слов",4103
"сравнение",popular,"построена на сравнение",4098
"сравнение",popular,"сравнение pura 90s pro",4096
"сравнение",popular,"средства выразительности метафора и сравнение",4094
"сравнение",popular,"древнее сравнение",4089
"сравнение",popular,"сравнение обыкновенных дробей",4086
"сравнение",popular,"средства выразительности эпитет метафора сравнение олицетворение",4085
"сравнение",popular,"сравнение термин",4082
"сравнение",popular,"сравнение позиций",4081
"сравнение",popular,"вставь знаки сравнения",4078
"сравнение",popular,"сравнение блоков",4078
"сравнение",popular,"сравнение яндекс станций",4072
"сравнение",popular,"составить 4 сравнение",4071
"сравнение",popular,"сравнение идей",4067
"сравнение",popular,"сравнение свойств простого вещества",4062
"сравнение",popular,"сравнение сахара",4060
"сравнение",popular,"сравнение сахаров",4060
"сравнение",popular,"г сравнению с 1",4059
"сравнение",popular,"сравнение с другими странами",4056
"сравнение",popular,"сравнение растительной и животной клетки",4044
"сравнение",popular,"сравнение изобразительно выразительное средство",4041
"сравнение",popular,"сравнение дуба",4039
"сравнение",popular,"3 сравнения 3 метафоры 3 олицетворения",4036
"сравнение",popular,"сравнение хонора и айфона",4026
"сравнение",popular,"смарт часы сравнение",4024
"сравнение",popular,"сравнение смарт часов",4024
"сравнение",popular,"сравнение чисел 4 класс",4023
"сравнение",popular,"сравнение интелов",4019
"сравнение",popular,"airpods сравнение",4011
"сравнение",popular,"сравнение рациональных чисел 7 класс алгебра",4008
"сравнение",popular,"7 4 и 6 5 сравнение",4005
"сравнение",popular,"сравнение 14 про и про макс",4004
"сравнение",popular,"сравнение рынков",4002
"сравнение",popular,"сравнение 3 1 и 6 7",4001
"сравнение",popular,"степени сравнения наречий",3998
"сравнение",popular,"заключается в сравнении",3989
"сравнение",popular,"качественное сравнение",3965
"сравнение",popular,"сравнение 35 и 35",3961
"сравнение",popular,"сравнение сюжетов",3959
"сравнение",popular,"сравнение используя таблицу",3957
"сравнение",popular,"сравнение смартфонов самсунг",3954
"сравнение",popular,"открой сравнение",3949
"сравнение",popular,"сравнении 1 сравнивая с",3949
"сравнение",popular,"сравнение какая группа",3947
"сравнение",popular,"сравнение двух людей",3946
"сравнение",popular,"художественные средства эпитеты сравнения олицетворения",3943
"сравнение",popular,"сравнение с 200",3938
"сравнение",popular,"какое сравнение и метафора",3933
"сравнение",popular,"сравнение flip",3931
"сравнение",popular,"электроэнергии в сравнении с",3926
"сравнение",popular,"сравнение 15 про и 17 про",3926
"сравнение",popular,"сравнение samsung xiaomi",3926
"сравнение",popular,"сравнение самых больших",3923
"сравнение",popular,"супер сравнение",3923
"сравнение",popular,"сравнение размеров чисел",3920
"сравнение",popular,"сравнение фотографий",3919
"сравнение",popular,"а4 сравнения",3919
"сравнение",popular,"сравнение расстояния",3918
"сравнение",popular,"открытые сравнения",3895
"сравнение",popular,"сравнение нового и новейшего времени",3893
"сравнение",popular,"сравнение технических",3892
"сравнение",popular,"задания на сравнение 1 и 2",3892
"сравнение",popular,"сравнение ильи муромца",3886
"сравнение",popular,"запиши результаты сравнения",3885
"сравнение",popular,"msi сравнение",3885
"сравнение",popular,"сравнение smart",3883
"сравнение",popular,"над сравнение",3880
"сравнение",popular,"1 см в сравнении",3876
"сравнение",popular,"сравнение теплопроводности",3874
"сравнение",popular,"периоде по сравнению с 1",3872
"сравнение",popular,"сравнение самсунг s25 и s26",3871
"сравнение",popular,"сравнение по количеству 1 класс",3865
"сравнение",popular,"2 олицетворения и 2 сравнения",3862
"сравнение",popular,"сравнение в пределах 100",3851
"сравнение",popular,"операторы сравнения",3849
"сравнение",popular,"сравнения урок 7",3848
"сравнение",popular,"сравнение описание 2",3840
"сравнение",popular,"тарифы сравнение 2019",3839
"сравнение",popular,"сравнение самсунга и хонор",3831
"сравнение",popular,"сравнение ядер",3824
"сравнение",popular,"гта сравнение",3823
"сравнение",popular,"сравнение какое предложение",3823
"сравнение",popular,"красочные определения и сравнения",3814
"сравнение",popular,"15 pro max 15 pro сравнение",3814
"сравнение",popular,"форма степени сравнения",3813
"сравнение",popular,"сравнение нового года",3810
"сравнение",popular,"сравнение самсунг 8",3809
"сравнение",popular,"внутренне сравнение",3809
"сравнение",popular,"сравнение чисел в пределах 100",3808
"сравнение",popular,"сравнение ткани",3806
"сравнение",popular,"poco x7 сравнение",3806
"сравнение",popular,"сравнение процессоров i5",3799
"сравнение",popular,"наблюдение описание сравнение",3785
"сравнение",popular,"2 см в сравнении",3777
"сравнение",popular,"сравнение действительных чисел самостоятельная",3774
"сравнение",popular,"сравнение f8 ultra",3770
"сравнение",popular,"80 в сравнении с",3769
"сравнение",popular,"примеры метода сравнения",3767
"сравнение",popular,"сравнение стран с россией",3766
"сравнение",popular,"сравнение ноутов",3766
"сравнение",popular,"сравнений цивилизаций",3764
"сравнение",popular,"сравнение климата",3761
"сравнение",popular,"сравнение германии",3761
"сравнение",popular,"xiaomi 13 сравнение",3760
"сравнение",popular,"сравнение 10 класс",3757
"сравнение",popular,"сравнение детских",3756
"сравнение",popular,"скажи сравнение",3756
"сравнение",popular,"сравнение p",3754
"сравнение",popular,"найти эпитеты метафоры сравнения",3752
"сравнение",popular,"16 pro max сравнение",3752
"сравнение",popular,"2 2 1 метод сравнения",3750
"сравнение",popular,"ps5 сравнение",3750
"сравнение",popular,"1с сравнение",3748
"сравнение",popular,"сравнение смартфонов xiaomi",3744
"сравнение",popular,"сравнение используется для",3742
"сравнение",popular,"сравнение европейской",3741
"сравнение",popular,"2 сравнение задач",3737
"сравнение",popular,"5 слов сравнения",3730
"сравнение",popular,"сравнение xiaomi 14 и xiaomi 14",3713
"сравнение",popular,"сравнение южной и северной америки",3712
"сравнение",popular,"сравнение содержимого",3711
"сравнение",popular,"сравнение ширины",3708
"сравнение",popular,"сравнение численности",3702
"сравнение",popular,"сравнение 15 и 17 айфона",3697
"сравнение",popular,"сравнение значений выражений алгебра",3695
"сравнение",popular,"как сделать сравнение",3693
"сравнение",popular,"диалог сравнение",3687
"сравнение",popular,"сравнение предметов 1 класс",3686
"сравнение",popular,"фольклорное сравнение",3683
"сравнение",popular,"сравнение bmw",3682
"сравнение",popular,"сравнение 5 и 10",3682
"сравнение",popular,"фраза сравнение",3675
"сравнение",popular,"сравнение соли",3666
"сравнение",popular,"сравнение 1060",3662
"сравнение",popular,"сравнение статистики",3661
"сравнение",popular,"стихотворение сравнение метафора",3660
"сравнение",popular,"самсунг s26 и s26 ultra сравнение",3657
"сравнение",popular,"сравнение корней",3657
"сравнение",popular,"зеленый сравнение",3657
"сравнение",popular,"сравнение чисел и число 10",3657
"сравнение",popular,"составить 5 сравнений",3656
"сравнение",popular,"сорт сравнение",3656
"сравнение",popular,"эти монстры слишком слабы по сравнению",3655
"сравнение",popular,"ми сравнение",3651
"сравнение",popular,"сравнение питания",3642
"сравнение",popular,"сравнение умных",3642
"сравнение",popular,"сравнение ресурсов",3642
"сравнение",popular,"вертикальное сравнение",3641
"сравнение",popular,"poco f9 ultra сравнение",3637
"сравнение",popular,"xeon сравнение",3636
"сравнение",popular,"чайникам сравнение",3632
"сравнение",popular,"сравнение городских",3631
"сравнение",popular,"сравнение выражение 7 класс алгебра",3630
"сравнение",popular,"сравнение помогает",3629
"сравнение",popular,"эпитет метафоры сравнения текст",3628
"сравнение",popular,"сравнение в биологии",3627
"сравнение",popular,"сравнение 8 класс алгебра",3625
"сравнение",popular,"правила сравнения чисел",3625
"сравнение",popular,"выпиши слова сравнения",3624
"сравнение",popular,"хуавей пура 80 сравнение",3622
"сравнение",popular,"amd radeon сравнение",3619
"сравнение",popular,"сравнение macbook",3619
"сравнение",popular,"пять сравнений",3614
"сравнение",popular,"сравнение mi",3614
"сравнение",popular,"3 верных сравнения",3612
"сравнение",popular,"сравнение школа класс",3612
"сравнение",popular,"записать 5 сравнений",3609
"сравнение",popular,"география сравнение карт",3608
"сравнение",popular,"сравнение падежей",3603
"сравнение",popular,"сравнение ламп",3601
"сравнение",popular,"сравнение видеокарт 5060",3600
"сравнение",popular,"сравнение песен",3591
"сравнение",popular,"идеология сравнение",3590
"сравнение",popular,"найти эпитеты сравнения олицетворения",3589
"сравнение",popular,"слово о полку игореве эпитеты метафоры сравнения",3583
"сравнение",popular,"сравнение двух параметров",3582
"сравнение",popular,"сравнение и округление 5 класс",3581
"сравнение",popular,"сравнение ru",3578
"сравнение",popular,"по сравнению с самостоятельными",3577
"сравнение",popular,"фирма сравнение",3576
"сравнение",popular,"сравнение тигуана",3574
"сравнение",popular,"сравнение redmi 15 и 15 pro",3572
"сравнение",popular,"олицетворение 2 эпитет 3 сравнение",3570
"сравнение",popular,"сравнение чисел до 1000",3569
"сравнение",popular,"сравнение франции",3568
"сравнение",popular,"курс сравнение",3564
"сравнение",popular,"сравнение чисел 4 и 5",3564
"сравнение",popular,"сравнение продаж",3561
"сравнение",popular,"обобщение сравнение",3559
"сравнение",popular,"сравнению с предыдущим годом 1",3557
"сравнение",popular,"самсунг s25 и s25 ultra сравнение",3557
"сравнение",popular,"сравнение звуков по твердости мягкости",3556
"сравнение",popular,"core i7 сравнение",3555
"сравнение",popular,"сравнение 2 веществ",3555
"сравнение",popular,"сравнение тарифов 2018",3551
"сравнение",popular,"сравнение это простыми",3547
"сравнение",popular,"сравнение зон",3546
"сравнение",popular,"сравнение роботов пылесосов",3545
"сравнение",popular,"5 5600 сравнение",3542
"сравнение",popular,"сравнение политики",3542
"сравнение",popular,"сравнение алгебра 9 класс",3538
"сравнение",popular,"сравнение покупок",3537
"сравнение",popular,"сравнение з",3536
"сравнение",popular,"урок математики сравнение чисел",3534
"сравнение",popular,"сравнение в экономике",3533
"сравнение",popular,"poco f8 ultra сравнение",3521
"сравнение",popular,"сравнение поясов",3519
"сравнение",popular,"сравнение toyota",3514
"сравнение",popular,"note 15 и note 15 pro сравнение",3513
"сравнение",popular,"2 больше по сравнению с",3510
"сравнение",popular,"сравнение лодок",3505
"сравнение",popular,"сравнение видеокарт онлайн",3505
"сравнение",popular,"изображать сравнение",3504
"сравнение",popular,"какие изменения по сравнению",3503
"сравнение",popular,"красиво сравнение",3502
"сравнение",popular,"samsung s24 сравнение",3500
"сравнение",popular,"сравнение nikon",3500
"сравнение",popular,"сравнение линейки",3499
"сравнение",popular,"сравнение будто",3499
"сравнение",popular,"сравнение россии и сша",3499
"сравнение",popular,"сравнение huawei honor",3498
"сравнение",popular,"сравнение фотоаппаратов",3498
"сравнение",popular,"сравнение значений выражений алгебра 7",3491
"сравнение",popular,"использует метафоры сравнения эпитеты",3490
"сравнение",popular,"душа сравнение",3486
"сравнение",popular,"эпитеты и сравнения в тексте",3486
"сравнение",popular,"сравнение 3 и 11",3486
"сравнение",popular,"сравнение 4g",3484
"сравнение",popular,"сравнение диагоналей",3484
"сравнение",popular,"военное сравнение",3483
"сравнение",popular,"сравнение intel i7",3481
"сравнение",popular,"1650 сравнение",3478
"сравнение",popular,"3 олицетворения и 3 сравнения",3476
"сравнение",popular,"realme 15 сравнение",3474
"сравнение",popular,"сравнение сопоставление",3472
"сравнение",popular,"сравнение дат",3471
"сравнение",popular,"закон сравнения",3470
"сравнение",popular,"урок сравнение чисел 5 класс",3467
"сравнение",popular,"по сравнению с центральными",3464
"сравнение",popular,"река сравнение",3461
"сравнение",popular,"обучение сравнению",3461
"сравнение",popular,"сравнение айпадов",3459
"сравнение",popular,"сравнение принтеров",3459
"сравнение",popular,"сравнение политиков",3456
"сравнение",popular,"сравнения самсунга 24",3445
"сравнение",popular,"сравнение оппо",3445
"сравнение",popular,"сравнение цен в аптеках",3444
"сравнение",popular,"душ сравнение",3442
"сравнение",popular,"сравнение прибыли",3442
"сравнение",popular,"база сравнения",3441
"сравнение",popular,"выразительные средства языка сравнение",3440
"сравнение",popular,"сравнение договоров",3436
"сравнение",popular,"m и m сравнение",3435
"сравнение",popular,"fold 8 сравнение",3432
"сравнение",popular,"поко х8 и х8 про сравнение",3432
"сравнение",popular,"ветер сравнение",3431
"сравнение",popular,"эпитет 3 сравнение 4 метафора",3430
"сравнение",popular,"сравнение кормов",3428
"сравнение",popular,"понять сравнение",3428
"сравнение",popular,"сравнение и округление чисел 5 класс",3422
"сравнение",popular,"сравнение статей",3421
"сравнение",popular,"сравнение налогов",3421
"сравнение",popular,"сравнение по количеству больше меньше 1 класс",3421
"сравнение",popular,"операции сравнения",3420
"сравнение",popular,"сравнение камер iphone",3418
"сравнение",popular,"сравнение poco x7 pro",3417
"сравнение",popular,"тепло сравнение",3417
"сравнение",popular,"rtx 3060 сравнение",3416
"сравнение",popular,"примеры метафоры сравнения олицетворения",3414
"сравнение",popular,"сравнение девушек",3413
"сравнение",popular,"сравнение в обществе",3412
"сравнение",popular,"сравнение чисел 8 класс алгебра",3411
"сравнение",popular,"сравнение двух карт",3410
"сравнение",popular,"7 класс алгебра сравнение значений выражений",3407
"сравнение",popular,"сравнение икс",3403
"сравнение",popular,"сравнение какая тема",3402
"сравнение",popular,"сравнение аленушки и иванушки",3400
"сравнение",popular,"таблица сравнения клеток",3399
"сравнение",popular,"poco f8 pro сравнение",3395
"сравнение",popular,"one plus one сравнение",3395
"сравнение",popular,"смысл сравнения",3393
"сравнение",popular,"сравнение требований",3392
"сравнение",popular,"сравнение чисел в пределах 100 неравенств",3385
"сравнение",popular,"1 с вид сравнения",3379
"сравнение",popular,"сравнение реформ",3377
"сравнение",popular,"урал сравнение",3375
"сравнение",popular,"сравнение обогревателей",3375
"сравнение",popular,"10 сравнений маленькие",3374
"сравнение",popular,"сравнение свойств по периоду",3374
"сравнение",popular,"сравнение биологический",3373
"сравнение",popular,"сравнение 5 способов",3372
"сравнение",popular,"пропускать сравнение",3368
"сравнение",popular,"пропустить сравнение",3368
"сравнение",popular,"сравнение действительных чисел самостоятельная работа",3368
"сравнение",popular,"принципы сравнения",3367
"сравнение",popular,"сравнение макбуков",3363
"сравнение",popular,"сравнение 10 1 5",3361
"сравнение",popular,"сравнение и округление натуральных чисел 5",3360
"сравнение",popular,"знаменателю сравнение дробей",3359
"сравнение",popular,"pixel 10 сравнение",3353
"сравнение",popular,"сравнение с26 и с26 ультра",3348
"сравнение",popular,"контроль сравнение",3347
"сравнение",popular,"в 2 раза в сравнении",3346
"сравнение",popular,"huawei pura 90s pro сравнение",3345
"сравнение",popular,"сервисы сравнения",3344
"сравнение",popular,"сравнение 5050",3341
"сравнение",popular,"4 степени сравнения",3340
"сравнение",popular,"таблица сравнение животных",3340
"сравнение",popular,"сравнение равенств",3339
"сравнение",popular,"сравнение шкода",3339
"сравнение",popular,"сравнение 3 банков",3338
"сравнение",popular,"сравнение разными показателями",3337
"сравнение",popular,"сравнение карт 5 класс",3336
"сравнение",popular,"samsung a57 сравнение",3336
"сравнение",popular,"сравнение растений и животных",3335
"сравнение",popular,"окружающее сравнение",3334
"сравнение",popular,"6 примеров сравнение",3333
"сравнение",popular,"сравнение родов",3329
"сравнение",popular,"видео обзор сравнения",3327
"сравнение",popular,"орудие сравнение время место",3323
"сравнение",popular,"сравнения строения клеток",3322
"сравнение",popular,"amd ryzen 7 сравнение",3321
"сравнение",popular,"определения и сравнения выпиши их",3321
"сравнение",popular,"сравнение числа 3 5 и 3",3316
"сравнение",popular,"сравнение процессоров snapdragon",3315
"сравнение",popular,"сравнение 14 про и 15 про",3315
"сравнение",popular,"самсунг с 26 сравнение с айфоном",3311
"сравнение",popular,"huawei watch gt сравнение",3310
"сравнение",popular,"сравнение 1 2 классов",3305
"сравнение",popular,"сравнение телефонов хонор",3305
"сравнение",popular,"по сравнению с соответствующим",3304
"сравнение",popular,"тыс рублей по сравнению с",3304
"сравнение",popular,"сравнение с другими людьми",3297
"сравнение",popular,"анафора сравнение",3296
"сравнение",popular,"расчеты сравнение",3294
"сравнение",popular,"сравнение западной",3293
"сравнение",popular,"формат сравнения",3289
"сравнение",popular,"хонор 600 и 600 лайт сравнение",3288
"сравнение",popular,"сравнение двух слов",3287
"сравнение",popular,"сравнение в чтении",3286
"сравнение",popular,"сравнение долей",3281
"сравнение",popular,"урок сравнение натуральных чисел 5 класс",3278
"сравнение",popular,"деревня сравнение",3278
"сравнение",popular,"художественное сравнение примеры",3276
"сравнение",popular,"5 сравнений 5 олицетворений",3273
"сравнение",popular,"сравнение процессоров телефонов",3269
"сравнение",popular,"z fold сравнение",3267
"сравнение",popular,"сравнение подходов",3265
"сравнение",popular,"жить в сравнении",3262
"сравнение",popular,"сравнение членов",3262
"сравнение",popular,"наименьшие в январе по сравнению",3260
"сравнение",popular,"сравнение чисел 9 класс алгебра",3258
"сравнение",popular,"сравнение пройти",3257
"сравнение",popular,"сравнение числовых",3256
"сравнение",popular,"сравнение инструментов",3255
"сравнение",popular,"сравнение слов в языках",3255
"сравнение",popular,"сравнение с 22",3251
"сравнение",popular,"средства художественной выразительности сравнение олицетворение",3251
"сравнение",popular,"сравнение политических",3247
"сравнение",popular,"сравнение телефонов онлайн",3245
"сравнение",popular,"5 по сравнению с предыдущим",3242
"сравнение",popular,"личный сравнение",3241
"сравнение",popular,"основные методы сравнения",3239
"сравнение",popular,"redmi note 15 и 15 pro сравнение",3239
"сравнение",popular,"dji сравнения",3238
"сравнение",popular,"сравнение форд",3235
"сравнение",popular,"сравнение героев произведения",3232
"сравнение",popular,"зарплата сравнение",3231
"сравнение",popular,"риторические сравнения",3231
"сравнение",popular,"лада веста сравнение",3231
"сравнение",popular,"сравнение лады весты",3231
"сравнение",popular,"возможные сравнения",3229
"сравнение",popular,"отдельный сравнение",3229
"сравнение",popular,"сравнения вещей",3228
"сравнение",popular,"сравнение железа",3228
"сравнение",popular,"сравнение 1 4 и 1 8",3226
"сравнение",popular,"нижний сравнение",3225
"сравнение",popular,"сравнение событий",3225
"сравнение",popular,"сравнение 2 растений",3225
"сравнение",popular,"сравнение m4",3221
"сравнение",popular,"алгебра 8 сравнение действительных чисел",3220
"сравнение",popular,"snapdragon 8 сравнение",3220
"сравнение",popular,"сравнение фразеологизм",3218
"сравнение",popular,"сравнение процессоров amd",3213
"сравнение",popular,"honor 8 pro сравнение",3211
"сравнение",popular,"сравнения украина",3211
"сравнение",popular,"2 предмета сравнение",3210
"сравнение",popular,"сравнение процессоров core",3210
"сравнение",popular,"сравнение гор",3207
"сравнение",popular,"сравнение художественный прием",3206
"сравнение",popular,"сравнение роутеров",3204
"сравнение",popular,"сравнение процессоров смартфонов",3203
"сравнение",popular,"формы сравнения прилагательных",3203
"сравнение",popular,"реалми 16 сравнение",3200
"сравнение",popular,"сравнение 2 животных",3199
"сравнение",popular,"5500 сравнение",3199
"сравнение",popular,"сравнение фильтров",3198
"сравнение",popular,"сравнение тренажеров",3195
"сравнение",popular,"честное сравнение",3194
"сравнение",popular,"сравнение тенет т7",3193
"сравнение",popular,"спарк сравнение",3192
"сравнение",popular,"образованный степени сравнения",3190
"сравнение",popular,"сравнение огэ",3189
"сравнение",popular,"сравнение уровня жизни",3188
"сравнение",popular,"камера 17 айфона сравнение",3188
"сравнение",popular,"утро сравнение",3186
"сравнение",popular,"образует степени сравнения",3186
"сравнение",popular,"6 gt сравнение",3183
"сравнение",popular,"сравнение размеров людей",3178
"сравнение",popular,"сравнение услуги",3178
"сравнение",popular,"xbox series сравнение",3177
"сравнение",popular,"huawei nova 15 сравнение",3177
"сравнение",popular,"подробные сравнение",3173
"сравнение",popular,"изобразительные средства языка сравнение",3173
"сравнение",popular,"сравнение компьютеров",3171
"сравнение",popular,"сравнение антитеза метафора",3169
"сравнение",popular,"сравнение катушек",3168
"сравнение",popular,"боги сравнение",3167
"сравнение",popular,"geforce rtx сравнение",3166
"сравнение",popular,"kugoo сравнение",3165
"сравнение",popular,"сравнение 11 13",3163
"сравнение",popular,"рублей меньше по сравнению с",3162
"сравнение",popular,"сравнение с 300",3160
"сравнение",popular,"сравнение учеников",3156
"сравнение",popular,"проверка сравнением",3155
"сравнение",popular,"tenet сравнение",3154
"сравнение",popular,"сравнение вселенной",3153
"сравнение",popular,"сравнение и упорядочивание рациональных",3152
"сравнение",popular,"режим сравнения",3149
"сравнение",popular,"сравнение samsung s25 и s26",3149
"сравнение",popular,"видеокарты gtx сравнение",3148
"сравнение",popular,"отрицательное сравнение",3148
"сравнение",popular,"показатели используемые для сравнения",3146
"сравнение",popular,"мировые сравнения",3146
"сравнение",popular,"сравнение ртх",3146
"сравнение",popular,"гипербола литота сравнение",3146
"сравнение",popular,"синтез сравнение",3144
"сравнение",popular,"сравнению с началом периода",3144
"сравнение",popular,"редми 15 и 15 про сравнение",3141
"сравнение",popular,"сравнения брендов",3139
"сравнение",popular,"средство выразительности сравнение примеры",3138
"сравнение",popular,"пользоваться сравнением",3138
"сравнение",popular,"алгебра сравнение упорядочивание рациональных чисел",3136
"сравнение",popular,"сравнение 3080",3136
"сравнение",popular,"сравнение 7 и 10",3133
"сравнение",popular,"сравнения мыла",3133
"сравнение",popular,"спорт сравнение",3130
"сравнение",popular,"куго сравнение",3129
"сравнение",popular,"сравнение действительных чисел 8 класс алгебра",3128
"сравнение",popular,"личность сравнение",3128
"сравнение",popular,"в сравнении с прошлым годом",3126
"сравнение",popular,"монжаро сравнение",3123
"сравнение",popular,"сравнение видел",3123
"сравнение",popular,"анализ методом сравнения",3121
"сравнение",popular,"сравнение мобильных процессоров",3119
"сравнение",popular,"сердце сравнение",3118
"сравнение",popular,"сравнение давление",3117
"сравнение",popular,"сравнение молекул",3116
"сравнение",popular,"16 плюс сравнение",3116
"сравнение",popular,"примеры эпитетов метафор сравнений олицетворений",3115
"сравнение",popular,"яркое сравнение",3109
"сравнение",popular,"сравнение 14 и 17",3101
"сравнение",popular,"сравнение самолетов",3101
"сравнение",popular,"сравнение radeon rx",3101
"сравнение",popular,"x6 сравнение",3098
"сравнение",popular,"сравнение видеокарт rx",3097
"сравнение",popular,"сравнение 14 и 16",3097
"сравнение",popular,"антитеза сравнение эпитет",3087
"сравнение",popular,"сравнение искра",3086
"сравнение",popular,"сравнение с25 и с25 ультра",3085
"сравнение",popular,"сравнение 17 и 26",3083
"сравнение",popular,"сравнение 5 текста",3082
"сравнение",popular,"сравнение действительных чисел презентация",3077
"сравнение",popular,"samsung s23 сравнение",3076
"сравнение",popular,"сравнение honor magic 8",3074
"сравнение",popular,"сравнение аленушки и братца иванушки",3072
"сравнение",popular,"найди образные определения и сравнения выпиши их",3069
"сравнение",popular,"миллион сравнений",3064
"сравнение",popular,"сравнение маленький какие",3059
"сравнение",popular,"сравнение групп предметов 1",3059
"сравнение",popular,"сравнение 2 государств",3055
"сравнение",popular,"xiaomi 8 сравнение",3054
"сравнение",popular,"сравнение h",3054
"сравнение",popular,"какими средствами сравнения эпитеты метафоры",3052
"сравнение",popular,"oppo reno сравнение",3049
"сравнение",popular,"сравнение 5060 и 5060 ti",3048
"сравнение",popular,"руб по сравнению с",3041
"сравнение",popular,"сравнение маленьких чисел в с",3040
"сравнение",popular,"мозг сравнение",3039
"сравнение",popular,"сравнение мозгов",3039
"сравнение",popular,"айфон мини сравнение",3038
"сравнение",popular,"сравнение цен на товары",3038
"сравнение",popular,"сравнение плотности",3037
"сравнение",popular,"неандерталец сравнение",3034
"сравнение",popular,"сравнение географического положения",3033
"сравнение",popular,"сравнение helios",3030
"сравнение",popular,"iphone 14 pro сравнение",3029
"сравнение",popular,"айфон 16 и 15 про сравнение",3029
"сравнение",popular,"смотреть сравнение",3029
"сравнение",popular,"сравнение м6",3025
"сравнение",popular,"райзен 5 сравнение",3025
"сравнение",popular,"сравнение александра",3025
"сравнение",popular,"mediatek сравнение",3023
"сравнение",popular,"сравнение коэффициентов",3023
"сравнение",popular,"сравнение металлические",3014
"сравнение",popular,"сравнение дробей 6",3014
"сравнение",popular,"сравнение двух групп предметов",3013
"сравнение",popular,"сравнение 2 8 и 2 5",3012
"сравнение",popular,"сравнение способностей",3011
"сравнение",popular,"сравнение ввп",3010
"сравнение",popular,"сравнение планетов",3010
"сравнение",popular,"сравнение какой тип",3007
"сравнение",popular,"сравнение с 90",3004
"сравнение",popular,"какие образные определения и сравнения",3004
"сравнение",popular,"сравнение дизеля",3003
"сравнение",popular,"сравнение с соседями",3003
"сравнение",popular,"сравнение мотоциклов",3003
"сравнение",popular,"самсунг s сравнение",3003
"сравнение",popular,"хуавей нова 15 сравнение",3000
"сравнение",popular,"сравнение неба",2999
"сравнение",popular,"проблема сравнения",2999
"сравнение",popular,"сравнение пс",2998
"сравнение",popular,"изобразительно выразительные средства языка сравнения",2991
"сравнение",popular,"самсунг а37 сравнение",2989
"сравнение",popular,"сравнение air и pro",2985
"сравнение",popular,"3 типа сравнения",2985
"сравнение",popular,"сравнение yamaha",2983
"сравнение",popular,"приведи 2 примера сравнения",2982
"сравнение",popular,"задание 2 сравнение чисел",2979
"зависимость от телефона",popular,"зависимость от телефона",6120
"зависимость от телефона",popular,"как избавиться от зависимости телефона",528
"зависимость от телефона",popular,"зависимость от телефона у детей",424
"зависимость от телефона",popular,"зависимость от телефона у подростков",385
"зависимость от телефона",popular,"как называется зависимость от телефона",378
"зависимость от телефона",popular,"как убрать зависимость от телефона",213
"зависимость от телефона",popular,"зависимость от телефона видео",202
"зависимость от телефона",popular,"про зависимость от телефона",195
"зависимость от телефона",popular,"зависимость от телефона и интернета",165
"зависимость от телефона",popular,"зависимость людей от телефонов",141
"зависимость от телефона",popular,"зависимость от игр в телефоне",131
"зависимость от телефона",popular,"зависимость от телефона у взрослых",131
"зависимость от телефона",popular,"что делать если зависимость от телефона",129
"зависимость от телефона",popular,"укол от телефона зависимости",124
"зависимость от телефона",popular,"зависимость от мобильных телефонов",114
"зависимость от телефона",popular,"зависимость от гаджетов телефонов",110
"зависимость от телефона",popular,"лечение зависимости от телефона",107
"зависимость от телефона",popular,"зависимость от телефона темы",107
"зависимость от телефона",popular,"как побороть зависимость от телефона",104
"зависимость от телефона",popular,"тест на зависимость от телефона",101
"зависимость от телефона",popular,"приложение от зависимости от телефона",100
"зависимость от телефона",popular,"признаки зависимости от телефона",98
"зависимость от телефона",popular,"у ребенка зависимость от телефона что делать",98
"зависимость от телефона",popular,"есть ли зависимость от телефона",98
"зависимость от телефона",popular,"как избавиться от зависимости телефона и интернета",82
"зависимость от телефона",popular,"зависимость от телефона у подростков что делать",77
"зависимость от телефона",popular,"проблема зависимости от телефона",77
"зависимость от телефона",popular,"сильная зависимость от телефона",76
"зависимость от телефона",popular,"как бороться с зависимостью от телефона",75
"зависимость от телефона",popular,"зависимость от телефона болезнь",75
"зависимость от телефона",popular,"зависимость от телефонов воля",73
"зависимость от телефона",popular,"зависимость родителя от телефона",70
"зависимость от телефона",popular,"павел воля зависимость от телефонов",63
"зависимость от телефона",popular,"как лечить зависимость от телефона",63
"зависимость от телефона",popular,"зависимость от телефона картинки",62
"зависимость от телефона",popular,"как справиться с зависимостью от телефона",61
"зависимость от телефона",popular,"зависимость детей от телефона видео",61
"зависимость от телефона",popular,"зависимость от телефона фильм",61
"зависимость от телефона",popular,"психолог зависимость от телефона",58
"зависимость от телефона",popular,"как называется болезнь зависимости от телефона",57
"зависимость от телефона",popular,"современный зависимость от телефона",56
"зависимость от телефона",popular,"зависимость от экрана телефона",51
"зависимость от телефона",popular,"почему зависимость от телефона",50
"зависимость от телефона",popular,"зависимость от телефона книги",50
"зависимость от телефона",popular,"зависимость от телефона смотреть",49
"зависимость от телефона",popular,"камеди клаб зависимость от телефонов",47
"зависимость от телефона",popular,"зависимость от компьютера и телефона",47
"зависимость от телефона",popular,"фильм про зависимость от телефона",45
"зависимость от телефона",popular,"цифровой зависимость от телефона",44
"зависимость от телефона",popular,"зависимость от телефона как понять",43
"зависимость от телефона",popular,"симптомы зависимости от телефона",43
"зависимость от телефона",popular,"как убрать зависимость от телефона у подростка",43
"зависимость от телефона",popular,"виды зависимости от телефона",40
"зависимость от телефона",popular,"день зависимости от телефона",39
"зависимость от телефона",popular,"причина зависимости от телефона",36
"зависимость от телефона",popular,"зависимость от телефона форум",35
"зависимость от телефона",popular,"как снизить зависимость от телефона",33
"зависимость от телефона",popular,"лучшие зависимости от телефона",33
"зависимость от телефона",popular,"появилась зависимость от телефона",32
"зависимость от телефона",popular,"детская зависимость от телефона",31
"зависимость от телефона",popular,"к чему приводит зависимость от телефона",30
"зависимость от телефона",popular,"зависимость от сотового телефона",30
"зависимость от телефона",popular,"зависимость от телефона сообщение",29
"зависимость от телефона",popular,"зависимость от телефона название",29
"зависимость от телефона",popular,"номер телефона от алкогольной зависимости",28
"зависимость от телефона",popular,"как вылечить зависимость от телефона",27
"зависимость от телефона",popular,"как отучить от зависимости телефона",26
"зависимость от телефона",popular,"мультик зависимость от телефона",26
"зависимость от телефона",popular,"как победить зависимость от телефона",25
"зависимость от телефона",popular,"лечение зависимости от телефона у подростка",24
"зависимость от телефона",popular,"зависимость от телефона как называется у детей",23
"зависимость от телефона",popular,"мультфильм зависимость от телефона",22
"зависимость от телефона",popular,"как проявляется зависимость от телефона",21
"зависимость от телефона",popular,"зависимость от телефона последствия",19
"зависимость от телефона",popular,"признаки зависимости от телефона у подростков",19
"зависимость от телефона",popular,"как избавиться от зависимости телефона ребенку",18
"зависимость от телефона",popular,"как убрать зависимость от телефона у ребенка",18
"зависимость от телефона",popular,"книга про зависимость от телефона",17
"зависимость от телефона",popular,"как избавить ребенка от зависимости телефона",17
"зависимость от телефона",popular,"как называется зависимость от телефона и интернета",16
"зависимость от телефона",popular,"зависимость от телефона у взрослых что делать",16
"зависимость от телефона",popular,"фото зависимость от телефона",16
"зависимость от телефона",popular,"как лечить зависимость от телефона у подростка",16
"зависимость от телефона",popular,"мультик про зависимость от телефона",16
"зависимость от телефона",popular,"зависимость от телефона грех",15
"зависимость от телефона",popular,"чем опасна зависимость от телефона",15
"зависимость от телефона",popular,"молитва от зависимости телефона",14
"зависимость от телефона",popular,"лечение зависимости ребенка от телефона",14
"зависимость от телефона",popular,"как определить зависимость от телефона",14
"зависимость от телефона",popular,"зависимость от телефона у детей видео истерика",14
"зависимость от телефона",popular,"признаки зависимости от телефона у ребенка",13
"зависимость от телефона",popular,"существует ли зависимость от телефона",13
"зависимость от телефона",popular,"обои от зависимости от телефона",13
"зависимость от телефона",popular,"мультфильм про зависимость от телефонов",13
"зависимость от телефона",popular,"ребенок 10 лет зависимость от телефона",12
"зависимость от телефона",popular,"зависимость от телефона ролик",11
"зависимость от телефона",popular,"дофаминовая зависимость от телефона",11
"зависимость от телефона",popular,"зависимость от телефона и соцсетей",11
"зависимость от телефона",popular,"как отучиться от зависимости телефона",10
"зависимость от телефона",popular,"как побороть зависимость от телефона у подростка",10
"зависимость от телефона",popular,"картинки про зависимость от телефона",10
"зависимость от телефона",popular,"тест на зависимость от телефона для подростков",10
"зависимость от телефона",popular,"зависимость от телефона на английском",9
"зависимость от телефона",popular,"как преодолеть зависимость от телефона",9
"зависимость от телефона",popular,"психологическая зависимость от телефона",9
"зависимость от телефона",popular,"как уйти от зависимости телефона",9
"зависимость от телефона",popular,"уральские пельмени зависимость от телефона",9
"зависимость от телефона",popular,"зависимость от телефона отзывы",9
"зависимость от телефона",popular,"заговор от зависимости от телефона",8
"зависимость от телефона",popular,"как называется грех зависимости от телефона",8
"зависимость от телефона",popular,"как побороть зависимость от телефона у ребенка",8
"зависимость от телефона",popular,"как уменьшить зависимость от телефона",8
"зависимость от телефона",popular,"зависимость от телефона у взрослых как лечить",8
"зависимость от телефона",popular,"лучшие школы зависимости от телефона в москве",7
"зависимость от телефона",popular,"борьба с зависимостью от телефона",7
"зависимость от телефона",popular,"как называется зависимость от гаджетов и телефонов",7
"зависимость от телефона",popular,"зависимость от телефона у подростков симптомы",7
"зависимость от телефона",popular,"обзор зависимости от телефона",7
"зависимость от телефона",popular,"мультик про зависимость от телефона для детей",7
"зависимость от телефона",popular,"как проявляется зависимость от телефона у ребенка",7
"зависимость от телефона",popular,"как избавиться от дофаминовой зависимости к телефону",6
"зависимость от телефона",popular,"зависимость от телефона у подростков как называется",6
"зависимость от телефона",popular,"признаки зависимости от телефона у взрослого",6
"зависимость от телефона",popular,"зависимость от телефона у подростков занятия викторина",5
"зависимость от телефона",popular,"универ новая общага зависимость от телефона",5
"зависимость от телефона",popular,"зависимость от телефона в украине",5
"зависимость от телефона",popular,"какао бороть зависимость от телефона",5
"зависимость от телефона",popular,"эмоциональная зависимость от человека по телефону",5
"зависимость от телефона",popular,"зависимость от телефона у взрослых симптомы",4
"зависимость от телефона",popular,"тест на зависимость от телефона для школьников",4
"идеальная картинка",popular,"идеальные картинки",4075
"идеальная картинка",popular,"картинка идеального человека",177
"идеальная картинка",popular,"идеальная жизнь картинки",173
"идеальная картинка",popular,"идеальная женщина картинка",143
"идеальная картинка",popular,"картинка идеального мужчины",138
"идеальная картинка",popular,"идеально красивые картинки",137
"идеальная картинка",popular,"самые идеальные картинки",132
"идеальная картинка",popular,"эльбрус идеальная картинка",124
"идеальная картинка",popular,"идеальный мир картинка",105
"идеальная картинка",popular,"картинки идеальных отношений",104
"идеальная картинка",popular,"идеальная картинка фото",102
"идеальная картинка",popular,"идеальная работа картинки",97
"идеальная картинка",popular,"картинки идеального качества",93
"идеальная картинка",popular,"картинку идеального лета",87
"идеальная картинка",popular,"эльбрус 2 идеальная картинка",85
"идеальная картинка",popular,"идеальный муж картинки",81
"идеальная картинка",popular,"идеальный день картинка",75
"идеальная картинка",popular,"картинка идеальной семьи",71
"идеальная картинка",popular,"пусть картинка не идеальная",69
"идеальная картинка",popular,"идеально картинки скачать",69
"идеальная картинка",popular,"идеальная картинка фильм",66
"идеальная картинка",popular,"идеальное утро картинки",65
"идеальная картинка",popular,"идеальный размер картинки",65
"идеальная картинка",popular,"идеальная девушка картинка",64
"идеальная картинка",popular,"картинка идеальные дети",64
"идеальная картинка",popular,"картинки идеального дома",59
"идеальная картинка",popular,"эльбрус идеальная картинка смотреть",58
"идеальная картинка",popular,"картинка идеальная пара",54
"идеальная картинка",popular,"картинки идеальных пар",54
"идеальная картинка",popular,"картинка идеального лица",53
"идеальная картинка",popular,"сериал эльбрус идеальная картинка",52
"идеальная картинка",popular,"идеальный друг картинка",50
"идеальная картинка",popular,"идеальное описание картинки",43
"идеальная картинка",popular,"эльбрус 2 идеальная картинка смотреть",42
"идеальная картинка",popular,"выглядит как идеальная картинка",42
"идеальная картинка",popular,"идеально черная картинка",41
"идеальная картинка",popular,"идеальный цвет картинки",40
"идеальная картинка",popular,"картинка идеальное тело",40
"идеальная картинка",popular,"идеально картинка надпись",38
"идеальная картинка",popular,"идеальная фигура картинки",37
"идеальная картинка",popular,"картинки идеальная мама",34
"идеальная картинка",popular,"пусть картинка не идеальная песня",33
"идеальная картинка",popular,"эльбрус идеальная картинка 2 2 серия",27
"идеальная картинка",popular,"идеально картинка мем",27
"идеальная картинка",popular,"идеальные картинки вещей",26
"идеальная картинка",popular,"некрасов идеальная картинка",26
"идеальная картинка",popular,"эльбрус 2 серия идеальная картинка смотреть",23
"идеальная картинка",popular,"картинка почти идеальный",22
"идеальная картинка",popular,"порно идеальная картинка",22
"идеальная картинка",popular,"эльбрус сериал 2 сезон идеальная картинка",21
"идеальная картинка",popular,"картинка идеального города",19
"идеальная картинка",popular,"картинка женщина ждущая идеального",18
"идеальная картинка",popular,"идеальная школа картинки",17
"идеальная картинка",popular,"жду идеального мужчину картинка",16
"идеальная картинка",popular,"женщина ждущая идеального мужчину картинки",16
"идеальная картинка",popular,"идеальная жена картинки",15
"идеальная картинка",popular,"эльбрус 2 идеальная картинка сериал смотреть",15
"идеальная картинка",popular,"идеальные зубы картинки",14
"идеальная картинка",popular,"картинка идеальный девочка",13
"идеальная картинка",popular,"moonlighter 2 идеальные цены с картинками",11
"идеальная картинка",popular,"мой идеальный смерч картинки",10
"идеальная картинка",popular,"картинки с добрым утром идеальные",9
"идеальная картинка",popular,"эльбрус сериал 2 сезон идеальная картинка 2026",7
"идеальная картинка",popular,"зацепит ли зрителя не идеальная картинка определение",7
"идеальная картинка",popular,"идеальный анестезиолог картинка",7
"идеальная картинка",popular,"идеальная грудь картинки",6
"идеальная картинка",popular,"картинки нет браков идеальных стихи",6
"идеальная картинка",popular,"как картинку покрутить идеально в капкуте",6
"идеальная картинка",popular,"картинки красивые менет идеально",6
"идеальная картинка",popular,"идеальные моменты в жизни совпадения картинки",5
"идеальная картинка",popular,"идеальная картинка эльбрус содержание",5
"идеальная картинка",popular,"картинка идеально суши",5
"идеальная картинка",popular,"картинка на небесах играет идеальная музыка",5
"идеальная картинка",popular,"идеальная картинка самых красивых половых губ",5
"идеальная картинка",popular,"картинки красивые менет идеально скачать бесплатно",5
