seed,phrase,frequency
Метафорические карты,4 метафорические карты,41
Метафорические карты,50 метафорических карт,96
Метафорические карты,50 метафорических карт для пробуждения сексуальности,13
Метафорические карты,66 и 6 демонов метафорические карты,19
Метафорические карты,66 и 6 демонов метафорические карты колода,5
Метафорические карты,70 ресурсов женщины метафорические ассоциативные карты,8
Метафорические карты,abstractus метафорические карты,86
Метафорические карты,abstractus метафорические карты расшифровка,47
Метафорические карты,dark romance draft anna 40 метафорических карт,10
Метафорические карты,inner active cards метафорические карты,19
Метафорические карты,mac cards метафорические карты,5
Метафорические карты,macard метафорические карты,24
Метафорические карты,macards ru метафорические карты,13
Метафорические карты,maccards сайт метафорических карт,19
Метафорические карты,macroom метафорические карты,24
Метафорические карты,parts work метафорические карты,5
Метафорические карты,personita метафорические карты,11
Метафорические карты,resilio метафорические карты,26
Метафорические карты,tanya asmr видео про метафорические карты,6
Метафорические карты,veda ram метафорические карты,19
Метафорические карты,абстрактная колода метафорических карт,14
Метафорические карты,абстрактные метафорические карты,30
Метафорические карты,авито метафорические карты,47
Метафорические карты,авторская колода карт метафорические,6
Метафорические карты,авторские метафорические карты,25
Метафорические карты,алгоритм метафорические карты,18
Метафорические карты,алиса метафорически метафорические карты,21
Метафорические карты,анализ метафорических карт,13
Метафорические карты,ангельские метафорические карты,5
Метафорические карты,аниби метафорические карты,9
Метафорические карты,анна гращенкова метафорические карты,8
Метафорические карты,анна моисеенко метафорические карты,13
Метафорические карты,арома чакра метафорические карты,7
Метафорические карты,арт терапия метафорические карты,66
Метафорические карты,архетипы и тени метафорические карты расшифровка,20
Метафорические карты,архетипы русских сказок 50 метафорических карт,17
Метафорические карты,ассоциативно метафорические карты скачать бесплатно,33
Метафорические карты,ассоциативные метафорические карты методика,72
Метафорические карты,ассоциативные метафорические карты секрет онлайн купить,5
Метафорические карты,ассоциация метафорические карты,56
Метафорические карты,берегиня метафорические ассоциативные карты,9
Метафорические карты,бесплатно обучу метафорическим картам,5
Метафорические карты,библиотека метафорических карт,10
Метафорические карты,благословение рода метафорические карты,24
Метафорические карты,бот метафорические карты,21
Метафорические карты,бронислав виногродский метафорические карты,17
Метафорические карты,буравцова метафорические карты,40
Метафорические карты,буравцова метафорические карты в пространстве консультирования,24
Метафорические карты,варда ма метафорические карты,30
Метафорические карты,виды метафорических ассоциативных карт,22
Метафорические карты,возможности использования метафорических карт в организационной диагностике,5
Метафорические карты,возможности метафорических карт,17
Метафорические карты,вопрос про отношения метафорическим картам,13
Метафорические карты,вопросы для метафорических карт,166
Метафорические карты,вопросы для метафорических карт про себя,12
Метафорические карты,вопросы для метафорических карт список,8
Метафорические карты,вопросы для работы с метафорическими картами,22
Метафорические карты,вопросы к метафорическим картам о человеке,8
Метафорические карты,вопросы к метафорическим картам примеры,17
Метафорические карты,выбор метафорические карты,87
Метафорические карты,выбрать метафорическую карту онлайн,20
Метафорические карты,вытащить метафорическую карту,78
Метафорические карты,вытащить метафорическую карту онлайн,40
Метафорические карты,вытащить метафорическую карту онлайн бесплатно,5
Метафорические карты,вытянуть метафорическую карту онлайн,87
Метафорические карты,вытянуть метафорическую карту онлайн бесплатно,11
Метафорические карты,гадание на метафорических картах,225
Метафорические карты,гадание на метафорических картах онлайн бесплатно,47
Метафорические карты,галерея метафорических карт,64
Метафорические карты,говорящие метафорические карты,36
Метафорические карты,голос моего тела метафорические карты,10
Метафорические карты,голос предков метафорические карты,24
Метафорические карты,групповая работа с метафорическими картами,8
Метафорические карты,две жизни метафорические ассоциативные карты для самопознания,7
Метафорические карты,девочка и кит метафорические карты,37
Метафорические карты,детские метафорические карты,63
Метафорические карты,диагностика метафорическими картами,77
Метафорические карты,дикая душа метафорические карты,16
Метафорические карты,для чего нужны метафорические карты,57
Метафорические карты,дмитриева метафорические карты,28
Метафорические карты,дмитриева метафорические карты в пространстве консультирования,20
Метафорические карты,довлатов константин метафорические карты,7
Метафорические карты,достать метафорическую карту,10
Метафорические карты,достать метафорическую карту онлайн,7
Метафорические карты,евгения баксан метафорические карты,44
Метафорические карты,женские метафорические карты,159
Метафорические карты,задать вопрос метафорическим картам,152
Метафорические карты,запросы для метафорических карт,24
Метафорические карты,зеркало русской сказки метафорические карты,34
Метафорические карты,значение ассоциативно метафорических карт,47
Метафорические карты,значение метафорических карт,545
Метафорические карты,значение метафорических карт расшифровка,30
Метафорические карты,значение часы в метафорических картах,6
Метафорические карты,игра метафорические карты,207
Метафорические карты,игра настольная метафорические карты,13
Метафорические карты,игра с использованием метафорических карт тысяча дорог,5
Метафорические карты,из сундука прошлого метафорические карты скачать,9
Метафорические карты,изготовление метафорических карт,14
Метафорические карты,издательство метафорических карт,21
Метафорические карты,иматон метафорические карты,15
Метафорические карты,ингерлейб метафорические карты,83
Метафорические карты,инструкция как сделать бота с метафорическим картам,8
Метафорические карты,интересные метафорические карты,18
Метафорические карты,интернет магазин метафорических карт,21
Метафорические карты,интерпретация метафорической карты,37
Метафорические карты,ирина орда метафорические карты,67
Метафорические карты,ирина таран метафорические карты,7
Метафорические карты,ирина тараненко психолог метафорические карты,5
Метафорические карты,ирина федорова метафорические карты,56
Метафорические карты,использование метафорических ассоциативных карт,116
Метафорические карты,использование метафорических карт в работе психолога,22
Метафорические карты,история метафорических карт,85
Метафорические карты,история создания метафорических карт,17
Метафорические карты,ищи ответы в петербурге метафорические карты,15
Метафорические карты,как выбрать метафорические карты,41
Метафорические карты,как выбрать метафорические карты для себя новичку,5
Метафорические карты,как задать вопрос про беременность метафорическим картам,5
Метафорические карты,как интерпретировать метафорические карты,8
Метафорические карты,как использовать метафорические карты,55
Метафорические карты,как называется второй слой восприятия метафорической карты,7
Метафорические карты,как нарисовать свою метафорическую карту,5
Метафорические карты,как научиться метафорическим картам,23
Метафорические карты,как научиться читать метафорические карты,6
Метафорические карты,как начать работать с метафорическими картами,7
Метафорические карты,как пользоваться метафорическими картами,131
Метафорические карты,как понять метафорическую карту,31
Метафорические карты,как правильно пользоваться метафорическими картами,13
Метафорические карты,как правильно работать с метафорическими картами,10
Метафорические карты,как работать с метафорическими ассоциативными картами,29
Метафорические карты,как работать с метафорическими картами,443
Метафорические карты,как работать с метафорическими картами мак,9
Метафорические карты,как работать с метафорическими картами психологу,21
Метафорические карты,как работать с метафорическими картами самостоятельно,77
Метафорические карты,как работать с метафорическими картами таро,6
Метафорические карты,как расшифровывать метафорические карты,46
Метафорические карты,как сделать метафорические карты самостоятельно,6
Метафорические карты,как создать метафорические карты,72
Метафорические карты,как создать метафорические карты самому пошаговая инструкция,13
Метафорические карты,как создать свою колоду метафорических карт,9
Метафорические карты,как создаются метафорические карты,8
Метафорические карты,как трактовать метафорические карты,25
Метафорические карты,как читать метафорические карты,35
Метафорические карты,как читать метафорические карты правильно,8
Метафорические карты,какие бывают метафорические карты,14
Метафорические карты,какие вопросы задать метафорическим картам,93
Метафорические карты,какие вопросы можно задать метафорическим картам,47
Метафорические карты,какие выбрать метафорические карты,57
Метафорические карты,какие метафорические карты лучше выбрать,12
Метафорические карты,какие метафорические карты лучше выбрать новичку,7
Метафорические карты,камилла крюгер метафорические ассоциативные карты,12
Метафорические карты,карта метафорических онлайн гадать,14
Метафорические карты,карта ох метафорические купить,8
Метафорические карты,картинки метафорических ассоциативных карт,51
Метафорические карты,карты астро совет метафорические,5
Метафорические карты,карты интуитивные метафорические,27
Метафорические карты,карты любимая метафорические,16
Метафорические карты,карты метафорические баксан,54
Метафорические карты,карты метафорические лун,96
Метафорические карты,карты подсознания метафорические,72
Метафорические карты,карты предки метафорические,30
Метафорические карты,карты предсказаний метафорические,36
Метафорические карты,карты психолога метафорические ассоциативные,126
Метафорические карты,карты психологические метафорические онлайн,16
Метафорические карты,карты федоровой метафорические,63
Метафорические карты,кац метафорические карты,90
Метафорические карты,кац метафорические карты руководство для психолога,61
Метафорические карты,кац мухаматулина метафорические карты,62
Метафорические карты,кац мухаматулина метафорические карты руководство,47
Метафорические карты,кац мухаматулина метафорические карты руководство для психолога,47
Метафорические карты,кирилл сидоров метафорические ассоциативные карты сказочные архетипы,7
Метафорические карты,книга работа с метафорическими картами,25
Метафорические карты,книги купить метафорическими картами,12
Метафорические карты,кнуты и пряники метафорические карты,29
Метафорические карты,колода cope метафорические карты,33
Метафорические карты,колода oh метафорические карты,24
Метафорические карты,колода диксит метафорические карты,7
Метафорические карты,колода метафорических ассоциативных карт,218
Метафорические карты,колода метафорических карт,1027
Метафорические карты,колода метафорических карт ох,12
Метафорические карты,колода метафорических карт скачать,57
Метафорические карты,колода метафорических карт скачать бесплатно,17
Метафорические карты,колода морена метафорические карты,10
Метафорические карты,колода персона метафорические карты,13
Метафорические карты,колода хабитат метафорические карты,8
Метафорические карты,колоды метафорических карт бесплатно,39
Метафорические карты,консультация метафорическим картам,27
Метафорические карты,коуч метафорические карты,11
Метафорические карты,коучинговые метафорические карты,24
Метафорические карты,кто создал первую колоду метафорических карт,11
Метафорические карты,кто является создателем метафорических ассоциативных карт,17
Метафорические карты,купить метафорические карты для работы психолога,16
Метафорические карты,купить метафорические карты онлайн,27
Метафорические карты,курс работа с метафорическими картами,15
Метафорические карты,курсы метафорические ассоциативные карты,43
Метафорические карты,леднева метафорические карты,12
Метафорические карты,леонид тальпис метафорические карты,23
Метафорические карты,литературное вдохновение метафорические карты,22
Метафорические карты,литературное вдохновение метафорические карты эскимо,6
Метафорические карты,литературные источники метафорические карты,11
Метафорические карты,личные метафорических карт,60
Метафорические карты,лучшие метафорические карты,178
Метафорические карты,лучшие метафорические карты по чувствам для детей,5
Метафорические карты,магазины метафорические карты,48
Метафорические карты,мак арканес ру метафорические карты,15
Метафорические карты,мак гадание на метафорических картах,8
Метафорические карты,мак метафорические ассоциативные карты,427
Метафорические карты,мак метафорические ассоциативные карты онлайн,34
Метафорические карты,мак онлайн карты метафорические платформа,38
Метафорические карты,мак практика платформа для метафорических карт,48
Метафорические карты,мак практика платформа для метафорических карт онлайн,38
Метафорические карты,мак эксперт метафорические карты онлайн,5
Метафорические карты,маккардс метафорические карты,27
Метафорические карты,маккардс сайт метафорические карты,26
Метафорические карты,макомания интернет магазин метафорические карты,6
Метафорические карты,макомания метафорические карты,14
Метафорические карты,малиновская метафорические карты,118
Метафорические карты,мастер метафорических карт,99
Метафорические карты,мастер сказок для детей метафорические карты,6
Метафорические карты,мастер сказок метафорические карты значение карт,5
Метафорические карты,мат карты метафорические,7
Метафорические карты,матрицы для работы с метафорическими картами,7
Метафорические карты,метафорика платформа для метафорических карт,102
Метафорические карты,метафорика платформа для метафорических карт онлайн,102
Метафорические карты,метафорическая карта,1301
Метафорические карты,метафорическая карта,159
Метафорические карты,метафорическая карта,4037
Метафорические карты,метафорическая карта,924
Метафорические карты,метафорическая карта бабушка с внуком на радуге,5
Метафорические карты,метафорическая карта вода,53
Метафорические карты,метафорическая карта глаз,41
Метафорические карты,метафорическая карта года,128
Метафорические карты,метафорическая карта девушка,138
Метафорические карты,метафорическая карта дня,294
Метафорические карты,метафорическая карта дня онлайн,49
Метафорические карты,метафорическая карта дня онлайн бесплатно,20
Метафорические карты,метафорическая карта дня онлайн бесплатно с расшифровкой,9
Метафорические карты,метафорическая карта значение картинки,9
Метафорические карты,метафорическая карта ключ,100
Метафорические карты,метафорическая карта медведь,15
Метафорические карты,метафорическая карта настроение,24
Метафорические карты,метафорическая карта онлайн,311
Метафорические карты,метафорическая карта опоры,188
Метафорические карты,метафорическая карта отец,12
Метафорические карты,метафорическая карта радость,22
Метафорические карты,метафорическая карта россии,15
Метафорические карты,метафорическая карта рыба,14
Метафорические карты,метафорическая карта с танцующей девушкой,7
Метафорические карты,метафорическая карта сага,14
Метафорические карты,метафорическая карта сегодня,19
Метафорические карты,метафорическая карта сила,299
Метафорические карты,метафорическая карта солнце,27
Метафорические карты,метафорическая карта тело,70
Метафорические карты,метафорическая карта эфирных масел,22
Метафорические карты,метафорическая карты красная,30
Метафорические карты,метафорическая подборка карт скачать,5
Метафорические карты,метафорические ассоциативные карты,3763
Метафорические карты,метафорические ассоциативные карты 50 карт,43
Метафорические карты,метафорические ассоциативные карты cope,27
Метафорические карты,метафорические ассоциативные карты автор,45
Метафорические карты,метафорические ассоциативные карты аллегории,6
Метафорические карты,метафорические ассоциативные карты арт,27
Метафорические карты,метафорические ассоциативные карты бесплатно,116
Метафорические карты,метафорические ассоциативные карты в консультировании,30
Метафорические карты,метафорические ассоциативные карты в психологическом консультировании,26
Метафорические карты,метафорические ассоциативные карты в работе психолога,65
Метафорические карты,метафорические ассоциативные карты внутренний ребенок,27
Метафорические карты,метафорические ассоциативные карты внутренняя опора,25
Метафорические карты,метафорические ассоциативные карты внутренняя я,12
Метафорические карты,метафорические ассоциативные карты вопросы,85
Метафорические карты,метафорические ассоциативные карты гадать,13
Метафорические карты,метафорические ассоциативные карты для детей,53
Метафорические карты,метафорические ассоциативные карты для преодоления страхов,8
Метафорические карты,метафорические ассоциативные карты дороги,15
Метафорические карты,метафорические ассоциативные карты душа,21
Метафорические карты,метафорические ассоциативные карты е,30
Метафорические карты,метафорические ассоциативные карты женщина,32
Метафорические карты,метафорические ассоциативные карты значение каждой карты,6
Метафорические карты,метафорические ассоциативные карты и шмулевич,10
Метафорические карты,метафорические ассоциативные карты игры,34
Метафорические карты,метафорические ассоциативные карты ингерлейб,38
Метафорические карты,метафорические ассоциативные карты инструкция,22
Метафорические карты,метафорические ассоциативные карты ирина орда,30
Метафорические карты,метафорические ассоциативные карты используют,76
Метафорические карты,метафорические ассоциативные карты история,9
Метафорические карты,метафорические ассоциативные карты как пользоваться,9
Метафорические карты,метафорические ассоциативные карты карты жизни,28
Метафорические карты,метафорические ассоциативные карты книги,41
Метафорические карты,метафорические ассоциативные карты кому помогают,6
Метафорические карты,метафорические ассоциативные карты купить,84
Метафорические карты,метафорические ассоциативные карты курс для практики,27
Метафорические карты,метафорические ассоциативные карты метод,112
Метафорические карты,метафорические ассоциативные карты набор,38
Метафорические карты,метафорические ассоциативные карты обучение,64
Метафорические карты,метафорические ассоциативные карты онлайн,412
Метафорические карты,метафорические ассоциативные карты онлайн бесплатно,79
Метафорические карты,метафорические ассоциативные карты онлайн бесплатно с расшифровкой,35
Метафорические карты,метафорические ассоциативные карты онлайн расклад бесплатно,8
Метафорические карты,метафорические ассоциативные карты онлайн расклады,10
Метафорические карты,метафорические ассоциативные карты онлайн с расшифровкой,35
Метафорические карты,метафорические ассоциативные карты описание значения,10
Метафорические карты,метафорические ассоциативные карты отзывы,22
Метафорические карты,метафорические ассоциативные карты отношения,14
Метафорические карты,метафорические ассоциативные карты повышение квалификации,11
Метафорические карты,метафорические ассоциативные карты подростки,77
Метафорические карты,метафорические ассоциативные карты полный курс,27
Метафорические карты,метафорические ассоциативные карты полный курс для практики,27
Метафорические карты,метафорические ассоциативные карты презентация,9
Метафорические карты,метафорические ассоциативные карты проекция,9
Метафорические карты,метафорические ассоциативные карты работа с детьми,59
Метафорические карты,метафорические ассоциативные карты расклад,35
Метафорические карты,метафорические ассоциативные карты распечатать,10
Метафорические карты,метафорические ассоциативные карты рассвет,13
Метафорические карты,метафорические ассоциативные карты ресурсы,59
Метафорические карты,метафорические ассоциативные карты родительские установки и запреты,7
Метафорические карты,метафорические ассоциативные карты руководство,23
Метафорические карты,метафорические ассоциативные карты сезоны,22
Метафорические карты,метафорические ассоциативные карты скачать,96
Метафорические карты,метафорические ассоциативные карты скачать колоду,11
Метафорические карты,метафорические ассоциативные карты скачать колоду бесплатно,5
Метафорические карты,метафорические ассоциативные карты смотритель маяка,6
Метафорические карты,метафорические ассоциативные карты создал,71
Метафорические карты,метафорические ассоциативные карты страх,26
Метафорические карты,метафорические ассоциативные карты тайны подсознания,5
Метафорические карты,метафорические ассоциативные карты тараканы в голове,21
Метафорические карты,метафорические ассоциативные карты таро,27
Метафорические карты,метафорические ассоциативные карты техника,103
Метафорические карты,метафорические ассоциативные карты техники работы,62
Метафорические карты,метафорические ассоциативные карты травмы,28
Метафорические карты,метафорические ассоциативные карты универсальные,59
Метафорические карты,метафорические ассоциативные карты читать,7
Метафорические карты,метафорические ассоциативные карты что это в психологии,5
Метафорические карты,метафорические ассоциативные карты эмоцарики,7
Метафорические карты,метафорические ассоциативные карты эмоции,21
Метафорические карты,метафорические ассоциативные ресурсные карты,18
Метафорические карты,метафорические е карты,72
Метафорические карты,метафорические карты,41630
Метафорические карты,метафорические карты 1000 дорог,37
Метафорические карты,метафорические карты,23210
Метафорические карты,метафорические карты,393
Метафорические карты,метафорические карты,7812
Метафорические карты,метафорические карты cope,86
Метафорические карты,метафорические карты ecco,17
Метафорические карты,метафорические карты fairy tale,12
Метафорические карты,метафорические карты galinafolk,13
Метафорические карты,метафорические карты habitat,20
Метафорические карты,метафорические карты inner active,19
Метафорические карты,метафорические карты mac,9
Метафорические карты,метафорические карты miracle,17
Метафорические карты,метафорические карты morena,2
Метафорические карты,метафорические карты oh,168
Метафорические карты,метафорические карты oh cards,30
Метафорические карты,метафорические карты oh купить,31
Метафорические карты,метафорические карты oh онлайн,11
Метафорические карты,метафорические карты persona,20
Метафорические карты,метафорические карты phantasmagoria,16
Метафорические карты,метафорические карты puzzle maxi,8
Метафорические карты,метафорические карты ru,31
Метафорические карты,метафорические карты saga,22
Метафорические карты,метафорические карты yearee miracle золото,5
Метафорические карты,метафорические карты абстрактус,29
Метафорические карты,метафорические карты авторы,126
Метафорические карты,метафорические карты алины малиновской,111
Метафорические карты,метафорические карты аллегории,9
Метафорические карты,метафорические карты алтая,21
Метафорические карты,метафорические карты альтер эго,10
Метафорические карты,метафорические карты ангелы,56
Метафорические карты,метафорические карты анима,8
Метафорические карты,метафорические карты арома,28
Метафорические карты,метафорические карты архангелы,16
Метафорические карты,метафорические карты архетипы,205
Метафорические карты,метафорические карты архетипы и тени,105
Метафорические карты,метафорические карты аффирмации,20
Метафорические карты,метафорические карты бабочки,23
Метафорические карты,метафорические карты баланс,16
Метафорические карты,метафорические карты бесплатно,1446
Метафорические карты,метафорические карты бесплатно с расшифровкой,434
Метафорические карты,метафорические карты богинь,22
Метафорические карты,метафорические карты большие,58
Метафорические карты,метафорические карты бронислав,33
Метафорические карты,метафорические карты будущее,64
Метафорические карты,метафорические карты в группе,15
Метафорические карты,метафорические карты в консультирования и психотерапии,28
Метафорические карты,метафорические карты в поисках смысла,39
Метафорические карты,метафорические карты в пространстве консультирования,25
Метафорические карты,метафорические карты в пространстве психотерапии пространстве,25
Метафорические карты,метафорические карты в психологии,174
Метафорические карты,метафорические карты в психологии как работают,16
Метафорические карты,метафорические карты в психологическом консультировании,37
Метафорические карты,метафорические карты в работе психолога,220
Метафорические карты,метафорические карты в работе с подростками,41
Метафорические карты,метафорические карты вдохновение,51
Метафорические карты,метафорические карты веды рам,33
Метафорические карты,метафорические карты ведьма,25
Метафорические карты,метафорические карты ветер перемен,22
Метафорические карты,метафорические карты видео,56
Метафорические карты,метафорические карты виды,100
Метафорические карты,метафорические карты виногродский,22
Метафорические карты,метафорические карты вк,16
Метафорические карты,метафорические карты внутренний компас,7
Метафорические карты,метафорические карты внутренний мир,64
Метафорические карты,метафорические карты внутренний мир какие карты,7
Метафорические карты,метафорические карты внутренний ребенок,99
Метафорические карты,метафорические карты внутренний страх,7
Метафорические карты,метафорические карты внутренняя,371
Метафорические карты,метафорические карты внутренняя опора,76
Метафорические карты,метафорические карты внутри меня,19
Метафорические карты,метафорические карты волк,21
Метафорические карты,метафорические карты волшебные,23
Метафорические карты,метафорические карты воспоминания,8
Метафорические карты,метафорические карты время,55
Метафорические карты,метафорические карты время перемен,12
Метафорические карты,метафорические карты вселенная,182
Метафорические карты,метафорические карты встреча,40
Метафорические карты,метафорические карты выбор онлайн,17
Метафорические карты,метафорические карты выбор профессии,12
Метафорические карты,метафорические карты вытянуть,102
Метафорические карты,метафорические карты г кац е мухаматулина,40
Метафорические карты,метафорические карты гадание бесплатно,54
Метафорические карты,метафорические карты гадание онлайн,238
Метафорические карты,метафорические карты гадание онлайн 1 карта,7
Метафорические карты,метафорические карты гадание онлайн с расшифровкой,15
Метафорические карты,метафорические карты гадать,104
Метафорические карты,метафорические карты галина,101
Метафорические карты,метафорические карты галина фолк,40
Метафорические карты,метафорические карты галинафолк,67
Метафорические карты,метафорические карты галинафолк дзен,5
Метафорические карты,метафорические карты где купить,44
Метафорические карты,метафорические карты генезиса,28
Метафорические карты,метафорические карты герои и злодеи,12
Метафорические карты,метафорические карты глубинные отражения,5
Метафорические карты,метафорические карты голос вселенной,15
Метафорические карты,метафорические карты голос предков значение,5
Метафорические карты,метафорические карты гора,42
Метафорические карты,метафорические карты город,22
Метафорические карты,метафорические карты границы,43
Метафорические карты,метафорические карты гращенкова,12
Метафорические карты,метафорические карты групповые,35
Метафорические карты,метафорические карты дали,51
Метафорические карты,метафорические карты две жизни,35
Метафорические карты,метафорические карты дверь,71
Метафорические карты,метафорические карты двое,19
Метафорические карты,метафорические карты девочка,107
Метафорические карты,метафорические карты действия,34
Метафорические карты,метафорические карты денежная,31
Метафорические карты,метафорические карты деньги,62
Метафорические карты,метафорические карты дерево как образ,45
Метафорические карты,метафорические карты дерево как образ человека,45
Метафорические карты,метафорические карты деревья,138
Метафорические карты,метафорические карты детские травмы,8
Метафорические карты,метафорические карты детство,38
Метафорические карты,метафорические карты джейсона стетхема,17
Метафорические карты,метафорические карты дзен,97
Метафорические карты,метафорические карты дизайн,9
Метафорические карты,метафорические карты диксит,10
Метафорические карты,метафорические карты для беременных,16
Метафорические карты,метафорические карты для бизнеса,18
Метафорические карты,метафорические карты для взрослых,8
Метафорические карты,метафорические карты для детей,235
Метафорические карты,метафорические карты для детей и подростков,23
Метафорические карты,метафорические карты для детей скачать,8
Метафорические карты,метафорические карты для детей эмоции,7
Метафорические карты,метафорические карты для начинающих,83
Метафорические карты,метафорические карты для начинающих ирина федорова,12
Метафорические карты,метафорические карты для начинающих федорова,16
Метафорические карты,метафорические карты для педагогов,34
Метафорические карты,метафорические карты для подростков скачать,10
Метафорические карты,метафорические карты для психолога,231
Метафорические карты,метафорические карты для психолога купить,26
Метафорические карты,метафорические карты для работы с детьми,82
Метафорические карты,метафорические карты для работы с детьми роботы,19
Метафорические карты,метафорические карты для работы с семьей,6
Метафорические карты,метафорические карты довлатов,25
Метафорические карты,метафорические карты дом,69
Метафорические карты,метафорические карты дороги,161
Метафорические карты,метафорические карты драконы,23
Метафорические карты,метафорические карты другая,52
Метафорические карты,метафорические карты дружба,12
Метафорические карты,метафорические карты дружок,22
Метафорические карты,метафорические карты дух творчества,13
Метафорические карты,метафорические карты духов,27
Метафорические карты,метафорические карты душа,214
Метафорические карты,метафорические карты дуэт,35
Метафорические карты,метафорические карты дюна мета планета купить,15
Метафорические карты,метафорические карты ева,22
Метафорические карты,метафорические карты ежики,17
Метафорические карты,метафорические карты екатерина каменская,22
Метафорические карты,метафорические карты желания,39
Метафорические карты,метафорические карты женские архетипы,22
Метафорические карты,метафорические карты женские образы,10
Метафорические карты,метафорические карты женские роли female,5
Метафорические карты,метафорические карты женщина,311
Метафорические карты,метафорические карты живая,28
Метафорические карты,метафорические карты животные,96
Метафорические карты,метафорические карты жизнь,189
Метафорические карты,метафорические карты жил был домик,6
Метафорические карты,метафорические карты задания,31
Метафорические карты,метафорические карты занятие,64
Метафорические карты,метафорические карты зачем,36
Метафорические карты,метафорические карты зачем нужны,28
Метафорические карты,метафорические карты здоровье,17
Метафорические карты,метафорические карты зеленый путь инструкция,13
Метафорические карты,метафорические карты земля,7
Метафорические карты,метафорические карты зеркало,70
Метафорические карты,метафорические карты зеркало души,13
Метафорические карты,метафорические карты зинкевич,44
Метафорические карты,метафорические карты змея,31
Метафорические карты,метафорические карты знаки,61
Метафорические карты,метафорические карты знаки вселенной,27
Метафорические карты,метафорические карты значение и описание карт,8
Метафорические карты,метафорические карты значение каждой карты,28
Метафорические карты,метафорические карты значение каждой карты в колоде,13
Метафорические карты,метафорические карты золотые,17
Метафорические карты,метафорические карты зонтики,35
Метафорические карты,метафорические карты и православие,14
Метафорические карты,метафорические карты и цзин,30
Метафорические карты,метафорические карты и цзин бронислава,24
Метафорические карты,метафорические карты играть,55
Метафорические карты,метафорические карты из сундука прошлого,58
Метафорические карты,метафорические карты издательство миф,5
Метафорические карты,метафорические карты изобилие,18
Метафорические карты,метафорические карты изображение,156
Метафорические карты,метафорические карты инпот,14
Метафорические карты,метафорические карты инструкция,216
Метафорические карты,метафорические карты инструкция пдф,5
Метафорические карты,метафорические карты инструменты,82
Метафорические карты,метафорические карты интуиция,34
Метафорические карты,метафорические карты ирина лилло,18
Метафорические карты,метафорические карты ирины федоровой,56
Метафорические карты,метафорические карты искра внутри,8
Метафорические карты,метафорические карты использование,230
Метафорические карты,метафорические карты исследования,11
Метафорические карты,метафорические карты источник,97
Метафорические карты,метафорические карты источник купить,7
Метафорические карты,метафорические карты источник онлайн,5
Метафорические карты,метафорические карты источник силы,25
Метафорические карты,метафорические карты источники женской силы,7
Метафорические карты,метафорические карты йона бауэра,12
Метафорические карты,метафорические карты к себе нежно,6
Метафорические карты,метафорические карты каждый день,20
Метафорические карты,метафорические карты как выглядят,28
Метафорические карты,метафорические карты как правильно задать вопрос,20
Метафорические карты,метафорические карты какие,620
Метафорические карты,метафорические карты какие купить,10
Метафорические карты,метафорические карты какие лучше,37
Метафорические карты,метафорические карты камни,30
Метафорические карты,метафорические карты карта дня метафорическая вселенная,23
Метафорические карты,метафорические карты картинки,349
Метафорические карты,метафорические карты картинки скачать,34
Метафорические карты,метафорические карты картины,20
Метафорические карты,метафорические карты кейту капустина,14
Метафорические карты,метафорические карты киноподсказки,10
Метафорические карты,метафорические карты киты,69
Метафорические карты,метафорические карты классические,5
Метафорические карты,метафорические карты ключи от всех дверей,18
Метафорические карты,метафорические карты книга,263
Метафорические карты,метафорические карты книга обучение,12
Метафорические карты,метафорические карты книга скачать,38
Метафорические карты,метафорические карты колесо года,15
Метафорические карты,метафорические карты колода 1001 скачать,9
Метафорические карты,метафорические карты колода онлайн,68
Метафорические карты,метафорические карты колоды купить,26
Метафорические карты,метафорические карты колоды онлайн бесплатно,4
Метафорические карты,метафорические карты кони,7
Метафорические карты,метафорические карты конструктор решений,9
Метафорические карты,метафорические карты консультирование,84
Метафорические карты,метафорические карты конфликт,28
Метафорические карты,метафорические карты корабль,18
Метафорические карты,метафорические карты коробка,34
Метафорические карты,метафорические карты космос,20
Метафорические карты,метафорические карты котики,8
Метафорические карты,метафорические карты коучинг,29
Метафорические карты,метафорические карты кофейная гуща,17
Метафорические карты,метафорические карты краса,13
Метафорические карты,метафорические карты красивые,43
Метафорические карты,метафорические карты кратко,16
Метафорические карты,метафорические карты кругловой,38
Метафорические карты,метафорические карты крылья,11
Метафорические карты,метафорические карты крюгер,32
Метафорические карты,метафорические карты кто придумал,24
Метафорические карты,метафорические карты купить,998
Метафорические карты,метафорические карты купить вайлдберриз,12
Метафорические карты,метафорические карты купить москва,13
Метафорические карты,метафорические карты купить спб,13
Метафорические карты,метафорические карты курсы,164
Метафорические карты,метафорические карты курсы для психологов,10
Метафорические карты,метафорические карты лазарев,11
Метафорические карты,метафорические карты ландшафт,11
Метафорические карты,метафорические карты лас играс,12
Метафорические карты,метафорические карты лес,23
Метафорические карты,метафорические карты лестницы,20
Метафорические карты,метафорические карты лила,25
Метафорические карты,метафорические карты литературные,38
Метафорические карты,метафорические карты лица,43
Метафорические карты,метафорические карты личность,28
Метафорические карты,метафорические карты личные границы,31
Метафорические карты,метафорические карты лошади,9
Метафорические карты,метафорические карты лукомская наталия,6
Метафорические карты,метафорические карты лучшие колоды,21
Метафорические карты,метафорические карты любви по книге перемен,14
Метафорические карты,метафорические карты любви по книге перемен отзывы,7
Метафорические карты,метафорические карты любовь,153
Метафорические карты,метафорические карты любовь расшифровка,17
Метафорические карты,метафорические карты люди,290
Метафорические карты,метафорические карты магия,36
Метафорические карты,метафорические карты магия спорта,14
Метафорические карты,метафорические карты мак,931
Метафорические карты,метафорические карты мак онлайн,198
Метафорические карты,метафорические карты мак расшифровка,19
Метафорические карты,метафорические карты мак страх,26
Метафорические карты,метафорические карты маленькие,22
Метафорические карты,метафорические карты мама,80
Метафорические карты,метафорические карты мама папа,16
Метафорические карты,метафорические карты мама шамана,17
Метафорические карты,метафорические карты маска,29
Метафорические карты,метафорические карты мастер класс,38
Метафорические карты,метафорические карты мастер сказок,53
Метафорические карты,метафорические карты матрицы,19
Метафорические карты,метафорические карты маяки,25
Метафорические карты,метафорические карты мерлин,22
Метафорические карты,метафорические карты метафора,62
Метафорические карты,метафорические карты метафорические цитаты,26
Метафорические карты,метафорические карты метод работы,93
Метафорические карты,метафорические карты методика,165
Метафорические карты,метафорические карты методическое,37
Метафорические карты,метафорические карты мечта,38
Метафорические карты,метафорические карты минск,10
Метафорические карты,метафорические карты мира,131
Метафорические карты,метафорические карты миф,18
Метафорические карты,метафорические карты миядзаки,18
Метафорические карты,метафорические карты много,19
Метафорические карты,метафорические карты монстрики,34
Метафорические карты,метафорические карты монстрики чувств,29
Метафорические карты,метафорические карты море,50
Метафорические карты,метафорические карты морена,21
Метафорические карты,метафорические карты москва,33
Метафорические карты,метафорические карты мужицкая,82
Метафорические карты,метафорические карты мужчина,211
Метафорические карты,метафорические карты мужчина и женщина,61
Метафорические карты,метафорические карты на английском,7
Метафорические карты,метафорические карты на вайлдберриз,7
Метафорические карты,метафорические карты на заказ,9
Метафорические карты,метафорические карты на отношения онлайн,17
Метафорические карты,метафорические карты на столе,5
Метафорические карты,метафорические карты на уроке,19
Метафорические карты,метафорические карты наталья,59
Метафорические карты,метафорические карты небо,33
Метафорические карты,метафорические карты нежные чувства,7
Метафорические карты,метафорические карты нити,12
Метафорические карты,метафорические карты ноги,26
Метафорические карты,метафорические карты облака,11
Метафорические карты,метафорические карты образ женщины,35
Метафорические карты,метафорические карты образ мужчины,12
Метафорические карты,метафорические карты обучение,287
Метафорические карты,метафорические карты обучение бесплатно,28
Метафорические карты,метафорические карты огонь,48
Метафорические карты,метафорические карты озон купить,15
Метафорические карты,метафорические карты окна и двери,28
Метафорические карты,метафорические карты ольга круглова,32
Метафорические карты,метафорические карты ольги кругловой,32
Метафорические карты,метафорические карты ольги чебыкиной,9
Метафорические карты,метафорические карты он лайн,88
Метафорические карты,метафорические карты онлайн,9998
Метафорические карты,метафорические карты онлайн 1 карта,174
Метафорические карты,метафорические карты онлайн бесплатно,1091
Метафорические карты,метафорические карты онлайн бесплатно без регистрации,56
Метафорические карты,метафорические карты онлайн бесплатно разложить с расшифровкой,2
Метафорические карты,метафорические карты онлайн бесплатно с расшифровкой,434
Метафорические карты,метафорические карты онлайн бесплатно с расшифровкой расклад,126
Метафорические карты,метафорические карты онлайн вопрос,27
Метафорические карты,метафорические карты онлайн глифы соломона,21
Метафорические карты,метафорические карты онлайн кибика,7
Метафорические карты,метафорические карты онлайн ответ,102
Метафорические карты,метафорические карты онлайн платформа,154
Метафорические карты,метафорические карты онлайн психология,16
Метафорические карты,метафорические карты онлайн разложить,17
Метафорические карты,метафорические карты онлайн расклад бесплатно,151
Метафорические карты,метафорические карты онлайн расклад с расшифровкой,138
Метафорические карты,метафорические карты онлайн рыжук,5
Метафорические карты,метафорические карты онлайн с расшифровкой,475
Метафорические карты,метафорические карты описание каждой карты,29
Метафорические карты,метафорические карты описание карт,251
Метафорические карты,метафорические карты определение,38
Метафорические карты,метафорические карты оракул,102
Метафорические карты,метафорические карты орда,73
Метафорические карты,метафорические карты осознанность,21
Метафорические карты,метафорические карты от ирины лилло объяснение карт,6
Метафорические карты,метафорические карты ответ души,39
Метафорические карты,метафорические карты ответ на вопрос,46
Метафорические карты,метафорические карты ответ на вопрос онлайн,13
Метафорические карты,метафорические карты отзывы,150
Метафорические карты,метафорические карты отзывы форум,5
Метафорические карты,метафорические карты отношения,164
Метафорические карты,метафорические карты отражение,31
Метафорические карты,метафорические карты ох,149
Метафорические карты,метафорические карты ох oh,25
Метафорические карты,метафорические карты ох онлайн,14
Метафорические карты,метафорические карты ох слова онлайн,9
Метафорические карты,метафорические карты очки,11
Метафорические карты,метафорические карты ошо дзен таро,7
Метафорические карты,метафорические карты ошо дзен таро расшифровка,6
Метафорические карты,метафорические карты папа,32
Метафорические карты,метафорические карты пара,29
Метафорические карты,метафорические карты перемен виногродский,9
Метафорические карты,метафорические карты перемен и цзин,12
Метафорические карты,метафорические карты перемены,103
Метафорические карты,метафорические карты персона,101
Метафорические карты,метафорические карты персона resilio с описанием,11
Метафорические карты,метафорические карты персона купить,8
Метафорические карты,метафорические карты персона онлайн,12
Метафорические карты,метафорические карты персона скачать,10
Метафорические карты,метафорические карты персонита,16
Метафорические карты,метафорические карты печать от 5 штук,5
Метафорические карты,метафорические карты письма к душе,9
Метафорические карты,метафорические карты письма себе,68
Метафорические карты,метафорические карты погадать,13
Метафорические карты,метафорические карты подростки,268
Метафорические карты,метафорические карты подсказка на день,29
Метафорические карты,метафорические карты подсказка онлайн,12
Метафорические карты,метафорические карты подсказки,142
Метафорические карты,метафорические карты подсказки вселенной,40
Метафорические карты,метафорические карты пожелания,8
Метафорические карты,метафорические карты позволяют,26
Метафорические карты,метафорические карты поиск,96
Метафорические карты,метафорические карты помогают,130
Метафорические карты,метафорические карты помощь,115
Метафорические карты,метафорические карты порталы,22
Метафорические карты,метафорические карты портретные,57
Метафорические карты,метафорические карты портреты,54
Метафорические карты,метафорические карты послания ангелов и архангелов,6
Метафорические карты,метафорические карты пособие,40
Метафорические карты,метафорические карты почему,92
Метафорические карты,метафорические карты почему купить,22
Метафорические карты,метафорические карты пояснение,4
Метафорические карты,метафорические карты правила,13
Метафорические карты,метафорические карты православные,15
Метафорические карты,метафорические карты практики,206
Метафорические карты,метафорические карты предсказание ведьм,5
Метафорические карты,метафорические карты презентация,25
Метафорические карты,метафорические карты преодоление,24
Метафорические карты,метафорические карты примаченко,11
Метафорические карты,метафорические карты применение,99
Метафорические карты,метафорические карты принцип работы,19
Метафорические карты,метафорические карты природа,20
Метафорические карты,метафорические карты про деньги,16
Метафорические карты,метафорические карты про отношения,28
Метафорические карты,метафорические карты про тебя,17
Метафорические карты,метафорические карты проблемы,60
Метафорические карты,метафорические карты проект,41
Метафорические карты,метафорические карты проекция,30
Метафорические карты,метафорические карты просто,143
Метафорические карты,метафорические карты профессии,53
Метафорические карты,метафорические карты профессии и действия,15
Метафорические карты,метафорические карты профессиональные,22
Метафорические карты,метафорические карты профориентация,19
Метафорические карты,метафорические карты психосоматика,62
Метафорические карты,метафорические карты психотерапия,84
Метафорические карты,метафорические карты птицы,31
Метафорические карты,метафорические карты путеводная звезда,68
Метафорические карты,метафорические карты путешествие,9
Метафорические карты,метафорические карты пути дороги,65
Метафорические карты,метафорические карты пути дороги онлайн,5
Метафорические карты,метафорические карты путь героя,27
Метафорические карты,метафорические карты путь к мечте,10
Метафорические карты,метафорические карты путь к себе,13
Метафорические карты,метафорические карты работа с травмой,9
Метафорические карты,метафорические карты рабочие,23
Метафорические карты,метафорические карты разбор,21
Метафорические карты,метафорические карты рамки,14
Метафорические карты,метафорические карты рандом,34
Метафорические карты,метафорические карты расклад,812
Метафорические карты,метафорические карты расклад бесплатно,156
Метафорические карты,метафорические карты расклад на 1 карту,18
Метафорические карты,метафорические карты расклад онлайн,499
Метафорические карты,метафорические карты расклад отношения,6
Метафорические карты,метафорические карты распечатать,94
Метафорические карты,метафорические карты распечатать бесплатно,6
Метафорические карты,метафорические карты рассвет,33
Метафорические карты,метафорические карты расшифровка карт каждой,28
Метафорические карты,метафорические карты река,39
Метафорические карты,метафорические карты ресурсная колода,13
Метафорические карты,метафорические карты ресурсы,268
Метафорические карты,метафорические карты решение,67
Метафорические карты,метафорические карты решение суда,7
Метафорические карты,метафорические карты рисунок,78
Метафорические карты,метафорические карты роботы,132
Метафорические карты,метафорические карты роботы скачать,27
Метафорические карты,метафорические карты род,206
Метафорические карты,метафорические карты род исцеление родовых программ,11
Метафорические карты,метафорические карты родители,77
Метафорические карты,метафорические карты родители и дети,17
Метафорические карты,метафорические карты родителям подростка,18
Метафорические карты,метафорические карты родовые,13
Метафорические карты,метафорические карты роды,208
Метафорические карты,метафорические карты рождение,22
Метафорические карты,метафорические карты ростов,29
Метафорические карты,метафорические карты ру,19
Метафорические карты,метафорические карты руководство,118
Метафорические карты,метафорические карты руководство для психолога скачать,20
Метафорические карты,метафорические карты руководство пдф,11
Метафорические карты,метафорические карты руководство скачать,25
Метафорические карты,метафорические карты русские сказки,65
Метафорические карты,метафорические карты рыжук,38
Метафорические карты,метафорические карты с котами,18
Метафорические карты,метафорические карты с надписями,18
Метафорические карты,метафорические карты с описанием онлайн,41
Метафорические карты,метафорические карты с посланиями,51
Метафорические карты,метафорические карты с расшифровкой и описанием,38
Метафорические карты,метафорические карты с текстом,27
Метафорические карты,метафорические карты сад,72
Метафорические карты,метафорические карты сад царевны,21
Метафорические карты,метафорические карты самоисцеления,5
Метафорические карты,метафорические карты самооценка,19
Метафорические карты,метафорические карты самопознание,29
Метафорические карты,метафорические карты саморазвитие,12
Метафорические карты,метафорические карты самостоятельно,100
Метафорические карты,метафорические карты самоценности марии хомяковой,10
Метафорические карты,метафорические карты санкт петербург,25
Метафорические карты,метафорические карты свобода,13
Метафорические карты,метафорические карты своими руками,15
Метафорические карты,метафорические карты сделать,79
Метафорические карты,метафорические карты себе можно верить,25
Метафорические карты,метафорические карты северные предания йона бауэра,6
Метафорические карты,метафорические карты северные предания йона бауэра галерея,5
Метафорические карты,метафорические карты сексуальность,55
Метафорические карты,метафорические карты семенова,13
Метафорические карты,метафорические карты семья,68
Метафорические карты,метафорические карты сердца,39
Метафорические карты,метафорические карты сертификат,11
Метафорические карты,метафорические карты сессия,26
Метафорические карты,метафорические карты сила женщины,18
Метафорические карты,метафорические карты сила рода,69
Метафорические карты,метафорические карты сила твоя,21
Метафорические карты,метафорические карты символы,28
Метафорические карты,метафорические карты синие коты,11
Метафорические карты,метафорические карты ситуации,38
Метафорические карты,метафорические карты сказка,218
Метафорические карты,метафорические карты сказкотерапия,17
Метафорические карты,метафорические карты скачать,808
Метафорические карты,метафорические карты скачать бесплатно,237
Метафорические карты,метафорические карты скачать в картинках бесплатно,21
Метафорические карты,метафорические карты скачать онлайн,10
Метафорические карты,метафорические карты сколько карт в колоде,29
Метафорические карты,метафорические карты сколько стоят,24
Метафорические карты,метафорические карты слова,162
Метафорические карты,метафорические карты смотреть,52
Метафорические карты,метафорические карты смыслов,87
Метафорические карты,метафорические карты со словами,24
Метафорические карты,метафорические карты собаки,20
Метафорические карты,метафорические карты совет,56
Метафорические карты,метафорические карты советник,28
Метафорические карты,метафорические карты советник купить казань,5
Метафорические карты,метафорические карты советы вселенной,5
Метафорические карты,метафорические карты советы лосося,6
Метафорические карты,метафорические карты создать самой,18
Метафорические карты,метафорические карты соло,30
Метафорические карты,метафорические карты сон,38
Метафорические карты,метафорические карты сон наяву,12
Метафорические карты,метафорические карты состояния,67
Метафорические карты,метафорические карты сосуд,31
Метафорические карты,метафорические карты сосуд мерцающий в сосуде,30
Метафорические карты,метафорические карты спб,36
Метафорические карты,метафорические карты спеццано,25
Метафорические карты,метафорические карты спеццано архетипы и тени,11
Метафорические карты,метафорические карты спорт,24
Метафорические карты,метафорические карты спящие в тучах,22
Метафорические карты,метафорические карты статьи,46
Метафорические карты,метафорические карты стая,48
Метафорические карты,метафорические карты стетхема,22
Метафорические карты,метафорические карты стихия,4
Метафорические карты,метафорические карты страхи,126
Метафорические карты,метафорические карты субличности,49
Метафорические карты,метафорические карты судьбы,60
Метафорические карты,метафорические карты сумки,13
Метафорические карты,метафорические карты схемы,22
Метафорические карты,метафорические карты сценарий в действии,5
Метафорические карты,метафорические карты счастье,50
Метафорические карты,метафорические карты сюрреализм,12
Метафорические карты,метафорические карты тайна оракула,26
Метафорические карты,метафорические карты тайны моей души,13
Метафорические карты,метафорические карты тайны подсознания,15
Метафорические карты,метафорические карты тараканы,99
Метафорические карты,метафорические карты тараканы в голове,79
Метафорические карты,метафорические карты таракая,7
Метафорические карты,метафорические карты таро галина,18
Метафорические карты,метафорические карты таро дзен,35
Метафорические карты,метафорические карты татьяны зинкевич евстигнеевой,5
Метафорические карты,метафорические карты твой путь,7
Метафорические карты,метафорические карты творчество,24
Метафорические карты,метафорические карты текстовые,5
Метафорические карты,метафорические карты тело и чувства,22
Метафорические карты,метафорические карты темы,108
Метафорические карты,метафорические карты тень,171
Метафорические карты,метафорические карты теория,20
Метафорические карты,метафорические карты терапия души,7
Метафорические карты,метафорические карты тесты,56
Метафорические карты,метафорические карты техники,442
Метафорические карты,метафорические карты техники вопросы,22
Метафорические карты,метафорические карты тишина,8
Метафорические карты,метафорические карты тотемные,37
Метафорические карты,метафорические карты тотемные животные,37
Метафорические карты,метафорические карты точка опоры,97
Метафорические карты,метафорические карты точка опоры расшифровка карт,37
Метафорические карты,метафорические карты травма,91
Метафорические карты,метафорические карты тревога,26
Метафорические карты,метафорические карты тревожность,9
Метафорические карты,метафорические карты три кита,8
Метафорические карты,метафорические карты универсальные,177
Метафорические карты,метафорические карты универсум,29
Метафорические карты,метафорические карты универсум галерея,5
Метафорические карты,метафорические карты успех скачать бесплатно,7
Метафорические карты,метафорические карты установки,25
Метафорические карты,метафорические карты учебник,32
Метафорические карты,метафорические карты ушаковой,29
Метафорические карты,метафорические карты фаберлик,24
Метафорические карты,метафорические карты фантасмагория,10
Метафорические карты,метафорические карты федорова,63
Метафорические карты,метафорические карты филипп рыжук,8
Метафорические карты,метафорические карты философия жизни,10
Метафорические карты,метафорические карты финансы,9
Метафорические карты,метафорические карты фон,25
Метафорические карты,метафорические карты фото,198
Метафорические карты,метафорические карты фото картинок,22
Метафорические карты,метафорические карты фотографии,14
Метафорические карты,метафорические карты фразы,52
Метафорические карты,метафорические карты хабитат,23
Метафорические карты,метафорические карты хаяо миядзаки,12
Метафорические карты,метафорические карты хранительница сада,29
Метафорические карты,метафорические карты хранительницы,33
Метафорические карты,метафорические карты художник,61
Метафорические карты,метафорические карты художницы,6
Метафорические карты,метафорические карты цвета,69
Метафорические карты,метафорические карты цвета и чувства,27
Метафорические карты,метафорические карты цветок,37
Метафорические карты,метафорические карты цель,59
Метафорические карты,метафорические карты цена,32
Метафорические карты,метафорические карты ценности,17
Метафорические карты,метафорические карты чак,14
Метафорические карты,метафорические карты чакры,17
Метафорические карты,метафорические карты часы,45
Метафорические карты,метафорические карты чем отличаются от таро,15
Метафорические карты,метафорические карты через сказку,10
Метафорические карты,метафорические карты черные,54
Метафорические карты,метафорические карты что о тебе думает человек,18
Метафорические карты,метафорические карты что это простыми словами,58
Метафорические карты,метафорические карты чувств,159
Метафорические карты,метафорические карты чувства и эмоции,15
Метафорические карты,метафорические карты чувствуй,11
Метафорические карты,метафорические карты чудо,16
Метафорические карты,метафорические карты шаги,28
Метафорические карты,метафорические карты шаман,22
Метафорические карты,метафорические карты эзотерика,18
Метафорические карты,метафорические карты эмоции,147
Метафорические карты,метафорические карты эмоциональный интеллект,15
Метафорические карты,метафорические карты энергия,28
Метафорические карты,метафорические карты это грех или нет,12
Метафорические карты,метафорические карты юнг,8
Метафорические карты,метафорические карты юнга,8
Метафорические карты,метафорические карты я разрешаю себе,36
Метафорические карты,метафорические карты я сейчас,40
Метафорические карты,метафорические карты яблоко,10
Метафорические карты,метафорические м карты,68
Метафорические карты,метафорические проективные карты,40
Метафорические карты,метафорические расклады на картах таро,11
Метафорические карты,метафорические розовые карты,8
Метафорические карты,метафорические сказочные карты,53
Метафорические карты,метафорические универсальные ассоциативные карты мак,19
Метафорические карты,метафорический арт карты,83
Метафорические карты,метафорический набор карт,177
Метафорические карты,метафорических карт pdf,24
Метафорические карты,метод метафорических карт,182
Метафорические карты,методика работы с метафорическими картами,30
Метафорические карты,мип метафорические карты,17
Метафорические карты,михаил ингерлейб метафорические ассоциативные карты,29
Метафорические карты,михаил ингерлейб метафорические карты,66
Метафорические карты,можно ли гадать на метафорических картах,5
Метафорические карты,моритц эгетмейер метафорические карты,8
Метафорические карты,мужские метафорические карты,37
Метафорические карты,мужчина психолог использует метафорические карты,7
Метафорические карты,мухаматулина метафорические карты,65
Метафорические карты,мухаматулина метафорические карты руководство для психолога,47
Метафорические карты,надпо метафорические карты,13
Метафорические карты,название метафорических карт,46
Метафорические карты,напечатать метафорические карты,35
Метафорические карты,наталья балаян метафорические карты,18
Метафорические карты,немного нервно метафорические карты,5
Метафорические карты,обзоры метафорических карт,41
Метафорические карты,обложка метафорических карт,11
Метафорические карты,обозначение метафорических карт,37
Метафорические карты,образы метафорических карт,221
Метафорические карты,обучение метафорические ассоциативные карты для эзотериков,9
Метафорические карты,обучение метафорическим картам дистанционно,18
Метафорические карты,обучение метафорическим картам дистанционно с сертификатом,9
Метафорические карты,обучение работе с метафорическими картами,32
Метафорические карты,объяснение метафорических карт,12
Метафорические карты,огонь в сосуде метафорические карты,30
Метафорические карты,огонь мерцающий в сосуде метафорические карты,30
Метафорические карты,озон метафорические карты,71
Метафорические карты,озон метафорические карты oh,5
Метафорические карты,окно метафорические карты,57
Метафорические карты,ольга примаченко метафорические карты,11
Метафорические карты,описание метафорических ассоциативных карт,45
Метафорические карты,ответ метафорических карт,358
Метафорические карты,открыть метафорическую карту,58
Метафорические карты,ошо метафорические карты,15
Метафорические карты,первая колода метафорических карт,35
Метафорические карты,первую колоду метафорических ассоциативных карт,15
Метафорические карты,первые метафорические ассоциативные карты,19
Метафорические карты,первые метафорические карты,67
Метафорические карты,печать метафорических карт,94
Метафорические карты,платформа для работы с метафорическими картами,11
Метафорические карты,платформы метафорические карты,195
Метафорические карты,повышение квалификации метафорические карты,17
Метафорические карты,подсказки подсознания метафорические карты,7
Метафорические карты,поиск внутренней опоры метафорические ассоциативные карты,18
Метафорические карты,поиск внутренней опоры метафорические карты,27
Метафорические карты,показать карты метафорические,31
Метафорические карты,поле раскладки метафорических карт,7
Метафорические карты,популярные метафорические карты,12
Метафорические карты,портретная колода метафорические карты,39
Метафорические карты,послание рода метафорические карты,17
Метафорические карты,послания луны метафорические карты,71
Метафорические карты,послания луны метафорические карты варда ма,19
Метафорические карты,послания луны метафорические карты электронная версия,10
Метафорические карты,посмотреть метафорические карты,35
Метафорические карты,почему я здесь метафорические карты,5
Метафорические карты,приложение метафорические карты,23
Метафорические карты,примеры метафорических карт,116
Метафорические карты,примеры метафорических карт для дружбы,5
Метафорические карты,принцип метафорических карт,44
Метафорические карты,проводники мудрости метафорические карты наталья певнева,5
Метафорические карты,программы метафорических карт,35
Метафорические карты,проект психосфера метафорические карты,28
Метафорические карты,проективная методика метафорические карты,24
Метафорические карты,проститься чтобы жить метафорические карты,14
Метафорические карты,пряжа мамы шамана метафорические карты,11
Метафорические карты,психологические игры с метафорическими картами,8
Метафорические карты,психологические карты метафорические онлайн бесплатно,12
Метафорические карты,психологические метафорические карты,264
Метафорические карты,психотерапия и метафорические карты михаил ингерлейб,31
Метафорические карты,путеводная звезда метафорические карты расшифровка,8
Метафорические карты,путь героини метафорические карты,18
Метафорические карты,путь изобилия метафорические карты,6
Метафорические карты,работа с метафорическими ассоциативными картами,316
Метафорические карты,работа с метафорическими ассоциативными картами мак,58
Метафорические карты,работа с метафорическими картами,1118
Метафорические карты,работа с метафорическими картами бесплатно,23
Метафорические карты,работа с метафорическими картами мак,64
Метафорические карты,работа с метафорическими картами обучение видео бесплатно,8
Метафорические карты,работа с метафорическими картами онлайн,18
Метафорические карты,работа с метафорическими картами роботы,27
Метафорические карты,работают ли метафорические карты,9
Метафорические карты,разложить метафорические карты,63
Метафорические карты,разложить метафорические карты онлайн бесплатно,14
Метафорические карты,размер метафорических карт,53
Метафорические карты,рандомная метафорическая карта,20
Метафорические карты,расклады мак метафорические карты,8
Метафорические карты,расшифровка метафорических ассоциативных карт,67
Метафорические карты,расшифровка метафорических карт,995
Метафорические карты,расшифровка метафорических карт ответ души,8
Метафорические карты,расшифровка метафорических карт по картинке,21
Метафорические карты,рейтинг метафорических карт,10
Метафорические карты,ресурсная метафорическая карта,201
Метафорические карты,ресурсные метафорические карты онлайн,8
Метафорические карты,ресурсные метафорические карты скачать,12
Метафорические карты,ресурсы женщины метафорические карты,15
Метафорические карты,ресурсы силы метафорические карты,26
Метафорические карты,рефлексия метафорические карты,42
Метафорические карты,рисуем метафорические карты,16
Метафорические карты,роботы метафорические карты ушакова скачать для печати,6
Метафорические карты,рубашки метафорических карт,40
Метафорические карты,руки творца метафорические карты,9
Метафорические карты,руководство по работе с метафорическими картами,12
Метафорические карты,руководство психолог карты метафорические,78
Метафорические карты,сайты метафорических карт,91
Метафорические карты,самые лучшие метафорические карты,15
Метафорические карты,самые популярные метафорические карты,5
Метафорические карты,сейчас мне важно метафорические карты,32
Метафорические карты,сексуальность метафорические карты чак спеццано интерпретации книга,5
Метафорические карты,семейные карты метафорические карты,23
Метафорические карты,сила стаи метафорические карты,45
Метафорические карты,сила стаи метафорические карты расшифровка,5
Метафорические карты,скачать бесплатно базу знаний по метафорическим картам,11
Метафорические карты,скачать метафорические карты бесплатно портал,10
Метафорические карты,скачать метафорические карты для психолога,28
Метафорические карты,скачать метафорические карты мак,14
Метафорические карты,сколько карт метафорические карты,67
Метафорические карты,скребейко метафорические карты,33
Метафорические карты,случайная метафорическая карта,13
Метафорические карты,создание колоды метафорических карт,14
Метафорические карты,создание метафорических карт,96
Метафорические карты,создатель метафорических ассоциативных карт,19
Метафорические карты,создатель метафорических карт,29
Метафорические карты,соло вселенная метафорические карты,20
Метафорические карты,специалист метафорические карты,16
Метафорические карты,список метафорических карт,33
Метафорические карты,статья про метафорические карты с источниками,8
Метафорические карты,стили метафорических карт,24
Метафорические карты,судьбоносные решения метафорические карты,11
Метафорические карты,суть метафорических карт,232
Метафорические карты,сценарий метафорические карты,28
Метафорические карты,сюжетные метафорические карты,5
Метафорические карты,та самая карта метафорическая карта,8
Метафорические карты,тальпис метафорические карты,49
Метафорические карты,таро метафорическая карта,302
Метафорические карты,татьяна мужицкая метафорические карты,43
Метафорические карты,терапия метафорическими картами,126
Метафорические карты,терапия счастьем метафорические карты,14
Метафорические карты,техники работы с метафорическими картами,138
Метафорические карты,технология метафорических карт,13
Метафорические карты,типография метафорические карты,16
Метафорические карты,типография печать метафорических карт,9
Метафорические карты,типы метафорических карт,36
Метафорические карты,толкование метафорических карт,38
Метафорические карты,точка опоры ресурсные метафорические карты,25
Метафорические карты,трактовка метафорических карт,48
Метафорические карты,трансформационные метафорические карты,36
Метафорические карты,тренинги метафорические карты,61
Метафорические карты,треугольник в метафорических картах барби актриса модель,5
Метафорические карты,универсальные колоды метафорических карт,27
Метафорические карты,универсум карты метафорические значения,12
Метафорические карты,упражнения с метафорическими ассоциативными картами,11
Метафорические карты,упражнения с метафорическими картами,86
Метафорические карты,утка в метафорических картах что обозначает,5
Метафорические карты,ушакова метафорические карты,30
Метафорические карты,формат метафорических карт,31
Метафорические карты,чередниченко метафорические карты,9
Метафорические карты,черно белые метафорические карты,22
Метафорические карты,чеширский кот метафорические карты,7
Метафорические карты,читай город метафорические карты,11
Метафорические карты,что дают метафорические карты,21
Метафорические карты,что делают метафорические карты,24
Метафорические карты,что значат метафорические карты,205
Метафорические карты,что значит метафорические карты,205
Метафорические карты,что означает метафорические карты,216
Метафорические карты,что спросить у метафорических карт,4
Метафорические карты,что такое метафорические карты простым языком,33
Метафорические карты,шаблон метафорических карт,14
Метафорические карты,школа метафорические карты,18
Метафорические карты,щербинина метафорические карты психосоматика,7
Метафорические карты,эгетмейер метафорические карты,20
Метафорические карты,эзотериум метафорические карты,14
Метафорические карты,электронные бесплатные колоды метафорических карт,15
Метафорические карты,электронные метафорические карты,107
Метафорические карты,электронные метафорические карты бесплатно,29
Метафорические карты,электронные метафорические карты купить,16
Метафорические карты,электронные метафорические карты скачать,15
Метафорические карты,электронные метафорические карты скачать бесплатно,14
Метафорические карты,эли раман метафорические карты,24
Метафорические карты,эмоцарики метафорические карты,24
Метафорические карты,эмоции судьбы метафорические карты,26
Метафорические карты,это знак метафорические карты с подсказками вселенной,9
Метафорические карты,эфирные метафорические карты,25
Метафорические карты,я принимаю решение метафорические карты,5
Метафорические карты,яна антонова карты метафорические,15
похожие,19 аркан таро,2388
похожие,21 значение карт,1439
похожие,42b map,95
похожие,9 аркан таро,2539
похожие,b41 map,298
похожие,b42 map,2788
похожие,carry me home afro house,2594
похожие,earth map,2515
похожие,house of cards,4115
похожие,luna tarot дзен,67
похожие,map 5mc org,133
похожие,map art,1305
похожие,rf4 map,238
похожие,tf card что это,502
похожие,tf2 maps,1072
похожие,tno map,335
похожие,treasure map fisch,150
похожие,vedic horo ru натальная карта рассчитать,152
похожие,www gryadka online card активировать карту лояльности,203
похожие,ya maps,1598
похожие,zy rfhns,153
похожие,алена кумарья таролог дзен,142
похожие,арканы судьбы дзен,4084
похожие,весогабаритные рамки,22312
похожие,гадание на карточках с картинками,133
похожие,гадание таро одна карта,4766
похожие,географическая карта,280975
похожие,дачные домики фото внутри и снаружи,192
похожие,дачный домик интерьер внутри фото,442
похожие,земляне путь домой,1212
похожие,значение игральных карт при гадании,4767
похожие,значение карт при гадании на игральных,2180
похожие,иерофант карта дня,648
похожие,интерьер дачного домика внутри фото,442
похожие,как сделать домик из картона,1800
похожие,карта кадастра и картографии официальный сайт,122
похожие,карта метро и мцк,2710
похожие,карта прикопов сталкрафт x,338
похожие,карта природных зон,74682
похожие,картограф это что за профессия,133
похожие,картонный домик,4172
похожие,карточка сотрудника,12080
похожие,карточки для игры кто я распечатать,229
похожие,карточки домана,11090
похожие,карточки профессии,3877
похожие,карточная игра ведьма,275
похожие,карточные масти,5650
похожие,карточный домик,49164
похожие,карточный домик смотреть,6504
похожие,карты таро значение карт,109047
похожие,карты шухарта,5337
похожие,коллекционные карточки покемон,341
похожие,кострище для дачи своими руками,370
похожие,личная карточка работника,9385
похожие,личная карточка работника образец,1146
похожие,личная карточка работника форма т,22051
похожие,личная карточка сотрудника,3016
похожие,маршрут дрейка на карте,616
похожие,мачу пикчу на карте,182
похожие,ментальная карта,40218
похожие,метаморфические карты,1659
похожие,метафорически,66927
похожие,метафорически это,4790
похожие,метафоричность,1869
похожие,метафоричность это,238
похожие,мыс рока на карте,781
похожие,песня принципы рамки и границы,416
похожие,пристанище ведьмы таролог дзен,232
похожие,рамка для грамоты шаблон,692
похожие,рамка для фото участника вов,121
похожие,статья за продажу карты,731
похожие,таро манара значение карт,981
похожие,таро ошо,5803
похожие,таро с евой на дзене,879
похожие,таролог екатерина счастливая расклады новые дзен,92
похожие,таролог ирсен дзен,155
похожие,таромагия дзен,110
похожие,фоторамка 9 мая,4496
похожие,фоторамка а,3798
похожие,фоторамка коллаж,1299
похожие,хронологические рамки,28304
похожие,5mc карта,511
похожие,7 в матрице судьбы,10267
похожие,apple card,12930
похожие,apple card что это,191
похожие,apple maps,2119
похожие,iq mac,300
похожие,mac m,416037
похожие,mac os,27313
похожие,mad island карта,319
похожие,maç izle,17690
похожие,ведьмак 1 карточки девушек,160
похожие,ветус мапс карты,410
похожие,визитная карточка в матрице судьбы,307
похожие,горы на карте,195798
похожие,золотое яблоко на карте,7222
похожие,игра в карты дурака карта тысяч,118
похожие,ии для карточек,8047
похожие,как извлечь флешку на макбуке,130
похожие,капские горы на карте,575
похожие,карта евгена бро,4114
похожие,карта фронта,73254
похожие,карточки ведьмак,11441
похожие,карточная игра в дурака против компьютера,90
похожие,король мечей карта дня,812
похожие,легкие фокусы с картами,989
похожие,мак меню,13650
похожие,маки из аниме магическая битва,488
похожие,маки маки,1858484
похожие,маршрут магеллана на карте,1050
похожие,ментальная карта,40218
похожие,метафорические карты,41276
похожие,пролив дрейка на карте,5315
похожие,с какими картами заходить в покере,96
похожие,создание загрузочной флешки mac os,351
похожие,сша на карте,42470
похожие,таро с ведьмачкой серьезный разворот судьбы,86
похожие,таро тота значение карт,544
похожие,флешка для макбука,1064
похожие,широта и долгота на карте,16717
похожие,ян карты,11061
основные,карты мак в работе психолога,47
основные,мак в работе психолога,105
позожие,архетипы в психологии,1390
позожие,воля в психологии,2270
позожие,диссоциация в психологии,2379
позожие,дэвид майерс социальная психология,352
позожие,когерентность в психологии,203
позожие,майерс социальная психология,1210
позожие,манифестация в психологии,469
позожие,неделя психологии,10737
позожие,никбук книги по психологии,55
позожие,пирамида маслоу в психологии и развитии личности,223
позожие,преподаватель психологии вакансии,922
позожие,психологический портрет человека,2455
позожие,психология для жизни дзен,326
позожие,рпп в психологии,440
позожие,символдрама в психологии,297
позожие,трюк треугольник в психологии,201
позожие,уильям джеймс психология,543
позожие,art area,5459
позожие,art by san20xxx,418
позожие,ascii art,4667
позожие,sculpt art,675
позожие,valeri arts,649
позожие,x minus pro минусовки,267
позожие,x minus минусовки,1731
позожие,ych art,108
позожие,ава терапевт кто это,114
позожие,агорафобия это боязнь чего,690
позожие,аддикция это в психологии,349
позожие,акцентуация характера это в психологии,448
позожие,антисоциальное расстройство личности,2750
позожие,антисоциальное расстройство личности это,368
позожие,ариадна центр психолого педагогической реабилитации и коррекции,102
позожие,арттерапия,3410
позожие,ассоциация когнитивно поведенческой психотерапии,772
позожие,выбрать терапевта фото,197
позожие,героиня сказки дикие лебеди,212
позожие,гештальт терапевт это,612
позожие,госпитальная шкала тревоги и депрессии,4230
позожие,госпитальная шкала тревоги и депрессии hads,2028
позожие,двг это в психологии,411
позожие,деструкция стекловидного тела лечение,1407
позожие,детки в порядке фильм,2022487
позожие,детки инструкция не прилагается фильм,2024198
позожие,детский центр медицинской реабилитации,1477
позожие,диссоциальное расстройство личности это,445
позожие,диссоциативное расстройство личности,6494
позожие,диссоциативное расстройство личности это,822
позожие,диссоциация это в психологии,1044
позожие,дыхание в пустоту рассыпается волной песня скачать,223
позожие,евразийская ассоциация терапевтов,450
позожие,изотерапия это,208
позожие,институт прикладной психологии в социальной сфере,459
позожие,институт психотерапии и клинической психологии,2032
позожие,интегративный подход в психологии,902
позожие,интегративный подход в психологии это,247
позожие,как лечить сдвг у взрослых,731
позожие,как справиться с тревогой,3886
позожие,клиническая психология переподготовка,1842
позожие,кпт терапевт,1104
позожие,луиза хей аффирмации на исцеление,1043
позожие,луч солнца золотого минусовка,372
позожие,лучшие психологические триллеры с высоким рейтингом,864
позожие,малышарики пазлы мозаика сладкий сон спокойной ночи,126
позожие,мама рада детский центр большевиков,7150
позожие,масло зверобоя для чего применяется для лечения,67
позожие,матрица гаряева для сна и исцеления,411
позожие,медитация для успокоения нервной системы и психики,4902
позожие,нарциссическое расстройство личности это,550
позожие,негативизм это в психологии,206
позожие,нурофен детский сироп инструкция по применению дозировка,391
позожие,овз это в психологии,282
позожие,описание картин природы в художественном произведении,3084
позожие,опыт сын ошибок трудных,4568
позожие,позитивная психология,4018
позожие,позитивная психотерапия,1630
позожие,при каких психологических реакциях характерна повышенная возбудимость,348
позожие,признаки сдвг у взрослых,1005
позожие,прыгай в тачечку малыш не бойся,1137
позожие,психосоматика луиза хей полная таблица болезней,386
позожие,птср это в психологии,1469
позожие,рас это в психологии,467
позожие,руки вверх минусовки,1260
позожие,рэйки искусство исцеления,227
позожие,сдвг у взрослых симптомы,2976
позожие,сдвг у взрослых симптомы и лечение,342
позожие,сериал про психолога с нестандартными методами,1239
позожие,синдром сдвг что это,1448
позожие,сказкотерапия это,830
позожие,сказкотерапия это в психологии,95
позожие,скачать минусовку матушка земля,953
позожие,смешанное тревожно депрессивное расстройство,3065
позожие,смешанное тревожное и депрессивное расстройство,1592
позожие,социальное тревожное расстройство,1914
позожие,способ применения терафлю порошка,145
позожие,стигматизация это в психологии,230
позожие,сухаревой научно практический центр психического здоровья,4240
позожие,таблетки от стресса и тревоги успокаивающие,950
позожие,таблетки от тревоги и беспокойства,492
позожие,телесная психотерапия,2993
позожие,телесно ориентированная психотерапия,2033
позожие,телесный терапевт,2053
позожие,темная ночь минусовка,1884
позожие,темная эмпатия это в психологии,111
позожие,темный эмпат это в психологии,402
позожие,терапевтикум,397
позожие,терапевтические сказки для дошкольников,239
позожие,терапсид,852
позожие,тревога это,46821
позожие,тревожно депрессивное расстройство симптомы,1670
позожие,тревожно депрессивный синдром,1904
позожие,тревожное расстройство личности,4560
позожие,тревожное расстройство симптомы у женщин,1391
позожие,тревожный тип личности,3163
позожие,центр психолого педагогической медицинской и социальной помощи,9430
позожие,цирк уродов игра персонажи,2279
позожие,чому тревога телеграмм,573
позожие,шизотипичность это в психологии,86
позожие,шкала тревоги и депрессии hads,3782
позожие,эго психология и саморазвитие в контакте,213
позожие,эдипов комплекс это в психологии,293
позожие,экзотерапия это,405
позожие,эмоционально волевая сфера,23245
мак карты,ezoterium мак карты,11
мак карты,okno карты мак скачать бесплатно форум,6
мак карты,авито мак карты,8
мак карты,автор мак карт,60
мак карты,авторские мак карты,21
мак карты,анализ мак карт,18
мак карты,аромат карты мак,7
мак карты,ассоциативные карты мак,486
мак карты,бесплатная платформа для мак карт,5
мак карты,бесплатные колоды мак карт скачать,11
мак карты,бесплатные мак карты,1005
мак карты,бесплатные мак карты скачать,179
мак карты,бизнес мак карты,20
мак карты,вершина гора мак кинли на карте,228
мак карты,вершина мак кинли на карте,356
мак карты,вершина мак кинли на карте северной америки,48
мак карты,виртуальные мак карты,14
мак карты,виртуальные ресурсные мак карты опора,5
мак карты,возможности мак карты,10
мак карты,волшебные карты мак,23
мак карты,вопросы к мак картам,89
мак карты,время жить мак карты,6
мак карты,вулкан мак кинли на карте,114
мак карты,выбрать карту мак,186
мак карты,вытянуть мак карту,37
мак карты,вытянуть мак карту онлайн,20
мак карты,г мак кинли на карте,233
мак карты,где на карте гора мак кинли,67
мак карты,где на карте мак кинли,168
мак карты,где находится гора мак кинли на карте,52
мак карты,где находится мак кинли на карте,147
мак карты,где посмотреть мак адрес сетевой карты,9
мак карты,генезис мак карты,13
мак карты,гора денали мак кинли на карте,154
мак карты,гора мак кинли на карте,985
мак карты,гора мак кинли на карте координаты,14
мак карты,гора мак кинли на карте северной,318
мак карты,гора мак кинли на карте северной америки,299
мак карты,гора мак кинли на контурной карте,106
мак карты,гора мак кинли на физической карте,64
мак карты,гора мак кинли показать на карте,13
мак карты,город маку на карте,35
мак карты,денали мак кинли на карте,250
мак карты,детство мак карты,8
мак карты,диагностика мак картами,27
мак карты,довлатов мак карты,26
мак карты,ехай колода мак карт,7
мак карты,женские мак карты,96
мак карты,живая мак карты,15
мак карты,задать вопрос мак картам,83
мак карты,заказать мак карты,12
мак карты,запрос мак картам,100
мак карты,звуковая карта мак,85
мак карты,зинкевич евстигнеева мак карты,18
мак карты,значение карт таро мак,14
мак карты,значение мак карты с изображением,10
мак карты,значение мак карты с изображением расшифровка,9
мак карты,игры с мак картами,54
мак карты,изготовление мак карт,8
мак карты,издательство мак карт,25
мак карты,изменить мак сетевой карты,5
мак карты,иматон мак карты,12
мак карты,иматон мак карты пролонгированный курс,5
мак карты,инструкция карт мак,102
мак карты,интерпретация мак карты,25
мак карты,история карт мак,48
мак карты,как найти сетевую карту по мак адресу,5
мак карты,как отформатировать карту на маке,24
мак карты,как отформатировать карту памяти на маке,11
мак карты,как отформатировать сд карту на маке,12
мак карты,как пользоваться мак картами,31
мак карты,как поменять мак адрес на сетевой карте,7
мак карты,как понимать мак карты,18
мак карты,как правильно работать с мак картами,5
мак карты,как работать с мак картами,192
мак карты,как работать с метафорическими картами мак,9
мак карты,как расшифровывается мак карты,12
мак карты,как сменить мак адрес сетевой карты,18
мак карты,как узнать мак адрес карты,34
мак карты,как узнать мак адрес сетевой карты,29
мак карты,какие вопросы можно задавать мак картам,24
мак карты,какие мак карты лучше,15
мак карты,калькулятор мак карты,17
мак карты,карт мак ру,20
мак карты,карта данных мак,113
мак карты,карта дня мак,251
мак карты,карта мак,2751
мак карты,карта мак адресов,267
мак карты,карта мак перевернутая,12
мак карты,карта мак фон,9
мак карты,карта маков в москве,23
мак карты,карта метро мак,39
мак карты,карта новая мака,62
мак карты,карта новых маков,63
мак карты,карта открытых маков,52
мак карты,карта памяти для мак,38
мак карты,карта погода новая мака,15
мак карты,карта работающих маков,349
мак карты,карта силы мак,155
мак карты,карта таро мак,238
мак карты,карты елены суворовой мак цитаты купить,14
мак карты,карты мак аллегория,49
мак карты,карты мак в работе психолога,47
мак карты,карты мак выбор,74
мак карты,карты мак гадать,25
мак карты,карты мак деньги,79
мак карты,карты мак значение карт,184
мак карты,карты мак инпот,7
мак карты,карты мак научиться,23
мак карты,карты мак онлайн бесплатно,736
мак карты,карты мак онлайн расклады бесплатно с расшифровкой,9
мак карты,карты мак показать,139
мак карты,карты мак рубашки,14
мак карты,карты мак руки,57
мак карты,карты мак с арт практикой волшебный кулон,5
мак карты,карты мак сертификат,45
мак карты,карты мак таро архангел,14
мак карты,карты мак цена,20
мак карты,карты оракул и мак,13
мак карты,карты совет мак карты,22
мак карты,карты судьбы мак,42
мак карты,карты чувств мак,60
мак карты,колода мак карт бесплатно,22
мак карты,колода мак карт она,6
мак карты,колода мак карт онлайн,84
мак карты,колода мак карт скачать,58
мак карты,колода мак чокер мудрость шута карты толкование,7
мак карты,колоды мак карт купить,25
мак карты,консультирование мак картами,9
мак карты,коуч мак карт,9
мак карты,коучинг мак карты,12
мак карты,красивые мак карты,29
мак карты,красный мак бахчисарайский район карта,36
мак карты,красный мак карта,183
мак карты,красный мак крым на карте,28
мак карты,кто придумал мак карты,10
мак карты,купить на валберис универсальные ресурсные мак карты,6
мак карты,курс по мак картам с сертификатом,11
мак карты,курсы по работе с мак картами,18
мак карты,лабиринты сознания мак карты,9
мак карты,личные границы мак карты,35
мак карты,лучшие мак карты для психолога,13
мак карты,магазин мак карт,61
мак карты,мак 1 карта,858
мак карты,мак авто на карте,14
мак карты,мак адрес сетевой карты,228
мак карты,мак адрес сетевой карты windows,19
мак карты,мак арканес ру метафорические карты,15
мак карты,мак ассоциативные карты онлайн,46
мак карты,мак бай карта,88
мак карты,мак бай минск на карте,43
мак карты,мак бу на карте,8
мак карты,мак бук на карте минска,10
мак карты,мак гадание на метафорических картах,8
мак карты,мак карта oh,49
мак карты,мак карта дня онлайн бесплатно,13
мак карты,мак карта источник,35
мак карты,мак карта консультация,26
мак карты,мак карта онлайн с расшифровкой бесплатно,206
мак карты,мак карта отражение,17
мак карты,мак карта с описанием онлайн,76
мак карты,мак карта скачать,616
мак карты,мак карты,25383
мак карты,мак карты,1812
мак карты,мак карты,3689
мак карты,мак карты cope,32
мак карты,мак карты pdf,16
мак карты,мак карты persona,16
мак карты,мак карты saga,10
мак карты,мак карты алгоритм,34
мак карты,мак карты альтер эго,8
мак карты,мак карты ангел,14
мак карты,мак карты арт,74
мак карты,мак карты архетипы,105
мак карты,мак карты архетипы и тени,49
мак карты,мак карты архетипы и тени расшифровка,8
мак карты,мак карты ассоциации,28
мак карты,мак карты бесплатно с расшифровкой,208
мак карты,мак карты богини,11
мак карты,мак карты будущее,21
мак карты,мак карты буравцевой пиктограммы,5
мак карты,мак карты в группе,19
мак карты,мак карты в поисках смысла купить,13
мак карты,мак карты в поиске смысла,61
мак карты,мак карты в психологии как работать,9
мак карты,мак карты в психотерапии,47
мак карты,мак карты вайлдберриз,13
мак карты,мак карты веды рам,15
мак карты,мак карты виды,64
мак карты,мак карты вк,18
мак карты,мак карты внутренний мир,41
мак карты,мак карты внутренний мир 100 штук,9
мак карты,мак карты внутренний ребенок,63
мак карты,мак карты внутренний ребенок скачать,14
мак карты,мак карты внутренний страх,10
мак карты,мак карты внутренняя,201
мак карты,мак карты внутренняя опора,31
мак карты,мак карты внутри меня,23
мак карты,мак карты время,121
мак карты,мак карты время перемен,17
мак карты,мак карты встречи,24
мак карты,мак карты выбор онлайн,22
мак карты,мак карты вытащить,38
мак карты,мак карты гадание,178
мак карты,мак карты галерея,29
мак карты,мак карты где купить,20
мак карты,мак карты глаза,18
мак карты,мак карты говорящие,25
мак карты,мак карты границы,236
мак карты,мак карты групповая работа,8
мак карты,мак карты двери,52
мак карты,мак карты девочка,53
мак карты,мак карты действия,17
мак карты,мак карты денежная,55
мак карты,мак карты денежная колода,22
мак карты,мак карты дерево,27
мак карты,мак карты детские,42
мак карты,мак карты дзен,14
мак карты,мак карты для взрослых,17
мак карты,мак карты для детей,98
мак карты,мак карты для начинающих,12
мак карты,мак карты для подростков,76
мак карты,мак карты для психолога,265
мак карты,мак карты для психолога скачать бесплатно,17
мак карты,мак карты для работы с детьми,28
мак карты,мак карты для работы с подростками,26
мак карты,мак карты для самопознания,8
мак карты,мак карты дня онлайн,26
мак карты,мак карты дом,128
мак карты,мак карты дороги,59
мак карты,мак карты дракон,16
мак карты,мак карты души,115
мак карты,мак карты дуэт,18
мак карты,мак карты е,48
мак карты,мак карты желания,31
мак карты,мак карты женственность,7
мак карты,мак карты женщина,153
мак карты,мак карты животные,91
мак карты,мак карты жизни,72
мак карты,мак карты занятия,22
мак карты,мак карты зачем,14
мак карты,мак карты здоровье,6
мак карты,мак карты зеркало души,6
мак карты,мак карты знаки,33
мак карты,мак карты знакомства,18
мак карты,мак карты зонтики,41
мак карты,мак карты и таро разница,9
мак карты,мак карты изображение,52
мак карты,мак карты ии,21
мак карты,мак карты интересные,12
мак карты,мак карты ирина,43
мак карты,мак карты искра внутри,11
мак карты,мак карты искры счастья,5
мак карты,мак карты исследования,14
мак карты,мак карты как использовать,32
мак карты,мак карты как пишется,14
мак карты,мак карты как правильно задавать вопросы,18
мак карты,мак карты какие,548
мак карты,мак карты какие бывают,9
мак карты,мак карты какие вопросы задавать,52
мак карты,мак карты какие выбрать,36
мак карты,мак карты картинки,194
мак карты,мак карты картинки красивые,6
мак карты,мак карты классические,7
мак карты,мак карты ключ,28
мак карты,мак карты ключи от всех дверей,11
мак карты,мак карты книга,100
мак карты,мак карты кнуты и пряники,12
мак карты,мак карты компас,10
мак карты,мак карты константина довлатова,9
мак карты,мак карты космос,15
мак карты,мак карты кот,48
мак карты,мак карты коуп,5
мак карты,мак карты купить,583
мак карты,мак карты купить таро,11
мак карты,мак карты курсы,167
мак карты,мак карты курсы для психологов,46
мак карты,мак карты леди якобс инструкция,5
мак карты,мак карты лес,57
мак карты,мак карты лица,49
мак карты,мак карты личность,7
мак карты,мак карты личные границы онлайн,6
мак карты,мак карты лишний вес,8
мак карты,мак карты луна,28
мак карты,мак карты мама,27
мак карты,мак карты мастер сказок,26
мак карты,мак карты методики,44
мак карты,мак карты мир,273
мак карты,мак карты морена,6
мак карты,мак карты москва,32
мак карты,мак карты моя сексуальность,11
мак карты,мак карты мудрость шута,11
мак карты,мак карты мужицкая,18
мак карты,мак карты мужчины,90
мак карты,мак карты на английском,13
мак карты,мак карты накшатры,5
мак карты,мак карты напечатать,25
мак карты,мак карты о любви,20
мак карты,мак карты о любви что ждет онлайн,13
мак карты,мак карты образы,64
мак карты,мак карты обучение,338
мак карты,мак карты обучение бесплатно,21
мак карты,мак карты обучение для психологов,121
мак карты,мак карты обучение сертификату,26
мак карты,мак карты озон,34
мак карты,мак карты он лайн,31
мак карты,мак карты онлайн,5255
мак карты,мак карты онлайн,156
мак карты,мак карты онлайн гадалкин дом,9
мак карты,мак карты онлайн гадание,84
мак карты,мак карты онлайн отношения,10
мак карты,мак карты онлайн расклад,446
мак карты,мак карты онлайн расклад бесплатно,48
мак карты,мак карты онлайн расклад с разъяснениями,15
мак карты,мак карты онлайн расклад с разъяснениями бесплатно,15
мак карты,мак карты онлайн с расшифровкой,231
мак карты,мак карты онлайн скачать,21
мак карты,мак карты описание карт,215
мак карты,мак карты опора,72
мак карты,мак карты определяющий,156
мак карты,мак карты ответ души расклады,6
мак карты,мак карты ответ на вопрос,8
мак карты,мак карты ответы,155
мак карты,мак карты отзывы,83
мак карты,мак карты отношения,130
мак карты,мак карты отношения вопросы,13
мак карты,мак карты пдф,15
мак карты,мак карты персона онлайн,6
мак карты,мак карты письма себе,34
мак карты,мак карты платформа,100
мак карты,мак карты подсказка,58
мак карты,мак карты подсказки вселенной,28
мак карты,мак карты подсознание,34
мак карты,мак карты помогают,25
мак карты,мак карты портреты,17
мак карты,мак карты портреты и лица,6
мак карты,мак карты пособие,21
мак карты,мак карты пост,17
мак карты,мак карты почему,101
мак карты,мак карты приложение,58
мак карты,мак карты пример,30
мак карты,мак карты природа,13
мак карты,мак карты про агрессию скачать,5
мак карты,мак карты про деньги,12
мак карты,мак карты про тебя,18
мак карты,мак карты программа,57
мак карты,мак карты проективная методика,15
мак карты,мак карты проекция,22
мак карты,мак карты прокрастинация,5
мак карты,мак карты проститься чтобы жить,8
мак карты,мак карты простым языком,26
мак карты,мак карты профессия,29
мак карты,мак карты психосоматика,21
мак карты,мак карты путеводная звезда,9
мак карты,мак карты пути дороги,14
мак карты,мак карты путь,146
мак карты,мак карты путь героя,16
мак карты,мак карты разговор с богом,13
мак карты,мак карты расклад бесплатно,50
мак карты,мак карты расклад на отношения,10
мак карты,мак карты расшифровка,425
мак карты,мак карты расшифровка картинок,10
мак карты,мак карты ресурс силы,10
мак карты,мак карты ресурсные колоды,30
мак карты,мак карты ресурсные колоды онлайн,9
мак карты,мак карты ресурсные скачать,19
мак карты,мак карты ресурсы,120
мак карты,мак карты рефлексия,22
мак карты,мак карты решение,34
мак карты,мак карты рисунок,32
мак карты,мак карты роботы,41
мак карты,мак карты род,117
мак карты,мак карты рыжук онлайн бесплатно,24
мак карты,мак карты с арт терапией,28
мак карты,мак карты с заданиями,38
мак карты,мак карты с надписью,11
мак карты,мак карты с посланием,40
мак карты,мак карты с расшифровкой и описанием,76
мак карты,мак карты сага,11
мак карты,мак карты сайт,35
мак карты,мак карты самооценка,13
мак карты,мак карты самостоятельно,24
мак карты,мак карты секс,12
мак карты,мак карты семья,26
мак карты,мак карты сердце,11
мак карты,мак карты сессия,31
мак карты,мак карты сила рода,49
мак карты,мак карты синие коты,20
мак карты,мак карты ситуация,39
мак карты,мак карты сказки,80
мак карты,мак карты скачать для печати,34
мак карты,мак карты сколько карт,50
мак карты,мак карты слова,138
мак карты,мак карты случайная карта,14
мак карты,мак карты смысл,85
мак карты,мак карты солнце,16
мак карты,мак карты соре,9
мак карты,мак карты состояние,42
мак карты,мак карты сосуды,16
мак карты,мак карты специалисты,16
мак карты,мак карты список,11
мак карты,мак карты страхи,137
мак карты,мак карты субличности,40
мак карты,мак карты сценарии,35
мак карты,мак карты счастье,23
мак карты,мак карты тараканы,28
мак карты,мак карты тараканы в голове,27
мак карты,мак карты татьяны мужицкой,16
мак карты,мак карты тело,29
мак карты,мак карты темы,104
мак карты,мак карты тень,101
мак карты,мак карты территория,58
мак карты,мак карты тест,50
мак карты,мак карты тотемное животное,31
мак карты,мак карты травма,38
мак карты,мак карты трансформационные игры,27
мак карты,мак карты тренинг,32
мак карты,мак карты уроки,30
мак карты,мак карты финансы,12
мак карты,мак карты фото,154
мак карты,мак карты цветы,30
мак карты,мак карты цели,35
мак карты,мак карты читать,47
мак карты,мак карты что значит,76
мак карты,мак карты что это такое простыми,81
мак карты,мак карты что это такое простыми словами,71
мак карты,мак карты шепот почему,9
мак карты,мак карты шт,22
мак карты,мак карты электронные колоды,21
мак карты,мак карты эмоушенс,12
мак карты,мак карты эмоушенс купить,6
мак карты,мак карты эмоции,109
мак карты,мак карты эмоции и чувства,11
мак карты,мак карты эмоции судьбы,17
мак карты,мак карты энергия,8
мак карты,мак карты я разрешаю себе,26
мак карты,мак кингли на карте,14
мак карты,мак кинли гора на карте мира,32
мак карты,мак кинли координаты на карте,29
мак карты,мак кинли на карте,1627
мак карты,мак кинли на карте мира,76
мак карты,мак кинли на карте северной америки,429
мак карты,мак кинли на контурной карте,166
мак карты,мак кинли на физической карте,98
мак карты,мак клур пролив на карте,13
мак карты,мак колода ох карты,5
мак карты,мак магия карты,52
мак карты,мак мердо антарктида на карте,18
мак карты,мак мердо на карте,40
мак карты,мак метафорические ассоциативные карты,427
мак карты,мак метафорические ассоциативные карты онлайн,34
мак карты,мак не видит карту памяти,11
мак карты,мак онлайн карты метафорические платформа,38
мак карты,мак ох карты,53
мак карты,мак практика платформа для метафорических карт,48
мак карты,мак практика платформа для метафорических карт онлайн,38
мак карты,мак психологические карты,58
мак карты,мак роботы скачать бесплатно карты,14
мак карты,мак рядом со мной на карте,8
мак карты,мак сетевой карты,257
мак карты,мак смотреть карты,38
мак карты,мак терапия карты,97
мак карты,мак эксперт метафорические карты онлайн,5
мак карты,макет колоды карт мак дома скачать,17
мак карты,маки карта видео,56
мак карты,маков карта,26198
мак карты,макрум мак карты,7
мак карты,маку 13 карт,99
мак карты,мастер класс мак карты,38
мак карты,мастер мак карт,67
мак карты,матефорические мак карты онлайн,18
мак карты,метафора мак карты,25
мак карты,метафорические карты мак,931
мак карты,метафорические карты мак онлайн,198
мак карты,метафорические карты мак расшифровка,19
мак карты,метафорические карты мак страх,26
мак карты,метафорические универсальные ассоциативные карты мак,19
мак карты,метод мак карт,84
мак карты,методы работы с мак картами,12
мак карты,мип мак карты,9
мак карты,мужские мак карты,25
мак карты,мужчина и женщина мак карты,16
мак карты,набор мак карт,36
мак карты,нарисуй мак карты,65
мак карты,нити мак карты,15
мак карты,обзоры мак карт,24
мак карты,обозначение карт мак,45
мак карты,образ женщины мак карты,12
мак карты,обучение мак картам для психологов с сертификатом,26
мак карты,обучение работе с мак картами,24
мак карты,онлайн платформа мак карты,55
мак карты,ответ души мак карты,16
мак карты,открытые маки карта,52
мак карты,открыть мак карту,51
мак карты,первые мак карты,46
мак карты,персона мак карты,75
мак карты,печать мак карт,86
мак карты,платформы для работы с мак картами,11
мак карты,повышение квалификации мак карты,8
мак карты,популярные мак карты,21
мак карты,портретные мак карты,25
мак карты,посмотреть мак адрес сетевой карты,30
мак карты,посмотреть мак сетевой карты,33
мак карты,правила работы с мак картами,12
мак карты,правильные вопросы картам мак,27
мак карты,практики мак карты,132
мак карты,работа с мак картами,683
мак карты,работа с мак картами в психотерапии,45
мак карты,работа с мак картами в психотерапии обучение,15
мак карты,работа с мак картами в психотерапии техники,21
мак карты,работа с мак картами вопросы,32
мак карты,работа с мак картами онлайн,22
мак карты,работа с метафорическими ассоциативными картами мак,58
мак карты,работа с метафорическими картами мак,64
мак карты,разбор мак карт,22
мак карты,разложить мак карты,13
мак карты,размер карт мак,31
мак карты,расклад мак карт онлайн с расшифровкой,9
мак карты,расклады мак метафорические карты,8
мак карты,расклады на мак картах,106
мак карты,распечатать мак карт,24
мак карты,расшифровка мак карты с изображением,9
мак карты,расшифруй мак карту,30
мак карты,реки мак карта,61
мак карты,ресурсная карта мак,152
мак карты,роботы скачать мак карты,14
мак карты,родовые мак карты,10
мак карты,с помощью мак карт,92
мак карты,самостоятельное обучение мак картам,9
мак карты,самые популярные мак карты,12
мак карты,сделать мак карты,109
мак карты,сделать онлайн расклад на мак картам и,39
мак карты,село красный мак бахчисарайский район на карте,8
мак карты,сказочные мак карты,23
мак карты,скачать бесплатно архетипы в мак картах,13
мак карты,скачать бесплатно книгу архетипы в мак картах,5
мак карты,скачать мак карты бесплатно для печати,34
мак карты,скачать метафорические карты мак,14
мак карты,сколько карт в колоде мак,9
мак карты,сколько стоят мак карты,11
мак карты,сменить мак сетевой карты,28
мак карты,создам мак карты,67
мак карты,создания мак карт,48
мак карты,создатель мак карт спроси у бабы яги,5
мак карты,сочетание карт мак,21
мак карты,сухие долины мак мердо на карте,14
мак карты,схемы мак карт,45
мак карты,схемы раскладов мак карты,10
мак карты,сюжетные мак карты,15
мак карты,тальпис мак карты,38
мак карты,текст мак карт,32
мак карты,текстовые мак карты ирина федорова скачать бесплатно,6
мак карты,техники мак карт,385
мак карты,техники мак с картами мастер сказок,7
мак карты,техники работы с мак картами,131
мак карты,техники с мак картами с группой,8
мак карты,технологическая карта булочка с маком,53
мак карты,технологические карты мак,124
мак карты,типы мак карт,31
мак карты,толкование мак карт,21
мак карты,точка опоры мак карты,23
мак карты,трактовка мак карт,35
мак карты,тренинг с использованием мак карт для родителей,5
мак карты,три мак карты,106
мак карты,узнать мак сетевой карты,36
мак карты,универсальные колоды мак карт,16
мак карты,универсальные мак карты,127
мак карты,упражнение мак карт,54
мак карты,упражнения с мак картами для подростков,9
мак карты,условные обозначения карт мак,13
мак карты,установки мак карты,38
мак карты,хорошие мак карты,89
мак карты,художник мак карт,50
мак карты,цифровые мак карты,12
мак карты,чеширский кот мак карты,13
мак карты,чеширский кот мак карты обучение,12
мак карты,что дает мак карта,17
мак карты,что делают карты мак,15
мак карты,что обозначает карта мак,21
мак карты,что означает карта мак,118
мак карты,что означает карта таро мак,13
мак карты,что такое мак карты в психологии,17
мак карты,шахматы в карте мак,6
мак карты,электронные мак карты,68
мак карты,яндекс карты на мак,48
мак карты,яндекс карты скачать на мак,19
арт терапия,10 каковы риски использования арт терапии,7
арт терапия,10 лет арт терапия,93
арт терапия,100 арт терапии,12
арт терапия,250 коротких упражнений по арт терапии,50
арт терапия,250 упражнений по арт терапии,50
арт терапия,29 конференция арт терапия сегодня,14
арт терапия,29 конференция по арт терапии,6
арт терапия,4 арт терапия,479
арт терапия,4 направления арт терапии,30
арт терапия,tron legacy арт терапия,32
арт терапия,а хилл арт терапия,69
арт терапия,авторы арт терапии,308
арт терапия,адриан хилл 1938 арт терапия,13
арт терапия,адриан хилл арт терапия,85
арт терапия,академия арт терапии,161
арт терапия,академия арт терапии отзывы,9
арт терапия,академия арт терапии полины постельгиной,15
арт терапия,академия бурганова арт терапия,24
арт терапия,активная арт терапия,195
арт терапия,актуальность арт терапии,78
арт терапия,александр копытин арт терапия,79
арт терапия,анализ арт терапии,282
арт терапия,аналитическая арт терапия,58
арт терапия,антиретровирусная терапия арт при вич инфекции,13
арт терапия,антиретровирусной терапии арт,138
арт терапия,ароматерапия в арт терапии,54
арт терапия,арт всегда терапия,26
арт терапия,арт гештальт терапия,268
арт терапия,арт лого терапия,12
арт терапия,арт медиа терапия,20
арт терапия,арт методы в гештальт терапии,23
арт терапия,арт практика терапия спб,127
арт терапия,арт синтез терапия,24
арт терапия,арт слово терапия,537
арт терапия,арт социальный терапия,868
арт терапия,арт терапии,2023115
арт терапия,арт терапии видео,100
арт терапия,арт терапии инклюзивные,45
арт терапия,арт терапии фольга,61
арт терапия,арт терапию можно применять,14
арт терапия,арт терапия,50679
арт терапия,арт терапия,1771
арт терапия,арт терапия 1 класс,53
арт терапия,арт терапия,10218
арт терапия,арт терапия,12131
арт терапия,арт терапия,2795
арт терапия,арт терапия 2 класс,41
арт терапия,арт терапия,2024173
арт терапия,арт терапия,2025148
арт терапия,арт терапия,3663
арт терапия,арт терапия 3 года,115
арт терапия,арт терапия 4 года,78
арт терапия,арт терапия 4 класс,24
арт терапия,арт терапия,5536
арт терапия,арт терапия 5 лет,149
арт терапия,арт терапия,6339
арт терапия,арт терапия 6 7 лет,28
арт терапия,арт терапия 6 класс,16
арт терапия,арт терапия,7343
арт терапия,арт терапия 7 класс,50
арт терапия,арт терапия,8201
арт терапия,арт терапия,9145
арт терапия,арт терапия pdf,88
арт терапия,арт терапия ru,92
арт терапия,арт терапия автопортрет,60
арт терапия,арт терапия агрессивного поведения,173
арт терапия,арт терапия агрессии,149
арт терапия,арт терапия адаптация,169
арт терапия,арт терапия акварель,26
арт терапия,арт терапия актуальность темы,25
арт терапия,арт терапия антистресс,149
арт терапия,арт терапия аппликация,44
арт терапия,арт терапия архетипы,27
арт терапия,арт терапия астана,7
арт терапия,арт терапия ата аналар жиналысы,2
арт терапия,арт терапия ата аналарға,8
арт терапия,арт терапия бабочки,16
арт терапия,арт терапия базовые техники,22
арт терапия,арт терапия безопасное место,42
арт терапия,арт терапия белгород,10
арт терапия,арт терапия беременность,34
арт терапия,арт терапия бессознательно,93
арт терапия,арт терапия библиотерапия,169
арт терапия,арт терапия благодарности,9
арт терапия,арт терапия боли,31
арт терапия,арт терапия больных,69
арт терапия,арт терапия буклет,49
арт терапия,арт терапия бурганов,47
арт терапия,арт терапия бурганов центр,8
арт терапия,арт терапия бурганова,34
арт терапия,арт терапия бывает,32
арт терапия,арт терапия бывшие,441
арт терапия,арт терапия в гештальт подходе,31
арт терапия,арт терапия в детском саду,152
арт терапия,арт терапия в детском саду занятия,19
арт терапия,арт терапия в домашних условиях,14
арт терапия,арт терапия в доу,270
арт терапия,арт терапия в доу занятие,30
арт терапия,арт терапия в доу психолог,60
арт терапия,арт терапия в дошкольном образовании,19
арт терапия,арт терапия в индивидуальном консультировании,31
арт терапия,арт терапия в инклюзивном образовании,28
арт терапия,арт терапия в клиентоориентированном подходе,10
арт терапия,арт терапия в логопедии,48
арт терапия,арт терапия в медицине,69
арт терапия,арт терапия в москве мастер класс,10
арт терапия,арт терапия в мотивации к учебе,5
арт терапия,арт терапия в образовательном процессе,62
арт терапия,арт терапия в педагогике,233
арт терапия,арт терапия в педагогике магистратура,15
арт терапия,арт терапия в практике психолога,25
арт терапия,арт терапия в психиатрической больнице,9
арт терапия,арт терапия в психологическом консультировании,117
арт терапия,арт терапия в психологическом консультировании киселева,12
арт терапия,арт терапия в психосоматике,20
арт терапия,арт терапия в работе дефектолога,15
арт терапия,арт терапия в работе дошкольников,58
арт терапия,арт терапия в работе логопеда,15
арт терапия,арт терапия в работе педагога,172
арт терапия,арт терапия в работе педагога психолога,140
арт терапия,арт терапия в работе психолога,310
арт терапия,арт терапия в работе с депрессией,10
арт терапия,арт терапия в работе с детьми,950
арт терапия,арт терапия в работе с женщинами,8
арт терапия,арт терапия в работе с подростками,213
арт терапия,арт терапия в работе с семьями,52
арт терапия,арт терапия в работе с телом,10
арт терапия,арт терапия в работе спец психолога,5
арт терапия,арт терапия в работе специалиста,104
арт терапия,арт терапия в работе специального психолога,10
арт терапия,арт терапия в развитии ребенка,257
арт терапия,арт терапия в развитии эмоционального,143
арт терапия,арт терапия в реабилитации зависимых,46
арт терапия,арт терапия в реже свердловской области,5
арт терапия,арт терапия в россии,144
арт терапия,арт терапия в современном мире,16
арт терапия,арт терапия в современном образовании,48
арт терапия,арт терапия в социальной сфере,50
арт терапия,арт терапия в специальном образовании,93
арт терапия,арт терапия в тюмени,10
арт терапия,арт терапия в узком смысле,12
арт терапия,арт терапия в узком смысле слова,11
арт терапия,арт терапия вакансии,29
арт терапия,арт терапия вакансии москва,11
арт терапия,арт терапия варианты,388
арт терапия,арт терапия ввел,157
арт терапия,арт терапия весна,17
арт терапия,арт терапия виды и техники,17
арт терапия,арт терапия википедия,8
арт терапия,арт терапия вина,35
арт терапия,арт терапия вины,24
арт терапия,арт терапия вич,339
арт терапия,арт терапия вич инфекции,34
арт терапия,арт терапия вк,24
арт терапия,арт терапия вкр,159
арт терапия,арт терапия владимир,30
арт терапия,арт терапия внутренние опоры,14
арт терапия,арт терапия внутренний конфликт,37
арт терапия,арт терапия внутренний ребенок,59
арт терапия,арт терапия внутренним критиком,46
арт терапия,арт терапия водой,30
арт терапия,арт терапия возможности,430
арт терапия,арт терапия возникла,57
арт терапия,арт терапия возникновение,61
арт терапия,арт терапия возраст,874
арт терапия,арт терапия волгоград,10
арт терапия,арт терапия воронеж,28
арт терапия,арт терапия воспитателям,55
арт терапия,арт терапия восприятия музыкальных произведений,15
арт терапия,арт терапия врачи,103
арт терапия,арт терапия встречи,55
арт терапия,арт терапия вшэ,37
арт терапия,арт терапия выбора,169
арт терапия,арт терапия вывод,71
арт терапия,арт терапия выгорание,114
арт терапия,арт терапия вязание,9
арт терапия,арт терапия гармония,62
арт терапия,арт терапия где,205
арт терапия,арт терапия герб,24
арт терапия,арт терапия глина лепка,20
арт терапия,арт терапия глиной,106
арт терапия,арт терапия гнев,70
арт терапия,арт терапия горе,42
арт терапия,арт терапия город,25
арт терапия,арт терапия горы,15
арт терапия,арт терапия границы,34
арт терапия,арт терапия графика,11
арт терапия,арт терапия гуашью,13
арт терапия,арт терапия двигательная,99
арт терапия,арт терапия девиантное поведение,64
арт терапия,арт терапия деген,4
арт терапия,арт терапия дегеніміз,3
арт терапия,арт терапия действие,95
арт терапия,арт терапия деньги,11
арт терапия,арт терапия депрессии,87
арт терапия,арт терапия дерево,187
арт терапия,арт терапия дерево ресурсов,10
арт терапия,арт терапия дерево силы,6
арт терапия,арт терапия детей и подростков,327
арт терапия,арт терапия детей инвалидов,38
арт терапия,арт терапия детская психология,10
арт терапия,арт терапия детско родительских отношений,32
арт терапия,арт терапия диагностическая,235
арт терапия,арт терапия диагностические техники,8
арт терапия,арт терапия диплом,270
арт терапия,арт терапия дипломная работа,75
арт терапия,арт терапия дистанционно,287
арт терапия,арт терапия дистанционный курс,31
арт терапия,арт терапия для 7 лет,38
арт терапия,арт терапия для аутиста подростка,13
арт терапия,арт терапия для аутиста подростка план,7
арт терапия,арт терапия для беременных,46
арт терапия,арт терапия для бизнеса,17
арт терапия,арт терапия для взрослых,418
арт терапия,арт терапия для взрослых жизнь без наркотиков,6
арт терапия,арт терапия для взрослых техники,19
арт терапия,арт терапия для взрослых тренинги,50
арт терапия,арт терапия для группы детей,111
арт терапия,арт терапия для детей,2400
арт терапия,арт терапия для детей,376
арт терапия,арт терапия для детей 3 4 лет,27
арт терапия,арт терапия для детей 4 года,48
арт терапия,арт терапия для детей,594
арт терапия,арт терапия для детей 7 лет,32
арт терапия,арт терапия для детей 8 лет,14
арт терапия,арт терапия для детей аутистов,9
арт терапия,арт терапия для детей возраст,179
арт терапия,арт терапия для детей дошкольного,118
арт терапия,арт терапия для детей дошкольного возраста,101
арт терапия,арт терапия для детей и взрослых,32
арт терапия,арт терапия для детей конспект,46
арт терапия,арт терапия для детей обучение,27
арт терапия,арт терапия для детей пособие,23
арт терапия,арт терапия для детей с аутизмом,23
арт терапия,арт терапия для детей с зпр,32
арт терапия,арт терапия для детей с овз,210
арт терапия,арт терапия для детей с овз видео,5
арт терапия,арт терапия для детей с овз упражнения,10
арт терапия,арт терапия для детей с рас,68
арт терапия,арт терапия для детей с сдвг,17
арт терапия,арт терапия для детей сво,6
арт терапия,арт терапия для детей спб,54
арт терапия,арт терапия для детей школьного возраста,34
арт терапия,арт терапия для детей ярославль,24
арт терапия,арт терапия для дошкольников,249
арт терапия,арт терапия для дошкольников упражнения,11
арт терапия,арт терапия для женщин,119
арт терапия,арт терапия для зависимых,94
арт терапия,арт терапия для зависимых в реабилитации упражнения,6
арт терапия,арт терапия для зависимых животные,9
арт терапия,арт терапия для малышей,22
арт терапия,арт терапия для мам,30
арт терапия,арт терапия для младших школьников упражнения,15
арт терапия,арт терапия для мужчин,20
арт терапия,арт терапия для овз,271
арт терапия,арт терапия для овз программа,19
арт терапия,арт терапия для онкобольных,8
арт терапия,арт терапия для пар,27
арт терапия,арт терапия для пары,27
арт терапия,арт терапия для пенсионеров,28
арт терапия,арт терапия для подростков,502
арт терапия,арт терапия для подростков методики,17
арт терапия,арт терапия для подростков самооценка,15
арт терапия,арт терапия для подростков упражнения,85
арт терапия,арт терапия для пожилых,184
арт терапия,арт терапия для пожилых людей,82
арт терапия,арт терапия для пожилых людей рисование упражнения,11
арт терапия,арт терапия для пожилых темы,9
арт терапия,арт терапия для психолога,606
арт терапия,арт терапия для психологов переподготовка,24
арт терапия,арт терапия для развития речи,13
арт терапия,арт терапия для расслабления,20
арт терапия,арт терапия для реабилитации после инсульта,8
арт терапия,арт терапия для ребенка 10 лет,54
арт терапия,арт терапия для ребенка 6 лет,69
арт терапия,арт терапия для ребенка повышение самооценки,16
арт терапия,арт терапия для родителей на родительском собрании,9
арт терапия,арт терапия для снятия тревожности,34
арт терапия,арт терапия для студентов,58
арт терапия,арт терапия для тревожных детей,12
арт терапия,арт терапия для учителей,41
арт терапия,арт терапия для школьников,220
арт терапия,арт терапия для школьников программа,25
арт терапия,арт терапия доклад,102
арт терапия,арт терапия дома,126
арт терапия,арт терапия дополнительное образование,152
арт терапия,арт терапия дорога,14
арт терапия,арт терапия достижений,88
арт терапия,арт терапия драматерапия,64
арт терапия,арт терапия другими словами,9
арт терапия,арт терапия дружба,7
арт терапия,арт терапия дудлинг,8
арт терапия,арт терапия душа,112
арт терапия,арт терапия дцп,39
арт терапия,арт терапия екатеринбург,36
арт терапия,арт терапия желания,52
арт терапия,арт терапия женских проблем,27
арт терапия,арт терапия женских проблем копытин,17
арт терапия,арт терапия женственность,19
арт терапия,арт терапия жертв насилия,33
арт терапия,арт терапия живописью,91
арт терапия,арт терапия животные,66
арт терапия,арт терапия журнал купить,9
арт терапия,арт терапия зависимостей,98
арт терапия,арт терапия зависимостей диагностика и коррекция,19
арт терапия,арт терапия зависимых упражнения,28
арт терапия,арт терапия задание для детей,39
арт терапия,арт терапия задания,241
арт терапия,арт терапия заключение,32
арт терапия,арт терапия занятие подросток,90
арт терапия,арт терапия занятия дошкольникам,64
арт терапия,арт терапия записаться,7
арт терапия,арт терапия запись,12
арт терапия,арт терапия запросы,27
арт терапия,арт терапия зачем,24
арт терапия,арт терапия здоровье,201
арт терапия,арт терапия здоровьесберегающие технологии,73
арт терапия,арт терапия зигмунда фрейда,19
арт терапия,арт терапия злости,40
арт терапия,арт терапия знакомство,40
арт терапия,арт терапия значение цвета,60
арт терапия,арт терапия значения,169
арт терапия,арт терапия зпр,125
арт терапия,арт терапия и арт педагогика для дошкольников,26
арт терапия,арт терапия и артпедагогика в образовании,46
арт терапия,арт терапия и зрение,26
арт терапия,арт терапия и речь,277
арт терапия,арт терапия и телесно ориентированный подход,11
арт терапия,арт терапия иваново,17
арт терапия,арт терапия игротерапия и детский,13
арт терапия,арт терапия изо,100
арт терапия,арт терапия изображение,52
арт терапия,арт терапия изобразительными искусствами,71
арт терапия,арт терапия изотерапия,263
арт терапия,арт терапия изотерапия упражнения для подростков,8
арт терапия,арт терапия изучение,46
арт терапия,арт терапия имени,50
арт терапия,арт терапия инвалидов,195
арт терапия,арт терапия индивидуально,391
арт терапия,арт терапия индивидуальный проект,46
арт терапия,арт терапия инновационная технология,36
арт терапия,арт терапия инструкция,31
арт терапия,арт терапия интеллект,185
арт терапия,арт терапия интерпретация цвета,14
арт терапия,арт терапия интерпретация цветов,17
арт терапия,арт терапия интуитивное рисование,11
арт терапия,арт терапия иркутск,30
арт терапия,арт терапия используется,317
арт терапия,арт терапия источники,61
арт терапия,арт терапия исцеление через творчество,75
арт терапия,арт терапия исцеления творчество,90
арт терапия,арт терапия казань,29
арт терапия,арт терапия как здоровьесберегающая технология в доу,17
арт терапия,арт терапия как использовать,147
арт терапия,арт терапия как метод психологической,139
арт терапия,арт терапия как метод психологической коррекции,39
арт терапия,арт терапия как метод психологической помощи,19
арт терапия,арт терапия как метод реабилитации,20
арт терапия,арт терапия как назвать,45
арт терапия,арт терапия как называется,208
арт терапия,арт терапия как направление психотерапии,28
арт терапия,арт терапия как пишется,105
арт терапия,арт терапия как пишется правильно,20
арт терапия,арт терапия как правильно,104
арт терапия,арт терапия как проходит,62
арт терапия,арт терапия как психотерапевтический метод,21
арт терапия,арт терапия как расшифровывается,8
арт терапия,арт терапия как средство коррекции,248
арт терапия,арт терапия какие направления,145
арт терапия,арт терапия какой подход,100
арт терапия,арт терапия каракули,105
арт терапия,арт терапия карандашами,65
арт терапия,арт терапия картина,137
арт терапия,арт терапия картинки,462
арт терапия,арт терапия картинки для презентации,45
арт терапия,арт терапия картинки для раскрашивания,5
арт терапия,арт терапия картотека,45
арт терапия,арт терапия карточки,12
арт терапия,арт терапия квадраты,17
арт терапия,арт терапия киберленинка,22
арт терапия,арт терапия кинотерапия,46
арт терапия,арт терапия киселевой,415
арт терапия,арт терапия клякса,27
арт терапия,арт терапия кляксография,15
арт терапия,арт терапия книги,835
арт терапия,арт терапия книги и пособия,30
арт терапия,арт терапия книги психология,15
арт терапия,арт терапия коллаж,257
арт терапия,арт терапия колошиной,54
арт терапия,арт терапия комната,29
арт терапия,арт терапия конкурсы,10
арт терапия,арт терапия конспект,315
арт терапия,арт терапия конспекты занятий,166
арт терапия,арт терапия консультация,78
арт терапия,арт терапия контакте,45
арт терапия,арт терапия конфликт,98
арт терапия,арт терапия копытин обучение,52
арт терапия,арт терапия копытин скачать,49
арт терапия,арт терапия коротко,74
арт терапия,арт терапия коррекционной работе,116
арт терапия,арт терапия коррекция девиантного,32
арт терапия,арт терапия коррекция страхов,75
арт терапия,арт терапия космос,30
арт терапия,арт терапия кофе,39
арт терапия,арт терапия кпт,92
арт терапия,арт терапия краски,179
арт терапия,арт терапия краснодар,36
арт терапия,арт терапия кризиса,24
арт терапия,арт терапия кризисных состояний,51
арт терапия,арт терапия круги,110
арт терапия,арт терапия куклотерапия,163
арт терапия,арт терапия кукол,51
арт терапия,арт терапия купить,143
арт терапия,арт терапия курсовая,105
арт терапия,арт терапия курсовая работа,83
арт терапия,арт терапия курсы бесплатно,18
арт терапия,арт терапия курсы в москве,10
арт терапия,арт терапия курсы повышения,67
арт терапия,арт терапия курсы повышения квалификации,65
арт терапия,арт терапия ладошка,25
арт терапия,арт терапия лебедева виды,22
арт терапия,арт терапия лев,22
арт терапия,арт терапия лекция,69
арт терапия,арт терапия лепка из пластилина,26
арт терапия,арт терапия лечение,299
арт терапия,арт терапия лечение искусством,48
арт терапия,арт терапия линий,103
арт терапия,арт терапия линия жизни,8
арт терапия,арт терапия липецк,8
арт терапия,арт терапия лица,121
арт терапия,арт терапия логотип,18
арт терапия,арт терапия лошадь,7
арт терапия,арт терапия лучшие книги,11
арт терапия,арт терапия лучшие курсы,6
арт терапия,арт терапия любовь,25
арт терапия,арт терапия магистратура,91
арт терапия,арт терапия мак,116
арт терапия,арт терапия мама ребенок,26
арт терапия,арт терапия мандала детям,19
арт терапия,арт терапия мандала раскраска,19
арт терапия,арт терапия маргарет наумбург,28
арт терапия,арт терапия маски,132
арт терапия,арт терапия мастер класс воздушный пластилин,7
арт терапия,арт терапия мастер класс рисования,28
арт терапия,арт терапия мақсаты,4
арт терапия,арт терапия медитация,108
арт терапия,арт терапия международная школа сайт,33
арт терапия,арт терапия мероприятие,196
арт терапия,арт терапия метафора,46
арт терапия,арт терапия метафорические карты,66
арт терапия,арт терапия метод мандалы,85
арт терапия,арт терапия метод психокоррекции,141
арт терапия,арт терапия метод работы с депрессией,10
арт терапия,арт терапия методики и упражнения,6
арт терапия,арт терапия методическое пособие,83
арт терапия,арт терапия методичка,36
арт терапия,арт терапия методом искусства,112
арт терапия,арт терапия методы виды,54
арт терапия,арт терапия методы коррекции,418
арт терапия,арт терапия методы рисования,106
арт терапия,арт терапия мечта,43
арт терапия,арт терапия минск,65
арт терапия,арт терапия мип,77
арт терапия,арт терапия мк,14
арт терапия,арт терапия младшая группа,64
арт терапия,арт терапия младшие школьники,421
арт терапия,арт терапия мой внутренний мир,9
арт терапия,арт терапия море,42
арт терапия,арт терапия москва,410
арт терапия,арт терапия мотивация,41
арт терапия,арт терапия мужские и женские отношения,5
арт терапия,арт терапия музей,101
арт терапия,арт терапия музыкотерапия,328
арт терапия,арт терапия мытищи королев,6
арт терапия,арт терапия мұғалімдерге,5
арт терапия,арт терапия на английском,34
арт терапия,арт терапия на бумаге,37
арт терапия,арт терапия на занятиях в гпд,5
арт терапия,арт терапия на настоящее,11
арт терапия,арт терапия на природе,21
арт терапия,арт терапия на современном этапе,17
арт терапия,арт терапия на холстах,5
арт терапия,арт терапия надпись,7
арт терапия,арт терапия название мероприятия,11
арт терапия,арт терапия названия,153
арт терапия,арт терапия направлена,218
арт терапия,арт терапия нарисуйте,129
арт терапия,арт терапия настроение,104
арт терапия,арт терапия наука,167
арт терапия,арт терапия научные исследования,58
арт терапия,арт терапия научные статьи,54
арт терапия,арт терапия начальная школа,61
арт терапия,арт терапия начальные классы,31
арт терапия,арт терапия начинающим,125
арт терапия,арт терапия негативное чувство,22
арт терапия,арт терапия несуществующее животное,10
арт терапия,арт терапия нетрадиционные техники рисования,27
арт терапия,арт терапия нижний новгород,41
арт терапия,арт терапия никитин в н,28
арт терапия,арт терапия ниу вшэ,13
арт терапия,арт терапия новосибирск,20
арт терапия,арт терапия новые горизонты,55
арт терапия,арт терапия новые методы,41
арт терапия,арт терапия новый,230
арт терапия,арт терапия номера,48
арт терапия,арт терапия обида,20
арт терапия,арт терапия образование детей,120
арт терапия,арт терапия образы,268
арт терапия,арт терапия обучение,1173
арт терапия,арт терапия обучение бесплатно,8
арт терапия,арт терапия обучение в санкт петербурге,10
арт терапия,арт терапия обучение государственный диплом,41
арт терапия,арт терапия обучение дистанционно,245
арт терапия,арт терапия обучение дистанционно с дипломом,141
арт терапия,арт терапия обучение для психологов,48
арт терапия,арт терапия обучение москва,53
арт терапия,арт терапия обучение с дипломом,155
арт терапия,арт терапия обучение спб,20
арт терапия,арт терапия общения,180
арт терапия,арт терапия одиночества,93
арт терапия,арт терапия ольга,23
арт терапия,арт терапия омск,15
арт терапия,арт терапия онлайн,225
арт терапия,арт терапия онлайн бесплатно,22
арт терапия,арт терапия онлайн курс,49
арт терапия,арт терапия определение,226
арт терапия,арт терапия определение в психологии,7
арт терапия,арт терапия опыт работы,68
арт терапия,арт терапия оренбург,5
арт терапия,арт терапия оригами,31
арт терапия,арт терапия основана на,224
арт терапия,арт терапия основатель,79
арт терапия,арт терапия основной метод,160
арт терапия,арт терапия основные задачи,35
арт терапия,арт терапия основные понятия,27
арт терапия,арт терапия основные техники,51
арт терапия,арт терапия основоположник,44
арт терапия,арт терапия остров,9
арт терапия,арт терапия отзывы,139
арт терапия,арт терапия отказа,11
арт терапия,арт терапия относится к методам,133
арт терапия,арт терапия отношения,221
арт терапия,арт терапия отчет,83
арт терапия,арт терапия педагога психолога,355
арт терапия,арт терапия первый,173
арт терапия,арт терапия перевод,14
арт терапия,арт терапия переподготовка,108
арт терапия,арт терапия пермь,19
арт терапия,арт терапия песком для детей,13
арт терапия,арт терапия песней,29
арт терапия,арт терапия песочная терапия сказкотерапия,138
арт терапия,арт терапия песочница,13
арт терапия,арт терапия петербург,197
арт терапия,арт терапия питер,114
арт терапия,арт терапия план занятий,39
арт терапия,арт терапия пластилиновая терапия,35
арт терапия,арт терапия пластилинография,44
арт терапия,арт терапия поведения диссертация,7
арт терапия,арт терапия повышение квалификации,135
арт терапия,арт терапия повышение самооценки,60
арт терапия,арт терапия подготовительная группа,53
арт терапия,арт терапия поделки,21
арт терапия,арт терапия подростки копытин,172
арт терапия,арт терапия подходы,712
арт терапия,арт терапия пожилых программы,18
арт терапия,арт терапия позволяет,192
арт терапия,арт терапия показания,63
арт терапия,арт терапия полезна,130
арт терапия,арт терапия поможет,348
арт терапия,арт терапия понятия,196
арт терапия,арт терапия портал,271
арт терапия,арт терапия портал 2 прохождение,34
арт терапия,арт терапия портрет,68
арт терапия,арт терапия пособие,471
арт терапия,арт терапия правополушарное рисование,10
арт терапия,арт терапия практика для детей,8
арт терапия,арт терапия практические занятия,42
арт терапия,арт терапия практические занятия для родителей,9
арт терапия,арт терапия представители,26
арт терапия,арт терапия презентации,336
арт терапия,арт терапия презентация психология,16
арт терапия,арт терапия при депрессии техники,10
арт терапия,арт терапия при панических атаках,5
арт терапия,арт терапия при птср,29
арт терапия,арт терапия при расставании закрытая дверь,5
арт терапия,арт терапия при тревожности,145
арт терапия,арт терапия применяется,90
арт терапия,арт терапия пример рисунка,15
арт терапия,арт терапия примеры,474
арт терапия,арт терапия примеры занятий,39
арт терапия,арт терапия примеры работ,56
арт терапия,арт терапия примеры упражнений,75
арт терапия,арт терапия проведение,231
арт терапия,арт терапия проводится,55
арт терапия,арт терапия программа доу,37
арт терапия,арт терапия программа дошкольники,38
арт терапия,арт терапия программа дошкольного,30
арт терапия,арт терапия программа занятий,109
арт терапия,арт терапия программы для детей,116
арт терапия,арт терапия программы обучения,18
арт терапия,арт терапия происходит,69
арт терапия,арт терапия пройти,153
арт терапия,арт терапия профессиональная переподготовка,15
арт терапия,арт терапия профилактика,380
арт терапия,арт терапия профилактика выгорания,50
арт терапия,арт терапия профилактика эмоционального выгорания,33
арт терапия,арт терапия психиатрия,40
арт терапия,арт терапия психических расстройств,45
арт терапия,арт терапия психоанализ,246
арт терапия,арт терапия психогимнастика,168
арт терапия,арт терапия психокоррекция,305
арт терапия,арт терапия психологические тесты,25
арт терапия,арт терапия психология для детей,18
арт терапия,арт терапия психология упражнения,14
арт терапия,арт терапия психология цвета,23
арт терапия,арт терапия психосоматика,41
арт терапия,арт терапия психосоматических,52
арт терапия,арт терапия птица,30
арт терапия,арт терапия путь,130
арт терапия,арт терапия работа с образами,41
арт терапия,арт терапия работа с родителями,84
арт терапия,арт терапия работа с самооценкой,14
арт терапия,арт терапия работа с травмой,51
арт терапия,арт терапия работа с тревожностью,104
арт терапия,арт терапия работа со страхами,61
арт терапия,арт терапия работы,3844
арт терапия,арт терапия работы с овз,183
арт терапия,арт терапия радуга,5
арт терапия,арт терапия развитие творческих способностей,136
арт терапия,арт терапия рамка,213
арт терапия,арт терапия ранний возраст,30
арт терапия,арт терапия раскраски антистресс,138
арт терапия,арт терапия раскраски по номерам,18
арт терапия,арт терапия раскрась,20
арт терапия,арт терапия раскрашивай,20
арт терапия,арт терапия раскрашивание,46
арт терапия,арт терапия распечатать,66
арт терапия,арт терапия растение,24
арт терапия,арт терапия расшифровка,44
арт терапия,арт терапия расшифровка рисунка,21
арт терапия,арт терапия реабилитация,343
арт терапия,арт терапия реализация,76
арт терапия,арт терапия ребенок 3 года,88
арт терапия,арт терапия результат,280
арт терапия,арт терапия реклама,24
арт терапия,арт терапия рекомендации,97
арт терапия,арт терапия релаксация,72
арт терапия,арт терапия реферат,75
арт терапия,арт терапия рисование,976
арт терапия,арт терапия рисование виды,35
арт терапия,арт терапия рисование для детей,58
арт терапия,арт терапия рисование красками,32
арт терапия,арт терапия рисование обучение,28
арт терапия,арт терапия рисование океана моря для взрослых,5
арт терапия,арт терапия рисование пальчиками,15
арт терапия,арт терапия рисование песком,37
арт терапия,арт терапия рисование упражнения,66
арт терапия,арт терапия рисовать,338
арт терапия,арт терапия рисуем шляпку,5
арт терапия,арт терапия рисуем эмоции,8
арт терапия,арт терапия рисунки,917
арт терапия,арт терапия рисунки детей,61
арт терапия,арт терапия рисунки для раскрашивания,8
арт терапия,арт терапия рисунки и их значение,2
арт терапия,арт терапия рисунки обсуждение с психологом,7
арт терапия,арт терапия рисунок семьи,15
арт терапия,арт терапия рисунок человека,63
арт терапия,арт терапия рисуночное,104
арт терапия,арт терапия рисуночные тесты,41
арт терапия,арт терапия родителей с детьми,124
арт терапия,арт терапия родители,410
арт терапия,арт терапия родительская собрание,20
арт терапия,арт терапия ростов,101
арт терапия,арт терапия ростов на дону,18
арт терапия,арт терапия ру,19
арт терапия,арт терапия руками,78
арт терапия,арт терапия руководство,164
арт терапия,арт терапия рыбакова,9
арт терапия,арт терапия рядом,49
арт терапия,арт терапия рязань,11
арт терапия,арт терапия с аутистами,26
арт терапия,арт терапия с девиантным подростком,28
арт терапия,арт терапия с детьми 5 лет,72
арт терапия,арт терапия с детьми в доу,34
арт терапия,арт терапия с детьми в школе,31
арт терапия,арт терапия с детьми книга,53
арт терапия,арт терапия с детьми крамер,105
арт терапия,арт терапия с детьми крамер эдит,58
арт терапия,арт терапия с детьми ограничить возможность,75
арт терапия,арт терапия с детьми психолог,252
арт терапия,арт терапия с детьми раннего возраста,16
арт терапия,арт терапия с детьми скачать,27
арт терапия,арт терапия с детьми тарарина,43
арт терапия,арт терапия с детьми эдит крамер скачать,20
арт терапия,арт терапия с друзьями,10
арт терапия,арт терапия с какого возраста,66
арт терапия,арт терапия с песком,134
арт терапия,арт терапия с пластилином,89
арт терапия,арт терапия с пластилином упражнения,14
арт терапия,арт терапия с пожилыми людьми упражнения,6
арт терапия,арт терапия с помощью,325
арт терапия,арт терапия с психологом в минске,18
арт терапия,арт терапия с рас,159
арт терапия,арт терапия с семьей,160
арт терапия,арт терапия с сиротами,16
арт терапия,арт терапия с столом песка,8
арт терапия,арт терапия с участниками сво,24
арт терапия,арт терапия с художником,14
арт терапия,арт терапия сад,234
арт терапия,арт терапия сайт,97
арт терапия,арт терапия самара,35
арт терапия,арт терапия самовыражение,248
арт терапия,арт терапия самооценки,202
арт терапия,арт терапия самопознание,87
арт терапия,арт терапия саморегуляция,101
арт терапия,арт терапия самостоятельно,93
арт терапия,арт терапия санаторий,58
арт терапия,арт терапия санкт,198
арт терапия,арт терапия санкт петербург,194
арт терапия,арт терапия саратов,16
арт терапия,арт терапия сво,83
арт терапия,арт терапия связана с,231
арт терапия,арт терапия сегодня,69
арт терапия,арт терапия семейных отношений,14
арт терапия,арт терапия семинар,60
арт терапия,арт терапия сердце,29
арт терапия,арт терапия сессия,45
арт терапия,арт терапия символ,147
арт терапия,арт терапия синоним,40
арт терапия,арт терапия сказка терапия,204
арт терапия,арт терапия сказкотерапия,667
арт терапия,арт терапия сказкотерапия в доу проект,9
арт терапия,арт терапия сказкотерапия психогимнастика,48
арт терапия,арт терапия сказкотерапия психогимнастика относятся к,16
арт терапия,арт терапия скачать бесплатно,122
арт терапия,арт терапия скачать книгу,86
арт терапия,арт терапия сколько,120
арт терапия,арт терапия сколько стоит,18
арт терапия,арт терапия слайд,24
арт терапия,арт терапия сна,27
арт терапия,арт терапия снижение тревожности,142
арт терапия,арт терапия сновидения,13
арт терапия,арт терапия снятие напряжения,127
арт терапия,арт терапия снятие стресса,99
арт терапия,арт терапия снятие эмоционального напряжения,51
арт терапия,арт терапия со взрослыми,87
арт терапия,арт терапия со страхом,79
арт терапия,арт терапия со стрессом,49
арт терапия,арт терапия со школьниками,5
арт терапия,арт терапия содержание,103
арт терапия,арт терапия создание коллажей,34
арт терапия,арт терапия солнце,33
арт терапия,арт терапия сосуд,12
арт терапия,арт терапия сочи,13
арт терапия,арт терапия спб,504
арт терапия,арт терапия спб мастер класс,8
арт терапия,арт терапия специалисты,255
арт терапия,арт терапия список,147
арт терапия,арт терапия список литературы,98
арт терапия,арт терапия способствует,87
арт терапия,арт терапия способствует развитию,33
арт терапия,арт терапия средняя группа,30
арт терапия,арт терапия ставрополь,15
арт терапия,арт терапия старшая группа,80
арт терапия,арт терапия старшеклассников,24
арт терапия,арт терапия старший дошкольный возраст,159
арт терапия,арт терапия статьи,351
арт терапия,арт терапия стоимость,27
арт терапия,арт терапия стоматология,12
арт терапия,арт терапия страха,344
арт терапия,арт терапия стресса,440
арт терапия,арт терапия стыд,11
арт терапия,арт терапия сурет,12
арт терапия,арт терапия суть метода,51
арт терапия,арт терапия сформировалась на стыке областей,18
арт терапия,арт терапия схема,61
арт терапия,арт терапия сценарий,53
арт терапия,арт терапия счастье,24
арт терапия,арт терапия т,339
арт терапия,арт терапия талисман,19
арт терапия,арт терапия танцами,88
арт терапия,арт терапия тарариной,145
арт терапия,арт терапия татарина,12
арт терапия,арт терапия татьяна,33
арт терапия,арт терапия ташкент,7
арт терапия,арт терапия творческим самовыражением,66
арт терапия,арт терапия театр,81
арт терапия,арт терапия театрализация,34
арт терапия,арт терапия текстом,177
арт терапия,арт терапия тело душа разум эмоции,12
арт терапия,арт терапия телом,140
арт терапия,арт терапия темы занятий,76
арт терапия,арт терапия темы рисунков,37
арт терапия,арт терапия теория,346
арт терапия,арт терапия теория и практика,256
арт терапия,арт терапия терапия творчеством,590
арт терапия,арт терапия термины,267
арт терапия,арт терапия тестом,201
арт терапия,арт терапия тесты с ответами,18
арт терапия,арт терапия техника дерево,12
арт терапия,арт терапия техника путь,15
арт терапия,арт терапия техники горевания,10
арт терапия,арт терапия техники и упражнения,53
арт терапия,арт терапия техники примеры,31
арт терапия,арт терапия техники рисования,98
арт терапия,арт терапия типы,141
арт терапия,арт терапия травмы,127
арт терапия,арт терапия тревога,150
арт терапия,арт терапия тревожности техники,35
арт терапия,арт терапия тревожности у ребенка,126
арт терапия,арт терапия тревожных расстройств,24
арт терапия,арт терапия тула,9
арт терапия,арт терапия уверенность в себе,14
арт терапия,арт терапия упражнения,1418
арт терапия,арт терапия упражнения для снятия стресса,24
арт терапия,арт терапия упражнения для тренинга взрослых,40
арт терапия,арт терапия упражнения и игры,36
арт терапия,арт терапия уроки,189
арт терапия,арт терапия услуги,48
арт терапия,арт терапия утраты,36
арт терапия,арт терапия уфа,36
арт терапия,арт терапия учеба,38
арт терапия,арт терапия учебник,105
арт терапия,арт терапия учебное,386
арт терапия,арт терапия учебное никитин,22
арт терапия,арт терапия учебное пособие,311
арт терапия,арт терапия учебное пособие никитин,22
арт терапия,арт терапия ученые,71
арт терапия,арт терапия факты,13
арт терапия,арт терапия фестиваль,15
арт терапия,арт терапия фиолетовый цвет,12
арт терапия,арт терапия фон,79
арт терапия,арт терапия форум,31
арт терапия,арт терапия фото,180
арт терапия,арт терапия фото вектор,6
арт терапия,арт терапия фото картинки,6
арт терапия,арт терапия фотографией,51
арт терапия,арт терапия художественная,412
арт терапия,арт терапия цветом,365
арт терапия,арт терапия цветотерапия,53
арт терапия,арт терапия цветы,199
арт терапия,арт терапия цели и задачи,145
арт терапия,арт терапия цель занятия,74
арт терапия,арт терапия цены,41
арт терапия,арт терапия цитата,33
арт терапия,арт терапия человек,866
арт терапия,арт терапия человек под дождем,8
арт терапия,арт терапия челябинск,17
арт терапия,арт терапия через рисунок,22
арт терапия,арт терапия черный цвет,8
арт терапия,арт терапия читать,106
арт терапия,арт терапия читать онлайн,40
арт терапия,арт терапия что дает,49
арт терапия,арт терапия что означают цвета,18
арт терапия,арт терапия что развивает,26
арт терапия,арт терапия что это и как работает,74
арт терапия,арт терапия что это такое простыми,161
арт терапия,арт терапия что это такое простыми словами,144
арт терапия,арт терапия шаблоны,53
арт терапия,арт терапия шизофрении,17
арт терапия,арт терапия школа копытин,10
арт терапия,арт терапия эбру,27
арт терапия,арт терапия эмоции,443
арт терапия,арт терапия эмоции для детей,21
арт терапия,арт терапия эмоции и чувства,46
арт терапия,арт терапия эмоции упражнения,23
арт терапия,арт терапия эмоциональный интеллект,138
арт терапия,арт терапия эмоциональных нарушений,134
арт терапия,арт терапия эмоциональных состояний,187
арт терапия,арт терапия эстетика,14
арт терапия,арт терапия это в психологии,254
арт терапия,арт терапия это в психологии курсы эдпро,5
арт терапия,арт терапия это в психологии простыми,11
арт терапия,арт терапия это в психологии простыми словами,7
арт терапия,арт терапия это кратко,20
арт терапия,арт терапия это метод позволяющий работать,34
арт терапия,арт терапия это область,23
арт терапия,арт терапия эффект,101
арт терапия,арт терапия юнга,90
арт терапия,арт терапия является,565
арт терапия,арт терапия является одним из направлений,29
арт терапия,арт терапия ярославль,46
арт терапия,арт терапия әдістері,6
арт терапия,арт техники терапия тревоги,21
арт терапия,артпедагогика и арт терапия,58
арт терапия,артпедагогика и арт терапия в специальном образовании,44
арт терапия,артпедагогика и арт терапия учебник,8
арт терапия,арттерапия или арт терапия для детей,8
арт терапия,арттерапия или арт терапия как пишется,17
арт терапия,арттерапия или арт терапия рисунки,3
арт терапия,арттерапия или арт терапия что это,130
арт терапия,архетипическая арт терапия,20
арт терапия,ассамбляж а арт терапии,5
арт терапия,ассоциация арт терапии,93
арт терапия,аутизм арт терапия,57
арт терапия,бесплатно арт терапия,217
арт терапия,библиотека арт терапия,60
арт терапия,библиотеки где проводится арт терапия,6
арт терапия,библиотерапия как метод арт терапии,6
арт терапия,библиотерапия это направление арт терапии,10
арт терапия,благоприятный возраст для арт терапии,50
арт терапия,будущее арт терапии,65
арт терапия,бьюкенен д арт терапия и нейронаука,5
арт терапия,в задачи арт терапии входит,9
арт терапия,в какое время лучше пить арт терапию,10
арт терапия,в кокоренко арт терапия арт технологии,11
арт терапия,в чем заключается арт терапия,76
арт терапия,в чем заключается провоцирующая функция арт терапии,9
арт терапия,варвара сидорова арт терапия,12
арт терапия,введение арт терапии,42
арт терапия,вебинар арт терапия,27
арт терапия,весенняя арт терапия,12
арт терапия,вид арт терапии бумагопластика подразделяется на,9
арт терапия,виды арт терапии,1339
арт терапия,виды арт терапии в психологии,30
арт терапия,виды арт терапии для детей,28
арт терапия,виды арт терапии классификация,59
арт терапия,виды арт терапии копытин,34
арт терапия,виды арт терапии копытина,34
арт терапия,виды арт терапии лебедевой,22
арт терапия,виды арт терапии показания для применения,5
арт терапия,виды и направления арт терапии,18
арт терапия,виды терапии согласно лебедевой арт,17
арт терапия,визуальная арт терапия,69
арт терапия,вкр развитие эмоционально волевой сферы арт терапией,5
арт терапия,владимир никитин арт терапия,24
арт терапия,влияние арт терапии,179
арт терапия,влияние арт терапии на детей,48
арт терапия,влияние арт терапии на человека,21
арт терапия,влияние арт терапии на эмоциональное состояние,24
арт терапия,волшебная арт терапия,47
арт терапия,вопросы для арт терапии,259
арт терапия,вопросы для проведения арт терапии,14
арт терапия,воронова арт терапия,27
арт терапия,впервые использовал понятие арт терапии,44
арт терапия,выставка форум арт терапия,20269
арт терапия,гармонизация через самопознание арт терапия,35
арт терапия,геометрия в арт терапии фигуры pdf,27
арт терапия,гештальт ориентированная арт терапия,37
арт терапия,гипотеза арт терапии,73
арт терапия,главная цель арт терапии,22
арт терапия,глинотерапия арт терапия,30
арт терапия,глоссарий по арт терапии,8
арт терапия,глубинная арт терапия,102
арт терапия,глубинная арт терапия скачать,25
арт терапия,глубинная арт терапия тарарина,46
арт терапия,глубинная арт терапия тарарина vk,10
арт терапия,глубинная арт терапия тарарина скачать,19
арт терапия,глубинная арт терапия тарарина скачать бесплатно,18
арт терапия,группа арт терапия,664
арт терапия,групповая арт терапия,607
арт терапия,групповая арт терапия для подростков,13
арт терапия,групповая арт терапия занятия,82
арт терапия,групповая арт терапия обучение,15
арт терапия,групповая арт терапия с детьми,45
арт терапия,групповая арт терапия со взрослыми,11
арт терапия,групповая арт терапия со взрослыми упражнения,8
арт терапия,групповая работа в арт терапии,96
арт терапия,групповые методы арт терапии,110
арт терапия,групповые техники арт терапии,64
арт терапия,гузман основные практики арт терапии,28
арт терапия,гуманистическая арт терапия,53
арт терапия,гуманистический подход в арт терапии,5
арт терапия,гуманистическое направление в арт терапии,7
арт терапия,день арт терапии,232
арт терапия,детская арт терапия занятия в группе,7
арт терапия,детская арт терапия это,67
арт терапия,детские страхи арт терапия,15
арт терапия,детский психолог арт терапия,153
арт терапия,диагностика арт терапии,538
арт терапия,диагностика арт терапия мандалы,61
арт терапия,диагностика в арт терапии метод мандала,54
арт терапия,диагностика в арт терапии методы,86
арт терапия,диагностические аспекты арт терапии,15
арт терапия,диагностические методы арт терапии,13
арт терапия,динамическая арт терапия,47
арт терапия,динамически ориентированная арт терапия,33
арт терапия,дипломная арт терапия,76
арт терапия,диссертации арт терапия,39
арт терапия,для арт терапии характерна,7
арт терапия,для чего нужна арт терапия,57
арт терапия,доклад на тему арт терапия,30
арт терапия,домашняя арт терапия,28
арт терапия,дополнительная программа арт терапия,58
арт терапия,дошкольный возраст арт терапия,479
арт терапия,драматерапия это направление арт терапии,8
арт терапия,другая арт терапия,247
арт терапия,духовная арт терапия,28
арт терапия,елена макарова арт терапия,7
арт терапия,елена тарарина арт терапия,49
арт терапия,елена тарарина практикум по арт терапии,19
арт терапия,желтый цвет в арт терапии,13
арт терапия,женская арт терапия,81
арт терапия,жизнь как арт терапия,43
арт терапия,журнал арт терапия,130
арт терапия,завершающий этап арт терапии,11
арт терапия,завьялов арт терапия,16
арт терапия,задачи арт терапии,430
арт терапия,задачи социальной арт терапии,32
арт терапия,занятие арт терапией со взрослыми,6
арт терапия,занятие арт терапия в ясельной группе,10
арт терапия,занятие арт терапия для школьников,20
арт терапия,занятие по арт терапии мое настроение,5
арт терапия,занятие с элементами арт терапии,126
арт терапия,занятия арт терапией для взрослых,17
арт терапия,занятия арт терапией для пожилых,18
арт терапия,занятия арт терапией с детьми овз,39
арт терапия,занятия арт терапии могут проходить,26
арт терапия,занятия по арт терапии,574
арт терапия,занятия по арт терапии для детей,34
арт терапия,занятия с использованием арт терапии,128
арт терапия,занятия с песком подготовительная группа арт терапия,11
арт терапия,заняться арт терапией,53
арт терапия,зарубежная арт терапия,24
арт терапия,зачем нужна арт терапия,13
арт терапия,звезда чувств арт терапия,15
арт терапия,зеленый цвет в арт терапии,13
арт терапия,значение арт терапии в психологии,12
арт терапия,значение символов в арт терапии,15
арт терапия,значение цветов в арт терапии,52
арт терапия,игорь бурганов арт терапия,15
арт терапия,игра арт терапия для детей,44
арт терапия,игровая арт терапия,368
арт терапия,игротерапия арт терапия,222
арт терапия,игротерапия арт терапия психогимнастика,40
арт терапия,игры арт терапии,479
арт терапия,идеи для арт терапии,55
арт терапия,издательство проф пресс арт терапия раскраска антистресс,8
арт терапия,изобразительная арт терапия это,31
арт терапия,изотерапия как метод арт терапии,33
арт терапия,иматон арт терапия,61
арт терапия,иматон арт терапия обучение,21
арт терапия,индивидуальная и групповая арт терапия,80
арт терапия,индивидуальная работа в арт терапии,72
арт терапия,индивидуальная форма арт терапии,63
арт терапия,индивидуальное занятие арт терапия,83
арт терапия,инновационные методы арт терапии,28
арт терапия,институт арт терапии,173
арт терапия,институт психологии арт терапия,39
арт терапия,инструменты арт терапии,155
арт терапия,интегративная арт терапия,111
арт терапия,интересное од арт терапии в психологии,12
арт терапия,интересные техники арт терапии,16
арт терапия,интермодальная арт терапия,39
арт терапия,интермодальная арт терапия это терапия разными направлениями,16
арт терапия,интерпретация арт терапии,302
арт терапия,интерпретация мандалы в арт терапии,10
арт терапия,интерпретация рисунков в арт терапии,29
арт терапия,информация о арт терапии,15
арт терапия,инфоурок арт терапия,34
арт терапия,искусство арт терапии,744
арт терапия,искусство через арт терапию,58
арт терапия,использование арт терапии,1188
арт терапия,использование арт терапии с детьми овз,40
арт терапия,использование лепки как метод арт терапии,14
арт терапия,использованию методов арт терапии,374
арт терапия,исследование арт терапии,351
арт терапия,исследование эффективности арт терапии,47
арт терапия,исследовательская работа арт терапия,8
арт терапия,история арт терапии,220
арт терапия,история арт терапии в россии,15
арт терапия,история возникновения арт терапии,43
арт терапия,история развития арт терапии,33
арт терапия,история создания арт терапии,9
арт терапия,итоги арт терапии,15
арт терапия,йога арт терапия,66
арт терапия,к видам арт терапии не относится,85
арт терапия,к функциям арт терапии можно отнести,15
арт терапия,кабинет арт терапии,77
арт терапия,как арт терапия помогает людям,10
арт терапия,как пишется слово арт терапия,6
арт терапия,какая бывает арт терапия,24
арт терапия,какие есть арт терапии,136
арт терапия,какие есть техники арт терапии,21
арт терапия,какие задачи решает арт терапия,7
арт терапия,какие методики относятся к арт терапии,34
арт терапия,какие существуют виды арт терапии,50
арт терапия,каковы обязательные элементы арт терапии,8
арт терапия,какой возраст благоприятен для арт терапии,50
арт терапия,кактусы арт терапия,37
арт терапия,камни арт терапия,38
арт терапия,каракули винникота арт терапия,5
арт терапия,карл юнг арт терапия,9
арт терапия,карта внутреннего мира арт терапия,16
арт терапия,карта внутренней страны арт терапия,10
арт терапия,карта желаний арт терапия,6
арт терапия,карта моего тела арт терапия,6
арт терапия,картинки арт терапии дети,61
арт терапия,картинки на тему арт терапия,17
арт терапия,карты арт терапии,242
арт терапия,катарсическая функция арт терапии,17
арт терапия,кейс арт терапии,34
арт терапия,киселева арт терапия,415
арт терапия,киселева арт терапия в практической психологии,136
арт терапия,киселева арт терапия в работе,314
арт терапия,киселева арт терапия в работе с детьми,175
арт терапия,киселева арт терапия с детьми руководство,78
арт терапия,киселева м в арт терапия,288
арт терапия,киселева марина вячеславовна арт терапия,8
арт терапия,киселева марина вячеславовна арт терапия прием,6
арт терапия,киселева т г арт терапия,9
арт терапия,классификация арт терапии,68
арт терапия,классификация арт терапии копытина,30
арт терапия,классическая арт терапия,54
арт терапия,классы арт терапии,816
арт терапия,клиническая и социальная арт терапия,25
арт терапия,клиническую арт терапию,276
арт терапия,клиническую арт терапию дополняет арт терапия,27
арт терапия,клиническую арт терапию дополняет арттерапия,5
арт терапия,клуб арт терапии,34
арт терапия,клякса в арт терапии это про,5
арт терапия,книга арт терапия купить,44
арт терапия,книга для психологов по обучению арт терапии,6
арт терапия,книга копытина арт терапия,100
арт терапия,книга про арт терапию,14
арт терапия,книги по арт терапии агрессии для психологов,7
арт терапия,книги по арт терапии для психологов,47
арт терапия,когда появилась арт терапия,17
арт терапия,когнитивная арт терапия,449
арт терапия,когнитивно поведенческая арт терапия,350
арт терапия,когнитивно поведенческая арт терапия книга,20
арт терапия,когнитивно поведенческая арт терапия обучение,16
арт терапия,коллажирование в арт терапии,20
арт терапия,колошина т ю арт терапия,32
арт терапия,коммуникативные навыки арт терапия,96
арт терапия,комплексная арт терапия,56
арт терапия,конспект занятия арт терапия дети,38
арт терапия,конспект занятия овз с арт терапией,14
арт терапия,консультирование в арт терапии,210
арт терапия,конференция арт терапия,156
арт терапия,концепции арт терапии,97
арт терапия,копытин а и арт терапия хрестоматия,16
арт терапия,копытин а и практикум по арт терапии,45
арт терапия,копытин александр иванович арт терапия,52
арт терапия,копытин арт терапия,1407
арт терапия,копытин арт терапия берегиня,14
арт терапия,копытин арт терапия детей,181
арт терапия,копытин арт терапия для детей и подростков,31
арт терапия,копытин арт терапия книги,100
арт терапия,копытин арт терапия новые горизонты,50
арт терапия,копытин групповая арт терапия,15
арт терапия,копытин клиническая арт терапия,60
арт терапия,копытин ландшафтная арт терапия,22
арт терапия,копытин основы арт терапии,36
арт терапия,копытин практическая арт терапия,27
арт терапия,копытин руководство по групповой арт терапии,11
арт терапия,копытин свистовская арт терапия,95
арт терапия,копытин свистовская арт терапия подростков,93
арт терапия,копытин современная арт терапия,63
арт терапия,копытин теория и практика арт терапии,174
арт терапия,копытин техники арт терапии,59
арт терапия,копытин экологическая арт терапия,20
арт терапия,копытина арт терапия,1410
арт терапия,коричневый цвет в арт терапии,9
арт терапия,коррекционная арт терапия,326
арт терапия,коррекционное воздействие арт терапии,42
арт терапия,коррекционное занятие арт терапия,46
арт терапия,коррекционные возможности арт терапии,24
арт терапия,коррекционные методы арт терапии,95
арт терапия,коррекционные механизмы арт терапии,17
арт терапия,коррекционные технологии арт терапия,43
арт терапия,коррекция арт терапии,1365
арт терапия,коррекция девиантным поведением арт терапия,32
арт терапия,коррекция страха методами арт терапии,31
арт терапия,коррекция тревожности арт терапия,375
арт терапия,коррекция тревожности методами арт терапии,70
арт терапия,коррекция тревожности средствами арт терапии,186
арт терапия,коррекция эмоционального состояния арт терапия,47
арт терапия,коучинг арт терапия,49
арт терапия,крамер арт терапия,185
арт терапия,крамер э арт терапия с детьми,40
арт терапия,красный цвет в арт терапии,12
арт терапия,кризисная арт терапия,81
арт терапия,кружок арт терапии,69
арт терапия,кто ввел понятие арт терапия,9
арт терапия,кто ввел термин арт терапия,62
арт терапия,кто впервые ввел термин арт терапия,24
арт терапия,кто придумал арт терапию,18
арт терапия,кто является основателем психодинамической арт терапии,8
арт терапия,куклотерапия как метод арт терапии,61
арт терапия,куклотерапия марионетка как метод арт терапии,5
арт терапия,курс арт терапии обучение,49
арт терапия,курсы арт терапии,806
арт терапия,курсы арт терапии для психологов,127
арт терапия,курсы арт терапии с детьми,37
арт терапия,курсы по арт терапии с сертификатом,37
арт терапия,курсы по арт терапии с сертификатом дистанционно,15
арт терапия,лабиринт в арт терапии,10
арт терапия,ландшафтная арт терапия,68
арт терапия,ландшафтная арт терапия упражнения методички программы,5
арт терапия,лебедева арт терапия,444
арт терапия,лебедева арт терапия диагностика,148
арт терапия,лебедева классификация арт терапии,20
арт терапия,лебедева л д арт терапия,274
арт терапия,лебедева людмила дмитриевна арт терапия,24
арт терапия,лебедева практика арт терапии,180
арт терапия,лебедева практика арт терапии подходы диагностика,141
арт терапия,лебедева тараканова энциклопедия арт терапии,22
арт терапия,лебедева энциклопедия арт терапия,54
арт терапия,лебедева энциклопедия интерпретаций в арт терапии,52
арт терапия,легкая арт терапия,44
арт терапия,лепка в арт терапии,88
арт терапия,лепка как метод арт терапии,22
арт терапия,лечебная арт терапия,111
арт терапия,литература по арт терапии,94
арт терапия,лицо без рта в арт терапии,5
арт терапия,лия гузман арт терапия,28
арт терапия,лия гузман основные практики арт терапии,26
арт терапия,логопедическая арт терапия,47
арт терапия,лучшая арт терапия,131
арт терапия,людмила лебедева арт терапия,32
арт терапия,м наумбург арт терапия,49
арт терапия,мак карты с арт терапией,28
арт терапия,мандала арт терапия музыка,9
арт терапия,мандала в арт терапии,217
арт терапия,мандала используется в арт терапии как,9
арт терапия,мандалатерапия психология арт терапия для детей,5
арт терапия,мандалы арт терапия рисуем,8
арт терапия,маргарита шевченко арт терапия,13
арт терапия,маскотерапия в арт терапии,14
арт терапия,мастер арт терапия,519
арт терапия,мастер класс арт терапия для детей,79
арт терапия,мастер класс арт терапия для педагогов,37
арт терапия,мастер класс арт терапия для родителей,17
арт терапия,мастер класс арт терапия для семьи,11
арт терапия,мастер класс по арт терапии,186
арт терапия,мастер класс психолога арт терапия,12
арт терапия,мастер класс с элементами арт терапии,12
арт терапия,мастерская арт терапии,34
арт терапия,материалы для арт терапии,112
арт терапия,мгппу арт терапия,7
арт терапия,мгпу арт терапия,7
арт терапия,медицинская арт терапия,85
арт терапия,международная академия арт терапии,5
арт терапия,международная арт терапия,429
арт терапия,международная школа арт терапии,281
арт терапия,международная школа арт терапии личный кабинет вход,7
арт терапия,международная школа арт терапии официальный,36
арт терапия,международная школа арт терапии официальный сайт,31
арт терапия,международный институт арт терапии,23
арт терапия,метафорический автопортрет арт терапия,27
арт терапия,метод арт терапии заключается,31
арт терапия,метод арт терапии позволяет,96
арт терапия,метод арт терапия заключается в создании,9
арт терапия,методика каракули в арт терапии,14
арт терапия,методики арт терапии,855
арт терапия,методики арт терапии для детей,37
арт терапия,методики арт терапии для снижения тревожности,14
арт терапия,методики арт терапии с детьми овз,11
арт терапия,методики и техники арт терапии,11
арт терапия,методология арт терапии,39
арт терапия,методы арт терапии,3766
арт терапия,методы арт терапии в консультировании,69
арт терапия,методы арт терапии в психологии,85
арт терапия,методы арт терапии в психологическом консультировании,24
арт терапия,методы арт терапии в работе с детьми,214
арт терапия,методы арт терапии в семейной терапии,18
арт терапия,методы арт терапии для взрослых,14
арт терапия,методы арт терапии для подростка,39
арт терапия,методы арт терапии дошкольного возраста,102
арт терапия,методы арт терапии копытин,115
арт терапия,методы арт терапии с детьми,519
арт терапия,методы и приемы арт терапии,46
арт терапия,методы и техники арт терапии,114
арт терапия,методы используются в арт терапии,63
арт терапия,механизм арт терапии,149
арт терапия,механизмы воздействия арт терапии,40
арт терапия,механизмы коррекционного воздействия арт терапии,15
арт терапия,минус арт терапия,7
арт терапия,мип арт терапия обучение,15
арт терапия,мип магистратура арт терапия,16
арт терапия,мир арт терапия,289
арт терапия,модальности арт терапии,33
арт терапия,модели арт терапии,94
арт терапия,мольберт для арт терапии,14
арт терапия,монотипии для детей метод арт терапии,5
арт терапия,монотипия арт терапия,23
арт терапия,моя коллекция раскрасок из серии арт терапия,5
арт терапия,мпгу арт терапия,23
арт терапия,музейная арт терапия,145
арт терапия,музейная арт терапия в канале vk,12
арт терапия,музейная арт терапия для детей,7
арт терапия,музейная арт терапия обучение,6
арт терапия,музыка арт терапия для детей,47
арт терапия,музыка для арт терапии,218
арт терапия,музыка для арт терапии рисования для детей,29
арт терапия,музыка для арт терапии скачать,37
арт терапия,музыка для арт терапии спокойная без слов,10
арт терапия,музыка как метод арт терапии,25
арт терапия,музыкальная арт терапия,283
арт терапия,музыкотерапия как метод арт терапии,29
арт терапия,мультимодальная арт терапия в доу,6
арт терапия,н арт терапия,359
арт терапия,на каком подходе изначально основывалась арт терапия,9
арт терапия,наборы для арт терапии,58
арт терапия,навыки арт терапии,280
арт терапия,надпо арт терапия,15
арт терапия,назовите виды арт терапии,15
арт терапия,назовите принципы интерпретации в арт терапии,8
арт терапия,найти арт терапию,71
арт терапия,написать отзыв после арт терапии,5
арт терапия,написать текст про арт терапию платно,5
арт терапия,направления арт терапии,912
арт терапия,направления арт терапии в психологии,73
арт терапия,направления в применении арт терапии,24
арт терапия,направления современной арт терапии,42
арт терапия,нарративная арт терапия,28
арт терапия,наумбург арт терапия,96
арт терапия,начальная арт терапия,131
арт терапия,неделя арт терапии,44
арт терапия,нейро арт терапия,15
арт терапия,нейрографика арт терапия,107
арт терапия,нейрографика метод арт терапии,21
арт терапия,нетрадиционная арт терапия,88
арт терапия,нетрадиционное рисование арт терапия,33
арт терапия,нетрадиционные техники арт терапии,37
арт терапия,никитин арт терапия,87
арт терапия,никитин арт терапия пособие,22
арт терапия,никитин владимир николаевич арт терапия,9
арт терапия,нина балабанова арт терапия,14
арт терапия,нлп в арт терапия,17
арт терапия,новости арт терапии,10
арт терапия,оборудование для арт терапии,29
арт терапия,обучающая арт терапия,47
арт терапия,обучение арт терапии владивосток очно,5
арт терапия,обучение арт терапии онлайн,15
арт терапия,общая характеристика арт терапии,14
арт терапия,объект воздействия арт терапии,22
арт терапия,объекты арт терапии,78
арт терапия,ограничения арт терапии,64
арт терапия,описание арт терапии,170
арт терапия,описание техники арт терапии,21
арт терапия,определение арт терапии литература,7
арт терапия,опыт арт терапия,247
арт терапия,организация арт терапии,150
арт терапия,основная цель арт терапии,239
арт терапия,основная цель арт терапии заключается в,139
арт терапия,основное преимущество арт терапии,10
арт терапия,основной механизм арт терапии,30
арт терапия,основной целью арт терапии является,15
арт терапия,основные виды арт терапии,48
арт терапия,основные механизмы коррекционного воздействия арт терапии,7
арт терапия,основные направления арт терапии,65
арт терапия,основные практики арт терапии,51
арт терапия,основные принципы арт терапии,28
арт терапия,основные формы арт терапии,49
арт терапия,основные функции арт терапии,24
арт терапия,основным механизмом арт терапии является,8
арт терапия,основы арт терапии,358
арт терапия,особенности арт терапии,296
арт терапия,особенности групповой арт терапии,26
арт терапия,особенности направления арт терапии,15
арт терапия,отзывы об арт терапии больных,5
арт терапия,отчет внеклассной работы арт терапии,14
арт терапия,очное обучение арт терапии,18
арт терапия,пазл арт терапия,24
арт терапия,пальчиковая арт терапия,26
арт терапия,памятка арт терапия,17
арт терапия,пассивная арт терапия,87
арт терапия,пассивная форма арт терапии,15
арт терапия,педагог арт терапии,662
арт терапия,педагогическая арт терапия,361
арт терапия,педагогическая технология арт терапия,55
арт терапия,первое занятие по арт терапии,6
арт терапия,первым начал использовать термин арт терапия,7
арт терапия,перечислите методы арт терапии,61
арт терапия,перинатальная арт терапия,29
арт терапия,перспективы арт терапии,25
арт терапия,песня кофе арт терапия,5
арт терапия,песочная арт терапия,537
арт терапия,песочная арт терапия для детей,43
арт терапия,песочная арт терапия с дошкольниками,7
арт терапия,песочная терапия арт практика для пожилых,6
арт терапия,песочная терапия как метод арт терапии,22
арт терапия,пинтерест арт терапия,9
арт терапия,план арт терапии,226
арт терапия,план арт терапии работы,50
арт терапия,план конспект арт терапии,49
арт терапия,плюсы арт терапии,20
арт терапия,повышение квалификации психолог арт терапия,30
арт терапия,позитивная арт терапия,109
арт терапия,поиск ресурсов арт терапия,14
арт терапия,показания для проведения арт терапии,13
арт терапия,полина постельгина арт терапия,19
арт терапия,польза арт терапии,61
арт терапия,портал арт терапии,85
арт терапия,почему арт терапия,118
арт терапия,почему важна арт терапия,9
арт терапия,появление арт терапии,19
арт терапия,правила арт терапии,79
арт терапия,практика арт терапии д л лебедева,150
арт терапия,практика арт терапии подходы диагностика система,151
арт терапия,практика арт терапии тема,15
арт терапия,практики арт терапии,993
арт терапия,практики на раскрытие своей женственности арт терапия,5
арт терапия,практикум по арт терапии,219
арт терапия,практикум по арт терапии копытина,53
арт терапия,практикум по арт терапии пособия,31
арт терапия,практикум по арт терапии шкатулка мастера,21
арт терапия,практическая арт терапия,540
арт терапия,практическая арт терапия лечение реабилитация тренинг,10
арт терапия,практическая психология арт терапия,177
арт терапия,предмет арт терапии,67
арт терапия,презентация на тему арт терапия,49
арт терапия,презентация на тему изотерапия без арт терапии,7
арт терапия,преимущества арт терапии,63
арт терапия,препараты арт терапии,55
арт терапия,преподаватель арт терапии,32
арт терапия,приемы арт терапии,308
арт терапия,применение арт терапии в терапии,276
арт терапия,применение арт терапии с детьми,65
арт терапия,применение методов арт терапии,103
арт терапия,примеры арт терапии в психологии,8
арт терапия,примеры арт терапии для детей,63
арт терапия,примеры техник арт терапии,31
арт терапия,принцип арт терапии,221
арт терапия,принципы интерпретаций в арт терапии,46
арт терапия,про арт терапию,238
арт терапия,проблема арт терапии,466
арт терапия,проблемы арт терапии в работе,95
арт терапия,провела арт терапию на тему,24
арт терапия,программа арт терапии,927
арт терапия,программа арт терапии для младших школьников,25
арт терапия,программа арт терапия с детьми овз,23
арт терапия,программа дополнительного образования арт терапия,34
арт терапия,программа коррекции арт терапия,69
арт терапия,программа по арт терапии для подростков,14
арт терапия,продукт арт терапии,127
арт терапия,проект арт терапия,375
арт терапия,проект на тему арт терапия,33
арт терапия,проективная арт терапия,231
арт терапия,проективное рисование в арт терапии,74
арт терапия,проективные методики арт терапии,51
арт терапия,проективный рисунок арт терапия,18
арт терапия,пространства в арт терапии статика динамика,5
арт терапия,пространство арт терапии,114
арт терапия,противопоказания арт терапии,41
арт терапия,профессиональная арт терапия,170
арт терапия,профессия арт терапия,25
арт терапия,процесс арт терапии,527
арт терапия,психоаналитическая арт терапия,122
арт терапия,психоаналитическая арт терапия основные положения,30
арт терапия,психоаналитический подход в арт терапии,29
арт терапия,психодиагностика арт терапия,77
арт терапия,психодиагностика в арт терапии копытин,10
арт терапия,психодинамическая арт терапия,94
арт терапия,психодинамическая арт терапия основные положения,20
арт терапия,психодинамический подход в арт терапии,40
арт терапия,психодрама арт терапия,142
арт терапия,психолог арт терапия занятия,158
арт терапия,психолог в школе арт терапия темы,13
арт терапия,психолог программа арт терапия,61
арт терапия,психологическая арт терапия,1190
арт терапия,психологические занятия арт терапия,81
арт терапия,психологические механизмы арт терапии,30
арт терапия,психологические направления арт терапии,125
арт терапия,психологический портрет семьи арт терапия,6
арт терапия,психологический тренинг арт терапия,91
арт терапия,психология арт терапия обучение,42
арт терапия,психология искусства и арт терапия,31
арт терапия,психотерапевт арт терапия,34
арт терапия,психотерапевтическое воздействие арт терапии,81
арт терапия,психотерапия арт терапия,555
арт терапия,психотерапия метод арт терапии,202
арт терапия,путешествия арт терапия,35
арт терапия,работа с внутренним ребенком арт терапия,17
арт терапия,работа с глиной арт терапия,35
арт терапия,работа с отношениями в арт терапии,18
арт терапия,работа с пожилыми арт терапия,50
арт терапия,работа с рисунком в арт терапии,31
арт терапия,работа с тревогой арт терапия,32
арт терапия,работа с эмоцией арт терапия,65
арт терапия,работы выполненные арт терапии живопись рисование скульптура,5
арт терапия,работы методом арт терапия,852
арт терапия,рабочие программы арт терапия,44
арт терапия,развитие арт терапии,1580
арт терапия,развитие арт терапии в россии,18
арт терапия,развитие эмоционального интеллекта арт терапия,103
арт терапия,развитие эмоционального интеллекта средствами арт терапии,32
арт терапия,разделы арт терапии,30
арт терапия,различные методы арт терапии,58
арт терапия,разновидностей арт терапии,26
арт терапия,раскраска арт терапия,499
арт терапия,раскраска арт терапия распечатать,37
арт терапия,раскраски арт терапия для детей,24
арт терапия,раскраски для взрослых арт терапия,35
арт терапия,регулятивная функция арт терапии,33
арт терапия,ресурсная арт терапия,73
арт терапия,ресурсные техники арт терапии,20
арт терапия,ресурсы арт терапии,216
арт терапия,реферат на тему арт терапия,26
арт терапия,рисование для пожилых людей арт терапия,11
арт терапия,рисование мандал в арт терапии,6
арт терапия,рисование музыки арт терапия,92
арт терапия,рисовать на теле арт терапия,14
арт терапия,рисунок в круге арт терапия,11
арт терапия,рисуночные техники в арт терапии,9
арт терапия,розовый цвет в арт терапии,8
арт терапия,роль арт терапии,154
арт терапия,рубин арт терапия,31
арт терапия,русская арт терапия,40
арт терапия,с чего начать арт терапию,22
арт терапия,с чем работает арт терапия у детей,6
арт терапия,само арт терапия,141
арт терапия,самоанализ арт терапии,42
арт терапия,самообразование арт терапия,85
арт терапия,самообразование арт терапия психолога,31
арт терапия,сборник арт терапии,78
арт терапия,свистовская арт терапия детей и подростков,93
арт терапия,сдвг арт терапия,68
арт терапия,сеансы арт терапии,39
арт терапия,семейная арт терапия,269
арт терапия,сенсорная арт терапия,97
арт терапия,серия арт терапия,45
арт терапия,сертификат арт терапии,93
арт терапия,сессии арт терапии онлайн,5
арт терапия,сидорова арт терапия,14
арт терапия,символдрама в арт терапии,24
арт терапия,синергические методики в арт терапии,7
арт терапия,синий цвет в арт терапии,8
арт терапия,система арт терапии,414
арт терапия,системная арт терапия,132
арт терапия,системная арт терапия копытин,37
арт терапия,сказкотерапия относится к арт терапии,125
арт терапия,сказкотерапия это метод арт терапии,39
арт терапия,скачать арт терапию,452
арт терапия,скачать музыку для арт терапии бесплатно,8
арт терапия,сколько этапов выделяют в развитии арт терапии,22
арт терапия,слоган для арт терапии,10
арт терапия,смешанная арт терапия,11
арт терапия,смысл арт терапии,76
арт терапия,совместная арт терапия,104
арт терапия,совместный рисунок арт терапия,11
арт терапия,современная клиническая арт терапия,60
арт терапия,современная клиническая арт терапия копытин,48
арт терапия,современная клиническая арт терапия учебное пособие,28
арт терапия,современные методы арт терапии,84
арт терапия,современные техники арт терапии,19
арт терапия,создай проект на тему арт терапия,10
арт терапия,создание арт терапии,297
арт терапия,сообщества арт терапии,16
арт терапия,соул коллаж арт терапия,9
арт терапия,социальная работа арт терапия,345
арт терапия,специфика арт терапии,30
арт терапия,специфические особенности арт терапии,36
арт терапия,спокойная музыка для арт терапии,24
арт терапия,спонтанный рисунок в арт терапии,8
арт терапия,способы арт терапии,213
арт терапия,средства арт терапии,1161
арт терапия,стартап арт терапия для женщин рисовать мужчин,7
арт терапия,статьи про арт терапию,23
арт терапия,стол для арт терапии,25
арт терапия,страх у ребенка арт терапия,54
арт терапия,структура арт терапии,68
арт терапия,студия арт терапии,133
арт терапия,сублимация в арт терапии,22
арт терапия,супервизия арт терапия,13
арт терапия,суть арт терапии,443
арт терапия,сущность арт терапии,36
арт терапия,танцевальная арт терапия,144
арт терапия,танцевально двигательная арт терапия,50
арт терапия,тарарина арт терапия в работе с детьми,39
арт терапия,тарарина практикум по арт терапии,41
арт терапия,татьяна колошина арт терапия,7
арт терапия,творческая арт терапия,679
арт терапия,творческие методы арт терапии,155
арт терапия,театральная арт терапия,24
арт терапия,телесная арт терапия,288
арт терапия,телесно ориентированная арт терапия,199
арт терапия,телесно ориентированные методы психотерапии арт терапия,32
арт терапия,тема самообразования арт терапия,51
арт терапия,тематическая арт терапия,38
арт терапия,темы арт терапии,1133
арт терапия,темы для арт терапии со взрослыми,11
арт терапия,тень арт терапия,24
арт терапия,теоретические основы арт терапии,46
арт терапия,терапевтические возможности арт терапии,29
арт терапия,термин арт терапия ввел в употреблении,16
арт терапия,термин арт терапия ввел хилл,38
арт терапия,термин арт терапия впервые был использован в,10
арт терапия,термин арт терапия первым использовал,9
арт терапия,тест арт терапия,201
арт терапия,тетрадь по арт терапии,28
арт терапия,техника арт терапии для определения целей,5
арт терапия,техника геометрические фигуры в арт терапии,22
арт терапия,техника каракули в арт терапии,31
арт терапия,техника каракули в арт терапии описание,11
арт терапия,техника коллаж в арт терапии,30
арт терапия,техника мандала в арт терапии,28
арт терапия,техника марания в арт терапии,6
арт терапия,техника розовый куст арт терапия,7
арт терапия,техники аналитической арт терапии,11
арт терапия,техники аналитической арт терапии копытин,8
арт терапия,техники арт терапии,1978
арт терапия,техники арт терапии в психологии,32
арт терапия,техники арт терапии в работе с детьми,39
арт терапия,техники арт терапии для групповой работы,26
арт терапия,техники арт терапии для пары,10
арт терапия,техники арт терапии для подростков,23
арт терапия,техники арт терапии книга,30
арт терапия,техники арт терапии лепкой,42
арт терапия,техники арт терапии применяются при,6
арт терапия,техники арт терапии с детьми,99
арт терапия,техники арт терапии со взрослыми,15
арт терапия,техники арт терапии страх,36
арт терапия,техники и приемы арт терапии,19
арт терапия,техники ландшафтной арт терапии,23
арт терапия,техники семейной арт терапии,36
арт терапия,техники телесно ориентированной арт терапии,55
арт терапия,техники телесно ориентированной арт терапии копытин,12
арт терапия,технологии арт терапии,544
арт терапия,технология арт терапии в социальной работе,35
арт терапия,тканевая арт терапия,21
арт терапия,традиции и инновации в арт терапии статьи,5
арт терапия,трансперсональная арт терапия,11
арт терапия,тревожность арт терапия упражнения,26
арт терапия,тренинг арт терапия,570
арт терапия,тренинг арт терапия для детей,18
арт терапия,тренинг для педагогов арт терапия,18
арт терапия,тренинг с элементами арт терапии,66
арт терапия,треугольник это в арт терапии,7
арт терапия,три уровня педагогического потенциала арт терапии,7
арт терапия,триадичность арт терапии,16
арт терапия,трон наследие как терапия арт стилем,9
арт терапия,удо байер арт терапия,6
арт терапия,узоры арт терапии,47
арт терапия,укажите синоним понятию арт терапия,14
арт терапия,умственная отсталость арт терапия,38
арт терапия,университет арт терапии,97
арт терапия,упражнение каракули арт терапия,10
арт терапия,упражнение мандала арт терапия,11
арт терапия,упражнение маски арт терапия,8
арт терапия,упражнение состояние арт терапия,16
арт терапия,упражнения арт терапии для взрослых,79
арт терапия,упражнения арт терапии для пожилых,18
арт терапия,упражнения арт терапии для снятия тревожности,10
арт терапия,упражнения арт терапии при стрессе,8
арт терапия,упражнения арт терапии со взрослыми,21
арт терапия,упражнения групповой арт терапии,27
арт терапия,упражнения по арт терапии для детей,35
арт терапия,упражнения тренинга арт терапии,71
арт терапия,факторы арт терапии,86
арт терапия,факторы психотерапевтического воздействия в арт терапии,15
арт терапия,фигуры арт терапии,100
арт терапия,фольга как средство арт терапии в доу,5
арт терапия,фольклорная арт терапия,37
арт терапия,фон для презентации арт терапия,12
арт терапия,форма групповой арт терапии,39
арт терапия,формы арт терапии,516
арт терапия,формы групповой работы в арт терапии,16
арт терапия,формы и методы арт терапии,93
арт терапия,формы проведения арт терапии,19
арт терапия,формы работы арт терапии,137
арт терапия,фотки арт терапии,5
арт терапия,фототерапия в арт терапии,60
арт терапия,фототерапия как метод арт терапии,17
арт терапия,фрактальное рисование арт терапия,17
арт терапия,фрейд арт терапия,61
арт терапия,фуд арт терапия,13
арт терапия,функции арт терапии,258
арт терапия,функциями арт терапии являются,22
арт терапия,характеристика арт терапии,113
арт терапия,характеристика метода арт терапия,38
арт терапия,цели арт терапии для детей,60
арт терапия,цель арт терапии,989
арт терапия,цель арт терапии в психологии,7
арт терапия,цель использования арт терапии,72
арт терапия,цель проекта арт терапия,10
арт терапия,ценность арт терапии,42
арт терапия,центр арт терапии,356
арт терапия,центр арт терапии бурганова,8
арт терапия,центр арт терапии игоря бурганова,7
арт терапия,цитаты про арт терапию,14
арт терапия,цифровая арт терапия,42
арт терапия,что включает в себя арт терапия,20
арт терапия,что входит в арт терапию,44
арт терапия,что делает арт терапия,46
арт терапия,что значит арт терапия,63
арт терапия,что интересного в арт терапии,18
арт терапия,что означает арт терапия,74
арт терапия,что относится к арт терапии,74
арт терапия,что провести по арт терапии,10
арт терапия,что такое арт терапия в образовании,13
арт терапия,что такое арт терапия по юнгу,6
арт терапия,что такое мультимодальная арт терапия,5
арт терапия,что такое современная арт терапия,9
арт терапия,чувства арт терапия,309
арт терапия,шаршаудан шабытқа арт терапия,3
арт терапия,школа арт терапии,707
арт терапия,школа арт терапии копытина,10
арт терапия,эдит крамер арт терапия,87
арт терапия,эдит крамер арт терапия минск,6
арт терапия,экзистенциальная арт терапия,92
арт терапия,экзистенциальная арт терапия основные положения,20
арт терапия,эко арт терапия,123
арт терапия,экологическая арт терапия,70
арт терапия,экспресс игры по арт терапии,6
арт терапия,экспрессивная арт терапия,39
арт терапия,элементы арт терапии,497
арт терапия,элементы арт терапии для детей,60
арт терапия,эмоции рабочая тетрадь по арт терапии,13
арт терапия,эмоциональная сфера арт терапия,269
арт терапия,эмоционального состояния детей арт терапия,60
арт терапия,эмоциональное выгорание арт терапия,67
арт терапия,энергетическая арт терапия,7
арт терапия,энциклопедия арт терапии,91
арт терапия,энциклопедия интерпретации арт терапия,72
арт терапия,этапы арт терапии,255
арт терапия,эффективность арт терапии,283
арт терапия,юнгианская арт терапия,13
ai для психолога,ai для психолога,37
Похожие,амбивалентность это в психологии,333
Похожие,б17 психологический,4479
Похожие,в17 психология,1443
Похожие,вда в психологии что,855
Похожие,вда в психологии что это,424
Похожие,гипомания это в психологии,200
Похожие,гтр это в психологии,389
Похожие,двг это в психологии,411
Похожие,институт прикладной психологии и психоанализа,978
Похожие,нлп в психологии что это,1399
Похожие,позитивная психология,4018
Похожие,прл в психологии,1797
Похожие,психология отношений дзен рассказы,3116
Похожие,психология отношений рассказы на дзен,1094
Похожие,птср это в психологии,1469
Похожие,рас это в психологии,467
Похожие,стагнация в психологии,538
Похожие,эдипов комплекс это в психологии,293
OH карты,oh карты купить,43
OH карты,oh погода по карте изобильный,19
OH карты,карта yu gi oh,92
OH карты,карты oh,712
OH карты,карты ох oh,25
OH карты,колода oh метафорические карты,24
OH карты,колода карт oh,38
OH карты,мак карта oh,49
OH карты,метафорические карты oh,168
OH карты,метафорические карты oh cards,30
OH карты,метафорические карты oh купить,31
OH карты,метафорические карты oh онлайн,11
OH карты,метафорические карты ох oh,25
OH карты,озон метафорические карты oh,5
OH карты,скачать oh карты,21
5mc карта511,b41 map,298
5mc карта511,анатолий карт,5512
5mc карта511,все карточки уно,576
5mc карта511,ии для карточек,8047
5mc карта511,карта слов,78791
5mc карта511,карта уно,65928
5mc карта511,карта фронта,73254
5mc карта511,карта хср,5533
5mc карта511,картадо,2111
5mc карта511,нспд карта,155666
5mc карта511,сколько карт в уно,12231
5mc карта511,точка на карте,279112
5mc карта511,ян карты,11061
