phrase,frequency,category,origin_seed
арт терапии,2023115,Работа_с_клиентом,арт терапия
карта слов,78791,Другое,5mc карта511
метафорически,66927,Мак_общее,похожие
карта уно,65928,Другое,5mc карта511
тревога это,46821,Эмоции_состояния,позожие
метафорические карты,41630,Мак_общее,Метафорические карты
ментальная карта,40218,Другое,похожие
маков карта,26198,Мак_общее,мак карты
мак карты,25383,Мак_общее,мак карты
эмоционально волевая сфера,23245,Эмоции_состояния,позожие
весогабаритные рамки,22312,Другое,похожие
личная карточка работника форма т,22051,Другое,похожие
maç izle,17690,Другое,похожие
широта и долгота на карте,16717,Другое,похожие
мак меню,13650,Мак_общее,похожие
apple card,12930,Другое,похожие
карточка сотрудника,12080,Другое,похожие
карточки ведьмак,11441,Мак_общее,похожие
карточки домана,11090,Другое,похожие
7 в матрице судьбы,10267,Другое,похожие
метафорические карты онлайн,9998,Мак_общее,Метафорические карты
личная карточка работника,9385,Другое,похожие
ии для карточек,8047,Другое,похожие
золотое яблоко на карте,7222,Другое,похожие
диссоциативное расстройство личности,6494,Другое,позожие
карточные масти,5650,Другое,похожие
карта хср,5533,Другое,5mc карта511
анатолий карт,5512,Другое,5mc карта511
карты шухарта,5337,Другое,похожие
пролив дрейка на карте,5315,Другое,похожие
мак карты онлайн,5255,Мак_общее,мак карты
медитация для успокоения нервной системы и психики,4902,Самопознание,позожие
метафорически это,4790,Мак_общее,похожие
значение игральных карт при гадании,4767,Расшифровка_значение,похожие
тревожное расстройство личности,4560,Другое,позожие
фоторамка 9 мая,4496,Другое,похожие
б17 психологический,4479,Психология_общее,Похожие
картонный домик,4172,Другое,похожие
house of cards,4115,Другое,похожие
карта евгена бро,4114,Другое,похожие
арканы судьбы дзен,4084,Другое,похожие
метафорическая карта,4037,Мак_общее,Метафорические карты
позитивная психология,4018,Психология_общее,позожие
как справиться с тревогой,3886,Эмоции_состояния,позожие
карточки профессии,3877,Другое,похожие
арт терапия работы,3844,Работа_с_клиентом,арт терапия
фоторамка а,3798,Другое,похожие
шкала тревоги и депрессии hads,3782,Эмоции_состояния,позожие
методы арт терапии,3766,Работа_с_клиентом,арт терапия
метафорические ассоциативные карты,3763,Мак_общее,Метафорические карты
арттерапия,3410,Работа_с_клиентом,позожие
тревожный тип личности,3163,Другое,позожие
психология отношений дзен рассказы,3116,Отношения_пара,Похожие
описание картин природы в художественном произведении,3084,Расшифровка_значение,позожие
смешанное тревожно депрессивное расстройство,3065,Эмоции_состояния,позожие
личная карточка сотрудника,3016,Другое,похожие
телесная психотерапия,2993,Работа_с_клиентом,позожие
сдвг у взрослых симптомы,2976,Другое,позожие
b42 map,2788,Другое,похожие
карта мак,2751,Мак_общее,мак карты
антисоциальное расстройство личности,2750,Другое,позожие
карта метро и мцк,2710,Другое,похожие
carry me home afro house,2594,Другое,похожие
earth map,2515,Другое,похожие
психологический портрет человека,2455,Психология_общее,позожие
арт терапия для детей,2400,Работа_с_клиентом,арт терапия
диссоциация в психологии,2379,Психология_общее,позожие
цирк уродов игра персонажи,2279,Другое,позожие
воля в психологии,2270,Психология_общее,позожие
значение карт при гадании на игральных,2180,Расшифровка_значение,похожие
apple maps,2119,Другое,похожие
картадо,2111,Другое,5mc карта511
телесный терапевт,2053,Другое,позожие
телесно ориентированная психотерапия,2033,Работа_с_клиентом,позожие
институт психотерапии и клинической психологии,2032,Работа_с_клиентом,позожие
техники арт терапии,1978,Работа_с_клиентом,арт терапия
социальное тревожное расстройство,1914,Другое,позожие
тревожно депрессивный синдром,1904,Эмоции_состояния,позожие
темная ночь минусовка,1884,Другое,позожие
метафоричность,1869,Мак_общее,похожие
клиническая психология переподготовка,1842,Психология_общее,позожие
как сделать домик из картона,1800,Создание_колоды,похожие
прл в психологии,1797,Психология_общее,Похожие
x minus минусовки,1731,Другое,позожие
тревожно депрессивное расстройство симптомы,1670,Эмоции_состояния,позожие
метаморфические карты,1659,Другое,похожие
позитивная психотерапия,1630,Работа_с_клиентом,позожие
ya maps,1598,Другое,похожие
смешанное тревожное и депрессивное расстройство,1592,Эмоции_состояния,позожие
развитие арт терапии,1580,Работа_с_клиентом,арт терапия
детский центр медицинской реабилитации,1477,Дети_семья,позожие
птср это в психологии,1469,Психология_общее,позожие
синдром сдвг что это,1448,Другое,позожие
метафорические карты бесплатно,1446,Скачать_бесплатно,Метафорические карты
в17 психология,1443,Психология_общее,Похожие
21 значение карт,1439,Расшифровка_значение,похожие
арт терапия упражнения,1418,Работа_с_клиентом,арт терапия
копытина арт терапия,1410,Работа_с_клиентом,арт терапия
деструкция стекловидного тела лечение,1407,Другое,позожие
копытин арт терапия,1407,Работа_с_клиентом,арт терапия
нлп в психологии что это,1399,Психология_общее,Похожие
тревожное расстройство симптомы у женщин,1391,Другое,позожие
архетипы в психологии,1390,Виды_колод,позожие
коррекция арт терапии,1365,Работа_с_клиентом,арт терапия
виды арт терапии,1339,Работа_с_клиентом,арт терапия
map art,1305,Другое,похожие
фоторамка коллаж,1299,Арт_терапия_техника,похожие
руки вверх минусовки,1260,Другое,позожие
сериал про психолога с нестандартными методами,1239,Психология_общее,позожие
земляне путь домой,1212,Другое,похожие
майерс социальная психология,1210,Психология_общее,позожие
психологическая арт терапия,1190,Работа_с_клиентом,арт терапия
использование арт терапии,1188,Работа_с_клиентом,арт терапия
арт терапия обучение,1173,Обучение_школа,арт терапия
средства арт терапии,1161,Работа_с_клиентом,арт терапия
личная карточка работника образец,1146,Другое,похожие
прыгай в тачечку малыш не бойся,1137,Другое,позожие
темы арт терапии,1133,Работа_с_клиентом,арт терапия
работа с метафорическими картами,1118,Мак_общее,Метафорические карты
кпт терапевт,1104,Другое,позожие
психология отношений рассказы на дзен,1094,Отношения_пара,Похожие
метафорические карты онлайн бесплатно,1091,Скачать_бесплатно,Метафорические карты
tf2 maps,1072,Другое,похожие
флешка для макбука,1064,Мак_общее,похожие
маршрут магеллана на карте,1050,Купить_колоду,похожие
диссоциация это в психологии,1044,Психология_общее,позожие
луиза хей аффирмации на исцеление,1043,Другое,позожие
колода метафорических карт,1027,Виды_колод,Метафорические карты
признаки сдвг у взрослых,1005,Другое,позожие
бесплатные мак карты,1005,Скачать_бесплатно,мак карты
метафорические карты купить,998,Купить_колоду,Метафорические карты
расшифровка метафорических карт,995,Расшифровка_значение,Метафорические карты
практики арт терапии,993,Работа_с_клиентом,арт терапия
легкие фокусы с картами,989,Другое,похожие
цель арт терапии,989,Работа_с_клиентом,арт терапия
институт прикладной психологии и психоанализа,978,Психология_общее,Похожие
арт терапия рисование,976,Работа_с_клиентом,арт терапия
скачать минусовку матушка земля,953,Скачать_бесплатно,позожие
таблетки от стресса и тревоги успокаивающие,950,Эмоции_состояния,позожие
арт терапия в работе с детьми,950,Работа_с_клиентом,арт терапия
метафорические карты мак,931,Мак_общее,Метафорические карты
программа арт терапии,927,Работа_с_клиентом,арт терапия
преподаватель психологии вакансии,922,Психология_общее,позожие
арт терапия рисунки,917,Работа_с_клиентом,арт терапия
направления арт терапии,912,Работа_с_клиентом,арт терапия
интегративный подход в психологии,902,Психология_общее,позожие
арт терапия возраст,874,Работа_с_клиентом,арт терапия
арт социальный терапия,868,Работа_с_клиентом,арт терапия
арт терапия человек,866,Работа_с_клиентом,арт терапия
лучшие психологические триллеры с высоким рейтингом,864,Психология_общее,позожие
методики арт терапии,855,Работа_с_клиентом,арт терапия
вда в психологии что,855,Психология_общее,Похожие
терапсид,852,Другое,позожие
работы методом арт терапия,852,Работа_с_клиентом,арт терапия
арт терапия книги,835,Работа_с_клиентом,арт терапия
сказкотерапия это,830,Работа_с_клиентом,позожие
диссоциативное расстройство личности это,822,Другое,позожие
классы арт терапии,816,Работа_с_клиентом,арт терапия
метафорические карты расклад,812,Онлайн_расклад,Метафорические карты
король мечей карта дня,812,Другое,похожие
метафорические карты скачать,808,Скачать_бесплатно,Метафорические карты
курсы арт терапии,806,Обучение_школа,арт терапия
мыс рока на карте,781,Другое,похожие
ассоциация когнитивно поведенческой психотерапии,772,Работа_с_клиентом,позожие
искусство арт терапии,744,Работа_с_клиентом,арт терапия
карты мак онлайн бесплатно,736,Скачать_бесплатно,мак карты
статья за продажу карты,731,Другое,похожие
как лечить сдвг у взрослых,731,Другое,позожие
арт терапия подходы,712,Работа_с_клиентом,арт терапия
карты oh,712,Другое,OH карты
школа арт терапии,707,Обучение_школа,арт терапия
рамка для грамоты шаблон,692,Другое,похожие
агорафобия это боязнь чего,690,Другое,позожие
работа с мак картами,683,Мак_общее,мак карты
творческая арт терапия,679,Работа_с_клиентом,арт терапия
sculpt art,675,Другое,позожие
арт терапия сказкотерапия,667,Работа_с_клиентом,арт терапия
группа арт терапия,664,Работа_с_клиентом,арт терапия
педагог арт терапии,662,Работа_с_клиентом,арт терапия
valeri arts,649,Другое,позожие
иерофант карта дня,648,Другое,похожие
метафорические карты какие,620,Мак_общее,Метафорические карты
маршрут дрейка на карте,616,Другое,похожие
мак карта скачать,616,Скачать_бесплатно,мак карты
гештальт терапевт это,612,Другое,позожие
групповая арт терапия,607,Работа_с_клиентом,арт терапия
арт терапия для психолога,606,Работа_с_клиентом,арт терапия
арт терапия терапия творчеством,590,Работа_с_клиентом,арт терапия
мак карты купить,583,Купить_колоду,мак карты
все карточки уно,576,Другое,5mc карта511
занятия по арт терапии,574,Работа_с_клиентом,арт терапия
чому тревога телеграмм,573,Эмоции_состояния,позожие
тренинг арт терапия,570,Обучение_школа,арт терапия
арт терапия является,565,Работа_с_клиентом,арт терапия
психотерапия арт терапия,555,Работа_с_клиентом,арт терапия
нарциссическое расстройство личности это,550,Другое,позожие
мак карты какие,548,Мак_общее,мак карты
значение метафорических карт,545,Расшифровка_значение,Метафорические карты
технологии арт терапии,544,Работа_с_клиентом,арт терапия
уильям джеймс психология,543,Психология_общее,позожие
практическая арт терапия,540,Работа_с_клиентом,арт терапия
диагностика арт терапии,538,Работа_с_клиентом,арт терапия
стагнация в психологии,538,Психология_общее,Похожие
арт слово терапия,537,Работа_с_клиентом,арт терапия
песочная арт терапия,537,Работа_с_клиентом,арт терапия
процесс арт терапии,527,Работа_с_клиентом,арт терапия
мастер арт терапия,519,Работа_с_клиентом,арт терапия
методы арт терапии с детьми,519,Работа_с_клиентом,арт терапия
формы арт терапии,516,Работа_с_клиентом,арт терапия
5mc карта,511,Другое,похожие
арт терапия спб,504,Работа_с_клиентом,арт терапия
tf card что это,502,Другое,похожие
арт терапия для подростков,502,Работа_с_клиентом,арт терапия
метафорические карты расклад онлайн,499,Онлайн_расклад,Метафорические карты
раскраска арт терапия,499,Работа_с_клиентом,арт терапия
элементы арт терапии,497,Работа_с_клиентом,арт терапия
таблетки от тревоги и беспокойства,492,Эмоции_состояния,позожие
маки из аниме магическая битва,488,Купить_колоду,похожие
ассоциативные карты мак,486,Мак_общее,мак карты
4 арт терапия,479,Работа_с_клиентом,арт терапия
дошкольный возраст арт терапия,479,Обучение_школа,арт терапия
игры арт терапии,479,Работа_с_клиентом,арт терапия
метафорические карты онлайн с расшифровкой,475,Расшифровка_значение,Метафорические карты
арт терапия примеры,474,Работа_с_клиентом,арт терапия
арт терапия пособие,471,Работа_с_клиентом,арт терапия
манифестация в психологии,469,Психология_общее,позожие
рас это в психологии,467,Психология_общее,позожие
проблема арт терапии,466,Работа_с_клиентом,арт терапия
арт терапия картинки,462,Работа_с_клиентом,арт терапия
институт прикладной психологии в социальной сфере,459,Психология_общее,позожие
скачать арт терапию,452,Скачать_бесплатно,арт терапия
евразийская ассоциация терапевтов,450,Другое,позожие
когнитивная арт терапия,449,Работа_с_клиентом,арт терапия
акцентуация характера это в психологии,448,Психология_общее,позожие
мак карты онлайн расклад,446,Онлайн_расклад,мак карты
диссоциальное расстройство личности это,445,Другое,позожие
лебедева арт терапия,444,Работа_с_клиентом,арт терапия
как работать с метафорическими картами,443,Мак_общее,Метафорические карты
арт терапия эмоции,443,Работа_с_клиентом,арт терапия
суть арт терапии,443,Работа_с_клиентом,арт терапия
метафорические карты техники,442,Работа_с_клиентом,Метафорические карты
дачный домик интерьер внутри фото,442,Другое,похожие
интерьер дачного домика внутри фото,442,Другое,похожие
арт терапия бывшие,441,Работа_с_клиентом,арт терапия
рпп в психологии,440,Психология_общее,позожие
арт терапия стресса,440,Работа_с_клиентом,арт терапия
метафорические карты бесплатно с расшифровкой,434,Скачать_бесплатно,Метафорические карты
метафорические карты онлайн бесплатно с расшифровкой,434,Скачать_бесплатно,Метафорические карты
арт терапия возможности,430,Работа_с_клиентом,арт терапия
задачи арт терапии,430,Работа_с_клиентом,арт терапия
международная арт терапия,429,Работа_с_клиентом,арт терапия
мак метафорические ассоциативные карты,427,Мак_общее,Метафорические карты
мак карты расшифровка,425,Расшифровка_значение,мак карты
вда в психологии что это,424,Психология_общее,Похожие
арт терапия младшие школьники,421,Обучение_школа,арт терапия
art by san20xxx,418,Другое,позожие
арт терапия для взрослых,418,Работа_с_клиентом,арт терапия
арт терапия методы коррекции,418,Работа_с_клиентом,арт терапия
песня принципы рамки и границы,416,Другое,похожие
арт терапия киселевой,415,Работа_с_клиентом,арт терапия
киселева арт терапия,415,Работа_с_клиентом,арт терапия
система арт терапии,414,Работа_с_клиентом,арт терапия
метафорические ассоциативные карты онлайн,412,Мак_общее,Метафорические карты
арт терапия художественная,412,Работа_с_клиентом,арт терапия
двг это в психологии,411,Психология_общее,позожие
матрица гаряева для сна и исцеления,411,Другое,позожие
ветус мапс карты,410,Другое,похожие
арт терапия москва,410,Работа_с_клиентом,арт терапия
арт терапия родители,410,Работа_с_клиентом,арт терапия
экзотерапия это,405,Работа_с_клиентом,позожие
темный эмпат это в психологии,402,Психология_общее,позожие
терапевтикум,397,Другое,позожие
нурофен детский сироп инструкция по применению дозировка,391,Дети_семья,позожие
арт терапия индивидуально,391,Работа_с_клиентом,арт терапия
гтр это в психологии,389,Психология_общее,Похожие
арт терапия варианты,388,Работа_с_клиентом,арт терапия
психосоматика луиза хей полная таблица болезней,386,Другое,позожие
арт терапия учебное,386,Работа_с_клиентом,арт терапия
техники мак карт,385,Работа_с_клиентом,мак карты
арт терапия профилактика,380,Работа_с_клиентом,арт терапия
коррекция тревожности арт терапия,375,Работа_с_клиентом,арт терапия
проект арт терапия,375,Работа_с_клиентом,арт терапия
использованию методов арт терапии,374,Работа_с_клиентом,арт терапия
луч солнца золотого минусовка,372,Другое,позожие
метафорические карты внутренняя,371,Мак_общее,Метафорические карты
кострище для дачи своими руками,370,Другое,похожие
антисоциальное расстройство личности это,368,Другое,позожие
игровая арт терапия,368,Работа_с_клиентом,арт терапия
арт терапия цветом,365,Работа_с_клиентом,арт терапия
педагогическая арт терапия,361,Работа_с_клиентом,арт терапия
н арт терапия,359,Работа_с_клиентом,арт терапия
ответ метафорических карт,358,Мак_общее,Метафорические карты
основы арт терапии,358,Работа_с_клиентом,арт терапия
центр арт терапии,356,Работа_с_клиентом,арт терапия
арт терапия педагога психолога,355,Работа_с_клиентом,арт терапия
дэвид майерс социальная психология,352,Психология_общее,позожие
арт терапия статьи,351,Работа_с_клиентом,арт терапия
исследование арт терапии,351,Работа_с_клиентом,арт терапия
когнитивно поведенческая арт терапия,350,Работа_с_клиентом,арт терапия
метафорические карты картинки,349,Мак_общее,Метафорические карты
аддикция это в психологии,349,Психология_общее,позожие
карта работающих маков,349,Мак_общее,мак карты
при каких психологических реакциях характерна повышенная возбудимость,348,Психология_общее,позожие
арт терапия поможет,348,Работа_с_клиентом,арт терапия
арт терапия теория,346,Работа_с_клиентом,арт терапия
социальная работа арт терапия,345,Работа_с_клиентом,арт терапия
арт терапия страха,344,Работа_с_клиентом,арт терапия
арт терапия реабилитация,343,Работа_с_клиентом,арт терапия
сдвг у взрослых симптомы и лечение,342,Другое,позожие
коллекционные карточки покемон,341,Другое,похожие
арт терапия вич,339,Работа_с_клиентом,арт терапия
арт терапия т,339,Работа_с_клиентом,арт терапия
карта прикопов сталкрафт x,338,Другое,похожие
мак карты обучение,338,Обучение_школа,мак карты
арт терапия рисовать,338,Работа_с_клиентом,арт терапия
арт терапия презентации,336,Работа_с_клиентом,арт терапия
tno map,335,Другое,похожие
амбивалентность это в психологии,333,Психология_общее,Похожие
арт терапия музыкотерапия,328,Работа_с_клиентом,арт терапия
арт терапия детей и подростков,327,Работа_с_клиентом,арт терапия
психология для жизни дзен,326,Психология_общее,позожие
коррекционная арт терапия,326,Работа_с_клиентом,арт терапия
арт терапия с помощью,325,Работа_с_клиентом,арт терапия
mad island карта,319,Другое,похожие
арт терапия используется,317,Работа_с_клиентом,арт терапия
работа с метафорическими ассоциативными картами,316,Мак_общее,Метафорические карты
арт терапия конспект,315,Работа_с_клиентом,арт терапия
киселева арт терапия в работе,314,Работа_с_клиентом,арт терапия
метафорическая карта онлайн,311,Мак_общее,Метафорические карты
метафорические карты женщина,311,Мак_общее,Метафорические карты
арт терапия учебное пособие,311,Работа_с_клиентом,арт терапия
арт терапия в работе психолога,310,Работа_с_клиентом,арт терапия
чувства арт терапия,309,Работа_с_клиентом,арт терапия
авторы арт терапии,308,Работа_с_клиентом,арт терапия
приемы арт терапии,308,Работа_с_клиентом,арт терапия
визитная карточка в матрице судьбы,307,Другое,похожие
арт терапия психокоррекция,305,Работа_с_клиентом,арт терапия
интерпретация арт терапии,302,Расшифровка_значение,арт терапия
iq mac,300,Другое,похожие
метафорическая карта сила,299,Мак_общее,Метафорические карты
арт терапия лечение,299,Работа_с_клиентом,арт терапия
b41 map,298,Другое,похожие
символдрама в психологии,297,Психология_общее,позожие
создание арт терапии,297,Работа_с_клиентом,арт терапия
особенности арт терапии,296,Работа_с_клиентом,арт терапия
метафорическая карта дня,294,Мак_общее,Метафорические карты
эдипов комплекс это в психологии,293,Психология_общее,позожие
метафорические карты люди,290,Мак_общее,Метафорические карты
мир арт терапия,289,Работа_с_клиентом,арт терапия
киселева м в арт терапия,288,Работа_с_клиентом,арт терапия
телесная арт терапия,288,Работа_с_клиентом,арт терапия
метафорические карты обучение,287,Обучение_школа,Метафорические карты
арт терапия дистанционно,287,Работа_с_клиентом,арт терапия
музыкальная арт терапия,283,Работа_с_клиентом,арт терапия
эффективность арт терапии,283,Работа_с_клиентом,арт терапия
овз это в психологии,282,Психология_общее,позожие
анализ арт терапии,282,Работа_с_клиентом,арт терапия
международная школа арт терапии,281,Обучение_школа,арт терапия
арт терапия результат,280,Работа_с_клиентом,арт терапия
навыки арт терапии,280,Работа_с_клиентом,арт терапия
арт терапия и речь,277,Работа_с_клиентом,арт терапия
клиническую арт терапию,276,Работа_с_клиентом,арт терапия
применение арт терапии в терапии,276,Работа_с_клиентом,арт терапия
карточная игра ведьма,275,Другое,похожие
лебедева л д арт терапия,274,Работа_с_клиентом,арт терапия
мак карты мир,273,Мак_общее,мак карты
арт терапия для овз,271,Работа_с_клиентом,арт терапия
арт терапия портал,271,Работа_с_клиентом,арт терапия
арт терапия в доу,270,Работа_с_клиентом,арт терапия
арт терапия диплом,270,Работа_с_клиентом,арт терапия
семейная арт терапия,269,Работа_с_клиентом,арт терапия
эмоциональная сфера арт терапия,269,Работа_с_клиентом,арт терапия
метафорические карты подростки,268,Дети_семья,Метафорические карты
метафорические карты ресурсы,268,Мак_общее,Метафорические карты
арт гештальт терапия,268,Работа_с_клиентом,арт терапия
арт терапия образы,268,Работа_с_клиентом,арт терапия
x minus pro минусовки,267,Другое,позожие
карта мак адресов,267,Мак_общее,мак карты
арт терапия термины,267,Работа_с_клиентом,арт терапия
мак карты для психолога,265,Работа_с_клиентом,мак карты
психологические метафорические карты,264,Мак_общее,Метафорические карты
метафорические карты книга,263,Мак_общее,Метафорические карты
арт терапия изотерапия,263,Работа_с_клиентом,арт терапия
вопросы для арт терапии,259,Работа_с_клиентом,арт терапия
функции арт терапии,258,Работа_с_клиентом,арт терапия
мак сетевой карты,257,Мак_общее,мак карты
арт терапия в развитии ребенка,257,Работа_с_клиентом,арт терапия
арт терапия коллаж,257,Работа_с_клиентом,арт терапия
арт терапия теория и практика,256,Работа_с_клиентом,арт терапия
арт терапия специалисты,255,Работа_с_клиентом,арт терапия
этапы арт терапии,255,Работа_с_клиентом,арт терапия
арт терапия это в психологии,254,Работа_с_клиентом,арт терапия
арт терапия с детьми психолог,252,Работа_с_клиентом,арт терапия
метафорические карты описание карт,251,Расшифровка_значение,Метафорические карты
карта дня мак,251,Мак_общее,мак карты
арт терапия для дошкольников,249,Обучение_школа,арт терапия
арт терапия как средство коррекции,248,Работа_с_клиентом,арт терапия
арт терапия самовыражение,248,Работа_с_клиентом,арт терапия
интегративный подход в психологии это,247,Психология_общее,позожие
другая арт терапия,247,Работа_с_клиентом,арт терапия
опыт арт терапия,247,Работа_с_клиентом,арт терапия
арт терапия психоанализ,246,Работа_с_клиентом,арт терапия
арт терапия обучение дистанционно,245,Обучение_школа,арт терапия
карты арт терапии,242,Работа_с_клиентом,арт терапия
арт терапия задания,241,Работа_с_клиентом,арт терапия
терапевтические сказки для дошкольников,239,Обучение_школа,позожие
основная цель арт терапии,239,Работа_с_клиентом,арт терапия
rf4 map,238,Другое,похожие
метафоричность это,238,Мак_общее,похожие
про арт терапию,238,Работа_с_клиентом,арт терапия
метафорические карты скачать бесплатно,237,Скачать_бесплатно,Метафорические карты
мак карты границы,236,Мак_общее,мак карты
метафорические карты для детей,235,Дети_семья,Метафорические карты
арт терапия диагностическая,235,Работа_с_клиентом,арт терапия
арт терапия сад,234,Работа_с_клиентом,арт терапия
арт терапия в педагогике,233,Работа_с_клиентом,арт терапия
суть метафорических карт,232,Мак_общее,Метафорические карты
пристанище ведьмы таролог дзен,232,Другое,похожие
день арт терапии,232,Работа_с_клиентом,арт терапия
метафорические карты для психолога,231,Работа_с_клиентом,Метафорические карты
мак карты онлайн с расшифровкой,231,Расшифровка_значение,мак карты
арт терапия проведение,231,Работа_с_клиентом,арт терапия
арт терапия связана с,231,Работа_с_клиентом,арт терапия
проективная арт терапия,231,Работа_с_клиентом,арт терапия
метафорические карты использование,230,Мак_общее,Метафорические карты
стигматизация это в психологии,230,Психология_общее,позожие
арт терапия новый,230,Работа_с_клиентом,арт терапия
карточки для игры кто я распечатать,229,Другое,похожие
мак адрес сетевой карты,228,Мак_общее,мак карты
рэйки искусство исцеления,227,Другое,позожие
арт терапия определение,226,Работа_с_клиентом,арт терапия
план арт терапии,226,Работа_с_клиентом,арт терапия
арт терапия онлайн,225,Работа_с_клиентом,арт терапия
арт терапия основана на,224,Работа_с_клиентом,арт терапия
пирамида маслоу в психологии и развитии личности,223,Психология_общее,позожие
дыхание в пустоту рассыпается волной песня скачать,223,Скачать_бесплатно,позожие
игротерапия арт терапия,222,Работа_с_клиентом,арт терапия
образы метафорических карт,221,Мак_общее,Метафорические карты
арт терапия отношения,221,Работа_с_клиентом,арт терапия
принцип арт терапии,221,Работа_с_клиентом,арт терапия
метафорические карты в работе психолога,220,Работа_с_клиентом,Метафорические карты
арт терапия для школьников,220,Обучение_школа,арт терапия
история арт терапии,220,Работа_с_клиентом,арт терапия
практикум по арт терапии,219,Работа_с_клиентом,арт терапия
колода метафорических ассоциативных карт,218,Виды_колод,Метафорические карты
метафорические карты сказка,218,Мак_общее,Метафорические карты
арт терапия направлена,218,Работа_с_клиентом,арт терапия
музыка для арт терапии,218,Работа_с_клиентом,арт терапия
бесплатно арт терапия,217,Скачать_бесплатно,арт терапия
мандала в арт терапии,217,Работа_с_клиентом,арт терапия
метафорические карты инструкция,216,Мак_общее,Метафорические карты
что означает метафорические карты,216,Мак_общее,Метафорические карты
ресурсы арт терапии,216,Работа_с_клиентом,арт терапия
мак карты описание карт,215,Расшифровка_значение,мак карты
метафорические карты душа,214,Мак_общее,Метафорические карты
методы арт терапии в работе с детьми,214,Работа_с_клиентом,арт терапия
эго психология и саморазвитие в контакте,213,Психология_общее,позожие
арт терапия в работе с подростками,213,Работа_с_клиентом,арт терапия
арт терапия рамка,213,Работа_с_клиентом,арт терапия
способы арт терапии,213,Работа_с_клиентом,арт терапия
героиня сказки дикие лебеди,212,Другое,позожие
метафорические карты мужчина,211,Мак_общее,Метафорические карты
арт терапия для детей с овз,210,Работа_с_клиентом,арт терапия
консультирование в арт терапии,210,Работа_с_клиентом,арт терапия
метафорические карты роды,208,Мак_общее,Метафорические карты
изотерапия это,208,Работа_с_клиентом,позожие
мак карты бесплатно с расшифровкой,208,Скачать_бесплатно,мак карты
арт терапия как называется,208,Работа_с_клиентом,арт терапия
игра метафорические карты,207,Мак_общее,Метафорические карты
метафорические карты практики,206,Мак_общее,Метафорические карты
метафорические карты род,206,Мак_общее,Метафорические карты
негативизм это в психологии,206,Психология_общее,позожие
мак карта онлайн с расшифровкой бесплатно,206,Скачать_бесплатно,мак карты
метафорические карты архетипы,205,Виды_колод,Метафорические карты
что значат метафорические карты,205,Мак_общее,Метафорические карты
что значит метафорические карты,205,Мак_общее,Метафорические карты
арт терапия где,205,Работа_с_клиентом,арт терапия
арт терапия сказка терапия,204,Работа_с_клиентом,арт терапия
www gryadka online card активировать карту лояльности,203,Другое,похожие
когерентность в психологии,203,Психология_общее,позожие
арт терапия самооценки,202,Работа_с_клиентом,арт терапия
психотерапия метод арт терапии,202,Работа_с_клиентом,арт терапия
ресурсная метафорическая карта,201,Мак_общее,Метафорические карты
трюк треугольник в психологии,201,Психология_общее,позожие
мак карты внутренняя,201,Мак_общее,мак карты
арт терапия здоровье,201,Работа_с_клиентом,арт терапия
арт терапия тестом,201,Работа_с_клиентом,арт терапия
тест арт терапия,201,Работа_с_клиентом,арт терапия
гипомания это в психологии,200,Психология_общее,Похожие
арт терапия цветы,199,Работа_с_клиентом,арт терапия
телесно ориентированная арт терапия,199,Работа_с_клиентом,арт терапия
метафорические карты мак онлайн,198,Мак_общее,Метафорические карты
метафорические карты фото,198,Мак_общее,Метафорические карты
арт терапия санкт,198,Работа_с_клиентом,арт терапия
выбрать терапевта фото,197,Другое,позожие
арт терапия петербург,197,Работа_с_клиентом,арт терапия
арт терапия мероприятие,196,Работа_с_клиентом,арт терапия
арт терапия понятия,196,Работа_с_клиентом,арт терапия
платформы метафорические карты,195,Мак_общее,Метафорические карты
активная арт терапия,195,Работа_с_клиентом,арт терапия
арт терапия инвалидов,195,Работа_с_клиентом,арт терапия
мак карты картинки,194,Мак_общее,мак карты
арт терапия санкт петербург,194,Работа_с_клиентом,арт терапия
дачные домики фото внутри и снаружи,192,Другое,похожие
как работать с мак картами,192,Мак_общее,мак карты
арт терапия позволяет,192,Работа_с_клиентом,арт терапия
apple card что это,191,Другое,похожие
метафорические карты жизнь,189,Мак_общее,Метафорические карты
арт терапия уроки,189,Работа_с_клиентом,арт терапия
метафорическая карта опоры,188,Мак_общее,Метафорические карты
арт терапия дерево,187,Работа_с_клиентом,арт терапия
арт терапия эмоциональных состояний,187,Работа_с_клиентом,арт терапия
выбрать карту мак,186,Мак_общее,мак карты
коррекция тревожности средствами арт терапии,186,Работа_с_клиентом,арт терапия
мастер класс по арт терапии,186,Работа_с_клиентом,арт терапия
арт терапия интеллект,185,Работа_с_клиентом,арт терапия
крамер арт терапия,185,Работа_с_клиентом,арт терапия
карты мак значение карт,184,Расшифровка_значение,мак карты
арт терапия для пожилых,184,Работа_с_клиентом,арт терапия
красный мак карта,183,Мак_общее,мак карты
арт терапия работы с овз,183,Работа_с_клиентом,арт терапия
метафорические карты вселенная,182,Мак_общее,Метафорические карты
метод метафорических карт,182,Мак_общее,Метафорические карты
мачу пикчу на карте,182,Другое,похожие
копытин арт терапия детей,181,Работа_с_клиентом,арт терапия
арт терапия общения,180,Работа_с_клиентом,арт терапия
арт терапия фото,180,Работа_с_клиентом,арт терапия
лебедева практика арт терапии,180,Работа_с_клиентом,арт терапия
бесплатные мак карты скачать,179,Скачать_бесплатно,мак карты
арт терапия для детей возраст,179,Работа_с_клиентом,арт терапия
арт терапия краски,179,Работа_с_клиентом,арт терапия
влияние арт терапии,179,Работа_с_клиентом,арт терапия
лучшие метафорические карты,178,Мак_общее,Метафорические карты
метафорические карты универсальные,177,Мак_общее,Метафорические карты
метафорический набор карт,177,Мак_общее,Метафорические карты
арт терапия текстом,177,Работа_с_клиентом,арт терапия
практическая психология арт терапия,177,Работа_с_клиентом,арт терапия
киселева арт терапия в работе с детьми,175,Работа_с_клиентом,арт терапия
метафорические карты в психологии,174,Мак_общее,Метафорические карты
метафорические карты онлайн 1 карта,174,Онлайн_расклад,Метафорические карты
копытин теория и практика арт терапии,174,Работа_с_клиентом,арт терапия
арт терапия агрессивного поведения,173,Работа_с_клиентом,арт терапия
арт терапия первый,173,Работа_с_клиентом,арт терапия
институт арт терапии,173,Работа_с_клиентом,арт терапия
арт терапия в работе педагога,172,Работа_с_клиентом,арт терапия
арт терапия подростки копытин,172,Работа_с_клиентом,арт терапия
метафорические карты тень,171,Мак_общее,Метафорические карты
описание арт терапии,170,Расшифровка_значение,арт терапия
профессиональная арт терапия,170,Работа_с_клиентом,арт терапия
арт терапия адаптация,169,Работа_с_клиентом,арт терапия
арт терапия библиотерапия,169,Работа_с_клиентом,арт терапия
арт терапия выбора,169,Работа_с_клиентом,арт терапия
арт терапия значения,169,Расшифровка_значение,арт терапия
метафорические карты oh,168,Мак_общее,Метафорические карты
арт терапия психогимнастика,168,Работа_с_клиентом,арт терапия
мак карты курсы,167,Обучение_школа,мак карты
арт терапия наука,167,Работа_с_клиентом,арт терапия
вопросы для метафорических карт,166,Мак_общее,Метафорические карты
арт терапия конспекты занятий,166,Работа_с_клиентом,арт терапия
метафорические карты методика,165,Мак_общее,Метафорические карты
метафорические карты курсы,164,Обучение_школа,Метафорические карты
метафорические карты отношения,164,Отношения_пара,Метафорические карты
арт терапия руководство,164,Работа_с_клиентом,арт терапия
арт терапия куклотерапия,163,Работа_с_клиентом,арт терапия
метафорические карты слова,162,Мак_общее,Метафорические карты
метафорические карты дороги,161,Мак_общее,Метафорические карты
академия арт терапии,161,Работа_с_клиентом,арт терапия
арт терапия что это такое простыми,161,Работа_с_клиентом,арт терапия
арт терапия основной метод,160,Работа_с_клиентом,арт терапия
арт терапия с семьей,160,Работа_с_клиентом,арт терапия
женские метафорические карты,159,Мак_общее,Метафорические карты
метафорические карты чувств,159,Мак_общее,Метафорические карты
арт терапия вкр,159,Работа_с_клиентом,арт терапия
арт терапия с рас,159,Работа_с_клиентом,арт терапия
арт терапия старший дошкольный возраст,159,Обучение_школа,арт терапия
психолог арт терапия занятия,158,Работа_с_клиентом,арт терапия
арт терапия ввел,157,Работа_с_клиентом,арт терапия
метафорические карты изображение,156,Мак_общее,Метафорические карты
метафорические карты расклад бесплатно,156,Онлайн_расклад,Метафорические карты
мак карты определяющий,156,Мак_общее,мак карты
конференция арт терапия,156,Работа_с_клиентом,арт терапия
таролог ирсен дзен,155,Другое,похожие
карта силы мак,155,Мак_общее,мак карты
мак карты ответы,155,Мак_общее,мак карты
арт терапия обучение с дипломом,155,Обучение_школа,арт терапия
инструменты арт терапии,155,Работа_с_клиентом,арт терапия
творческие методы арт терапии,155,Работа_с_клиентом,арт терапия
метафорические карты онлайн платформа,154,Мак_общее,Метафорические карты
мак карты фото,154,Мак_общее,мак карты
роль арт терапии,154,Работа_с_клиентом,арт терапия
метафорические карты любовь,153,Отношения_пара,Метафорические карты
zy rfhns,153,Другое,похожие
мак карты женщина,153,Мак_общее,мак карты
арт терапия названия,153,Работа_с_клиентом,арт терапия
арт терапия пройти,153,Работа_с_клиентом,арт терапия
детский психолог арт терапия,153,Работа_с_клиентом,арт терапия
задать вопрос метафорическим картам,152,Мак_общее,Метафорические карты
vedic horo ru натальная карта рассчитать,152,Другое,похожие
ресурсная карта мак,152,Мак_общее,мак карты
арт терапия в детском саду,152,Работа_с_клиентом,арт терапия
арт терапия дополнительное образование,152,Работа_с_клиентом,арт терапия
метафорические карты онлайн расклад бесплатно,151,Онлайн_расклад,Метафорические карты
практика арт терапии подходы диагностика система,151,Работа_с_клиентом,арт терапия
метафорические карты отзывы,150,Мак_общее,Метафорические карты
treasure map fisch,150,Другое,похожие
арт терапия тревога,150,Работа_с_клиентом,арт терапия
организация арт терапии,150,Работа_с_клиентом,арт терапия
практика арт терапии д л лебедева,150,Работа_с_клиентом,арт терапия
метафорические карты ох,149,Мак_общее,Метафорические карты
арт терапия 5 лет,149,Работа_с_клиентом,арт терапия
арт терапия агрессии,149,Работа_с_клиентом,арт терапия
арт терапия антистресс,149,Работа_с_клиентом,арт терапия
механизм арт терапии,149,Работа_с_клиентом,арт терапия
лебедева арт терапия диагностика,148,Работа_с_клиентом,арт терапия
метафорические карты эмоции,147,Эмоции_состояния,Метафорические карты
арт терапия как использовать,147,Работа_с_клиентом,арт терапия
арт терапия символ,147,Работа_с_клиентом,арт терапия
арт терапия список,147,Работа_с_клиентом,арт терапия
мак карты путь,146,Мак_общее,мак карты
способ применения терафлю порошка,145,Другое,позожие
арт терапия какие направления,145,Работа_с_клиентом,арт терапия
арт терапия при тревожности,145,Работа_с_клиентом,арт терапия
арт терапия тарариной,145,Работа_с_клиентом,арт терапия
арт терапия цели и задачи,145,Работа_с_клиентом,арт терапия
музейная арт терапия,145,Работа_с_клиентом,арт терапия
арт терапия в россии,144,Работа_с_клиентом,арт терапия
арт терапия что это такое простыми словами,144,Работа_с_клиентом,арт терапия
танцевальная арт терапия,144,Работа_с_клиентом,арт терапия
метафорические карты просто,143,Мак_общее,Метафорические карты
арт терапия в развитии эмоционального,143,Работа_с_клиентом,арт терапия
арт терапия купить,143,Купить_колоду,арт терапия
метафорические карты подсказки,142,Мак_общее,Метафорические карты
алена кумарья таролог дзен,142,Другое,похожие
арт терапия снижение тревожности,142,Работа_с_клиентом,арт терапия
психодрама арт терапия,142,Работа_с_клиентом,арт терапия
арт терапия метод психокоррекции,141,Работа_с_клиентом,арт терапия
арт терапия обучение дистанционно с дипломом,141,Обучение_школа,арт терапия
арт терапия типы,141,Работа_с_клиентом,арт терапия
лебедева практика арт терапии подходы диагностика,141,Работа_с_клиентом,арт терапия
само арт терапия,141,Работа_с_клиентом,арт терапия
арт терапия в работе педагога психолога,140,Работа_с_клиентом,арт терапия
арт терапия телом,140,Работа_с_клиентом,арт терапия
карты мак показать,139,Мак_общее,мак карты
арт терапия как метод психологической,139,Работа_с_клиентом,арт терапия
арт терапия отзывы,139,Работа_с_клиентом,арт терапия
основная цель арт терапии заключается в,139,Работа_с_клиентом,арт терапия
метафорическая карта девушка,138,Мак_общее,Метафорические карты
метафорические карты деревья,138,Мак_общее,Метафорические карты
метафорические карты онлайн расклад с расшифровкой,138,Онлайн_расклад,Метафорические карты
техники работы с метафорическими картами,138,Работа_с_клиентом,Метафорические карты
мак карты слова,138,Мак_общее,мак карты
антиретровирусной терапии арт,138,Работа_с_клиентом,арт терапия
арт терапия песочная терапия сказкотерапия,138,Работа_с_клиентом,арт терапия
арт терапия раскраски антистресс,138,Работа_с_клиентом,арт терапия
арт терапия эмоциональный интеллект,138,Работа_с_клиентом,арт терапия
мак карты страхи,137,Эмоции_состояния,мак карты
арт терапия картина,137,Работа_с_клиентом,арт терапия
формы работы арт терапии,137,Работа_с_клиентом,арт терапия
арт терапия развитие творческих способностей,136,Работа_с_клиентом,арт терапия
какие есть арт терапии,136,Работа_с_клиентом,арт терапия
киселева арт терапия в практической психологии,136,Работа_с_клиентом,арт терапия
арт терапия повышение квалификации,135,Работа_с_клиентом,арт терапия
арт терапия с песком,134,Работа_с_клиентом,арт терапия
арт терапия эмоциональных нарушений,134,Работа_с_клиентом,арт терапия
map 5mc org,133,Другое,похожие
картограф это что за профессия,133,Другое,похожие
арт терапия относится к методам,133,Работа_с_клиентом,арт терапия
студия арт терапии,133,Работа_с_клиентом,арт терапия
метафорические карты роботы,132,Мак_общее,Метафорические карты
практики мак карты,132,Мак_общее,мак карты
арт терапия маски,132,Работа_с_клиентом,арт терапия
системная арт терапия,132,Работа_с_клиентом,арт терапия
как пользоваться метафорическими картами,131,Мак_общее,Метафорические карты
метафорические карты мира,131,Мак_общее,Метафорические карты
техники работы с мак картами,131,Работа_с_клиентом,мак карты
лучшая арт терапия,131,Работа_с_клиентом,арт терапия
начальная арт терапия,131,Работа_с_клиентом,арт терапия
метафорические карты помогают,130,Мак_общее,Метафорические карты
как извлечь флешку на макбуке,130,Мак_общее,похожие
мак карты отношения,130,Отношения_пара,мак карты
арт терапия полезна,130,Работа_с_клиентом,арт терапия
арт терапия путь,130,Работа_с_клиентом,арт терапия
арттерапия или арт терапия что это,130,Работа_с_клиентом,арт терапия
журнал арт терапия,130,Работа_с_клиентом,арт терапия
арт терапия нарисуйте,129,Работа_с_клиентом,арт терапия
метафорическая карта года,128,Мак_общее,Метафорические карты
мак карты дом,128,Мак_общее,мак карты
занятия с использованием арт терапии,128,Работа_с_клиентом,арт терапия
универсальные мак карты,127,Мак_общее,мак карты
арт практика терапия спб,127,Работа_с_клиентом,арт терапия
арт терапия снятие напряжения,127,Работа_с_клиентом,арт терапия
арт терапия травмы,127,Работа_с_клиентом,арт терапия
курсы арт терапии для психологов,127,Обучение_школа,арт терапия
продукт арт терапии,127,Работа_с_клиентом,арт терапия
карты психолога метафорические ассоциативные,126,Мак_общее,Метафорические карты
метафорические карты авторы,126,Мак_общее,Метафорические карты
метафорические карты онлайн бесплатно с расшифровкой расклад,126,Онлайн_расклад,Метафорические карты
метафорические карты страхи,126,Эмоции_состояния,Метафорические карты
терапия метафорическими картами,126,Работа_с_клиентом,Метафорические карты
малышарики пазлы мозаика сладкий сон спокойной ночи,126,Другое,позожие
арт терапия дома,126,Работа_с_клиентом,арт терапия
арт терапия тревожности у ребенка,126,Работа_с_клиентом,арт терапия
занятие с элементами арт терапии,126,Работа_с_клиентом,арт терапия
арт терапия зпр,125,Работа_с_клиентом,арт терапия
арт терапия начинающим,125,Работа_с_клиентом,арт терапия
психологические направления арт терапии,125,Работа_с_клиентом,арт терапия
сказкотерапия относится к арт терапии,125,Работа_с_клиентом,арт терапия
технологические карты мак,124,Мак_общее,мак карты
арт терапия родителей с детьми,124,Работа_с_клиентом,арт терапия
эко арт терапия,123,Работа_с_клиентом,арт терапия
карта кадастра и картографии официальный сайт,122,Другое,похожие
арт терапия скачать бесплатно,122,Скачать_бесплатно,арт терапия
психоаналитическая арт терапия,122,Работа_с_клиентом,арт терапия
рамка для фото участника вов,121,Другое,похожие
мак карты время,121,Мак_общее,мак карты
мак карты обучение для психологов,121,Обучение_школа,мак карты
арт терапия лица,121,Работа_с_клиентом,арт терапия
мак карты ресурсы,120,Мак_общее,мак карты
арт терапия образование детей,120,Работа_с_клиентом,арт терапия
арт терапия сколько,120,Работа_с_клиентом,арт терапия
арт терапия для женщин,119,Работа_с_клиентом,арт терапия
малиновская метафорические карты,118,Мак_общее,Метафорические карты
метафорические карты руководство,118,Мак_общее,Метафорические карты
игра в карты дурака карта тысяч,118,Другое,похожие
что означает карта мак,118,Мак_общее,мак карты
арт терапия для детей дошкольного,118,Обучение_школа,арт терапия
почему арт терапия,118,Работа_с_клиентом,арт терапия
мак карты род,117,Мак_общее,мак карты
арт терапия в психологическом консультировании,117,Работа_с_клиентом,арт терапия
использование метафорических ассоциативных карт,116,Мак_общее,Метафорические карты
метафорические ассоциативные карты бесплатно,116,Скачать_бесплатно,Метафорические карты
примеры метафорических карт,116,Мак_общее,Метафорические карты
арт терапия коррекционной работе,116,Работа_с_клиентом,арт терапия
арт терапия мак,116,Работа_с_клиентом,арт терапия
арт терапия программы для детей,116,Работа_с_клиентом,арт терапия
метафорические карты помощь,115,Мак_общее,Метафорические карты
мак карты души,115,Мак_общее,мак карты
арт терапия 3 года,115,Работа_с_клиентом,арт терапия
методы арт терапии копытин,115,Работа_с_клиентом,арт терапия
ава терапевт кто это,114,Другое,позожие
арт терапия выгорание,114,Работа_с_клиентом,арт терапия
арт терапия питер,114,Работа_с_клиентом,арт терапия
методы и техники арт терапии,114,Работа_с_клиентом,арт терапия
пространство арт терапии,114,Работа_с_клиентом,арт терапия
карта данных мак,113,Мак_общее,мак карты
характеристика арт терапии,113,Работа_с_клиентом,арт терапия
метафорические ассоциативные карты метод,112,Мак_общее,Метафорические карты
арт терапия душа,112,Работа_с_клиентом,арт терапия
арт терапия методом искусства,112,Работа_с_клиентом,арт терапия
материалы для арт терапии,112,Работа_с_клиентом,арт терапия
метафорические карты алины малиновской,111,Мак_общее,Метафорические карты
темная эмпатия это в психологии,111,Психология_общее,позожие
арт терапия для группы детей,111,Работа_с_клиентом,арт терапия
интегративная арт терапия,111,Работа_с_клиентом,арт терапия
лечебная арт терапия,111,Работа_с_клиентом,арт терапия
таромагия дзен,110,Купить_колоду,похожие
арт терапия круги,110,Работа_с_клиентом,арт терапия
групповые методы арт терапии,110,Работа_с_клиентом,арт терапия
мак карты эмоции,109,Эмоции_состояния,мак карты
сделать мак карты,109,Создание_колоды,мак карты
арт терапия программа занятий,109,Работа_с_клиентом,арт терапия
позитивная арт терапия,109,Работа_с_клиентом,арт терапия
метафорические карты темы,108,Мак_общее,Метафорические карты
ych art,108,Другое,позожие
арт терапия медитация,108,Работа_с_клиентом,арт терапия
арт терапия переподготовка,108,Работа_с_клиентом,арт терапия
метафорические карты девочка,107,Мак_общее,Метафорические карты
электронные метафорические карты,107,Мак_общее,Метафорические карты
нейрографика арт терапия,107,Работа_с_клиентом,арт терапия
расклады на мак картах,106,Онлайн_расклад,мак карты
три мак карты,106,Мак_общее,мак карты
арт терапия глиной,106,Работа_с_клиентом,арт терапия
арт терапия методы рисования,106,Работа_с_клиентом,арт терапия
арт терапия читать,106,Работа_с_клиентом,арт терапия
метафорические карты архетипы и тени,105,Виды_колод,Метафорические карты
мак в работе психолога,105,Работа_с_клиентом,основные
мак карты архетипы,105,Виды_колод,мак карты
арт терапия как пишется,105,Работа_с_клиентом,арт терапия
арт терапия каракули,105,Работа_с_клиентом,арт терапия
арт терапия курсовая,105,Обучение_школа,арт терапия
арт терапия с детьми крамер,105,Работа_с_клиентом,арт терапия
арт терапия учебник,105,Работа_с_клиентом,арт терапия
мак карты темы,104,Мак_общее,мак карты
арт терапия в работе специалиста,104,Работа_с_клиентом,арт терапия
арт терапия как правильно,104,Работа_с_клиентом,арт терапия
арт терапия настроение,104,Работа_с_клиентом,арт терапия
арт терапия работа с тревожностью,104,Работа_с_клиентом,арт терапия
арт терапия рисуночное,104,Работа_с_клиентом,арт терапия
совместная арт терапия,104,Работа_с_клиентом,арт терапия
метафорические ассоциативные карты техника,103,Работа_с_клиентом,Метафорические карты
метафорические карты перемены,103,Мак_общее,Метафорические карты
арт терапия врачи,103,Работа_с_клиентом,арт терапия
арт терапия линий,103,Работа_с_клиентом,арт терапия
арт терапия содержание,103,Работа_с_клиентом,арт терапия
применение методов арт терапии,103,Работа_с_клиентом,арт терапия
развитие эмоционального интеллекта арт терапия,103,Работа_с_клиентом,арт терапия
метафорика платформа для метафорических карт,102,Мак_общее,Метафорические карты
метафорика платформа для метафорических карт онлайн,102,Мак_общее,Метафорические карты
метафорические карты вытянуть,102,Мак_общее,Метафорические карты
метафорические карты онлайн ответ,102,Мак_общее,Метафорические карты
метафорические карты оракул,102,Мак_общее,Метафорические карты
инструкция карт мак,102,Мак_общее,мак карты
арт терапия доклад,102,Работа_с_клиентом,арт терапия
глубинная арт терапия,102,Работа_с_клиентом,арт терапия
методы арт терапии дошкольного возраста,102,Обучение_школа,арт терапия
метафорические карты галина,101,Мак_общее,Метафорические карты
метафорические карты персона,101,Мак_общее,Метафорические карты
мак карты почему,101,Мак_общее,мак карты
мак карты тень,101,Мак_общее,мак карты
арт терапия для детей дошкольного возраста,101,Обучение_школа,арт терапия
арт терапия музей,101,Работа_с_клиентом,арт терапия
арт терапия ростов,101,Работа_с_клиентом,арт терапия
арт терапия саморегуляция,101,Работа_с_клиентом,арт терапия
арт терапия эффект,101,Работа_с_клиентом,арт терапия
метафорическая карта ключ,100,Мак_общее,Метафорические карты
метафорические карты виды,100,Виды_колод,Метафорические карты
метафорические карты самостоятельно,100,Самопознание,Метафорические карты
запрос мак картам,100,Мак_общее,мак карты
мак карты книга,100,Мак_общее,мак карты
мак карты платформа,100,Мак_общее,мак карты
арт терапии видео,100,Работа_с_клиентом,арт терапия
арт терапия изо,100,Работа_с_клиентом,арт терапия
арт терапия какой подход,100,Работа_с_клиентом,арт терапия
книга копытина арт терапия,100,Работа_с_клиентом,арт терапия
копытин арт терапия книги,100,Работа_с_клиентом,арт терапия
фигуры арт терапии,100,Работа_с_клиентом,арт терапия
мастер метафорических карт,99,Мак_общее,Метафорические карты
метафорические карты внутренний ребенок,99,Мак_общее,Метафорические карты
метафорические карты применение,99,Мак_общее,Метафорические карты
метафорические карты тараканы,99,Мак_общее,Метафорические карты
маку 13 карт,99,Мак_общее,мак карты
арт терапия двигательная,99,Работа_с_клиентом,арт терапия
арт терапия снятие стресса,99,Работа_с_клиентом,арт терапия
техники арт терапии с детьми,99,Работа_с_клиентом,арт терапия
мак карты для детей,98,Дети_семья,мак карты
арт терапия зависимостей,98,Работа_с_клиентом,арт терапия
арт терапия конфликт,98,Работа_с_клиентом,арт терапия
арт терапия список литературы,98,Работа_с_клиентом,арт терапия
арт терапия техники рисования,98,Работа_с_клиентом,арт терапия
метафорические карты дзен,97,Мак_общее,Метафорические карты
метафорические карты источник,97,Мак_общее,Метафорические карты
метафорические карты точка опоры,97,Мак_общее,Метафорические карты
мак терапия карты,97,Работа_с_клиентом,мак карты
арт терапия рекомендации,97,Работа_с_клиентом,арт терапия
арт терапия сайт,97,Работа_с_клиентом,арт терапия
концепции арт терапии,97,Работа_с_клиентом,арт терапия
сенсорная арт терапия,97,Работа_с_клиентом,арт терапия
университет арт терапии,97,Работа_с_клиентом,арт терапия
50 метафорических карт,96,Мак_общее,Метафорические карты
карты метафорические лун,96,Мак_общее,Метафорические карты
метафорические ассоциативные карты скачать,96,Скачать_бесплатно,Метафорические карты
метафорические карты животные,96,Мак_общее,Метафорические карты
метафорические карты поиск,96,Мак_общее,Метафорические карты
создание метафорических карт,96,Создание_колоды,Метафорические карты
с какими картами заходить в покере,96,Другое,похожие
женские мак карты,96,Мак_общее,мак карты
групповая работа в арт терапии,96,Работа_с_клиентом,арт терапия
коммуникативные навыки арт терапия,96,Работа_с_клиентом,арт терапия
метод арт терапии позволяет,96,Работа_с_клиентом,арт терапия
наумбург арт терапия,96,Работа_с_клиентом,арт терапия
42b map,95,Другое,похожие
сказкотерапия это в психологии,95,Работа_с_клиентом,позожие
арт терапия действие,95,Работа_с_клиентом,арт терапия
копытин свистовская арт терапия,95,Работа_с_клиентом,арт терапия
коррекционные методы арт терапии,95,Работа_с_клиентом,арт терапия
проблемы арт терапии в работе,95,Работа_с_клиентом,арт терапия
метафорические карты распечатать,94,Мак_общее,Метафорические карты
печать метафорических карт,94,Мак_общее,Метафорические карты
арт терапия для зависимых,94,Работа_с_клиентом,арт терапия
литература по арт терапии,94,Работа_с_клиентом,арт терапия
модели арт терапии,94,Работа_с_клиентом,арт терапия
психодинамическая арт терапия,94,Работа_с_клиентом,арт терапия
какие вопросы задать метафорическим картам,93,Мак_общее,Метафорические карты
метафорические карты метод работы,93,Мак_общее,Метафорические карты
10 лет арт терапия,93,Работа_с_клиентом,арт терапия
арт терапия бессознательно,93,Работа_с_клиентом,арт терапия
арт терапия в специальном образовании,93,Работа_с_клиентом,арт терапия
арт терапия одиночества,93,Работа_с_клиентом,арт терапия
арт терапия самостоятельно,93,Работа_с_клиентом,арт терапия
ассоциация арт терапии,93,Работа_с_клиентом,арт терапия
копытин свистовская арт терапия подростков,93,Работа_с_клиентом,арт терапия
свистовская арт терапия детей и подростков,93,Работа_с_клиентом,арт терапия
сертификат арт терапии,93,Обучение_школа,арт терапия
формы и методы арт терапии,93,Работа_с_клиентом,арт терапия
метафорические карты почему,92,Мак_общее,Метафорические карты
таролог екатерина счастливая расклады новые дзен,92,Онлайн_расклад,похожие
с помощью мак карт,92,Мак_общее,мак карты
арт терапия ru,92,Работа_с_клиентом,арт терапия
арт терапия кпт,92,Работа_с_клиентом,арт терапия
рисование музыки арт терапия,92,Работа_с_клиентом,арт терапия
экзистенциальная арт терапия,92,Работа_с_клиентом,арт терапия
карта yu gi oh,92,Другое,OH карты
метафорические карты травма,91,Мак_общее,Метафорические карты
сайты метафорических карт,91,Мак_общее,Метафорические карты
мак карты животные,91,Мак_общее,мак карты
арт терапия живописью,91,Работа_с_клиентом,арт терапия
арт терапия магистратура,91,Купить_колоду,арт терапия
психологический тренинг арт терапия,91,Обучение_школа,арт терапия
энциклопедия арт терапии,91,Работа_с_клиентом,арт терапия
кац метафорические карты,90,Мак_общее,Метафорические карты
карточная игра в дурака против компьютера,90,Другое,похожие
мак карты мужчины,90,Мак_общее,мак карты
арт терапия занятие подросток,90,Работа_с_клиентом,арт терапия
арт терапия исцеления творчество,90,Работа_с_клиентом,арт терапия
арт терапия применяется,90,Работа_с_клиентом,арт терапия
арт терапия юнга,90,Работа_с_клиентом,арт терапия
вопросы к мак картам,89,Мак_общее,мак карты
хорошие мак карты,89,Мак_общее,мак карты
арт терапия с пластилином,89,Работа_с_клиентом,арт терапия
метафорические карты он лайн,88,Мак_общее,Метафорические карты
мак бай карта,88,Мак_общее,мак карты
арт терапия pdf,88,Скачать_бесплатно,арт терапия
арт терапия достижений,88,Работа_с_клиентом,арт терапия
арт терапия ребенок 3 года,88,Работа_с_клиентом,арт терапия
арт терапия танцами,88,Работа_с_клиентом,арт терапия
лепка в арт терапии,88,Работа_с_клиентом,арт терапия
нетрадиционная арт терапия,88,Работа_с_клиентом,арт терапия
выбор метафорические карты,87,Мак_общее,Метафорические карты
вытянуть метафорическую карту онлайн,87,Мак_общее,Метафорические карты
метафорические карты смыслов,87,Мак_общее,Метафорические карты
арт терапия депрессии,87,Работа_с_клиентом,арт терапия
арт терапия самопознание,87,Работа_с_клиентом,арт терапия
арт терапия со взрослыми,87,Работа_с_клиентом,арт терапия
арт терапия способствует,87,Работа_с_клиентом,арт терапия
никитин арт терапия,87,Работа_с_клиентом,арт терапия
пассивная арт терапия,87,Работа_с_клиентом,арт терапия
эдит крамер арт терапия,87,Работа_с_клиентом,арт терапия
abstractus метафорические карты,86,Мак_общее,Метафорические карты
метафорические карты cope,86,Мак_общее,Метафорические карты
упражнения с метафорическими картами,86,Работа_с_клиентом,Метафорические карты
шизотипичность это в психологии,86,Психология_общее,позожие
печать мак карт,86,Мак_общее,мак карты
арт терапия скачать книгу,86,Скачать_бесплатно,арт терапия
диагностика в арт терапии методы,86,Работа_с_клиентом,арт терапия
факторы арт терапии,86,Работа_с_клиентом,арт терапия
история метафорических карт,85,Мак_общее,Метафорические карты
метафорические ассоциативные карты вопросы,85,Мак_общее,Метафорические карты
звуковая карта мак,85,Мак_общее,мак карты
мак карты смысл,85,Мак_общее,мак карты
адриан хилл арт терапия,85,Работа_с_клиентом,арт терапия
арт терапия для подростков упражнения,85,Работа_с_клиентом,арт терапия
арт терапия метод мандалы,85,Работа_с_клиентом,арт терапия
к видам арт терапии не относится,85,Работа_с_клиентом,арт терапия
медицинская арт терапия,85,Работа_с_клиентом,арт терапия
методы арт терапии в психологии,85,Работа_с_клиентом,арт терапия
портал арт терапии,85,Работа_с_клиентом,арт терапия
самообразование арт терапия,85,Работа_с_клиентом,арт терапия
метафорические ассоциативные карты купить,84,Купить_колоду,Метафорические карты
метафорические карты консультирование,84,Мак_общее,Метафорические карты
метафорические карты психотерапия,84,Работа_с_клиентом,Метафорические карты
колода мак карт онлайн,84,Виды_колод,мак карты
метод мак карт,84,Мак_общее,мак карты
арт терапия работа с родителями,84,Работа_с_клиентом,арт терапия
современные методы арт терапии,84,Работа_с_клиентом,арт терапия
ингерлейб метафорические карты,83,Мак_общее,Метафорические карты
метафорические карты для начинающих,83,Мак_общее,Метафорические карты
метафорический арт карты,83,Мак_общее,Метафорические карты
задать вопрос мак картам,83,Мак_общее,мак карты
мак карты отзывы,83,Мак_общее,мак карты
арт терапия курсовая работа,83,Обучение_школа,арт терапия
арт терапия методическое пособие,83,Работа_с_клиентом,арт терапия
арт терапия отчет,83,Работа_с_клиентом,арт терапия
арт терапия сво,83,Работа_с_клиентом,арт терапия
индивидуальное занятие арт терапия,83,Работа_с_клиентом,арт терапия
метафорические карты для работы с детьми,82,Дети_семья,Метафорические карты
метафорические карты инструменты,82,Мак_общее,Метафорические карты
метафорические карты мужицкая,82,Мак_общее,Метафорические карты
арт терапия для пожилых людей,82,Работа_с_клиентом,арт терапия
групповая арт терапия занятия,82,Работа_с_клиентом,арт терапия
мак карты что это такое простыми,81,Мак_общее,мак карты
арт терапия театр,81,Работа_с_клиентом,арт терапия
женская арт терапия,81,Работа_с_клиентом,арт терапия
кризисная арт терапия,81,Работа_с_клиентом,арт терапия
психологические занятия арт терапия,81,Работа_с_клиентом,арт терапия
психотерапевтическое воздействие арт терапии,81,Работа_с_клиентом,арт терапия
метафорические карты мама,80,Дети_семья,Метафорические карты
мак карты сказки,80,Мак_общее,мак карты
арт терапия старшая группа,80,Работа_с_клиентом,арт терапия
индивидуальная и групповая арт терапия,80,Работа_с_клиентом,арт терапия
метафорические ассоциативные карты онлайн бесплатно,79,Скачать_бесплатно,Метафорические карты
метафорические карты сделать,79,Мак_общее,Метафорические карты
метафорические карты тараканы в голове,79,Мак_общее,Метафорические карты
карты мак деньги,79,Мак_общее,мак карты
александр копытин арт терапия,79,Работа_с_клиентом,арт терапия
арт терапия основатель,79,Работа_с_клиентом,арт терапия
арт терапия со страхом,79,Работа_с_клиентом,арт терапия
арт терапия фон,79,Работа_с_клиентом,арт терапия
мастер класс арт терапия для детей,79,Работа_с_клиентом,арт терапия
правила арт терапии,79,Работа_с_клиентом,арт терапия
упражнения арт терапии для взрослых,79,Работа_с_клиентом,арт терапия
вытащить метафорическую карту,78,Мак_общее,Метафорические карты
метафорические карты рисунок,78,Мак_общее,Метафорические карты
руководство психолог карты метафорические,78,Мак_общее,Метафорические карты
актуальность арт терапии,78,Работа_с_клиентом,арт терапия
арт терапия 4 года,78,Работа_с_клиентом,арт терапия
арт терапия консультация,78,Работа_с_клиентом,арт терапия
арт терапия руками,78,Работа_с_клиентом,арт терапия
киселева арт терапия с детьми руководство,78,Работа_с_клиентом,арт терапия
объекты арт терапии,78,Работа_с_клиентом,арт терапия
сборник арт терапии,78,Работа_с_клиентом,арт терапия
диагностика метафорическими картами,77,Мак_общее,Метафорические карты
как работать с метафорическими картами самостоятельно,77,Самопознание,Метафорические карты
метафорические ассоциативные карты подростки,77,Дети_семья,Метафорические карты
метафорические карты родители,77,Дети_семья,Метафорические карты
арт терапия мип,77,Работа_с_клиентом,арт терапия
кабинет арт терапии,77,Работа_с_клиентом,арт терапия
психодиагностика арт терапия,77,Работа_с_клиентом,арт терапия
метафорические ассоциативные карты используют,76,Мак_общее,Метафорические карты
метафорические карты внутренняя опора,76,Мак_общее,Метафорические карты
мак карта с описанием онлайн,76,Расшифровка_значение,мак карты
мак карты для подростков,76,Дети_семья,мак карты
мак карты с расшифровкой и описанием,76,Расшифровка_значение,мак карты
мак карты что значит,76,Мак_общее,мак карты
арт терапия реализация,76,Работа_с_клиентом,арт терапия
арт терапия темы занятий,76,Работа_с_клиентом,арт терапия
в чем заключается арт терапия,76,Работа_с_клиентом,арт терапия
дипломная арт терапия,76,Работа_с_клиентом,арт терапия
смысл арт терапии,76,Работа_с_клиентом,арт терапия
персона мак карты,75,Мак_общее,мак карты
арт терапия дипломная работа,75,Работа_с_клиентом,арт терапия
арт терапия исцеление через творчество,75,Работа_с_клиентом,арт терапия
арт терапия коррекция страхов,75,Работа_с_клиентом,арт терапия
арт терапия примеры упражнений,75,Работа_с_клиентом,арт терапия
арт терапия реферат,75,Работа_с_клиентом,арт терапия
арт терапия с детьми ограничить возможность,75,Работа_с_клиентом,арт терапия
карты мак выбор,74,Мак_общее,мак карты
мак карты арт,74,Мак_общее,мак карты
арт терапия коротко,74,Работа_с_клиентом,арт терапия
арт терапия цель занятия,74,Работа_с_клиентом,арт терапия
арт терапия что это и как работает,74,Работа_с_клиентом,арт терапия
проективное рисование в арт терапии,74,Работа_с_клиентом,арт терапия
что означает арт терапия,74,Работа_с_клиентом,арт терапия
что относится к арт терапии,74,Работа_с_клиентом,арт терапия
метафорические карты орда,73,Мак_общее,Метафорические карты
арт терапия здоровьесберегающие технологии,73,Работа_с_клиентом,арт терапия
гипотеза арт терапии,73,Работа_с_клиентом,арт терапия
направления арт терапии в психологии,73,Работа_с_клиентом,арт терапия
ресурсная арт терапия,73,Работа_с_клиентом,арт терапия
ассоциативные метафорические карты методика,72,Мак_общее,Метафорические карты
как создать метафорические карты,72,Создание_колоды,Метафорические карты
карты подсознания метафорические,72,Мак_общее,Метафорические карты
метафорические е карты,72,Мак_общее,Метафорические карты
метафорические карты сад,72,Мак_общее,Метафорические карты
мак карты жизни,72,Мак_общее,мак карты
мак карты опора,72,Мак_общее,мак карты
арт терапия релаксация,72,Работа_с_клиентом,арт терапия
арт терапия с детьми 5 лет,72,Работа_с_клиентом,арт терапия
индивидуальная работа в арт терапии,72,Работа_с_клиентом,арт терапия
цель использования арт терапии,72,Работа_с_клиентом,арт терапия
энциклопедия интерпретации арт терапия,72,Расшифровка_значение,арт терапия
метафорические ассоциативные карты создал,71,Мак_общее,Метафорические карты
метафорические карты дверь,71,Мак_общее,Метафорические карты
озон метафорические карты,71,Мак_общее,Метафорические карты
послания луны метафорические карты,71,Мак_общее,Метафорические карты
мак карты что это такое простыми словами,71,Мак_общее,мак карты
арт терапия вывод,71,Работа_с_клиентом,арт терапия
арт терапия изобразительными искусствами,71,Работа_с_клиентом,арт терапия
арт терапия ученые,71,Работа_с_клиентом,арт терапия
найти арт терапию,71,Работа_с_клиентом,арт терапия
упражнения тренинга арт терапии,71,Обучение_школа,арт терапия
метафорическая карта тело,70,Мак_общее,Метафорические карты
метафорические карты зеркало,70,Мак_общее,Метафорические карты
арт терапия гнев,70,Работа_с_клиентом,арт терапия
коррекция тревожности методами арт терапии,70,Работа_с_клиентом,арт терапия
экологическая арт терапия,70,Работа_с_клиентом,арт терапия
метафорические карты дом,69,Мак_общее,Метафорические карты
метафорические карты киты,69,Мак_общее,Метафорические карты
метафорические карты сила рода,69,Мак_общее,Метафорические карты
метафорические карты цвета,69,Мак_общее,Метафорические карты
а хилл арт терапия,69,Работа_с_клиентом,арт терапия
арт терапия больных,69,Работа_с_клиентом,арт терапия
арт терапия в медицине,69,Работа_с_клиентом,арт терапия
арт терапия для ребенка 6 лет,69,Работа_с_клиентом,арт терапия
арт терапия лекция,69,Работа_с_клиентом,арт терапия
арт терапия происходит,69,Работа_с_клиентом,арт терапия
арт терапия сегодня,69,Работа_с_клиентом,арт терапия
визуальная арт терапия,69,Работа_с_клиентом,арт терапия
кружок арт терапии,69,Работа_с_клиентом,арт терапия
методы арт терапии в консультировании,69,Работа_с_клиентом,арт терапия
программа коррекции арт терапия,69,Работа_с_клиентом,арт терапия
метафорические карты колода онлайн,68,Виды_колод,Метафорические карты
метафорические карты письма себе,68,Мак_общее,Метафорические карты
метафорические карты путеводная звезда,68,Мак_общее,Метафорические карты
метафорические карты семья,68,Дети_семья,Метафорические карты
метафорические м карты,68,Мак_общее,Метафорические карты
электронные мак карты,68,Мак_общее,мак карты
арт терапия для детей с рас,68,Работа_с_клиентом,арт терапия
арт терапия опыт работы,68,Работа_с_клиентом,арт терапия
арт терапия портрет,68,Работа_с_клиентом,арт терапия
классификация арт терапии,68,Работа_с_клиентом,арт терапия
ландшафтная арт терапия,68,Работа_с_клиентом,арт терапия
сдвг арт терапия,68,Работа_с_клиентом,арт терапия
структура арт терапии,68,Работа_с_клиентом,арт терапия
ирина орда метафорические карты,67,Мак_общее,Метафорические карты
метафорические карты галинафолк,67,Мак_общее,Метафорические карты
метафорические карты решение,67,Мак_общее,Метафорические карты
метафорические карты состояния,67,Мак_общее,Метафорические карты
первые метафорические карты,67,Мак_общее,Метафорические карты
расшифровка метафорических ассоциативных карт,67,Расшифровка_значение,Метафорические карты
сколько карт метафорические карты,67,Мак_общее,Метафорические карты
luna tarot дзен,67,Другое,похожие
масло зверобоя для чего применяется для лечения,67,Другое,позожие
мастер мак карт,67,Мак_общее,мак карты
создам мак карты,67,Мак_общее,мак карты
арт терапия курсы повышения,67,Обучение_школа,арт терапия
детская арт терапия это,67,Работа_с_клиентом,арт терапия
предмет арт терапии,67,Работа_с_клиентом,арт терапия
эмоциональное выгорание арт терапия,67,Работа_с_клиентом,арт терапия
арт терапия метафорические карты,66,Работа_с_клиентом,Метафорические карты
михаил ингерлейб метафорические карты,66,Мак_общее,Метафорические карты
арт терапия животные,66,Работа_с_клиентом,арт терапия
арт терапия распечатать,66,Работа_с_клиентом,арт терапия
арт терапия рисование упражнения,66,Работа_с_клиентом,арт терапия
арт терапия с какого возраста,66,Работа_с_клиентом,арт терапия
арт терапия творческим самовыражением,66,Работа_с_клиентом,арт терапия
йога арт терапия,66,Работа_с_клиентом,арт терапия
тренинг с элементами арт терапии,66,Обучение_школа,арт терапия
метафорические ассоциативные карты в работе психолога,65,Работа_с_клиентом,Метафорические карты
метафорические карты пути дороги,65,Мак_общее,Метафорические карты
метафорические карты русские сказки,65,Мак_общее,Метафорические карты
мухаматулина метафорические карты,65,Мак_общее,Метафорические карты
нарисуй мак карты,65,Мак_общее,мак карты
арт терапия карандашами,65,Работа_с_клиентом,арт терапия
арт терапия курсы повышения квалификации,65,Обучение_школа,арт терапия
арт терапия минск,65,Работа_с_клиентом,арт терапия
будущее арт терапии,65,Работа_с_клиентом,арт терапия
основные направления арт терапии,65,Работа_с_клиентом,арт терапия
применение арт терапии с детьми,65,Работа_с_клиентом,арт терапия
работа с эмоцией арт терапия,65,Работа_с_клиентом,арт терапия
галерея метафорических карт,64,Мак_общее,Метафорические карты
метафорические ассоциативные карты обучение,64,Обучение_школа,Метафорические карты
метафорические карты будущее,64,Мак_общее,Метафорические карты
метафорические карты внутренний мир,64,Мак_общее,Метафорические карты
метафорические карты занятие,64,Мак_общее,Метафорические карты
работа с метафорическими картами мак,64,Мак_общее,Метафорические карты
мак карты виды,64,Виды_колод,мак карты
мак карты образы,64,Мак_общее,мак карты
арт терапия девиантное поведение,64,Работа_с_клиентом,арт терапия
арт терапия драматерапия,64,Работа_с_клиентом,арт терапия
арт терапия занятия дошкольникам,64,Обучение_школа,арт терапия
арт терапия младшая группа,64,Работа_с_клиентом,арт терапия
групповые техники арт терапии,64,Работа_с_клиентом,арт терапия
ограничения арт терапии,64,Работа_с_клиентом,арт терапия
детские метафорические карты,63,Дети_семья,Метафорические карты
карты федоровой метафорические,63,Мак_общее,Метафорические карты
метафорические карты федорова,63,Мак_общее,Метафорические карты
разложить метафорические карты,63,Мак_общее,Метафорические карты
карта новых маков,63,Мак_общее,мак карты
мак карты внутренний ребенок,63,Мак_общее,мак карты
арт терапия показания,63,Работа_с_клиентом,арт терапия
арт терапия рисунок человека,63,Работа_с_клиентом,арт терапия
индивидуальная форма арт терапии,63,Работа_с_клиентом,арт терапия
копытин современная арт терапия,63,Работа_с_клиентом,арт терапия
методы используются в арт терапии,63,Работа_с_клиентом,арт терапия
преимущества арт терапии,63,Работа_с_клиентом,арт терапия
примеры арт терапии для детей,63,Работа_с_клиентом,арт терапия
что значит арт терапия,63,Работа_с_клиентом,арт терапия
кац мухаматулина метафорические карты,62,Мак_общее,Метафорические карты
метафорические ассоциативные карты техники работы,62,Работа_с_клиентом,Метафорические карты
метафорические карты деньги,62,Мак_общее,Метафорические карты
метафорические карты метафора,62,Мак_общее,Метафорические карты
метафорические карты психосоматика,62,Мак_общее,Метафорические карты
карта новая мака,62,Мак_общее,мак карты
арт терапия в образовательном процессе,62,Работа_с_клиентом,арт терапия
арт терапия гармония,62,Работа_с_клиентом,арт терапия
арт терапия как проходит,62,Работа_с_клиентом,арт терапия
кто ввел термин арт терапия,62,Работа_с_клиентом,арт терапия
кац метафорические карты руководство для психолога,61,Работа_с_клиентом,Метафорические карты
метафорические карты знаки,61,Мак_общее,Метафорические карты
метафорические карты мужчина и женщина,61,Мак_общее,Метафорические карты
метафорические карты художник,61,Мак_общее,Метафорические карты
тренинги метафорические карты,61,Обучение_школа,Метафорические карты
магазин мак карт,61,Купить_колоду,мак карты
мак карты в поиске смысла,61,Мак_общее,мак карты
реки мак карта,61,Мак_общее,мак карты
арт терапии фольга,61,Работа_с_клиентом,арт терапия
арт терапия возникновение,61,Работа_с_клиентом,арт терапия
арт терапия источники,61,Работа_с_клиентом,арт терапия
арт терапия начальная школа,61,Обучение_школа,арт терапия
арт терапия работа со страхами,61,Работа_с_клиентом,арт терапия
арт терапия рисунки детей,61,Работа_с_клиентом,арт терапия
арт терапия схема,61,Работа_с_клиентом,арт терапия
диагностика арт терапия мандалы,61,Работа_с_клиентом,арт терапия
иматон арт терапия,61,Работа_с_клиентом,арт терапия
картинки арт терапии дети,61,Работа_с_клиентом,арт терапия
куклотерапия как метод арт терапии,61,Работа_с_клиентом,арт терапия
перечислите методы арт терапии,61,Работа_с_клиентом,арт терапия
польза арт терапии,61,Работа_с_клиентом,арт терапия
психолог программа арт терапия,61,Работа_с_клиентом,арт терапия
фрейд арт терапия,61,Работа_с_клиентом,арт терапия
личные метафорических карт,60,Мак_общее,Метафорические карты
метафорические карты проблемы,60,Мак_общее,Метафорические карты
метафорические карты судьбы,60,Мак_общее,Метафорические карты
автор мак карт,60,Мак_общее,мак карты
карты чувств мак,60,Мак_общее,мак карты
арт терапия автопортрет,60,Работа_с_клиентом,арт терапия
арт терапия в доу психолог,60,Работа_с_клиентом,арт терапия
арт терапия значение цвета,60,Расшифровка_значение,арт терапия
арт терапия повышение самооценки,60,Работа_с_клиентом,арт терапия
арт терапия семинар,60,Работа_с_клиентом,арт терапия
библиотека арт терапия,60,Работа_с_клиентом,арт терапия
копытин клиническая арт терапия,60,Работа_с_клиентом,арт терапия
современная клиническая арт терапия,60,Работа_с_клиентом,арт терапия
фототерапия в арт терапии,60,Работа_с_клиентом,арт терапия
цели арт терапии для детей,60,Работа_с_клиентом,арт терапия
элементы арт терапии для детей,60,Работа_с_клиентом,арт терапия
эмоционального состояния детей арт терапия,60,Работа_с_клиентом,арт терапия
метафорические ассоциативные карты работа с детьми,59,Дети_семья,Метафорические карты
метафорические ассоциативные карты ресурсы,59,Мак_общее,Метафорические карты
метафорические ассоциативные карты универсальные,59,Мак_общее,Метафорические карты
метафорические карты наталья,59,Мак_общее,Метафорические карты
метафорические карты цель,59,Мак_общее,Метафорические карты
мак карты дороги,59,Мак_общее,мак карты
арт терапия внутренний ребенок,59,Работа_с_клиентом,арт терапия
виды арт терапии классификация,59,Работа_с_клиентом,арт терапия
копытин техники арт терапии,59,Работа_с_клиентом,арт терапия
метафорические карты большие,58,Мак_общее,Метафорические карты
метафорические карты из сундука прошлого,58,Мак_общее,Метафорические карты
метафорические карты что это простыми словами,58,Мак_общее,Метафорические карты
открыть метафорическую карту,58,Мак_общее,Метафорические карты
работа с метафорическими ассоциативными картами мак,58,Мак_общее,Метафорические карты
колода мак карт скачать,58,Скачать_бесплатно,мак карты
мак карты подсказка,58,Мак_общее,мак карты
мак карты приложение,58,Мак_общее,мак карты
мак карты территория,58,Мак_общее,мак карты
мак психологические карты,58,Мак_общее,мак карты
аналитическая арт терапия,58,Работа_с_клиентом,арт терапия
арт терапия в работе дошкольников,58,Обучение_школа,арт терапия
арт терапия для студентов,58,Работа_с_клиентом,арт терапия
арт терапия научные исследования,58,Работа_с_клиентом,арт терапия
арт терапия рисование для детей,58,Работа_с_клиентом,арт терапия
арт терапия с детьми крамер эдит,58,Работа_с_клиентом,арт терапия
арт терапия санаторий,58,Работа_с_клиентом,арт терапия
артпедагогика и арт терапия,58,Работа_с_клиентом,арт терапия
дополнительная программа арт терапия,58,Работа_с_клиентом,арт терапия
искусство через арт терапию,58,Работа_с_клиентом,арт терапия
наборы для арт терапии,58,Работа_с_клиентом,арт терапия
различные методы арт терапии,58,Работа_с_клиентом,арт терапия
для чего нужны метафорические карты,57,Мак_общее,Метафорические карты
какие выбрать метафорические карты,57,Мак_общее,Метафорические карты
колода метафорических карт скачать,57,Скачать_бесплатно,Метафорические карты
метафорические карты портретные,57,Мак_общее,Метафорические карты
окно метафорические карты,57,Мак_общее,Метафорические карты
карты мак руки,57,Мак_общее,мак карты
мак карты лес,57,Мак_общее,мак карты
мак карты программа,57,Мак_общее,мак карты
арт терапия возникла,57,Работа_с_клиентом,арт терапия
аутизм арт терапия,57,Работа_с_клиентом,арт терапия
для чего нужна арт терапия,57,Работа_с_клиентом,арт терапия
ассоциация метафорические карты,56,Мак_общее,Метафорические карты
ирина федорова метафорические карты,56,Мак_общее,Метафорические карты
метафорические карты ангелы,56,Мак_общее,Метафорические карты
метафорические карты видео,56,Мак_общее,Метафорические карты
метафорические карты ирины федоровой,56,Мак_общее,Метафорические карты
метафорические карты онлайн бесплатно без регистрации,56,Скачать_бесплатно,Метафорические карты
метафорические карты совет,56,Мак_общее,Метафорические карты
метафорические карты тесты,56,Мак_общее,Метафорические карты
маки карта видео,56,Мак_общее,мак карты
арт терапия примеры работ,56,Работа_с_клиентом,арт терапия
комплексная арт терапия,56,Работа_с_клиентом,арт терапия
как использовать метафорические карты,55,Мак_общее,Метафорические карты
метафорические карты время,55,Мак_общее,Метафорические карты
метафорические карты играть,55,Мак_общее,Метафорические карты
метафорические карты сексуальность,55,Мак_общее,Метафорические карты
никбук книги по психологии,55,Психология_общее,позожие
мак карты денежная,55,Мак_общее,мак карты
онлайн платформа мак карты,55,Онлайн_расклад,мак карты
арт терапия воспитателям,55,Работа_с_клиентом,арт терапия
арт терапия встречи,55,Работа_с_клиентом,арт терапия
арт терапия новые горизонты,55,Работа_с_клиентом,арт терапия
арт терапия проводится,55,Работа_с_клиентом,арт терапия
идеи для арт терапии,55,Работа_с_клиентом,арт терапия
педагогическая технология арт терапия,55,Работа_с_клиентом,арт терапия
препараты арт терапии,55,Работа_с_клиентом,арт терапия
техники телесно ориентированной арт терапии,55,Работа_с_клиентом,арт терапия
карты метафорические баксан,54,Мак_общее,Метафорические карты
метафорические карты портреты,54,Мак_общее,Метафорические карты
метафорические карты черные,54,Мак_общее,Метафорические карты
игры с мак картами,54,Мак_общее,мак карты
упражнение мак карт,54,Работа_с_клиентом,мак карты
ароматерапия в арт терапии,54,Работа_с_клиентом,арт терапия
арт терапия для детей спб,54,Работа_с_клиентом,арт терапия
арт терапия для ребенка 10 лет,54,Работа_с_клиентом,арт терапия
арт терапия колошиной,54,Работа_с_клиентом,арт терапия
арт терапия методы виды,54,Работа_с_клиентом,арт терапия
арт терапия научные статьи,54,Работа_с_клиентом,арт терапия
диагностика в арт терапии метод мандала,54,Работа_с_клиентом,арт терапия
классическая арт терапия,54,Работа_с_клиентом,арт терапия
лебедева энциклопедия арт терапия,54,Работа_с_клиентом,арт терапия
страх у ребенка арт терапия,54,Работа_с_клиентом,арт терапия
метафорическая карта вода,53,Мак_общее,Метафорические карты
метафорические ассоциативные карты для детей,53,Дети_семья,Метафорические карты
метафорические карты мастер сказок,53,Мак_общее,Метафорические карты
метафорические карты профессии,53,Мак_общее,Метафорические карты
метафорические сказочные карты,53,Мак_общее,Метафорические карты
размер метафорических карт,53,Мак_общее,Метафорические карты
мак карты девочка,53,Мак_общее,мак карты
мак ох карты,53,Мак_общее,мак карты
технологическая карта булочка с маком,53,Мак_общее,мак карты
арт терапия 1 класс,53,Работа_с_клиентом,арт терапия
арт терапия обучение москва,53,Обучение_школа,арт терапия
арт терапия подготовительная группа,53,Работа_с_клиентом,арт терапия
арт терапия с детьми книга,53,Работа_с_клиентом,арт терапия
арт терапия сценарий,53,Купить_колоду,арт терапия
арт терапия техники и упражнения,53,Работа_с_клиентом,арт терапия
арт терапия цветотерапия,53,Работа_с_клиентом,арт терапия
арт терапия шаблоны,53,Работа_с_клиентом,арт терапия
гуманистическая арт терапия,53,Работа_с_клиентом,арт терапия
заняться арт терапией,53,Работа_с_клиентом,арт терапия
практикум по арт терапии копытина,53,Работа_с_клиентом,арт терапия
метафорические карты другая,52,Мак_общее,Метафорические карты
метафорические карты смотреть,52,Мак_общее,Метафорические карты
метафорические карты фразы,52,Мак_общее,Метафорические карты
карта открытых маков,52,Мак_общее,мак карты
мак карты двери,52,Мак_общее,мак карты
мак карты изображение,52,Мак_общее,мак карты
мак карты какие вопросы задавать,52,Мак_общее,мак карты
мак магия карты,52,Купить_колоду,мак карты
открытые маки карта,52,Мак_общее,мак карты
арт терапия в работе с семьями,52,Работа_с_клиентом,арт терапия
арт терапия желания,52,Работа_с_клиентом,арт терапия
арт терапия изображение,52,Работа_с_клиентом,арт терапия
арт терапия копытин обучение,52,Обучение_школа,арт терапия
арт терапия психосоматических,52,Работа_с_клиентом,арт терапия
значение цветов в арт терапии,52,Расшифровка_значение,арт терапия
копытин александр иванович арт терапия,52,Работа_с_клиентом,арт терапия
лебедева энциклопедия интерпретаций в арт терапии,52,Расшифровка_значение,арт терапия
картинки метафорических ассоциативных карт,51,Мак_общее,Метафорические карты
метафорические карты вдохновение,51,Мак_общее,Метафорические карты
метафорические карты дали,51,Мак_общее,Метафорические карты
метафорические карты с посланиями,51,Мак_общее,Метафорические карты
открыть мак карту,51,Мак_общее,мак карты
арт терапия кризисных состояний,51,Работа_с_клиентом,арт терапия
арт терапия кукол,51,Работа_с_клиентом,арт терапия
арт терапия основные техники,51,Работа_с_клиентом,арт терапия
арт терапия работа с травмой,51,Работа_с_клиентом,арт терапия
арт терапия снятие эмоционального напряжения,51,Работа_с_клиентом,арт терапия
арт терапия суть метода,51,Работа_с_клиентом,арт терапия
арт терапия фотографией,51,Работа_с_клиентом,арт терапия
основные практики арт терапии,51,Работа_с_клиентом,арт терапия
проективные методики арт терапии,51,Работа_с_клиентом,арт терапия
тема самообразования арт терапия,51,Работа_с_клиентом,арт терапия
метафорические карты море,50,Мак_общее,Метафорические карты
метафорические карты счастье,50,Мак_общее,Метафорические карты
мак карты расклад бесплатно,50,Онлайн_расклад,мак карты
мак карты сколько карт,50,Мак_общее,мак карты
мак карты тест,50,Мак_общее,мак карты
художник мак карт,50,Мак_общее,мак карты
250 коротких упражнений по арт терапии,50,Работа_с_клиентом,арт терапия
250 упражнений по арт терапии,50,Работа_с_клиентом,арт терапия
арт терапия 7 класс,50,Работа_с_клиентом,арт терапия
арт терапия в социальной сфере,50,Работа_с_клиентом,арт терапия
арт терапия для взрослых тренинги,50,Обучение_школа,арт терапия
арт терапия имени,50,Работа_с_клиентом,арт терапия
арт терапия профилактика выгорания,50,Работа_с_клиентом,арт терапия
благоприятный возраст для арт терапии,50,Работа_с_клиентом,арт терапия
какие существуют виды арт терапии,50,Работа_с_клиентом,арт терапия
какой возраст благоприятен для арт терапии,50,Работа_с_клиентом,арт терапия
копытин арт терапия новые горизонты,50,Работа_с_клиентом,арт терапия
план арт терапии работы,50,Работа_с_клиентом,арт терапия
работа с пожилыми арт терапия,50,Работа_с_клиентом,арт терапия
танцевально двигательная арт терапия,50,Работа_с_клиентом,арт терапия
метафорическая карта дня онлайн,49,Мак_общее,Метафорические карты
метафорические карты субличности,49,Мак_общее,Метафорические карты
тальпис метафорические карты,49,Мак_общее,Метафорические карты
карты мак аллегория,49,Мак_общее,мак карты
мак карта oh,49,Мак_общее,мак карты
мак карты архетипы и тени,49,Виды_колод,мак карты
мак карты лица,49,Мак_общее,мак карты
мак карты сила рода,49,Мак_общее,мак карты
арт терапия буклет,49,Работа_с_клиентом,арт терапия
арт терапия копытин скачать,49,Скачать_бесплатно,арт терапия
арт терапия онлайн курс,49,Обучение_школа,арт терапия
арт терапия рядом,49,Работа_с_клиентом,арт терапия
арт терапия со стрессом,49,Работа_с_клиентом,арт терапия
арт терапия что дает,49,Работа_с_клиентом,арт терапия
елена тарарина арт терапия,49,Работа_с_клиентом,арт терапия
коучинг арт терапия,49,Работа_с_клиентом,арт терапия
курс арт терапии обучение,49,Обучение_школа,арт терапия
м наумбург арт терапия,49,Работа_с_клиентом,арт терапия
основные формы арт терапии,49,Работа_с_клиентом,арт терапия
план конспект арт терапии,49,Работа_с_клиентом,арт терапия
презентация на тему арт терапия,49,Работа_с_клиентом,арт терапия
магазины метафорические карты,48,Купить_колоду,Метафорические карты
мак практика платформа для метафорических карт,48,Мак_общее,Метафорические карты
метафорические карты огонь,48,Мак_общее,Метафорические карты
метафорические карты стая,48,Мак_общее,Метафорические карты
трактовка метафорических карт,48,Расшифровка_значение,Метафорические карты
история карт мак,48,Мак_общее,мак карты
мак карты е,48,Мак_общее,мак карты
мак карты кот,48,Мак_общее,мак карты
мак карты онлайн расклад бесплатно,48,Онлайн_расклад,мак карты
создания мак карт,48,Мак_общее,мак карты
яндекс карты на мак,48,Мак_общее,мак карты
арт терапия в логопедии,48,Работа_с_клиентом,арт терапия
арт терапия в современном образовании,48,Работа_с_клиентом,арт терапия
арт терапия для детей 4 года,48,Работа_с_клиентом,арт терапия
арт терапия лечение искусством,48,Работа_с_клиентом,арт терапия
арт терапия номера,48,Работа_с_клиентом,арт терапия
арт терапия обучение для психологов,48,Обучение_школа,арт терапия
арт терапия сказкотерапия психогимнастика,48,Работа_с_клиентом,арт терапия
арт терапия услуги,48,Работа_с_клиентом,арт терапия
влияние арт терапии на детей,48,Работа_с_клиентом,арт терапия
основные виды арт терапии,48,Работа_с_клиентом,арт терапия
современная клиническая арт терапия копытин,48,Работа_с_клиентом,арт терапия
abstractus метафорические карты расшифровка,47,Расшифровка_значение,Метафорические карты
авито метафорические карты,47,Мак_общее,Метафорические карты
значение ассоциативно метафорических карт,47,Расшифровка_значение,Метафорические карты
какие вопросы можно задать метафорическим картам,47,Мак_общее,Метафорические карты
кац мухаматулина метафорические карты руководство,47,Мак_общее,Метафорические карты
кац мухаматулина метафорические карты руководство для психолога,47,Работа_с_клиентом,Метафорические карты
мухаматулина метафорические карты руководство для психолога,47,Работа_с_клиентом,Метафорические карты
карты мак в работе психолога,47,Работа_с_клиентом,основные
мак карты в психотерапии,47,Работа_с_клиентом,мак карты
мак карты читать,47,Мак_общее,мак карты
арт терапия бурганов,47,Работа_с_клиентом,арт терапия
волшебная арт терапия,47,Работа_с_клиентом,арт терапия
динамическая арт терапия,47,Работа_с_клиентом,арт терапия
исследование эффективности арт терапии,47,Работа_с_клиентом,арт терапия
книги по арт терапии для психологов,47,Работа_с_клиентом,арт терапия
коррекция эмоционального состояния арт терапия,47,Работа_с_клиентом,арт терапия
логопедическая арт терапия,47,Работа_с_клиентом,арт терапия
музыка арт терапия для детей,47,Работа_с_клиентом,арт терапия
обучающая арт терапия,47,Работа_с_клиентом,арт терапия
узоры арт терапии,47,Работа_с_клиентом,арт терапия
как расшифровывать метафорические карты,46,Расшифровка_значение,Метафорические карты
метафорические карты ответ на вопрос,46,Мак_общее,Метафорические карты
метафорические карты статьи,46,Мак_общее,Метафорические карты
название метафорических карт,46,Мак_общее,Метафорические карты
мак ассоциативные карты онлайн,46,Мак_общее,мак карты
мак карты курсы для психологов,46,Обучение_школа,мак карты
первые мак карты,46,Мак_общее,мак карты
арт терапия в реабилитации зависимых,46,Работа_с_клиентом,арт терапия
арт терапия внутренним критиком,46,Работа_с_клиентом,арт терапия
арт терапия для беременных,46,Работа_с_клиентом,арт терапия
арт терапия для детей конспект,46,Работа_с_клиентом,арт терапия
арт терапия и артпедагогика в образовании,46,Работа_с_клиентом,арт терапия
арт терапия изучение,46,Работа_с_клиентом,арт терапия
арт терапия индивидуальный проект,46,Работа_с_клиентом,арт терапия
арт терапия кинотерапия,46,Работа_с_клиентом,арт терапия
арт терапия метафора,46,Работа_с_клиентом,арт терапия
арт терапия раскрашивание,46,Работа_с_клиентом,арт терапия
арт терапия эмоции и чувства,46,Работа_с_клиентом,арт терапия
арт терапия ярославль,46,Работа_с_клиентом,арт терапия
глубинная арт терапия тарарина,46,Работа_с_клиентом,арт терапия
коррекционное занятие арт терапия,46,Работа_с_клиентом,арт терапия
методы и приемы арт терапии,46,Работа_с_клиентом,арт терапия
принципы интерпретаций в арт терапии,46,Расшифровка_значение,арт терапия
теоретические основы арт терапии,46,Работа_с_клиентом,арт терапия
что делает арт терапия,46,Работа_с_клиентом,арт терапия
метафорические ассоциативные карты автор,45,Мак_общее,Метафорические карты
метафорические карты дерево как образ,45,Мак_общее,Метафорические карты
метафорические карты дерево как образ человека,45,Мак_общее,Метафорические карты
метафорические карты часы,45,Мак_общее,Метафорические карты
описание метафорических ассоциативных карт,45,Расшифровка_значение,Метафорические карты
сила стаи метафорические карты,45,Мак_общее,Метафорические карты
карты мак сертификат,45,Обучение_школа,мак карты
обозначение карт мак,45,Расшифровка_значение,мак карты
работа с мак картами в психотерапии,45,Работа_с_клиентом,мак карты
схемы мак карт,45,Мак_общее,мак карты
арт терапии инклюзивные,45,Работа_с_клиентом,арт терапия
арт терапия как назвать,45,Работа_с_клиентом,арт терапия
арт терапия картинки для презентации,45,Работа_с_клиентом,арт терапия
арт терапия картотека,45,Работа_с_клиентом,арт терапия
арт терапия контакте,45,Работа_с_клиентом,арт терапия
арт терапия психических расстройств,45,Работа_с_клиентом,арт терапия
арт терапия сессия,45,Работа_с_клиентом,арт терапия
групповая арт терапия с детьми,45,Работа_с_клиентом,арт терапия
копытин а и практикум по арт терапии,45,Работа_с_клиентом,арт терапия
серия арт терапия,45,Работа_с_клиентом,арт терапия
евгения баксан метафорические карты,44,Мак_общее,Метафорические карты
метафорические карты где купить,44,Купить_колоду,Метафорические карты
метафорические карты зинкевич,44,Мак_общее,Метафорические карты
принцип метафорических карт,44,Мак_общее,Метафорические карты
мак карты методики,44,Мак_общее,мак карты
арт терапия аппликация,44,Работа_с_клиентом,арт терапия
арт терапия основоположник,44,Работа_с_клиентом,арт терапия
арт терапия пластилинография,44,Работа_с_клиентом,арт терапия
арт терапия расшифровка,44,Расшифровка_значение,арт терапия
артпедагогика и арт терапия в специальном образовании,44,Работа_с_клиентом,арт терапия
впервые использовал понятие арт терапии,44,Работа_с_клиентом,арт терапия
игра арт терапия для детей,44,Работа_с_клиентом,арт терапия
книга арт терапия купить,44,Купить_колоду,арт терапия
легкая арт терапия,44,Работа_с_клиентом,арт терапия
неделя арт терапии,44,Работа_с_клиентом,арт терапия
рабочие программы арт терапия,44,Работа_с_клиентом,арт терапия
что входит в арт терапию,44,Работа_с_клиентом,арт терапия
курсы метафорические ассоциативные карты,43,Обучение_школа,Метафорические карты
метафорические ассоциативные карты 50 карт,43,Мак_общее,Метафорические карты
метафорические карты границы,43,Мак_общее,Метафорические карты
метафорические карты красивые,43,Мак_общее,Метафорические карты
метафорические карты лица,43,Мак_общее,Метафорические карты
татьяна мужицкая метафорические карты,43,Мак_общее,Метафорические карты
мак бай минск на карте,43,Мак_общее,мак карты
мак карты ирина,43,Мак_общее,мак карты
арт терапия мечта,43,Работа_с_клиентом,арт терапия
арт терапия с детьми тарарина,43,Работа_с_клиентом,арт терапия
жизнь как арт терапия,43,Работа_с_клиентом,арт терапия
история возникновения арт терапии,43,Работа_с_клиентом,арт терапия
коррекционные технологии арт терапия,43,Работа_с_клиентом,арт терапия
песочная арт терапия для детей,43,Работа_с_клиентом,арт терапия
oh карты купить,43,OH_карты,OH карты
метафорические карты гора,42,Мак_общее,Метафорические карты
рефлексия метафорические карты,42,Мак_общее,Метафорические карты
карты судьбы мак,42,Мак_общее,мак карты
мак карты детские,42,Дети_семья,мак карты
мак карты состояние,42,Мак_общее,мак карты
арт терапия безопасное место,42,Работа_с_клиентом,арт терапия
арт терапия горе,42,Работа_с_клиентом,арт терапия
арт терапия море,42,Работа_с_клиентом,арт терапия
арт терапия практические занятия,42,Работа_с_клиентом,арт терапия
введение арт терапии,42,Работа_с_клиентом,арт терапия
коррекционное воздействие арт терапии,42,Работа_с_клиентом,арт терапия
направления современной арт терапии,42,Работа_с_клиентом,арт терапия
психология арт терапия обучение,42,Обучение_школа,арт терапия
самоанализ арт терапии,42,Работа_с_клиентом,арт терапия
техники арт терапии лепкой,42,Работа_с_клиентом,арт терапия
ценность арт терапии,42,Работа_с_клиентом,арт терапия
цифровая арт терапия,42,Работа_с_клиентом,арт терапия
4 метафорические карты,41,Мак_общее,Метафорические карты
как выбрать метафорические карты,41,Мак_общее,Метафорические карты
метафорическая карта глаз,41,Мак_общее,Метафорические карты
метафорические ассоциативные карты книги,41,Мак_общее,Метафорические карты
метафорические карты в работе с подростками,41,Работа_с_клиентом,Метафорические карты
метафорические карты проект,41,Мак_общее,Метафорические карты
метафорические карты с описанием онлайн,41,Расшифровка_значение,Метафорические карты
обзоры метафорических карт,41,Мак_общее,Метафорические карты
мак карты внутренний мир,41,Мак_общее,мак карты
мак карты зонтики,41,Мак_общее,мак карты
мак карты роботы,41,Мак_общее,мак карты
арт терапия 2 класс,41,Работа_с_клиентом,арт терапия
арт терапия для учителей,41,Работа_с_клиентом,арт терапия
арт терапия мотивация,41,Работа_с_клиентом,арт терапия
арт терапия нижний новгород,41,Работа_с_клиентом,арт терапия
арт терапия новые методы,41,Работа_с_клиентом,арт терапия
арт терапия обучение государственный диплом,41,Обучение_школа,арт терапия
арт терапия психосоматика,41,Работа_с_клиентом,арт терапия
арт терапия работа с образами,41,Работа_с_клиентом,арт терапия
арт терапия рисуночные тесты,41,Работа_с_клиентом,арт терапия
арт терапия цены,41,Работа_с_клиентом,арт терапия
противопоказания арт терапии,41,Работа_с_клиентом,арт терапия
тарарина практикум по арт терапии,41,Работа_с_клиентом,арт терапия
буравцова метафорические карты,40,Мак_общее,Метафорические карты
вытащить метафорическую карту онлайн,40,Мак_общее,Метафорические карты
метафорические карты встреча,40,Мак_общее,Метафорические карты
метафорические карты г кац е мухаматулина,40,Мак_общее,Метафорические карты
метафорические карты галина фолк,40,Мак_общее,Метафорические карты
метафорические карты подсказки вселенной,40,Мак_общее,Метафорические карты
метафорические карты пособие,40,Мак_общее,Метафорические карты
метафорические карты я сейчас,40,Мак_общее,Метафорические карты
метафорические проективные карты,40,Мак_общее,Метафорические карты
рубашки метафорических карт,40,Мак_общее,Метафорические карты
мак карты с посланием,40,Мак_общее,мак карты
мак карты субличности,40,Мак_общее,мак карты
мак мердо на карте,40,Мак_общее,мак карты
арт терапия злости,40,Работа_с_клиентом,арт терапия
арт терапия знакомство,40,Работа_с_клиентом,арт терапия
арт терапия психиатрия,40,Работа_с_клиентом,арт терапия
арт терапия синоним,40,Работа_с_клиентом,арт терапия
арт терапия упражнения для тренинга взрослых,40,Обучение_школа,арт терапия
арт терапия читать онлайн,40,Работа_с_клиентом,арт терапия
игротерапия арт терапия психогимнастика,40,Работа_с_клиентом,арт терапия
использование арт терапии с детьми овз,40,Работа_с_клиентом,арт терапия
крамер э арт терапия с детьми,40,Работа_с_клиентом,арт терапия
механизмы воздействия арт терапии,40,Работа_с_клиентом,арт терапия
психодинамический подход в арт терапии,40,Работа_с_клиентом,арт терапия
русская арт терапия,40,Работа_с_клиентом,арт терапия
колоды метафорических карт бесплатно,39,Скачать_бесплатно,Метафорические карты
метафорические карты в поисках смысла,39,Мак_общее,Метафорические карты
метафорические карты желания,39,Мак_общее,Метафорические карты
метафорические карты ответ души,39,Мак_общее,Метафорические карты
метафорические карты река,39,Мак_общее,Метафорические карты
метафорические карты сердца,39,Мак_общее,Метафорические карты
портретная колода метафорические карты,39,Виды_колод,Метафорические карты
карта метро мак,39,Мак_общее,мак карты
мак карты ситуация,39,Мак_общее,мак карты
сделать онлайн расклад на мак картам и,39,Создание_колоды,мак карты
арт терапия дцп,39,Работа_с_клиентом,арт терапия
арт терапия задание для детей,39,Работа_с_клиентом,арт терапия
арт терапия как метод психологической коррекции,39,Работа_с_клиентом,арт терапия
арт терапия кофе,39,Работа_с_клиентом,арт терапия
арт терапия план занятий,39,Работа_с_клиентом,арт терапия
арт терапия примеры занятий,39,Работа_с_клиентом,арт терапия
диссертации арт терапия,39,Работа_с_клиентом,арт терапия
занятия арт терапией с детьми овз,39,Работа_с_клиентом,арт терапия
институт психологии арт терапия,39,Работа_с_клиентом,арт терапия
интермодальная арт терапия,39,Работа_с_клиентом,арт терапия
методология арт терапии,39,Работа_с_клиентом,арт терапия
методы арт терапии для подростка,39,Работа_с_клиентом,арт терапия
сеансы арт терапии,39,Работа_с_клиентом,арт терапия
сказкотерапия это метод арт терапии,39,Работа_с_клиентом,арт терапия
тарарина арт терапия в работе с детьми,39,Работа_с_клиентом,арт терапия
техники арт терапии в работе с детьми,39,Работа_с_клиентом,арт терапия
форма групповой арт терапии,39,Работа_с_клиентом,арт терапия
экспрессивная арт терапия,39,Работа_с_клиентом,арт терапия
мак онлайн карты метафорические платформа,38,Онлайн_расклад,Метафорические карты
мак практика платформа для метафорических карт онлайн,38,Мак_общее,Метафорические карты
метафорические ассоциативные карты ингерлейб,38,Мак_общее,Метафорические карты
метафорические ассоциативные карты набор,38,Мак_общее,Метафорические карты
метафорические карты детство,38,Дети_семья,Метафорические карты
метафорические карты книга скачать,38,Скачать_бесплатно,Метафорические карты
метафорические карты кругловой,38,Мак_общее,Метафорические карты
метафорические карты литературные,38,Мак_общее,Метафорические карты
метафорические карты мастер класс,38,Мак_общее,Метафорические карты
метафорические карты мечта,38,Мак_общее,Метафорические карты
метафорические карты определение,38,Мак_общее,Метафорические карты
метафорические карты рыжук,38,Мак_общее,Метафорические карты
метафорические карты с расшифровкой и описанием,38,Расшифровка_значение,Метафорические карты
метафорические карты ситуации,38,Мак_общее,Метафорические карты
метафорические карты сон,38,Мак_общее,Метафорические карты
толкование метафорических карт,38,Мак_общее,Метафорические карты
карта памяти для мак,38,Мак_общее,мак карты
мак карты вытащить,38,Мак_общее,мак карты
мак карты с заданиями,38,Мак_общее,мак карты
мак карты травма,38,Мак_общее,мак карты
мак смотреть карты,38,Мак_общее,мак карты
мастер класс мак карты,38,Мак_общее,мак карты
тальпис мак карты,38,Мак_общее,мак карты
установки мак карты,38,Мак_общее,мак карты
арт терапия детей инвалидов,38,Работа_с_клиентом,арт терапия
арт терапия для 7 лет,38,Работа_с_клиентом,арт терапия
арт терапия программа дошкольники,38,Обучение_школа,арт терапия
арт терапия учеба,38,Работа_с_клиентом,арт терапия
камни арт терапия,38,Работа_с_клиентом,арт терапия
конспект занятия арт терапия дети,38,Работа_с_клиентом,арт терапия
тематическая арт терапия,38,Работа_с_клиентом,арт терапия
термин арт терапия ввел хилл,38,Работа_с_клиентом,арт терапия
умственная отсталость арт терапия,38,Работа_с_клиентом,арт терапия
характеристика метода арт терапия,38,Работа_с_клиентом,арт терапия
колода карт oh,38,Виды_колод,OH карты
девочка и кит метафорические карты,37,Мак_общее,Метафорические карты
интерпретация метафорической карты,37,Расшифровка_значение,Метафорические карты
метафорические карты 1000 дорог,37,Мак_общее,Метафорические карты
метафорические карты в психологическом консультировании,37,Мак_общее,Метафорические карты
метафорические карты какие лучше,37,Мак_общее,Метафорические карты
метафорические карты методическое,37,Мак_общее,Метафорические карты
метафорические карты тотемные,37,Мак_общее,Метафорические карты
метафорические карты тотемные животные,37,Мак_общее,Метафорические карты
метафорические карты точка опоры расшифровка карт,37,Расшифровка_значение,Метафорические карты
метафорические карты цветок,37,Мак_общее,Метафорические карты
мужские метафорические карты,37,Мак_общее,Метафорические карты
обозначение метафорических карт,37,Расшифровка_значение,Метафорические карты
вытянуть мак карту,37,Мак_общее,мак карты
арт терапия внутренний конфликт,37,Работа_с_клиентом,арт терапия
арт терапия вшэ,37,Работа_с_клиентом,арт терапия
арт терапия на бумаге,37,Купить_колоду,арт терапия
арт терапия программа доу,37,Работа_с_клиентом,арт терапия
арт терапия рисование песком,37,Работа_с_клиентом,арт терапия
арт терапия темы рисунков,37,Работа_с_клиентом,арт терапия
гештальт ориентированная арт терапия,37,Работа_с_клиентом,арт терапия
кактусы арт терапия,37,Работа_с_клиентом,арт терапия
курсы арт терапии с детьми,37,Обучение_школа,арт терапия
курсы по арт терапии с сертификатом,37,Обучение_школа,арт терапия
мастер класс арт терапия для педагогов,37,Работа_с_клиентом,арт терапия
методики арт терапии для детей,37,Работа_с_клиентом,арт терапия
музыка для арт терапии скачать,37,Скачать_бесплатно,арт терапия
нетрадиционные техники арт терапии,37,Работа_с_клиентом,арт терапия
раскраска арт терапия распечатать,37,Работа_с_клиентом,арт терапия
системная арт терапия копытин,37,Работа_с_клиентом,арт терапия
фольклорная арт терапия,37,Работа_с_клиентом,арт терапия
ai для психолога,37,AI_МАК,ai для психолога
говорящие метафорические карты,36,Мак_общее,Метафорические карты
метафорические карты зачем,36,Мак_общее,Метафорические карты
метафорические карты магия,36,Купить_колоду,Метафорические карты
метафорические карты спб,36,Мак_общее,Метафорические карты
метафорические карты я разрешаю себе,36,Мак_общее,Метафорические карты
типы метафорических карт,36,Виды_колод,Метафорические карты
трансформационные метафорические карты,36,Мак_общее,Метафорические карты
красный мак бахчисарайский район карта,36,Мак_общее,мак карты
мак карты какие выбрать,36,Мак_общее,мак карты
набор мак карт,36,Мак_общее,мак карты
узнать мак сетевой карты,36,Мак_общее,мак карты
арт терапия екатеринбург,36,Работа_с_клиентом,арт терапия
арт терапия инновационная технология,36,Работа_с_клиентом,арт терапия
арт терапия краснодар,36,Работа_с_клиентом,арт терапия
арт терапия методичка,36,Работа_с_клиентом,арт терапия
арт терапия упражнения и игры,36,Работа_с_клиентом,арт терапия
арт терапия утраты,36,Работа_с_клиентом,арт терапия
арт терапия уфа,36,Работа_с_клиентом,арт терапия
копытин основы арт терапии,36,Работа_с_клиентом,арт терапия
международная школа арт терапии официальный,36,Обучение_школа,арт терапия
специфические особенности арт терапии,36,Работа_с_клиентом,арт терапия
сущность арт терапии,36,Работа_с_клиентом,арт терапия
техники арт терапии страх,36,Работа_с_клиентом,арт терапия
техники семейной арт терапии,36,Работа_с_клиентом,арт терапия
как читать метафорические карты,35,Мак_общее,Метафорические карты
метафорические ассоциативные карты онлайн бесплатно с расшифровкой,35,Скачать_бесплатно,Метафорические карты
метафорические ассоциативные карты онлайн с расшифровкой,35,Расшифровка_значение,Метафорические карты
метафорические ассоциативные карты расклад,35,Онлайн_расклад,Метафорические карты
метафорические карты групповые,35,Мак_общее,Метафорические карты
метафорические карты две жизни,35,Мак_общее,Метафорические карты
метафорические карты дуэт,35,Мак_общее,Метафорические карты
метафорические карты зонтики,35,Мак_общее,Метафорические карты
метафорические карты образ женщины,35,Мак_общее,Метафорические карты
напечатать метафорические карты,35,Мак_общее,Метафорические карты
первая колода метафорических карт,35,Виды_колод,Метафорические карты
посмотреть метафорические карты,35,Мак_общее,Метафорические карты
программы метафорических карт,35,Мак_общее,Метафорические карты
город маку на карте,35,Мак_общее,мак карты
личные границы мак карты,35,Мак_общее,мак карты
мак карта источник,35,Мак_общее,мак карты
мак карты сайт,35,Мак_общее,мак карты
мак карты сценарии,35,Купить_колоду,мак карты
мак карты цели,35,Мак_общее,мак карты
трактовка мак карт,35,Расшифровка_значение,мак карты
арт терапия вина,35,Работа_с_клиентом,арт терапия
арт терапия основные задачи,35,Работа_с_клиентом,арт терапия
арт терапия пластилиновая терапия,35,Работа_с_клиентом,арт терапия
арт терапия рисование виды,35,Работа_с_клиентом,арт терапия
арт терапия самара,35,Работа_с_клиентом,арт терапия
арт терапия тревожности техники,35,Работа_с_клиентом,арт терапия
гармонизация через самопознание арт терапия,35,Работа_с_клиентом,арт терапия
путешествия арт терапия,35,Работа_с_клиентом,арт терапия
работа с глиной арт терапия,35,Работа_с_клиентом,арт терапия
раскраски для взрослых арт терапия,35,Работа_с_клиентом,арт терапия
технология арт терапии в социальной работе,35,Работа_с_клиентом,арт терапия
упражнения по арт терапии для детей,35,Работа_с_клиентом,арт терапия
зеркало русской сказки метафорические карты,34,Мак_общее,Метафорические карты
мак метафорические ассоциативные карты онлайн,34,Мак_общее,Метафорические карты
метафорические ассоциативные карты игры,34,Мак_общее,Метафорические карты
метафорические карты действия,34,Мак_общее,Метафорические карты
метафорические карты для педагогов,34,Мак_общее,Метафорические карты
метафорические карты интуиция,34,Мак_общее,Метафорические карты
метафорические карты картинки скачать,34,Скачать_бесплатно,Метафорические карты
метафорические карты коробка,34,Мак_общее,Метафорические карты
метафорические карты монстрики,34,Мак_общее,Метафорические карты
метафорические карты рандом,34,Мак_общее,Метафорические карты
как узнать мак адрес карты,34,Мак_общее,мак карты
мак карты алгоритм,34,Мак_общее,мак карты
мак карты озон,34,Мак_общее,мак карты
мак карты письма себе,34,Мак_общее,мак карты
мак карты подсознание,34,Мак_общее,мак карты
мак карты решение,34,Мак_общее,мак карты
мак карты скачать для печати,34,Скачать_бесплатно,мак карты
скачать мак карты бесплатно для печати,34,Скачать_бесплатно,мак карты
арт терапия беременность,34,Работа_с_клиентом,арт терапия
арт терапия бурганова,34,Работа_с_клиентом,арт терапия
арт терапия вич инфекции,34,Работа_с_клиентом,арт терапия
арт терапия границы,34,Работа_с_клиентом,арт терапия
арт терапия для детей школьного возраста,34,Обучение_школа,арт терапия
арт терапия для снятия тревожности,34,Работа_с_клиентом,арт терапия
арт терапия на английском,34,Работа_с_клиентом,арт терапия
арт терапия портал 2 прохождение,34,Работа_с_клиентом,арт терапия
арт терапия с детьми в доу,34,Работа_с_клиентом,арт терапия
арт терапия создание коллажей,34,Работа_с_клиентом,арт терапия
арт терапия театрализация,34,Работа_с_клиентом,арт терапия
арт терапия это метод позволяющий работать,34,Работа_с_клиентом,арт терапия
виды арт терапии копытин,34,Работа_с_клиентом,арт терапия
виды арт терапии копытина,34,Работа_с_клиентом,арт терапия
занятия по арт терапии для детей,34,Работа_с_клиентом,арт терапия
инфоурок арт терапия,34,Работа_с_клиентом,арт терапия
какие методики относятся к арт терапии,34,Работа_с_клиентом,арт терапия
кейс арт терапии,34,Работа_с_клиентом,арт терапия
клуб арт терапии,34,Работа_с_клиентом,арт терапия
мастерская арт терапии,34,Работа_с_клиентом,арт терапия
программа дополнительного образования арт терапия,34,Работа_с_клиентом,арт терапия
психотерапевт арт терапия,34,Работа_с_клиентом,арт терапия
ассоциативно метафорические карты скачать бесплатно,33,Скачать_бесплатно,Метафорические карты
колода cope метафорические карты,33,Виды_колод,Метафорические карты
метафорические карты бронислав,33,Мак_общее,Метафорические карты
метафорические карты веды рам,33,Мак_общее,Метафорические карты
метафорические карты москва,33,Мак_общее,Метафорические карты
метафорические карты небо,33,Мак_общее,Метафорические карты
метафорические карты рассвет,33,Мак_общее,Метафорические карты
метафорические карты хранительницы,33,Мак_общее,Метафорические карты
скребейко метафорические карты,33,Мак_общее,Метафорические карты
список метафорических карт,33,Мак_общее,Метафорические карты
что такое метафорические карты простым языком,33,Мак_общее,Метафорические карты
мак карты знаки,33,Мак_общее,мак карты
посмотреть мак сетевой карты,33,Мак_общее,мак карты
арт терапия жертв насилия,33,Работа_с_клиентом,арт терапия
арт терапия международная школа сайт,33,Обучение_школа,арт терапия
арт терапия профилактика эмоционального выгорания,33,Работа_с_клиентом,арт терапия
арт терапия солнце,33,Работа_с_клиентом,арт терапия
арт терапия способствует развитию,33,Работа_с_клиентом,арт терапия
арт терапия татьяна,33,Работа_с_клиентом,арт терапия
арт терапия цитата,33,Работа_с_клиентом,арт терапия
динамически ориентированная арт терапия,33,Работа_с_клиентом,арт терапия
изотерапия как метод арт терапии,33,Работа_с_клиентом,арт терапия
история развития арт терапии,33,Работа_с_клиентом,арт терапия
модальности арт терапии,33,Работа_с_клиентом,арт терапия
нетрадиционное рисование арт терапия,33,Работа_с_клиентом,арт терапия
проект на тему арт терапия,33,Работа_с_клиентом,арт терапия
регулятивная функция арт терапии,33,Работа_с_клиентом,арт терапия
метафорические ассоциативные карты женщина,32,Мак_общее,Метафорические карты
метафорические карты крюгер,32,Мак_общее,Метафорические карты
метафорические карты ольга круглова,32,Мак_общее,Метафорические карты
метафорические карты ольги кругловой,32,Мак_общее,Метафорические карты
метафорические карты папа,32,Дети_семья,Метафорические карты
метафорические карты учебник,32,Мак_общее,Метафорические карты
метафорические карты цена,32,Купить_колоду,Метафорические карты
обучение работе с метафорическими картами,32,Обучение_школа,Метафорические карты
сейчас мне важно метафорические карты,32,Мак_общее,Метафорические карты
мак карты cope,32,Мак_общее,мак карты
мак карты как использовать,32,Мак_общее,мак карты
мак карты москва,32,Мак_общее,мак карты
мак карты рисунок,32,Мак_общее,мак карты
мак карты тренинг,32,Обучение_школа,мак карты
работа с мак картами вопросы,32,Мак_общее,мак карты
текст мак карт,32,Мак_общее,мак карты
tron legacy арт терапия,32,Работа_с_клиентом,арт терапия
арт терапия бывает,32,Работа_с_клиентом,арт терапия
арт терапия детско родительских отношений,32,Работа_с_клиентом,арт терапия
арт терапия для детей 7 лет,32,Работа_с_клиентом,арт терапия
арт терапия для детей и взрослых,32,Работа_с_клиентом,арт терапия
арт терапия для детей с зпр,32,Работа_с_клиентом,арт терапия
арт терапия заключение,32,Работа_с_клиентом,арт терапия
арт терапия коррекция девиантного,32,Работа_с_клиентом,арт терапия
арт терапия рисование красками,32,Работа_с_клиентом,арт терапия
задачи социальной арт терапии,32,Работа_с_клиентом,арт терапия
колошина т ю арт терапия,32,Работа_с_клиентом,арт терапия
коррекция девиантным поведением арт терапия,32,Работа_с_клиентом,арт терапия
людмила лебедева арт терапия,32,Работа_с_клиентом,арт терапия
преподаватель арт терапии,32,Работа_с_клиентом,арт терапия
работа с тревогой арт терапия,32,Работа_с_клиентом,арт терапия
развитие эмоционального интеллекта средствами арт терапии,32,Работа_с_клиентом,арт терапия
телесно ориентированные методы психотерапии арт терапия,32,Работа_с_клиентом,арт терапия
техники арт терапии в психологии,32,Работа_с_клиентом,арт терапия
как понять метафорическую карту,31,Мак_общее,Метафорические карты
метафорические карты oh купить,31,Купить_колоду,Метафорические карты
метафорические карты ru,31,Мак_общее,Метафорические карты
метафорические карты денежная,31,Мак_общее,Метафорические карты
метафорические карты задания,31,Мак_общее,Метафорические карты
метафорические карты змея,31,Мак_общее,Метафорические карты
метафорические карты личные границы,31,Мак_общее,Метафорические карты
метафорические карты отражение,31,Мак_общее,Метафорические карты
метафорические карты птицы,31,Мак_общее,Метафорические карты
метафорические карты сосуд,31,Мак_общее,Метафорические карты
показать карты метафорические,31,Мак_общее,Метафорические карты
психотерапия и метафорические карты михаил ингерлейб,31,Работа_с_клиентом,Метафорические карты
формат метафорических карт,31,Мак_общее,Метафорические карты
как пользоваться мак картами,31,Мак_общее,мак карты
мак карты внутренняя опора,31,Мак_общее,мак карты
мак карты желания,31,Мак_общее,мак карты
мак карты он лайн,31,Мак_общее,мак карты
мак карты сессия,31,Работа_с_клиентом,мак карты
мак карты тотемное животное,31,Мак_общее,мак карты
размер карт мак,31,Мак_общее,мак карты
типы мак карт,31,Виды_колод,мак карты
арт терапия боли,31,Работа_с_клиентом,арт терапия
арт терапия в гештальт подходе,31,Работа_с_клиентом,арт терапия
арт терапия в индивидуальном консультировании,31,Работа_с_клиентом,арт терапия
арт терапия дистанционный курс,31,Обучение_школа,арт терапия
арт терапия инструкция,31,Работа_с_клиентом,арт терапия
арт терапия начальные классы,31,Работа_с_клиентом,арт терапия
арт терапия оригами,31,Работа_с_клиентом,арт терапия
арт терапия с детьми в школе,31,Обучение_школа,арт терапия
арт терапия техники примеры,31,Работа_с_клиентом,арт терапия
арт терапия форум,31,Работа_с_клиентом,арт терапия
изобразительная арт терапия это,31,Работа_с_клиентом,арт терапия
копытин арт терапия для детей и подростков,31,Работа_с_клиентом,арт терапия
коррекция страха методами арт терапии,31,Работа_с_клиентом,арт терапия
международная школа арт терапии официальный сайт,31,Обучение_школа,арт терапия
метод арт терапии заключается,31,Работа_с_клиентом,арт терапия
практикум по арт терапии пособия,31,Работа_с_клиентом,арт терапия
примеры техник арт терапии,31,Работа_с_клиентом,арт терапия
психология искусства и арт терапия,31,Работа_с_клиентом,арт терапия
работа с рисунком в арт терапии,31,Работа_с_клиентом,арт терапия
рубин арт терапия,31,Работа_с_клиентом,арт терапия
самообразование арт терапия психолога,31,Работа_с_клиентом,арт терапия
техника каракули в арт терапии,31,Работа_с_клиентом,арт терапия
абстрактные метафорические карты,30,Мак_общее,Метафорические карты
варда ма метафорические карты,30,Мак_общее,Метафорические карты
значение метафорических карт расшифровка,30,Расшифровка_значение,Метафорические карты
карты предки метафорические,30,Мак_общее,Метафорические карты
метафорическая карты красная,30,Мак_общее,Метафорические карты
метафорические ассоциативные карты в консультировании,30,Мак_общее,Метафорические карты
метафорические ассоциативные карты е,30,Мак_общее,Метафорические карты
метафорические ассоциативные карты ирина орда,30,Мак_общее,Метафорические карты
метафорические карты oh cards,30,Мак_общее,Метафорические карты
метафорические карты и цзин,30,Мак_общее,Метафорические карты
метафорические карты камни,30,Мак_общее,Метафорические карты
метафорические карты проекция,30,Мак_общее,Метафорические карты
метафорические карты соло,30,Мак_общее,Метафорические карты
метафорические карты сосуд мерцающий в сосуде,30,Мак_общее,Метафорические карты
методика работы с метафорическими картами,30,Мак_общее,Метафорические карты
огонь в сосуде метафорические карты,30,Мак_общее,Метафорические карты
огонь мерцающий в сосуде метафорические карты,30,Мак_общее,Метафорические карты
ушакова метафорические карты,30,Мак_общее,Метафорические карты
мак карты пример,30,Мак_общее,мак карты
мак карты ресурсные колоды,30,Виды_колод,мак карты
мак карты уроки,30,Мак_общее,мак карты
мак карты цветы,30,Мак_общее,мак карты
посмотреть мак адрес сетевой карты,30,Мак_общее,мак карты
расшифруй мак карту,30,Расшифровка_значение,мак карты
4 направления арт терапии,30,Работа_с_клиентом,арт терапия
арт терапия в доу занятие,30,Работа_с_клиентом,арт терапия
арт терапия владимир,30,Работа_с_клиентом,арт терапия
арт терапия водой,30,Работа_с_клиентом,арт терапия
арт терапия для мам,30,Работа_с_клиентом,арт терапия
арт терапия иркутск,30,Работа_с_клиентом,арт терапия
арт терапия книги и пособия,30,Работа_с_клиентом,арт терапия
арт терапия космос,30,Работа_с_клиентом,арт терапия
арт терапия программа дошкольного,30,Обучение_школа,арт терапия
арт терапия птица,30,Работа_с_клиентом,арт терапия
арт терапия ранний возраст,30,Работа_с_клиентом,арт терапия
арт терапия средняя группа,30,Работа_с_клиентом,арт терапия
виды арт терапии в психологии,30,Работа_с_клиентом,арт терапия
глинотерапия арт терапия,30,Работа_с_клиентом,арт терапия
доклад на тему арт терапия,30,Работа_с_клиентом,арт терапия
классификация арт терапии копытина,30,Работа_с_клиентом,арт терапия
основной механизм арт терапии,30,Работа_с_клиентом,арт терапия
повышение квалификации психолог арт терапия,30,Работа_с_клиентом,арт терапия
психоаналитическая арт терапия основные положения,30,Работа_с_клиентом,арт терапия
психологические механизмы арт терапии,30,Работа_с_клиентом,арт терапия
разделы арт терапии,30,Работа_с_клиентом,арт терапия
специфика арт терапии,30,Работа_с_клиентом,арт терапия
техника коллаж в арт терапии,30,Работа_с_клиентом,арт терапия
техники арт терапии книга,30,Работа_с_клиентом,арт терапия
как работать с метафорическими ассоциативными картами,29,Мак_общее,Метафорические карты
кнуты и пряники метафорические карты,29,Мак_общее,Метафорические карты
метафорические карты абстрактус,29,Мак_общее,Метафорические карты
метафорические карты коучинг,29,Мак_общее,Метафорические карты
метафорические карты маска,29,Мак_общее,Метафорические карты
метафорические карты монстрики чувств,29,Мак_общее,Метафорические карты
метафорические карты описание каждой карты,29,Расшифровка_значение,Метафорические карты
метафорические карты пара,29,Отношения_пара,Метафорические карты
метафорические карты подсказка на день,29,Мак_общее,Метафорические карты
метафорические карты ростов,29,Мак_общее,Метафорические карты
метафорические карты самопознание,29,Самопознание,Метафорические карты
метафорические карты сколько карт в колоде,29,Виды_колод,Метафорические карты
метафорические карты универсум,29,Мак_общее,Метафорические карты
метафорические карты ушаковой,29,Мак_общее,Метафорические карты
метафорические карты хранительница сада,29,Мак_общее,Метафорические карты
михаил ингерлейб метафорические ассоциативные карты,29,Мак_общее,Метафорические карты
создатель метафорических карт,29,Мак_общее,Метафорические карты
электронные метафорические карты бесплатно,29,Скачать_бесплатно,Метафорические карты
как узнать мак адрес сетевой карты,29,Мак_общее,мак карты
красивые мак карты,29,Мак_общее,мак карты
мак карты галерея,29,Мак_общее,мак карты
мак карты профессия,29,Мак_общее,мак карты
мак карты тело,29,Мак_общее,мак карты
арт терапия вакансии,29,Работа_с_клиентом,арт терапия
арт терапия казань,29,Работа_с_клиентом,арт терапия
арт терапия комната,29,Работа_с_клиентом,арт терапия
арт терапия песней,29,Работа_с_клиентом,арт терапия
арт терапия при птср,29,Работа_с_клиентом,арт терапия
арт терапия сердце,29,Работа_с_клиентом,арт терапия
арт терапия является одним из направлений,29,Работа_с_клиентом,арт терапия
интерпретация рисунков в арт терапии,29,Расшифровка_значение,арт терапия
музыка для арт терапии рисования для детей,29,Работа_с_клиентом,арт терапия
музыкотерапия как метод арт терапии,29,Работа_с_клиентом,арт терапия
оборудование для арт терапии,29,Работа_с_клиентом,арт терапия
перинатальная арт терапия,29,Работа_с_клиентом,арт терапия
психоаналитический подход в арт терапии,29,Работа_с_клиентом,арт терапия
терапевтические возможности арт терапии,29,Работа_с_клиентом,арт терапия
дмитриева метафорические карты,28,Мак_общее,Метафорические карты
метафорические ассоциативные карты карты жизни,28,Мак_общее,Метафорические карты
метафорические ассоциативные карты травмы,28,Мак_общее,Метафорические карты
метафорические карты арома,28,Мак_общее,Метафорические карты
метафорические карты в консультирования и психотерапии,28,Работа_с_клиентом,Метафорические карты
метафорические карты генезиса,28,Мак_общее,Метафорические карты
метафорические карты живая,28,Мак_общее,Метафорические карты
метафорические карты зачем нужны,28,Мак_общее,Метафорические карты
метафорические карты значение каждой карты,28,Расшифровка_значение,Метафорические карты
метафорические карты как выглядят,28,Мак_общее,Метафорические карты
метафорические карты конфликт,28,Мак_общее,Метафорические карты
метафорические карты личность,28,Мак_общее,Метафорические карты
метафорические карты обучение бесплатно,28,Скачать_бесплатно,Метафорические карты
метафорические карты окна и двери,28,Мак_общее,Метафорические карты
метафорические карты про отношения,28,Отношения_пара,Метафорические карты
метафорические карты расшифровка карт каждой,28,Расшифровка_значение,Метафорические карты
метафорические карты символы,28,Мак_общее,Метафорические карты
метафорические карты советник,28,Мак_общее,Метафорические карты
метафорические карты шаги,28,Мак_общее,Метафорические карты
метафорические карты энергия,28,Мак_общее,Метафорические карты
проект психосфера метафорические карты,28,Мак_общее,Метафорические карты
скачать метафорические карты для психолога,28,Скачать_бесплатно,Метафорические карты
сценарий метафорические карты,28,Купить_колоду,Метафорические карты
красный мак крым на карте,28,Мак_общее,мак карты
мак карты ассоциации,28,Мак_общее,мак карты
мак карты для работы с детьми,28,Дети_семья,мак карты
мак карты ключ,28,Мак_общее,мак карты
мак карты луна,28,Мак_общее,мак карты
мак карты подсказки вселенной,28,Мак_общее,мак карты
мак карты с арт терапией,28,Работа_с_клиентом,мак карты
мак карты тараканы,28,Мак_общее,мак карты
сменить мак сетевой карты,28,Мак_общее,мак карты
арт терапия 6 7 лет,28,Работа_с_клиентом,арт терапия
арт терапия в инклюзивном образовании,28,Работа_с_клиентом,арт терапия
арт терапия воронеж,28,Работа_с_клиентом,арт терапия
арт терапия для пенсионеров,28,Работа_с_клиентом,арт терапия
арт терапия зависимых упражнения,28,Работа_с_клиентом,арт терапия
арт терапия как направление психотерапии,28,Работа_с_клиентом,арт терапия
арт терапия маргарет наумбург,28,Работа_с_клиентом,арт терапия
арт терапия мастер класс рисования,28,Работа_с_клиентом,арт терапия
арт терапия никитин в н,28,Работа_с_клиентом,арт терапия
арт терапия рисование обучение,28,Обучение_школа,арт терапия
арт терапия с девиантным подростком,28,Работа_с_клиентом,арт терапия
виды арт терапии для детей,28,Работа_с_клиентом,арт терапия
гузман основные практики арт терапии,28,Работа_с_клиентом,арт терапия
домашняя арт терапия,28,Работа_с_клиентом,арт терапия
духовная арт терапия,28,Работа_с_клиентом,арт терапия
инновационные методы арт терапии,28,Работа_с_клиентом,арт терапия
лия гузман арт терапия,28,Работа_с_клиентом,арт терапия
нарративная арт терапия,28,Работа_с_клиентом,арт терапия
основные принципы арт терапии,28,Работа_с_клиентом,арт терапия
современная клиническая арт терапия учебное пособие,28,Работа_с_клиентом,арт терапия
тетрадь по арт терапии,28,Работа_с_клиентом,арт терапия
техника мандала в арт терапии,28,Работа_с_клиентом,арт терапия
карты интуитивные метафорические,27,Мак_общее,Метафорические карты
консультация метафорическим картам,27,Работа_с_клиентом,Метафорические карты
купить метафорические карты онлайн,27,Купить_колоду,Метафорические карты
маккардс метафорические карты,27,Мак_общее,Метафорические карты
метафорическая карта солнце,27,Мак_общее,Метафорические карты
метафорические ассоциативные карты cope,27,Мак_общее,Метафорические карты
метафорические ассоциативные карты арт,27,Мак_общее,Метафорические карты
метафорические ассоциативные карты внутренний ребенок,27,Мак_общее,Метафорические карты
метафорические ассоциативные карты курс для практики,27,Обучение_школа,Метафорические карты
метафорические ассоциативные карты полный курс,27,Обучение_школа,Метафорические карты
метафорические ассоциативные карты полный курс для практики,27,Обучение_школа,Метафорические карты
метафорические карты духов,27,Мак_общее,Метафорические карты
метафорические карты знаки вселенной,27,Мак_общее,Метафорические карты
метафорические карты онлайн вопрос,27,Мак_общее,Метафорические карты
метафорические карты путь героя,27,Мак_общее,Метафорические карты
метафорические карты роботы скачать,27,Скачать_бесплатно,Метафорические карты
метафорические карты с текстом,27,Мак_общее,Метафорические карты
метафорические карты цвета и чувства,27,Мак_общее,Метафорические карты
поиск внутренней опоры метафорические карты,27,Мак_общее,Метафорические карты
работа с метафорическими картами роботы,27,Мак_общее,Метафорические карты
универсальные колоды метафорических карт,27,Виды_колод,Метафорические карты
диагностика мак картами,27,Мак_общее,мак карты
мак карты дерево,27,Мак_общее,мак карты
мак карты мама,27,Дети_семья,мак карты
мак карты тараканы в голове,27,Мак_общее,мак карты
мак карты трансформационные игры,27,Мак_общее,мак карты
правильные вопросы картам мак,27,Мак_общее,мак карты
арт терапия архетипы,27,Работа_с_клиентом,арт терапия
арт терапия для детей 3 4 лет,27,Работа_с_клиентом,арт терапия
арт терапия для детей обучение,27,Обучение_школа,арт терапия
арт терапия для пар,27,Работа_с_клиентом,арт терапия
арт терапия для пары,27,Работа_с_клиентом,арт терапия
арт терапия женских проблем,27,Работа_с_клиентом,арт терапия
арт терапия запросы,27,Работа_с_клиентом,арт терапия
арт терапия клякса,27,Работа_с_клиентом,арт терапия
арт терапия нетрадиционные техники рисования,27,Работа_с_клиентом,арт терапия
арт терапия основные понятия,27,Работа_с_клиентом,арт терапия
арт терапия с детьми скачать,27,Скачать_бесплатно,арт терапия
арт терапия сна,27,Работа_с_клиентом,арт терапия
арт терапия стоимость,27,Купить_колоду,арт терапия
арт терапия эбру,27,Работа_с_клиентом,арт терапия
вебинар арт терапия,27,Обучение_школа,арт терапия
воронова арт терапия,27,Работа_с_клиентом,арт терапия
геометрия в арт терапии фигуры pdf,27,Скачать_бесплатно,арт терапия
клиническую арт терапию дополняет арт терапия,27,Работа_с_клиентом,арт терапия
копытин практическая арт терапия,27,Работа_с_клиентом,арт терапия
метафорический автопортрет арт терапия,27,Работа_с_клиентом,арт терапия
упражнения групповой арт терапии,27,Работа_с_клиентом,арт терапия
resilio метафорические карты,26,Мак_общее,Метафорические карты
маккардс сайт метафорические карты,26,Мак_общее,Метафорические карты
метафорические ассоциативные карты в психологическом консультировании,26,Мак_общее,Метафорические карты
метафорические ассоциативные карты страх,26,Эмоции_состояния,Метафорические карты
метафорические карты для психолога купить,26,Купить_колоду,Метафорические карты
метафорические карты колоды купить,26,Купить_колоду,Метафорические карты
метафорические карты мак страх,26,Эмоции_состояния,Метафорические карты
метафорические карты метафорические цитаты,26,Мак_общее,Метафорические карты
метафорические карты ноги,26,Мак_общее,Метафорические карты
метафорические карты позволяют,26,Мак_общее,Метафорические карты
метафорические карты сессия,26,Работа_с_клиентом,Метафорические карты
метафорические карты тайна оракула,26,Мак_общее,Метафорические карты
метафорические карты тревога,26,Эмоции_состояния,Метафорические карты
ресурсы силы метафорические карты,26,Мак_общее,Метафорические карты
эмоции судьбы метафорические карты,26,Эмоции_состояния,Метафорические карты
довлатов мак карты,26,Мак_общее,мак карты
мак карта консультация,26,Работа_с_клиентом,мак карты
мак карты для работы с подростками,26,Дети_семья,мак карты
мак карты дня онлайн,26,Мак_общее,мак карты
мак карты мастер сказок,26,Мак_общее,мак карты
мак карты обучение сертификату,26,Обучение_школа,мак карты
мак карты простым языком,26,Мак_общее,мак карты
мак карты семья,26,Дети_семья,мак карты
мак карты я разрешаю себе,26,Мак_общее,мак карты
обучение мак картам для психологов с сертификатом,26,Обучение_школа,мак карты
арт всегда терапия,26,Работа_с_клиентом,арт терапия
арт терапия акварель,26,Работа_с_клиентом,арт терапия
арт терапия и арт педагогика для дошкольников,26,Обучение_школа,арт терапия
арт терапия и зрение,26,Работа_с_клиентом,арт терапия
арт терапия лепка из пластилина,26,Работа_с_клиентом,арт терапия
арт терапия мама ребенок,26,Работа_с_клиентом,арт терапия
арт терапия представители,26,Работа_с_клиентом,арт терапия
арт терапия с аутистами,26,Работа_с_клиентом,арт терапия
арт терапия что развивает,26,Работа_с_клиентом,арт терапия
занятия арт терапии могут проходить,26,Работа_с_клиентом,арт терапия
лия гузман основные практики арт терапии,26,Работа_с_клиентом,арт терапия
особенности групповой арт терапии,26,Работа_с_клиентом,арт терапия
пальчиковая арт терапия,26,Работа_с_клиентом,арт терапия
разновидностей арт терапии,26,Работа_с_клиентом,арт терапия
реферат на тему арт терапия,26,Работа_с_клиентом,арт терапия
техники арт терапии для групповой работы,26,Работа_с_клиентом,арт терапия
тревожность арт терапия упражнения,26,Работа_с_клиентом,арт терапия
авторские метафорические карты,25,Мак_общее,Метафорические карты
как трактовать метафорические карты,25,Расшифровка_значение,Метафорические карты
книга работа с метафорическими картами,25,Мак_общее,Метафорические карты
метафорические ассоциативные карты внутренняя опора,25,Мак_общее,Метафорические карты
метафорические карты в пространстве консультирования,25,Мак_общее,Метафорические карты
метафорические карты в пространстве психотерапии пространстве,25,Работа_с_клиентом,Метафорические карты
метафорические карты ведьма,25,Мак_общее,Метафорические карты
метафорические карты довлатов,25,Мак_общее,Метафорические карты
метафорические карты источник силы,25,Мак_общее,Метафорические карты
метафорические карты лила,25,Мак_общее,Метафорические карты
метафорические карты маяки,25,Мак_общее,Метафорические карты
метафорические карты ох oh,25,Мак_общее,Метафорические карты
метафорические карты презентация,25,Мак_общее,Метафорические карты
метафорические карты руководство скачать,25,Скачать_бесплатно,Метафорические карты
метафорические карты санкт петербург,25,Мак_общее,Метафорические карты
метафорические карты себе можно верить,25,Мак_общее,Метафорические карты
метафорические карты спеццано,25,Мак_общее,Метафорические карты
метафорические карты установки,25,Мак_общее,Метафорические карты
метафорические карты фон,25,Мак_общее,Метафорические карты
точка опоры ресурсные метафорические карты,25,Мак_общее,Метафорические карты
эфирные метафорические карты,25,Мак_общее,Метафорические карты
издательство мак карт,25,Мак_общее,мак карты
интерпретация мак карты,25,Расшифровка_значение,мак карты
колоды мак карт купить,25,Купить_колоду,мак карты
мак карты говорящие,25,Мак_общее,мак карты
мак карты напечатать,25,Мак_общее,мак карты
мак карты помогают,25,Мак_общее,мак карты
метафора мак карты,25,Мак_общее,мак карты
мужские мак карты,25,Мак_общее,мак карты
портретные мак карты,25,Мак_общее,мак карты
арт терапия актуальность темы,25,Работа_с_клиентом,арт терапия
арт терапия в практике психолога,25,Работа_с_клиентом,арт терапия
арт терапия город,25,Работа_с_клиентом,арт терапия
арт терапия для школьников программа,25,Обучение_школа,арт терапия
арт терапия ладошка,25,Работа_с_клиентом,арт терапия
арт терапия любовь,25,Работа_с_клиентом,арт терапия
арт терапия психологические тесты,25,Работа_с_клиентом,арт терапия
глубинная арт терапия скачать,25,Скачать_бесплатно,арт терапия
клиническая и социальная арт терапия,25,Работа_с_клиентом,арт терапия
музыка как метод арт терапии,25,Работа_с_клиентом,арт терапия
перспективы арт терапии,25,Работа_с_клиентом,арт терапия
программа арт терапии для младших школьников,25,Обучение_школа,арт терапия
профессия арт терапия,25,Работа_с_клиентом,арт терапия
стол для арт терапии,25,Работа_с_клиентом,арт терапия
карты ох oh,25,Другое,OH карты
macard метафорические карты,24,Мак_общее,Метафорические карты
macroom метафорические карты,24,Мак_общее,Метафорические карты
благословение рода метафорические карты,24,Мак_общее,Метафорические карты
буравцова метафорические карты в пространстве консультирования,24,Мак_общее,Метафорические карты
голос предков метафорические карты,24,Мак_общее,Метафорические карты
запросы для метафорических карт,24,Мак_общее,Метафорические карты
колода oh метафорические карты,24,Виды_колод,Метафорические карты
коучинговые метафорические карты,24,Мак_общее,Метафорические карты
метафорическая карта настроение,24,Мак_общее,Метафорические карты
метафорические карты и цзин бронислава,24,Мак_общее,Метафорические карты
метафорические карты кто придумал,24,Мак_общее,Метафорические карты
метафорические карты преодоление,24,Мак_общее,Метафорические карты
метафорические карты сколько стоят,24,Мак_общее,Метафорические карты
метафорические карты со словами,24,Мак_общее,Метафорические карты
метафорические карты спорт,24,Мак_общее,Метафорические карты
метафорические карты творчество,24,Мак_общее,Метафорические карты
метафорические карты фаберлик,24,Мак_общее,Метафорические карты
метафорических карт pdf,24,Скачать_бесплатно,Метафорические карты
проективная методика метафорические карты,24,Мак_общее,Метафорические карты
стили метафорических карт,24,Мак_общее,Метафорические карты
что делают метафорические карты,24,Мак_общее,Метафорические карты
эли раман метафорические карты,24,Мак_общее,Метафорические карты
эмоцарики метафорические карты,24,Мак_общее,Метафорические карты
как отформатировать карту на маке,24,Мак_общее,мак карты
какие вопросы можно задавать мак картам,24,Мак_общее,мак карты
мак карты встречи,24,Мак_общее,мак карты
мак карты рыжук онлайн бесплатно,24,Скачать_бесплатно,мак карты
мак карты самостоятельно,24,Самопознание,мак карты
обзоры мак карт,24,Мак_общее,мак карты
обучение работе с мак картами,24,Обучение_школа,мак карты
распечатать мак карт,24,Мак_общее,мак карты
академия бурганова арт терапия,24,Работа_с_клиентом,арт терапия
арт синтез терапия,24,Работа_с_клиентом,арт терапия
арт терапия 4 класс,24,Работа_с_клиентом,арт терапия
арт терапия вины,24,Работа_с_клиентом,арт терапия
арт терапия вк,24,Работа_с_клиентом,арт терапия
арт терапия герб,24,Работа_с_клиентом,арт терапия
арт терапия для детей ярославль,24,Работа_с_клиентом,арт терапия
арт терапия для психологов переподготовка,24,Работа_с_клиентом,арт терапия
арт терапия зачем,24,Работа_с_клиентом,арт терапия
арт терапия кризиса,24,Работа_с_клиентом,арт терапия
арт терапия растение,24,Работа_с_клиентом,арт терапия
арт терапия реклама,24,Работа_с_клиентом,арт терапия
арт терапия с участниками сво,24,Работа_с_клиентом,арт терапия
арт терапия слайд,24,Работа_с_клиентом,арт терапия
арт терапия старшеклассников,24,Работа_с_клиентом,арт терапия
арт терапия счастье,24,Работа_с_клиентом,арт терапия
арт терапия тревожных расстройств,24,Работа_с_клиентом,арт терапия
арт терапия упражнения для снятия стресса,24,Работа_с_клиентом,арт терапия
владимир никитин арт терапия,24,Работа_с_клиентом,арт терапия
влияние арт терапии на эмоциональное состояние,24,Работа_с_клиентом,арт терапия
зарубежная арт терапия,24,Работа_с_клиентом,арт терапия
какая бывает арт терапия,24,Работа_с_клиентом,арт терапия
коррекционные возможности арт терапии,24,Работа_с_клиентом,арт терапия
кто впервые ввел термин арт терапия,24,Работа_с_клиентом,арт терапия
лебедева людмила дмитриевна арт терапия,24,Работа_с_клиентом,арт терапия
методы арт терапии в психологическом консультировании,24,Работа_с_клиентом,арт терапия
направления в применении арт терапии,24,Работа_с_клиентом,арт терапия
основные функции арт терапии,24,Работа_с_клиентом,арт терапия
пазл арт терапия,24,Работа_с_клиентом,арт терапия
провела арт терапию на тему,24,Работа_с_клиентом,арт терапия
раскраски арт терапия для детей,24,Работа_с_клиентом,арт терапия
символдрама в арт терапии,24,Работа_с_клиентом,арт терапия
спокойная музыка для арт терапии,24,Работа_с_клиентом,арт терапия
театральная арт терапия,24,Работа_с_клиентом,арт терапия
тень арт терапия,24,Работа_с_клиентом,арт терапия
как научиться метафорическим картам,23,Мак_общее,Метафорические карты
леонид тальпис метафорические карты,23,Мак_общее,Метафорические карты
метафорические ассоциативные карты руководство,23,Мак_общее,Метафорические карты
метафорические карты бабочки,23,Мак_общее,Метафорические карты
метафорические карты волшебные,23,Мак_общее,Метафорические карты
метафорические карты для детей и подростков,23,Дети_семья,Метафорические карты
метафорические карты драконы,23,Мак_общее,Метафорические карты
метафорические карты карта дня метафорическая вселенная,23,Мак_общее,Метафорические карты
метафорические карты лес,23,Мак_общее,Метафорические карты
метафорические карты рабочие,23,Мак_общее,Метафорические карты
метафорические карты хабитат,23,Мак_общее,Метафорические карты
приложение метафорические карты,23,Мак_общее,Метафорические карты
работа с метафорическими картами бесплатно,23,Скачать_бесплатно,Метафорические карты
семейные карты метафорические карты,23,Дети_семья,Метафорические карты
волшебные карты мак,23,Мак_общее,мак карты
карта маков в москве,23,Мак_общее,мак карты
карты мак научиться,23,Мак_общее,мак карты
мак карты внутри меня,23,Мак_общее,мак карты
мак карты счастье,23,Мак_общее,мак карты
сказочные мак карты,23,Мак_общее,мак карты
точка опоры мак карты,23,Мак_общее,мак карты
арт методы в гештальт терапии,23,Работа_с_клиентом,арт терапия
арт терапия для детей пособие,23,Работа_с_клиентом,арт терапия
арт терапия для детей с аутизмом,23,Работа_с_клиентом,арт терапия
арт терапия ольга,23,Работа_с_клиентом,арт терапия
арт терапия психология цвета,23,Работа_с_клиентом,арт терапия
арт терапия эмоции упражнения,23,Работа_с_клиентом,арт терапия
арт терапия это область,23,Работа_с_клиентом,арт терапия
международный институт арт терапии,23,Работа_с_клиентом,арт терапия
монотипия арт терапия,23,Работа_с_клиентом,арт терапия
мпгу арт терапия,23,Работа_с_клиентом,арт терапия
программа арт терапия с детьми овз,23,Работа_с_клиентом,арт терапия
статьи про арт терапию,23,Работа_с_клиентом,арт терапия
техники арт терапии для подростков,23,Работа_с_клиентом,арт терапия
техники ландшафтной арт терапии,23,Работа_с_клиентом,арт терапия
виды метафорических ассоциативных карт,22,Виды_колод,Метафорические карты
вопросы для работы с метафорическими картами,22,Мак_общее,Метафорические карты
использование метафорических карт в работе психолога,22,Работа_с_клиентом,Метафорические карты
литературное вдохновение метафорические карты,22,Мак_общее,Метафорические карты
метафорическая карта радость,22,Мак_общее,Метафорические карты
метафорическая карта эфирных масел,22,Мак_общее,Метафорические карты
метафорические ассоциативные карты инструкция,22,Мак_общее,Метафорические карты
метафорические ассоциативные карты отзывы,22,Мак_общее,Метафорические карты
метафорические ассоциативные карты сезоны,22,Мак_общее,Метафорические карты
метафорические карты saga,22,Мак_общее,Метафорические карты
метафорические карты богинь,22,Мак_общее,Метафорические карты
метафорические карты ветер перемен,22,Мак_общее,Метафорические карты
метафорические карты виногродский,22,Мак_общее,Метафорические карты
метафорические карты город,22,Мак_общее,Метафорические карты
метафорические карты дружок,22,Мак_общее,Метафорические карты
метафорические карты ева,22,Мак_общее,Метафорические карты
метафорические карты екатерина каменская,22,Мак_общее,Метафорические карты
метафорические карты женские архетипы,22,Виды_колод,Метафорические карты
метафорические карты маленькие,22,Мак_общее,Метафорические карты
метафорические карты мерлин,22,Мак_общее,Метафорические карты
метафорические карты порталы,22,Мак_общее,Метафорические карты
метафорические карты почему купить,22,Купить_колоду,Метафорические карты
метафорические карты профессиональные,22,Мак_общее,Метафорические карты
метафорические карты рождение,22,Мак_общее,Метафорические карты
метафорические карты спящие в тучах,22,Мак_общее,Метафорические карты
метафорические карты стетхема,22,Мак_общее,Метафорические карты
метафорические карты схемы,22,Мак_общее,Метафорические карты
метафорические карты тело и чувства,22,Мак_общее,Метафорические карты
метафорические карты техники вопросы,22,Работа_с_клиентом,Метафорические карты
метафорические карты фото картинок,22,Мак_общее,Метафорические карты
метафорические карты шаман,22,Мак_общее,Метафорические карты
черно белые метафорические карты,22,Мак_общее,Метафорические карты
карты совет мак карты,22,Мак_общее,мак карты
колода мак карт бесплатно,22,Скачать_бесплатно,мак карты
мак карты выбор онлайн,22,Мак_общее,мак карты
мак карты денежная колода,22,Виды_колод,мак карты
мак карты занятия,22,Мак_общее,мак карты
мак карты проекция,22,Мак_общее,мак карты
мак карты рефлексия,22,Мак_общее,мак карты
мак карты шт,22,Мак_общее,мак карты
работа с мак картами онлайн,22,Мак_общее,мак карты
разбор мак карт,22,Мак_общее,мак карты
арт терапия базовые техники,22,Работа_с_клиентом,арт терапия
арт терапия для малышей,22,Работа_с_клиентом,арт терапия
арт терапия киберленинка,22,Работа_с_клиентом,арт терапия
арт терапия лебедева виды,22,Работа_с_клиентом,арт терапия
арт терапия лев,22,Работа_с_клиентом,арт терапия
арт терапия негативное чувство,22,Работа_с_клиентом,арт терапия
арт терапия онлайн бесплатно,22,Скачать_бесплатно,арт терапия
арт терапия учебное никитин,22,Работа_с_клиентом,арт терапия
арт терапия учебное пособие никитин,22,Работа_с_клиентом,арт терапия
арт терапия через рисунок,22,Работа_с_клиентом,арт терапия
виды арт терапии лебедевой,22,Работа_с_клиентом,арт терапия
главная цель арт терапии,22,Работа_с_клиентом,арт терапия
копытин ландшафтная арт терапия,22,Работа_с_клиентом,арт терапия
лебедева тараканова энциклопедия арт терапии,22,Работа_с_клиентом,арт терапия
лепка как метод арт терапии,22,Работа_с_клиентом,арт терапия
никитин арт терапия пособие,22,Работа_с_клиентом,арт терапия
объект воздействия арт терапии,22,Работа_с_клиентом,арт терапия
песочная терапия как метод арт терапии,22,Работа_с_клиентом,арт терапия
с чего начать арт терапию,22,Работа_с_клиентом,арт терапия
сколько этапов выделяют в развитии арт терапии,22,Работа_с_клиентом,арт терапия
сублимация в арт терапии,22,Работа_с_клиентом,арт терапия
техника геометрические фигуры в арт терапии,22,Работа_с_клиентом,арт терапия
функциями арт терапии являются,22,Работа_с_клиентом,арт терапия
алиса метафорически метафорические карты,21,Мак_общее,Метафорические карты
бот метафорические карты,21,Мак_общее,Метафорические карты
издательство метафорических карт,21,Мак_общее,Метафорические карты
интернет магазин метафорических карт,21,Купить_колоду,Метафорические карты
как работать с метафорическими картами психологу,21,Мак_общее,Метафорические карты
метафорические ассоциативные карты душа,21,Мак_общее,Метафорические карты
метафорические ассоциативные карты тараканы в голове,21,Мак_общее,Метафорические карты
метафорические ассоциативные карты эмоции,21,Эмоции_состояния,Метафорические карты
метафорические карты алтая,21,Мак_общее,Метафорические карты
метафорические карты волк,21,Мак_общее,Метафорические карты
метафорические карты лучшие колоды,21,Виды_колод,Метафорические карты
метафорические карты морена,21,Мак_общее,Метафорические карты
метафорические карты онлайн глифы соломона,21,Мак_общее,Метафорические карты
метафорические карты осознанность,21,Мак_общее,Метафорические карты
метафорические карты разбор,21,Мак_общее,Метафорические карты
метафорические карты сад царевны,21,Мак_общее,Метафорические карты
метафорические карты сила твоя,21,Мак_общее,Метафорические карты
метафорические карты скачать в картинках бесплатно,21,Скачать_бесплатно,Метафорические карты
расшифровка метафорических карт по картинке,21,Расшифровка_значение,Метафорические карты
что дают метафорические карты,21,Мак_общее,Метафорические карты
авторские мак карты,21,Мак_общее,мак карты
мак карты будущее,21,Мак_общее,мак карты
мак карты ии,21,Мак_общее,мак карты
мак карты обучение бесплатно,21,Скачать_бесплатно,мак карты
мак карты онлайн скачать,21,Скачать_бесплатно,мак карты
мак карты пособие,21,Мак_общее,мак карты
мак карты психосоматика,21,Мак_общее,мак карты
мак карты электронные колоды,21,Виды_колод,мак карты
популярные мак карты,21,Мак_общее,мак карты
работа с мак картами в психотерапии техники,21,Работа_с_клиентом,мак карты
сочетание карт мак,21,Мак_общее,мак карты
толкование мак карт,21,Мак_общее,мак карты
что обозначает карта мак,21,Мак_общее,мак карты
арт терапия как психотерапевтический метод,21,Работа_с_клиентом,арт терапия
арт терапия на природе,21,Работа_с_клиентом,арт терапия
арт терапия поделки,21,Работа_с_клиентом,арт терапия
арт терапия расшифровка рисунка,21,Расшифровка_значение,арт терапия
арт терапия эмоции для детей,21,Работа_с_клиентом,арт терапия
арт техники терапия тревоги,21,Работа_с_клиентом,арт терапия
влияние арт терапии на человека,21,Работа_с_клиентом,арт терапия
иматон арт терапия обучение,21,Обучение_школа,арт терапия
какие есть техники арт терапии,21,Работа_с_клиентом,арт терапия
нейрографика метод арт терапии,21,Работа_с_клиентом,арт терапия
описание техники арт терапии,21,Расшифровка_значение,арт терапия
практикум по арт терапии шкатулка мастера,21,Работа_с_клиентом,арт терапия
тканевая арт терапия,21,Работа_с_клиентом,арт терапия
упражнения арт терапии со взрослыми,21,Работа_с_клиентом,арт терапия
скачать oh карты,21,OH_карты,OH карты
архетипы и тени метафорические карты расшифровка,20,Расшифровка_значение,Метафорические карты
выбрать метафорическую карту онлайн,20,Мак_общее,Метафорические карты
дмитриева метафорические карты в пространстве консультирования,20,Мак_общее,Метафорические карты
метафорическая карта дня онлайн бесплатно,20,Скачать_бесплатно,Метафорические карты
метафорические карты habitat,20,Мак_общее,Метафорические карты
метафорические карты persona,20,Мак_общее,Метафорические карты
метафорические карты аффирмации,20,Мак_общее,Метафорические карты
метафорические карты каждый день,20,Мак_общее,Метафорические карты
метафорические карты как правильно задать вопрос,20,Мак_общее,Метафорические карты
метафорические карты картины,20,Мак_общее,Метафорические карты
метафорические карты космос,20,Мак_общее,Метафорические карты
метафорические карты лестницы,20,Мак_общее,Метафорические карты
метафорические карты природа,20,Мак_общее,Метафорические карты
метафорические карты руководство для психолога скачать,20,Скачать_бесплатно,Метафорические карты
метафорические карты собаки,20,Мак_общее,Метафорические карты
метафорические карты теория,20,Мак_общее,Метафорические карты
рандомная метафорическая карта,20,Мак_общее,Метафорические карты
соло вселенная метафорические карты,20,Мак_общее,Метафорические карты
эгетмейер метафорические карты,20,Мак_общее,Метафорические карты
бизнес мак карты,20,Мак_общее,мак карты
вытянуть мак карту онлайн,20,Мак_общее,мак карты
карт мак ру,20,Мак_общее,мак карты
карты мак цена,20,Купить_колоду,мак карты
мак карты где купить,20,Купить_колоду,мак карты
мак карты о любви,20,Мак_общее,мак карты
мак карты синие коты,20,Мак_общее,мак карты
арт медиа терапия,20,Работа_с_клиентом,арт терапия
арт терапия в психосоматике,20,Работа_с_клиентом,арт терапия
арт терапия глина лепка,20,Работа_с_клиентом,арт терапия
арт терапия для мужчин,20,Работа_с_клиентом,арт терапия
арт терапия для расслабления,20,Работа_с_клиентом,арт терапия
арт терапия как метод реабилитации,20,Работа_с_клиентом,арт терапия
арт терапия как пишется правильно,20,Работа_с_клиентом,арт терапия
арт терапия новосибирск,20,Работа_с_клиентом,арт терапия
арт терапия обида,20,Работа_с_клиентом,арт терапия
арт терапия обучение спб,20,Обучение_школа,арт терапия
арт терапия раскрась,20,Работа_с_клиентом,арт терапия
арт терапия раскрашивай,20,Работа_с_клиентом,арт терапия
арт терапия родительская собрание,20,Работа_с_клиентом,арт терапия
арт терапия с детьми эдит крамер скачать,20,Скачать_бесплатно,арт терапия
арт терапия это кратко,20,Работа_с_клиентом,арт терапия
архетипическая арт терапия,20,Работа_с_клиентом,арт терапия
занятие арт терапия для школьников,20,Обучение_школа,арт терапия
когнитивно поведенческая арт терапия книга,20,Работа_с_клиентом,арт терапия
коллажирование в арт терапии,20,Работа_с_клиентом,арт терапия
копытин экологическая арт терапия,20,Работа_с_клиентом,арт терапия
лебедева классификация арт терапии,20,Работа_с_клиентом,арт терапия
плюсы арт терапии,20,Работа_с_клиентом,арт терапия
психодинамическая арт терапия основные положения,20,Работа_с_клиентом,арт терапия
ресурсные техники арт терапии,20,Работа_с_клиентом,арт терапия
что включает в себя арт терапия,20,Работа_с_клиентом,арт терапия
экзистенциальная арт терапия основные положения,20,Работа_с_клиентом,арт терапия
66 и 6 демонов метафорические карты,19,Мак_общее,Метафорические карты
inner active cards метафорические карты,19,Мак_общее,Метафорические карты
maccards сайт метафорических карт,19,Мак_общее,Метафорические карты
veda ram метафорические карты,19,Мак_общее,Метафорические карты
метафорическая карта сегодня,19,Мак_общее,Метафорические карты
метафорические карты inner active,19,Мак_общее,Метафорические карты
метафорические карты внутри меня,19,Мак_общее,Метафорические карты
метафорические карты двое,19,Мак_общее,Метафорические карты
метафорические карты для работы с детьми роботы,19,Дети_семья,Метафорические карты
метафорические карты мак расшифровка,19,Расшифровка_значение,Метафорические карты
метафорические карты матрицы,19,Мак_общее,Метафорические карты
метафорические карты много,19,Мак_общее,Метафорические карты
метафорические карты на уроке,19,Мак_общее,Метафорические карты
метафорические карты принцип работы,19,Мак_общее,Метафорические карты
метафорические карты профориентация,19,Мак_общее,Метафорические карты
метафорические карты ру,19,Мак_общее,Метафорические карты
метафорические карты самооценка,19,Мак_общее,Метафорические карты
метафорические универсальные ассоциативные карты мак,19,Мак_общее,Метафорические карты
первые метафорические ассоциативные карты,19,Мак_общее,Метафорические карты
послания луны метафорические карты варда ма,19,Мак_общее,Метафорические карты
создатель метафорических ассоциативных карт,19,Мак_общее,Метафорические карты
мак адрес сетевой карты windows,19,Мак_общее,мак карты
мак карты в группе,19,Мак_общее,мак карты
мак карты ресурсные скачать,19,Скачать_бесплатно,мак карты
яндекс карты скачать на мак,19,Скачать_бесплатно,мак карты
арт терапия в детском саду занятия,19,Работа_с_клиентом,арт терапия
арт терапия в дошкольном образовании,19,Обучение_школа,арт терапия
арт терапия для взрослых техники,19,Работа_с_клиентом,арт терапия
арт терапия для овз программа,19,Работа_с_клиентом,арт терапия
арт терапия женственность,19,Работа_с_клиентом,арт терапия
арт терапия зависимостей диагностика и коррекция,19,Работа_с_клиентом,арт терапия
арт терапия зигмунда фрейда,19,Работа_с_клиентом,арт терапия
арт терапия как метод психологической помощи,19,Работа_с_клиентом,арт терапия
арт терапия мандала детям,19,Работа_с_клиентом,арт терапия
арт терапия мандала раскраска,19,Работа_с_клиентом,арт терапия
арт терапия пермь,19,Работа_с_клиентом,арт терапия
арт терапия ру,19,Работа_с_клиентом,арт терапия
арт терапия талисман,19,Работа_с_клиентом,арт терапия
глубинная арт терапия тарарина скачать,19,Скачать_бесплатно,арт терапия
елена тарарина практикум по арт терапии,19,Работа_с_клиентом,арт терапия
полина постельгина арт терапия,19,Работа_с_клиентом,арт терапия
появление арт терапии,19,Работа_с_клиентом,арт терапия
современные техники арт терапии,19,Работа_с_клиентом,арт терапия
техники и приемы арт терапии,19,Работа_с_клиентом,арт терапия
формы проведения арт терапии,19,Работа_с_клиентом,арт терапия
oh погода по карте изобильный,19,Другое,OH карты
алгоритм метафорические карты,18,Мак_общее,Метафорические карты
интересные метафорические карты,18,Мак_общее,Метафорические карты
метафорические ассоциативные ресурсные карты,18,Мак_общее,Метафорические карты
метафорические карты для бизнеса,18,Мак_общее,Метафорические карты
метафорические карты изобилие,18,Мак_общее,Метафорические карты
метафорические карты ирина лилло,18,Мак_общее,Метафорические карты
метафорические карты ключи от всех дверей,18,Мак_общее,Метафорические карты
метафорические карты корабль,18,Мак_общее,Метафорические карты
метафорические карты миф,18,Мак_общее,Метафорические карты
метафорические карты миядзаки,18,Мак_общее,Метафорические карты
метафорические карты расклад на 1 карту,18,Онлайн_расклад,Метафорические карты
метафорические карты родителям подростка,18,Дети_семья,Метафорические карты
метафорические карты с котами,18,Мак_общее,Метафорические карты
метафорические карты с надписями,18,Мак_общее,Метафорические карты
метафорические карты сила женщины,18,Мак_общее,Метафорические карты
метафорические карты создать самой,18,Мак_общее,Метафорические карты
метафорические карты что о тебе думает человек,18,Мак_общее,Метафорические карты
наталья балаян метафорические карты,18,Мак_общее,Метафорические карты
обучение метафорическим картам дистанционно,18,Обучение_школа,Метафорические карты
поиск внутренней опоры метафорические ассоциативные карты,18,Мак_общее,Метафорические карты
путь героини метафорические карты,18,Мак_общее,Метафорические карты
работа с метафорическими картами онлайн,18,Мак_общее,Метафорические карты
школа метафорические карты,18,Обучение_школа,Метафорические карты
анализ мак карт,18,Мак_общее,мак карты
зинкевич евстигнеева мак карты,18,Мак_общее,мак карты
как понимать мак карты,18,Мак_общее,мак карты
как сменить мак адрес сетевой карты,18,Мак_общее,мак карты
курсы по работе с мак картами,18,Обучение_школа,мак карты
мак карты вк,18,Мак_общее,мак карты
мак карты глаза,18,Мак_общее,мак карты
мак карты дуэт,18,Мак_общее,мак карты
мак карты знакомства,18,Мак_общее,мак карты
мак карты как правильно задавать вопросы,18,Мак_общее,мак карты
мак карты мужицкая,18,Мак_общее,мак карты
мак карты про тебя,18,Мак_общее,мак карты
мак мердо антарктида на карте,18,Мак_общее,мак карты
матефорические мак карты онлайн,18,Мак_общее,мак карты
арт терапия курсы бесплатно,18,Скачать_бесплатно,арт терапия
арт терапия логотип,18,Работа_с_клиентом,арт терапия
арт терапия пожилых программы,18,Работа_с_клиентом,арт терапия
арт терапия программы обучения,18,Обучение_школа,арт терапия
арт терапия психология для детей,18,Работа_с_клиентом,арт терапия
арт терапия раскраски по номерам,18,Работа_с_клиентом,арт терапия
арт терапия ростов на дону,18,Работа_с_клиентом,арт терапия
арт терапия с психологом в минске,18,Работа_с_клиентом,арт терапия
арт терапия сколько стоит,18,Работа_с_клиентом,арт терапия
арт терапия сформировалась на стыке областей,18,Работа_с_клиентом,арт терапия
арт терапия тесты с ответами,18,Работа_с_клиентом,арт терапия
арт терапия что означают цвета,18,Работа_с_клиентом,арт терапия
виды и направления арт терапии,18,Работа_с_клиентом,арт терапия
глубинная арт терапия тарарина скачать бесплатно,18,Скачать_бесплатно,арт терапия
занятия арт терапией для пожилых,18,Работа_с_клиентом,арт терапия
кто придумал арт терапию,18,Работа_с_клиентом,арт терапия
методы арт терапии в семейной терапии,18,Работа_с_клиентом,арт терапия
очное обучение арт терапии,18,Обучение_школа,арт терапия
проективный рисунок арт терапия,18,Работа_с_клиентом,арт терапия
работа с отношениями в арт терапии,18,Работа_с_клиентом,арт терапия
развитие арт терапии в россии,18,Работа_с_клиентом,арт терапия
тренинг арт терапия для детей,18,Обучение_школа,арт терапия
тренинг для педагогов арт терапия,18,Обучение_школа,арт терапия
упражнения арт терапии для пожилых,18,Работа_с_клиентом,арт терапия
что интересного в арт терапии,18,Работа_с_клиентом,арт терапия
архетипы русских сказок 50 метафорических карт,17,Виды_колод,Метафорические карты
бронислав виногродский метафорические карты,17,Мак_общее,Метафорические карты
возможности метафорических карт,17,Мак_общее,Метафорические карты
вопросы к метафорическим картам примеры,17,Мак_общее,Метафорические карты
история создания метафорических карт,17,Мак_общее,Метафорические карты
колода метафорических карт скачать бесплатно,17,Скачать_бесплатно,Метафорические карты
кто является создателем метафорических ассоциативных карт,17,Мак_общее,Метафорические карты
метафорические карты ecco,17,Мак_общее,Метафорические карты
метафорические карты miracle,17,Мак_общее,Метафорические карты
метафорические карты выбор онлайн,17,Мак_общее,Метафорические карты
метафорические карты джейсона стетхема,17,Мак_общее,Метафорические карты
метафорические карты ежики,17,Мак_общее,Метафорические карты
метафорические карты здоровье,17,Мак_общее,Метафорические карты
метафорические карты золотые,17,Мак_общее,Метафорические карты
метафорические карты кофейная гуща,17,Мак_общее,Метафорические карты
метафорические карты любовь расшифровка,17,Расшифровка_значение,Метафорические карты
метафорические карты мама шамана,17,Дети_семья,Метафорические карты
метафорические карты на отношения онлайн,17,Отношения_пара,Метафорические карты
метафорические карты онлайн разложить,17,Мак_общее,Метафорические карты
метафорические карты про тебя,17,Мак_общее,Метафорические карты
метафорические карты родители и дети,17,Дети_семья,Метафорические карты
метафорические карты сказкотерапия,17,Работа_с_клиентом,Метафорические карты
метафорические карты ценности,17,Мак_общее,Метафорические карты
мип метафорические карты,17,Мак_общее,Метафорические карты
повышение квалификации метафорические карты,17,Мак_общее,Метафорические карты
послание рода метафорические карты,17,Мак_общее,Метафорические карты
калькулятор мак карты,17,Мак_общее,мак карты
мак карта отражение,17,Мак_общее,мак карты
мак карты время перемен,17,Мак_общее,мак карты
мак карты действия,17,Мак_общее,мак карты
мак карты для взрослых,17,Мак_общее,мак карты
мак карты для психолога скачать бесплатно,17,Скачать_бесплатно,мак карты
мак карты портреты,17,Мак_общее,мак карты
мак карты пост,17,Мак_общее,мак карты
мак карты эмоции судьбы,17,Эмоции_состояния,мак карты
макет колоды карт мак дома скачать,17,Скачать_бесплатно,мак карты
что дает мак карта,17,Мак_общее,мак карты
что такое мак карты в психологии,17,Мак_общее,мак карты
арт терапия весна,17,Работа_с_клиентом,арт терапия
арт терапия виды и техники,17,Работа_с_клиентом,арт терапия
арт терапия для бизнеса,17,Работа_с_клиентом,арт терапия
арт терапия для детей с сдвг,17,Работа_с_клиентом,арт терапия
арт терапия для подростков методики,17,Работа_с_клиентом,арт терапия
арт терапия женских проблем копытин,17,Работа_с_клиентом,арт терапия
арт терапия иваново,17,Работа_с_клиентом,арт терапия
арт терапия интерпретация цветов,17,Расшифровка_значение,арт терапия
арт терапия как здоровьесберегающая технология в доу,17,Работа_с_клиентом,арт терапия
арт терапия квадраты,17,Работа_с_клиентом,арт терапия
арт терапия на современном этапе,17,Работа_с_клиентом,арт терапия
арт терапия челябинск,17,Работа_с_клиентом,арт терапия
арт терапия шизофрении,17,Работа_с_клиентом,арт терапия
арттерапия или арт терапия как пишется,17,Работа_с_клиентом,арт терапия
виды терапии согласно лебедевой арт,17,Работа_с_клиентом,арт терапия
занятия арт терапией для взрослых,17,Работа_с_клиентом,арт терапия
картинки на тему арт терапия,17,Работа_с_клиентом,арт терапия
катарсическая функция арт терапии,17,Работа_с_клиентом,арт терапия
когда появилась арт терапия,17,Работа_с_клиентом,арт терапия
коррекционные механизмы арт терапии,17,Работа_с_клиентом,арт терапия
мастер класс арт терапия для родителей,17,Работа_с_клиентом,арт терапия
нлп в арт терапия,17,Работа_с_клиентом,арт терапия
памятка арт терапия,17,Работа_с_клиентом,арт терапия
работа с внутренним ребенком арт терапия,17,Работа_с_клиентом,арт терапия
фототерапия как метод арт терапии,17,Работа_с_клиентом,арт терапия
фрактальное рисование арт терапия,17,Работа_с_клиентом,арт терапия
дикая душа метафорические карты,16,Мак_общее,Метафорические карты
карты любимая метафорические,16,Мак_общее,Метафорические карты
карты психологические метафорические онлайн,16,Мак_общее,Метафорические карты
купить метафорические карты для работы психолога,16,Купить_колоду,Метафорические карты
метафорические карты phantasmagoria,16,Мак_общее,Метафорические карты
метафорические карты архангелы,16,Мак_общее,Метафорические карты
метафорические карты баланс,16,Мак_общее,Метафорические карты
метафорические карты в психологии как работают,16,Мак_общее,Метафорические карты
метафорические карты вк,16,Мак_общее,Метафорические карты
метафорические карты для беременных,16,Мак_общее,Метафорические карты
метафорические карты для начинающих федорова,16,Мак_общее,Метафорические карты
метафорические карты кратко,16,Мак_общее,Метафорические карты
метафорические карты мама папа,16,Дети_семья,Метафорические карты
метафорические карты онлайн психология,16,Мак_общее,Метафорические карты
метафорические карты персонита,16,Мак_общее,Метафорические карты
метафорические карты про деньги,16,Мак_общее,Метафорические карты
метафорические карты чудо,16,Мак_общее,Метафорические карты
рисуем метафорические карты,16,Мак_общее,Метафорические карты
специалист метафорические карты,16,Мак_общее,Метафорические карты
типография метафорические карты,16,Мак_общее,Метафорические карты
электронные метафорические карты купить,16,Купить_колоду,Метафорические карты
мак карты pdf,16,Скачать_бесплатно,мак карты
мак карты persona,16,Мак_общее,мак карты
мак карты дракон,16,Мак_общее,мак карты
мак карты путь героя,16,Мак_общее,мак карты
мак карты солнце,16,Мак_общее,мак карты
мак карты сосуды,16,Мак_общее,мак карты
мак карты специалисты,16,Мак_общее,мак карты
мак карты татьяны мужицкой,16,Мак_общее,мак карты
мужчина и женщина мак карты,16,Мак_общее,мак карты
ответ души мак карты,16,Мак_общее,мак карты
универсальные колоды мак карт,16,Виды_колод,мак карты
арт терапия 6 класс,16,Работа_с_клиентом,арт терапия
арт терапия бабочки,16,Работа_с_клиентом,арт терапия
арт терапия в современном мире,16,Работа_с_клиентом,арт терапия
арт терапия для ребенка повышение самооценки,16,Работа_с_клиентом,арт терапия
арт терапия презентация психология,16,Работа_с_клиентом,арт терапия
арт терапия с детьми раннего возраста,16,Работа_с_клиентом,арт терапия
арт терапия с сиротами,16,Работа_с_клиентом,арт терапия
арт терапия саратов,16,Работа_с_клиентом,арт терапия
арт терапия сказкотерапия психогимнастика относятся к,16,Работа_с_клиентом,арт терапия
завьялов арт терапия,16,Работа_с_клиентом,арт терапия
интересные техники арт терапии,16,Работа_с_клиентом,арт терапия
интермодальная арт терапия это терапия разными направлениями,16,Работа_с_клиентом,арт терапия
карта внутреннего мира арт терапия,16,Работа_с_клиентом,арт терапия
когнитивно поведенческая арт терапия обучение,16,Обучение_школа,арт терапия
копытин а и арт терапия хрестоматия,16,Работа_с_клиентом,арт терапия
мип магистратура арт терапия,16,Купить_колоду,арт терапия
сообщества арт терапии,16,Работа_с_клиентом,арт терапия
термин арт терапия ввел в употреблении,16,Работа_с_клиентом,арт терапия
триадичность арт терапии,16,Работа_с_клиентом,арт терапия
упражнение состояние арт терапия,16,Работа_с_клиентом,арт терапия
формы групповой работы в арт терапии,16,Работа_с_клиентом,арт терапия
иматон метафорические карты,15,Мак_общее,Метафорические карты
ищи ответы в петербурге метафорические карты,15,Мак_общее,Метафорические карты
курс работа с метафорическими картами,15,Обучение_школа,Метафорические карты
мак арканес ру метафорические карты,15,Мак_общее,Метафорические карты
метафорическая карта медведь,15,Мак_общее,Метафорические карты
метафорическая карта россии,15,Мак_общее,Метафорические карты
метафорические ассоциативные карты дороги,15,Мак_общее,Метафорические карты
метафорические карты в группе,15,Мак_общее,Метафорические карты
метафорические карты голос вселенной,15,Мак_общее,Метафорические карты
метафорические карты дюна мета планета купить,15,Купить_колоду,Метафорические карты
метафорические карты колесо года,15,Мак_общее,Метафорические карты
метафорические карты озон купить,15,Купить_колоду,Метафорические карты
метафорические карты православные,15,Мак_общее,Метафорические карты
метафорические карты профессии и действия,15,Мак_общее,Метафорические карты
метафорические карты своими руками,15,Мак_общее,Метафорические карты
метафорические карты тайны подсознания,15,Мак_общее,Метафорические карты
метафорические карты чувства и эмоции,15,Эмоции_состояния,Метафорические карты
метафорические карты эмоциональный интеллект,15,Эмоции_состояния,Метафорические карты
ошо метафорические карты,15,Мак_общее,Метафорические карты
первую колоду метафорических ассоциативных карт,15,Виды_колод,Метафорические карты
ресурсы женщины метафорические карты,15,Мак_общее,Метафорические карты
самые лучшие метафорические карты,15,Мак_общее,Метафорические карты
электронные бесплатные колоды метафорических карт,15,Скачать_бесплатно,Метафорические карты
электронные метафорические карты скачать,15,Скачать_бесплатно,Метафорические карты
яна антонова карты метафорические,15,Мак_общее,Метафорические карты
живая мак карты,15,Мак_общее,мак карты
какие мак карты лучше,15,Мак_общее,мак карты
карта погода новая мака,15,Мак_общее,мак карты
мак карты веды рам,15,Мак_общее,мак карты
мак карты космос,15,Мак_общее,мак карты
мак карты онлайн расклад с разъяснениями,15,Онлайн_расклад,мак карты
мак карты онлайн расклад с разъяснениями бесплатно,15,Онлайн_расклад,мак карты
мак карты пдф,15,Мак_общее,мак карты
мак карты проективная методика,15,Мак_общее,мак карты
нити мак карты,15,Мак_общее,мак карты
работа с мак картами в психотерапии обучение,15,Обучение_школа,мак карты
сюжетные мак карты,15,Мак_общее,мак карты
что делают карты мак,15,Мак_общее,мак карты
академия арт терапии полины постельгиной,15,Работа_с_клиентом,арт терапия
арт терапия в педагогике магистратура,15,Купить_колоду,арт терапия
арт терапия в работе дефектолога,15,Работа_с_клиентом,арт терапия
арт терапия в работе логопеда,15,Работа_с_клиентом,арт терапия
арт терапия восприятия музыкальных произведений,15,Работа_с_клиентом,арт терапия
арт терапия горы,15,Работа_с_клиентом,арт терапия
арт терапия для младших школьников упражнения,15,Обучение_школа,арт терапия
арт терапия для подростков самооценка,15,Работа_с_клиентом,арт терапия
арт терапия кляксография,15,Работа_с_клиентом,арт терапия
арт терапия книги психология,15,Работа_с_клиентом,арт терапия
арт терапия омск,15,Работа_с_клиентом,арт терапия
арт терапия пример рисунка,15,Работа_с_клиентом,арт терапия
арт терапия профессиональная переподготовка,15,Работа_с_клиентом,арт терапия
арт терапия рисование пальчиками,15,Работа_с_клиентом,арт терапия
арт терапия рисунок семьи,15,Работа_с_клиентом,арт терапия
арт терапия ставрополь,15,Работа_с_клиентом,арт терапия
арт терапия техника путь,15,Работа_с_клиентом,арт терапия
арт терапия фестиваль,15,Работа_с_клиентом,арт терапия
групповая арт терапия обучение,15,Обучение_школа,арт терапия
детские страхи арт терапия,15,Работа_с_клиентом,арт терапия
диагностические аспекты арт терапии,15,Работа_с_клиентом,арт терапия
звезда чувств арт терапия,15,Работа_с_клиентом,арт терапия
значение символов в арт терапии,15,Расшифровка_значение,арт терапия
игорь бурганов арт терапия,15,Работа_с_клиентом,арт терапия
информация о арт терапии,15,Работа_с_клиентом,арт терапия
история арт терапии в россии,15,Работа_с_клиентом,арт терапия
итоги арт терапии,15,Работа_с_клиентом,арт терапия
к функциям арт терапии можно отнести,15,Работа_с_клиентом,арт терапия
копытин групповая арт терапия,15,Работа_с_клиентом,арт терапия
курсы по арт терапии с сертификатом дистанционно,15,Обучение_школа,арт терапия
механизмы коррекционного воздействия арт терапии,15,Работа_с_клиентом,арт терапия
мип арт терапия обучение,15,Обучение_школа,арт терапия
надпо арт терапия,15,Работа_с_клиентом,арт терапия
назовите виды арт терапии,15,Работа_с_клиентом,арт терапия
нейро арт терапия,15,Работа_с_клиентом,арт терапия
обучение арт терапии онлайн,15,Обучение_школа,арт терапия
основной целью арт терапии является,15,Работа_с_клиентом,арт терапия
особенности направления арт терапии,15,Работа_с_клиентом,арт терапия
пассивная форма арт терапии,15,Работа_с_клиентом,арт терапия
практика арт терапии тема,15,Работа_с_клиентом,арт терапия
техники арт терапии со взрослыми,15,Работа_с_клиентом,арт терапия
факторы психотерапевтического воздействия в арт терапии,15,Работа_с_клиентом,арт терапия
абстрактная колода метафорических карт,14,Виды_колод,Метафорические карты
изготовление метафорических карт,14,Мак_общее,Метафорические карты
какие бывают метафорические карты,14,Мак_общее,Метафорические карты
макомания метафорические карты,14,Мак_общее,Метафорические карты
метафорическая карта рыба,14,Мак_общее,Метафорические карты
метафорическая карта сага,14,Мак_общее,Метафорические карты
метафорические ассоциативные карты отношения,14,Отношения_пара,Метафорические карты
метафорические карты и православие,14,Мак_общее,Метафорические карты
метафорические карты инпот,14,Мак_общее,Метафорические карты
метафорические карты кейту капустина,14,Мак_общее,Метафорические карты
метафорические карты любви по книге перемен,14,Мак_общее,Метафорические карты
метафорические карты магия спорта,14,Купить_колоду,Метафорические карты
метафорические карты ох онлайн,14,Мак_общее,Метафорические карты
метафорические карты рамки,14,Мак_общее,Метафорические карты
метафорические карты фотографии,14,Мак_общее,Метафорические карты
метафорические карты чак,14,Мак_общее,Метафорические карты
проститься чтобы жить метафорические карты,14,Мак_общее,Метафорические карты
разложить метафорические карты онлайн бесплатно,14,Скачать_бесплатно,Метафорические карты
скачать метафорические карты мак,14,Скачать_бесплатно,Метафорические карты
создание колоды метафорических карт,14,Создание_колоды,Метафорические карты
терапия счастьем метафорические карты,14,Работа_с_клиентом,Метафорические карты
шаблон метафорических карт,14,Мак_общее,Метафорические карты
электронные метафорические карты скачать бесплатно,14,Скачать_бесплатно,Метафорические карты
виртуальные мак карты,14,Мак_общее,мак карты
карты елены суворовой мак цитаты купить,14,Купить_колоду,мак карты
карты мак рубашки,14,Мак_общее,мак карты
мак авто на карте,14,Мак_общее,мак карты
мак карты ангел,14,Мак_общее,мак карты
мак карты внутренний ребенок скачать,14,Скачать_бесплатно,мак карты
мак карты дзен,14,Мак_общее,мак карты
мак карты зачем,14,Мак_общее,мак карты
мак карты исследования,14,Мак_общее,мак карты
мак карты как пишется,14,Мак_общее,мак карты
мак карты пути дороги,14,Мак_общее,мак карты
мак карты случайная карта,14,Мак_общее,мак карты
мак кингли на карте,14,Мак_общее,мак карты
мак роботы скачать бесплатно карты,14,Онлайн_расклад,мак карты
роботы скачать мак карты,14,Скачать_бесплатно,мак карты
сухие долины мак мердо на карте,14,Мак_общее,мак карты
29 конференция арт терапия сегодня,14,Работа_с_клиентом,арт терапия
арт терапию можно применять,14,Работа_с_клиентом,арт терапия
арт терапия в домашних условиях,14,Работа_с_клиентом,арт терапия
арт терапия внутренние опоры,14,Работа_с_клиентом,арт терапия
арт терапия для детей 8 лет,14,Работа_с_клиентом,арт терапия
арт терапия дорога,14,Работа_с_клиентом,арт терапия
арт терапия интерпретация цвета,14,Расшифровка_значение,арт терапия
арт терапия мк,14,Работа_с_клиентом,арт терапия
арт терапия перевод,14,Работа_с_клиентом,арт терапия
арт терапия психология упражнения,14,Работа_с_клиентом,арт терапия
арт терапия работа с самооценкой,14,Работа_с_клиентом,арт терапия
арт терапия с пластилином упражнения,14,Работа_с_клиентом,арт терапия
арт терапия с художником,14,Работа_с_клиентом,арт терапия
арт терапия семейных отношений,14,Работа_с_клиентом,арт терапия
арт терапия уверенность в себе,14,Работа_с_клиентом,арт терапия
арт терапия эстетика,14,Работа_с_клиентом,арт терапия
вопросы для проведения арт терапии,14,Работа_с_клиентом,арт терапия
использование лепки как метод арт терапии,14,Работа_с_клиентом,арт терапия
книга про арт терапию,14,Работа_с_клиентом,арт терапия
конспект занятия овз с арт терапией,14,Работа_с_клиентом,арт терапия
копытин арт терапия берегиня,14,Работа_с_клиентом,арт терапия
маскотерапия в арт терапии,14,Работа_с_клиентом,арт терапия
методика каракули в арт терапии,14,Работа_с_клиентом,арт терапия
методики арт терапии для снижения тревожности,14,Работа_с_клиентом,арт терапия
методы арт терапии для взрослых,14,Работа_с_клиентом,арт терапия
мольберт для арт терапии,14,Работа_с_клиентом,арт терапия
нина балабанова арт терапия,14,Работа_с_клиентом,арт терапия
общая характеристика арт терапии,14,Работа_с_клиентом,арт терапия
отчет внеклассной работы арт терапии,14,Работа_с_клиентом,арт терапия
поиск ресурсов арт терапия,14,Работа_с_клиентом,арт терапия
программа по арт терапии для подростков,14,Работа_с_клиентом,арт терапия
рисовать на теле арт терапия,14,Работа_с_клиентом,арт терапия
сидорова арт терапия,14,Работа_с_клиентом,арт терапия
укажите синоним понятию арт терапия,14,Работа_с_клиентом,арт терапия
цитаты про арт терапию,14,Работа_с_клиентом,арт терапия
50 метафорических карт для пробуждения сексуальности,13,Мак_общее,Метафорические карты
macards ru метафорические карты,13,Мак_общее,Метафорические карты
анализ метафорических карт,13,Мак_общее,Метафорические карты
анна моисеенко метафорические карты,13,Мак_общее,Метафорические карты
вопрос про отношения метафорическим картам,13,Отношения_пара,Метафорические карты
игра настольная метафорические карты,13,Мак_общее,Метафорические карты
как правильно пользоваться метафорическими картами,13,Мак_общее,Метафорические карты
как создать метафорические карты самому пошаговая инструкция,13,Создание_колоды,Метафорические карты
колода персона метафорические карты,13,Виды_колод,Метафорические карты
метафорические ассоциативные карты рассвет,13,Мак_общее,Метафорические карты
метафорические карты galinafolk,13,Мак_общее,Метафорические карты
метафорические карты дух творчества,13,Мак_общее,Метафорические карты
метафорические карты зеленый путь инструкция,13,Мак_общее,Метафорические карты
метафорические карты зеркало души,13,Мак_общее,Метафорические карты
метафорические карты значение каждой карты в колоде,13,Расшифровка_значение,Метафорические карты
метафорические карты краса,13,Мак_общее,Метафорические карты
метафорические карты купить москва,13,Купить_колоду,Метафорические карты
метафорические карты купить спб,13,Купить_колоду,Метафорические карты
метафорические карты ответ на вопрос онлайн,13,Мак_общее,Метафорические карты
метафорические карты правила,13,Мак_общее,Метафорические карты
метафорические карты путь к себе,13,Мак_общее,Метафорические карты
метафорические карты ресурсная колода,13,Виды_колод,Метафорические карты
метафорические карты родовые,13,Мак_общее,Метафорические карты
метафорические карты свобода,13,Мак_общее,Метафорические карты
метафорические карты семенова,13,Мак_общее,Метафорические карты
метафорические карты сумки,13,Мак_общее,Метафорические карты
метафорические карты тайны моей души,13,Мак_общее,Метафорические карты
надпо метафорические карты,13,Мак_общее,Метафорические карты
случайная метафорическая карта,13,Мак_общее,Метафорические карты
технология метафорических карт,13,Мак_общее,Метафорические карты
генезис мак карты,13,Мак_общее,мак карты
карты оракул и мак,13,Мак_общее,мак карты
лучшие мак карты для психолога,13,Работа_с_клиентом,мак карты
мак карта дня онлайн бесплатно,13,Скачать_бесплатно,мак карты
мак карты в поисках смысла купить,13,Купить_колоду,мак карты
мак карты вайлдберриз,13,Мак_общее,мак карты
мак карты на английском,13,Мак_общее,мак карты
мак карты о любви что ждет онлайн,13,Дети_семья,мак карты
мак карты отношения вопросы,13,Отношения_пара,мак карты
мак карты природа,13,Мак_общее,мак карты
мак карты разговор с богом,13,Мак_общее,мак карты
мак карты самооценка,13,Мак_общее,мак карты
мак клур пролив на карте,13,Мак_общее,мак карты
разложить мак карты,13,Мак_общее,мак карты
скачать бесплатно архетипы в мак картах,13,Онлайн_расклад,мак карты
условные обозначения карт мак,13,Расшифровка_значение,мак карты
чеширский кот мак карты,13,Мак_общее,мак карты
адриан хилл 1938 арт терапия,13,Работа_с_клиентом,арт терапия
антиретровирусная терапия арт при вич инфекции,13,Работа_с_клиентом,арт терапия
арт терапия гуашью,13,Работа_с_клиентом,арт терапия
арт терапия для аутиста подростка,13,Работа_с_клиентом,арт терапия
арт терапия для развития речи,13,Работа_с_клиентом,арт терапия
арт терапия игротерапия и детский,13,Работа_с_клиентом,арт терапия
арт терапия ниу вшэ,13,Работа_с_клиентом,арт терапия
арт терапия песком для детей,13,Работа_с_клиентом,арт терапия
арт терапия песочница,13,Работа_с_клиентом,арт терапия
арт терапия сновидения,13,Работа_с_клиентом,арт терапия
арт терапия сочи,13,Работа_с_клиентом,арт терапия
арт терапия факты,13,Работа_с_клиентом,арт терапия
групповая арт терапия для подростков,13,Работа_с_клиентом,арт терапия
диагностические методы арт терапии,13,Работа_с_клиентом,арт терапия
желтый цвет в арт терапии,13,Работа_с_клиентом,арт терапия
зачем нужна арт терапия,13,Работа_с_клиентом,арт терапия
зеленый цвет в арт терапии,13,Работа_с_клиентом,арт терапия
маргарита шевченко арт терапия,13,Работа_с_клиентом,арт терапия
показания для проведения арт терапии,13,Работа_с_клиентом,арт терапия
психолог в школе арт терапия темы,13,Обучение_школа,арт терапия
супервизия арт терапия,13,Работа_с_клиентом,арт терапия
фуд арт терапия,13,Работа_с_клиентом,арт терапия
что такое арт терапия в образовании,13,Работа_с_клиентом,арт терапия
эмоции рабочая тетрадь по арт терапии,13,Работа_с_клиентом,арт терапия
юнгианская арт терапия,13,Работа_с_клиентом,арт терапия
вопросы для метафорических карт про себя,12,Мак_общее,Метафорические карты
какие метафорические карты лучше выбрать,12,Мак_общее,Метафорические карты
камилла крюгер метафорические ассоциативные карты,12,Мак_общее,Метафорические карты
книги купить метафорическими картами,12,Купить_колоду,Метафорические карты
колода метафорических карт ох,12,Виды_колод,Метафорические карты
леднева метафорические карты,12,Мак_общее,Метафорические карты
метафорическая карта отец,12,Мак_общее,Метафорические карты
метафорические ассоциативные карты внутренняя я,12,Мак_общее,Метафорические карты
метафорические карты fairy tale,12,AI_МАК,Метафорические карты
метафорические карты время перемен,12,Мак_общее,Метафорические карты
метафорические карты выбор профессии,12,Мак_общее,Метафорические карты
метафорические карты герои и злодеи,12,Мак_общее,Метафорические карты
метафорические карты гращенкова,12,Мак_общее,Метафорические карты
метафорические карты для начинающих ирина федорова,12,Мак_общее,Метафорические карты
метафорические карты дружба,12,Мак_общее,Метафорические карты
метафорические карты йона бауэра,12,Мак_общее,Метафорические карты
метафорические карты книга обучение,12,Обучение_школа,Метафорические карты
метафорические карты купить вайлдберриз,12,Купить_колоду,Метафорические карты
метафорические карты лас играс,12,Мак_общее,Метафорические карты
метафорические карты нити,12,Мак_общее,Метафорические карты
метафорические карты образ мужчины,12,Мак_общее,Метафорические карты
метафорические карты перемен и цзин,12,Мак_общее,Метафорические карты
метафорические карты персона онлайн,12,Мак_общее,Метафорические карты
метафорические карты подсказка онлайн,12,Мак_общее,Метафорические карты
метафорические карты саморазвитие,12,Мак_общее,Метафорические карты
метафорические карты сон наяву,12,Мак_общее,Метафорические карты
метафорические карты сюрреализм,12,Мак_общее,Метафорические карты
метафорические карты хаяо миядзаки,12,Мак_общее,Метафорические карты
метафорические карты это грех или нет,12,Мак_общее,Метафорические карты
объяснение метафорических карт,12,Мак_общее,Метафорические карты
популярные метафорические карты,12,Мак_общее,Метафорические карты
психологические карты метафорические онлайн бесплатно,12,Скачать_бесплатно,Метафорические карты
ресурсные метафорические карты скачать,12,Скачать_бесплатно,Метафорические карты
руководство по работе с метафорическими картами,12,Мак_общее,Метафорические карты
универсум карты метафорические значения,12,Расшифровка_значение,Метафорические карты
заказать мак карты,12,Мак_общее,мак карты
иматон мак карты,12,Мак_общее,мак карты
как отформатировать сд карту на маке,12,Мак_общее,мак карты
как расшифровывается мак карты,12,Расшифровка_значение,мак карты
карта мак перевернутая,12,Мак_общее,мак карты
коучинг мак карты,12,Мак_общее,мак карты
мак карты для начинающих,12,Мак_общее,мак карты
мак карты интересные,12,Мак_общее,мак карты
мак карты кнуты и пряники,12,Мак_общее,мак карты
мак карты про деньги,12,Мак_общее,мак карты
мак карты секс,12,Мак_общее,мак карты
мак карты финансы,12,Мак_общее,мак карты
мак карты эмоушенс,12,Мак_общее,мак карты
методы работы с мак картами,12,Мак_общее,мак карты
образ женщины мак карты,12,Мак_общее,мак карты
правила работы с мак картами,12,Мак_общее,мак карты
самые популярные мак карты,12,Мак_общее,мак карты
цифровые мак карты,12,Мак_общее,мак карты
чеширский кот мак карты обучение,12,Обучение_школа,мак карты
100 арт терапии,12,Работа_с_клиентом,арт терапия
арт лого терапия,12,Работа_с_клиентом,арт терапия
арт терапия в психологическом консультировании киселева,12,Работа_с_клиентом,арт терапия
арт терапия в узком смысле,12,Работа_с_клиентом,арт терапия
арт терапия для тревожных детей,12,Работа_с_клиентом,арт терапия
арт терапия запись,12,Работа_с_клиентом,арт терапия
арт терапия карточки,12,Работа_с_клиентом,арт терапия
арт терапия сосуд,12,Работа_с_клиентом,арт терапия
арт терапия стоматология,12,Работа_с_клиентом,арт терапия
арт терапия сурет,12,Работа_с_клиентом,арт терапия
арт терапия татарина,12,Работа_с_клиентом,арт терапия
арт терапия тело душа разум эмоции,12,Работа_с_клиентом,арт терапия
арт терапия техника дерево,12,Работа_с_клиентом,арт терапия
арт терапия фиолетовый цвет,12,Работа_с_клиентом,арт терапия
варвара сидорова арт терапия,12,Работа_с_клиентом,арт терапия
весенняя арт терапия,12,Работа_с_клиентом,арт терапия
значение арт терапии в психологии,12,Расшифровка_значение,арт терапия
интересное од арт терапии в психологии,12,Работа_с_клиентом,арт терапия
красный цвет в арт терапии,12,Работа_с_клиентом,арт терапия
мастер класс психолога арт терапия,12,Работа_с_клиентом,арт терапия
мастер класс с элементами арт терапии,12,Работа_с_клиентом,арт терапия
музейная арт терапия в канале vk,12,Работа_с_клиентом,арт терапия
техники телесно ориентированной арт терапии копытин,12,Работа_с_клиентом,арт терапия
фон для презентации арт терапия,12,Работа_с_клиентом,арт терапия
personita метафорические карты,11,Мак_общее,Метафорические карты
вытянуть метафорическую карту онлайн бесплатно,11,Скачать_бесплатно,Метафорические карты
коуч метафорические карты,11,Мак_общее,Метафорические карты
кто создал первую колоду метафорических карт,11,Виды_колод,Метафорические карты
литературные источники метафорические карты,11,Мак_общее,Метафорические карты
метафорические ассоциативные карты повышение квалификации,11,Мак_общее,Метафорические карты
метафорические ассоциативные карты скачать колоду,11,Скачать_бесплатно,Метафорические карты
метафорические карты oh онлайн,11,Мак_общее,Метафорические карты
метафорические карты исследования,11,Мак_общее,Метафорические карты
метафорические карты крылья,11,Мак_общее,Метафорические карты
метафорические карты лазарев,11,Мак_общее,Метафорические карты
метафорические карты ландшафт,11,Мак_общее,Метафорические карты
метафорические карты облака,11,Мак_общее,Метафорические карты
метафорические карты очки,11,Мак_общее,Метафорические карты
метафорические карты персона resilio с описанием,11,Расшифровка_значение,Метафорические карты
метафорические карты примаченко,11,Мак_общее,Метафорические карты
метафорические карты род исцеление родовых программ,11,Мак_общее,Метафорические карты
метафорические карты руководство пдф,11,Мак_общее,Метафорические карты
метафорические карты сертификат,11,Обучение_школа,Метафорические карты
метафорические карты синие коты,11,Мак_общее,Метафорические карты
метафорические карты спеццано архетипы и тени,11,Виды_колод,Метафорические карты
метафорические карты чувствуй,11,Мак_общее,Метафорические карты
обложка метафорических карт,11,Мак_общее,Метафорические карты
ольга примаченко метафорические карты,11,Мак_общее,Метафорические карты
платформа для работы с метафорическими картами,11,Мак_общее,Метафорические карты
пряжа мамы шамана метафорические карты,11,Дети_семья,Метафорические карты
скачать бесплатно базу знаний по метафорическим картам,11,Онлайн_расклад,Метафорические карты
судьбоносные решения метафорические карты,11,Мак_общее,Метафорические карты
упражнения с метафорическими ассоциативными картами,11,Работа_с_клиентом,Метафорические карты
читай город метафорические карты,11,Мак_общее,Метафорические карты
ezoterium мак карты,11,Мак_общее,мак карты
бесплатные колоды мак карт скачать,11,Скачать_бесплатно,мак карты
как отформатировать карту памяти на маке,11,Мак_общее,мак карты
курс по мак картам с сертификатом,11,Обучение_школа,мак карты
мак карты богини,11,Мак_общее,мак карты
мак карты искра внутри,11,Мак_общее,мак карты
мак карты ключи от всех дверей,11,Мак_общее,мак карты
мак карты моя сексуальность,11,Мак_общее,мак карты
мак карты мудрость шута,11,Мак_общее,мак карты
мак карты с надписью,11,Мак_общее,мак карты
мак карты сага,11,Мак_общее,мак карты
мак карты сердце,11,Мак_общее,мак карты
мак карты список,11,Мак_общее,мак карты
мак карты эмоции и чувства,11,Эмоции_состояния,мак карты
мак не видит карту памяти,11,Мак_общее,мак карты
платформы для работы с мак картами,11,Мак_общее,мак карты
сколько стоят мак карты,11,Мак_общее,мак карты
арт терапия в узком смысле слова,11,Работа_с_клиентом,арт терапия
арт терапия вакансии москва,11,Работа_с_клиентом,арт терапия
арт терапия графика,11,Работа_с_клиентом,арт терапия
арт терапия деньги,11,Работа_с_клиентом,арт терапия
арт терапия для дошкольников упражнения,11,Обучение_школа,арт терапия
арт терапия для пожилых людей рисование упражнения,11,Работа_с_клиентом,арт терапия
арт терапия и телесно ориентированный подход,11,Работа_с_клиентом,арт терапия
арт терапия интуитивное рисование,11,Работа_с_клиентом,арт терапия
арт терапия лучшие книги,11,Работа_с_клиентом,арт терапия
арт терапия на настоящее,11,Работа_с_клиентом,арт терапия
арт терапия название мероприятия,11,Работа_с_клиентом,арт терапия
арт терапия отказа,11,Работа_с_клиентом,арт терапия
арт терапия рязань,11,Работа_с_клиентом,арт терапия
арт терапия стыд,11,Работа_с_клиентом,арт терапия
арт терапия это в психологии простыми,11,Работа_с_клиентом,арт терапия
в кокоренко арт терапия арт технологии,11,Работа_с_клиентом,арт терапия
групповая арт терапия со взрослыми,11,Работа_с_клиентом,арт терапия
завершающий этап арт терапии,11,Работа_с_клиентом,арт терапия
занятия с песком подготовительная группа арт терапия,11,Работа_с_клиентом,арт терапия
копытин руководство по групповой арт терапии,11,Работа_с_клиентом,арт терапия
мастер класс арт терапия для семьи,11,Работа_с_клиентом,арт терапия
методики арт терапии с детьми овз,11,Работа_с_клиентом,арт терапия
методики и техники арт терапии,11,Работа_с_клиентом,арт терапия
рисование для пожилых людей арт терапия,11,Работа_с_клиентом,арт терапия
рисунок в круге арт терапия,11,Работа_с_клиентом,арт терапия
смешанная арт терапия,11,Работа_с_клиентом,арт терапия
совместный рисунок арт терапия,11,Работа_с_клиентом,арт терапия
темы для арт терапии со взрослыми,11,Работа_с_клиентом,арт терапия
техника каракули в арт терапии описание,11,Расшифровка_значение,арт терапия
техники аналитической арт терапии,11,Работа_с_клиентом,арт терапия
трансперсональная арт терапия,11,Работа_с_клиентом,арт терапия
упражнение мандала арт терапия,11,Работа_с_клиентом,арт терапия
dark romance draft anna 40 метафорических карт,10,Мак_общее,Метафорические карты
библиотека метафорических карт,10,Мак_общее,Метафорические карты
голос моего тела метафорические карты,10,Мак_общее,Метафорические карты
достать метафорическую карту,10,Мак_общее,Метафорические карты
как правильно работать с метафорическими картами,10,Мак_общее,Метафорические карты
колода морена метафорические карты,10,Виды_колод,Метафорические карты
метафорические ассоциативные карты и шмулевич,10,Мак_общее,Метафорические карты
метафорические ассоциативные карты онлайн расклады,10,Онлайн_расклад,Метафорические карты
метафорические ассоциативные карты описание значения,10,Расшифровка_значение,Метафорические карты
метафорические ассоциативные карты распечатать,10,Мак_общее,Метафорические карты
метафорические карты альтер эго,10,Мак_общее,Метафорические карты
метафорические карты диксит,10,Мак_общее,Метафорические карты
метафорические карты для подростков скачать,10,Скачать_бесплатно,Метафорические карты
метафорические карты женские образы,10,Мак_общее,Метафорические карты
метафорические карты какие купить,10,Купить_колоду,Метафорические карты
метафорические карты киноподсказки,10,Мак_общее,Метафорические карты
метафорические карты курсы для психологов,10,Обучение_школа,Метафорические карты
метафорические карты минск,10,Мак_общее,Метафорические карты
метафорические карты персона скачать,10,Скачать_бесплатно,Метафорические карты
метафорические карты путь к мечте,10,Мак_общее,Метафорические карты
метафорические карты самоценности марии хомяковой,10,Мак_общее,Метафорические карты
метафорические карты скачать онлайн,10,Скачать_бесплатно,Метафорические карты
метафорические карты фантасмагория,10,Купить_колоду,Метафорические карты
метафорические карты философия жизни,10,Мак_общее,Метафорические карты
метафорические карты через сказку,10,Мак_общее,Метафорические карты
метафорические карты яблоко,10,Мак_общее,Метафорические карты
послания луны метафорические карты электронная версия,10,Мак_общее,Метафорические карты
рейтинг метафорических карт,10,Мак_общее,Метафорические карты
скачать метафорические карты бесплатно портал,10,Скачать_бесплатно,Метафорические карты
возможности мак карты,10,Мак_общее,мак карты
значение мак карты с изображением,10,Расшифровка_значение,мак карты
кто придумал мак карты,10,Мак_общее,мак карты
мак бук на карте минска,10,Мак_общее,мак карты
мак карты saga,10,Мак_общее,мак карты
мак карты внутренний страх,10,Эмоции_состояния,мак карты
мак карты компас,10,Мак_общее,мак карты
мак карты онлайн отношения,10,Отношения_пара,мак карты
мак карты расклад на отношения,10,Онлайн_расклад,мак карты
мак карты расшифровка картинок,10,Расшифровка_значение,мак карты
мак карты ресурс силы,10,Мак_общее,мак карты
родовые мак карты,10,Мак_общее,мак карты
схемы раскладов мак карты,10,Онлайн_расклад,мак карты
арт терапия белгород,10,Работа_с_клиентом,арт терапия
арт терапия в клиентоориентированном подходе,10,Работа_с_клиентом,арт терапия
арт терапия в москве мастер класс,10,Работа_с_клиентом,арт терапия
арт терапия в работе с депрессией,10,Работа_с_клиентом,арт терапия
арт терапия в работе с телом,10,Работа_с_клиентом,арт терапия
арт терапия в работе специального психолога,10,Работа_с_клиентом,арт терапия
арт терапия в тюмени,10,Работа_с_клиентом,арт терапия
арт терапия волгоград,10,Работа_с_клиентом,арт терапия
арт терапия дерево ресурсов,10,Работа_с_клиентом,арт терапия
арт терапия детская психология,10,Работа_с_клиентом,арт терапия
арт терапия для детей с овз упражнения,10,Работа_с_клиентом,арт терапия
арт терапия конкурсы,10,Обучение_школа,арт терапия
арт терапия курсы в москве,10,Обучение_школа,арт терапия
арт терапия метод работы с депрессией,10,Работа_с_клиентом,арт терапия
арт терапия несуществующее животное,10,Работа_с_клиентом,арт терапия
арт терапия обучение в санкт петербурге,10,Обучение_школа,арт терапия
арт терапия правополушарное рисование,10,Работа_с_клиентом,арт терапия
арт терапия при депрессии техники,10,Работа_с_клиентом,арт терапия
арт терапия с друзьями,10,Работа_с_клиентом,арт терапия
арт терапия техники горевания,10,Работа_с_клиентом,арт терапия
арт терапия школа копытин,10,Обучение_школа,арт терапия
библиотерапия это направление арт терапии,10,Работа_с_клиентом,арт терапия
в какое время лучше пить арт терапию,10,Работа_с_клиентом,арт терапия
глубинная арт терапия тарарина vk,10,Работа_с_клиентом,арт терапия
занятие арт терапия в ясельной группе,10,Работа_с_клиентом,арт терапия
интерпретация мандалы в арт терапии,10,Расшифровка_значение,арт терапия
как арт терапия помогает людям,10,Работа_с_клиентом,арт терапия
карта внутренней страны арт терапия,10,Работа_с_клиентом,арт терапия
лабиринт в арт терапии,10,Работа_с_клиентом,арт терапия
музыка для арт терапии спокойная без слов,10,Работа_с_клиентом,арт терапия
новости арт терапии,10,Работа_с_клиентом,арт терапия
основное преимущество арт терапии,10,Работа_с_клиентом,арт терапия
практическая арт терапия лечение реабилитация тренинг,10,Обучение_школа,арт терапия
психодиагностика в арт терапии копытин,10,Работа_с_клиентом,арт терапия
слоган для арт терапии,10,Работа_с_клиентом,арт терапия
создай проект на тему арт терапия,10,Работа_с_клиентом,арт терапия
термин арт терапия впервые был использован в,10,Работа_с_клиентом,арт терапия
техники арт терапии для пары,10,Работа_с_клиентом,арт терапия
упражнение каракули арт терапия,10,Работа_с_клиентом,арт терапия
упражнения арт терапии для снятия тревожности,10,Работа_с_клиентом,арт терапия
цель проекта арт терапия,10,Работа_с_клиентом,арт терапия
что провести по арт терапии,10,Работа_с_клиентом,арт терапия
школа арт терапии копытина,10,Обучение_школа,арт терапия
аниби метафорические карты,9,Мак_общее,Метафорические карты
берегиня метафорические ассоциативные карты,9,Мак_общее,Метафорические карты
из сундука прошлого метафорические карты скачать,9,Скачать_бесплатно,Метафорические карты
как работать с метафорическими картами мак,9,Мак_общее,Метафорические карты
как создать свою колоду метафорических карт,9,Создание_колоды,Метафорические карты
метафорическая карта дня онлайн бесплатно с расшифровкой,9,Скачать_бесплатно,Метафорические карты
метафорическая карта значение картинки,9,Расшифровка_значение,Метафорические карты
метафорические ассоциативные карты история,9,Мак_общее,Метафорические карты
метафорические ассоциативные карты как пользоваться,9,Мак_общее,Метафорические карты
метафорические ассоциативные карты презентация,9,Мак_общее,Метафорические карты
метафорические ассоциативные карты проекция,9,Мак_общее,Метафорические карты
метафорические карты mac,9,Мак_общее,Метафорические карты
метафорические карты аллегории,9,Мак_общее,Метафорические карты
метафорические карты дизайн,9,Мак_общее,Метафорические карты
метафорические карты колода 1001 скачать,9,Скачать_бесплатно,Метафорические карты
метафорические карты конструктор решений,9,Мак_общее,Метафорические карты
метафорические карты лошади,9,Мак_общее,Метафорические карты
метафорические карты на заказ,9,Мак_общее,Метафорические карты
метафорические карты ольги чебыкиной,9,Мак_общее,Метафорические карты
метафорические карты ох слова онлайн,9,Мак_общее,Метафорические карты
метафорические карты перемен виногродский,9,Мак_общее,Метафорические карты
метафорические карты письма к душе,9,Мак_общее,Метафорические карты
метафорические карты путешествие,9,Мак_общее,Метафорические карты
метафорические карты работа с травмой,9,Мак_общее,Метафорические карты
метафорические карты тревожность,9,Мак_общее,Метафорические карты
метафорические карты финансы,9,Мак_общее,Метафорические карты
обучение метафорическим картам дистанционно с сертификатом,9,Обучение_школа,Метафорические карты
работают ли метафорические карты,9,Мак_общее,Метафорические карты
руки творца метафорические карты,9,Мак_общее,Метафорические карты
типография печать метафорических карт,9,Мак_общее,Метафорические карты
чередниченко метафорические карты,9,Мак_общее,Метафорические карты
это знак метафорические карты с подсказками вселенной,9,Мак_общее,Метафорические карты
где посмотреть мак адрес сетевой карты,9,Мак_общее,мак карты
значение мак карты с изображением расшифровка,9,Расшифровка_значение,мак карты
карта мак фон,9,Мак_общее,мак карты
карты мак онлайн расклады бесплатно с расшифровкой,9,Онлайн_расклад,мак карты
консультирование мак картами,9,Мак_общее,мак карты
коуч мак карт,9,Мак_общее,мак карты
лабиринты сознания мак карты,9,Мак_общее,мак карты
мак карты в психологии как работать,9,Мак_общее,мак карты
мак карты внутренний мир 100 штук,9,Мак_общее,мак карты
мак карты какие бывают,9,Мак_общее,мак карты
мак карты константина довлатова,9,Мак_общее,мак карты
мак карты онлайн гадалкин дом,9,Мак_общее,мак карты
мак карты путеводная звезда,9,Мак_общее,мак карты
мак карты ресурсные колоды онлайн,9,Виды_колод,мак карты
мак карты соре,9,Мак_общее,мак карты
мак карты шепот почему,9,Мак_общее,мак карты
мип мак карты,9,Мак_общее,мак карты
расклад мак карт онлайн с расшифровкой,9,Онлайн_расклад,мак карты
расшифровка мак карты с изображением,9,Расшифровка_значение,мак карты
самостоятельное обучение мак картам,9,Обучение_школа,мак карты
сколько карт в колоде мак,9,Виды_колод,мак карты
упражнения с мак картами для подростков,9,Работа_с_клиентом,мак карты
академия арт терапии отзывы,9,Работа_с_клиентом,арт терапия
арт терапия благодарности,9,Работа_с_клиентом,арт терапия
арт терапия в психиатрической больнице,9,Работа_с_клиентом,арт терапия
арт терапия вязание,9,Работа_с_клиентом,арт терапия
арт терапия для детей аутистов,9,Работа_с_клиентом,арт терапия
арт терапия для зависимых животные,9,Работа_с_клиентом,арт терапия
арт терапия для пожилых темы,9,Работа_с_клиентом,арт терапия
арт терапия для родителей на родительском собрании,9,Работа_с_клиентом,арт терапия
арт терапия другими словами,9,Работа_с_клиентом,арт терапия
арт терапия журнал купить,9,Купить_колоду,арт терапия
арт терапия мой внутренний мир,9,Работа_с_клиентом,арт терапия
арт терапия остров,9,Работа_с_клиентом,арт терапия
арт терапия практические занятия для родителей,9,Работа_с_клиентом,арт терапия
арт терапия рыбакова,9,Работа_с_клиентом,арт терапия
арт терапия сказкотерапия в доу проект,9,Работа_с_клиентом,арт терапия
арт терапия тула,9,Работа_с_клиентом,арт терапия
в задачи арт терапии входит,9,Работа_с_клиентом,арт терапия
в чем заключается провоцирующая функция арт терапии,9,Работа_с_клиентом,арт терапия
вид арт терапии бумагопластика подразделяется на,9,Купить_колоду,арт терапия
история создания арт терапии,9,Работа_с_клиентом,арт терапия
карл юнг арт терапия,9,Работа_с_клиентом,арт терапия
киселева т г арт терапия,9,Работа_с_клиентом,арт терапия
коричневый цвет в арт терапии,9,Работа_с_клиентом,арт терапия
кто ввел понятие арт терапия,9,Работа_с_клиентом,арт терапия
мандала арт терапия музыка,9,Работа_с_клиентом,арт терапия
мандала используется в арт терапии как,9,Работа_с_клиентом,арт терапия
метод арт терапия заключается в создании,9,Работа_с_клиентом,арт терапия
на каком подходе изначально основывалась арт терапия,9,Работа_с_клиентом,арт терапия
никитин владимир николаевич арт терапия,9,Работа_с_клиентом,арт терапия
пинтерест арт терапия,9,Работа_с_клиентом,арт терапия
почему важна арт терапия,9,Работа_с_клиентом,арт терапия
рисуночные техники в арт терапии,9,Работа_с_клиентом,арт терапия
соул коллаж арт терапия,9,Работа_с_клиентом,арт терапия
термин арт терапия первым использовал,9,Работа_с_клиентом,арт терапия
трон наследие как терапия арт стилем,9,Работа_с_клиентом,арт терапия
что такое современная арт терапия,9,Работа_с_клиентом,арт терапия
70 ресурсов женщины метафорические ассоциативные карты,8,Мак_общее,Метафорические карты
анна гращенкова метафорические карты,8,Мак_общее,Метафорические карты
вопросы для метафорических карт список,8,Мак_общее,Метафорические карты
вопросы к метафорическим картам о человеке,8,Мак_общее,Метафорические карты
групповая работа с метафорическими картами,8,Мак_общее,Метафорические карты
инструкция как сделать бота с метафорическим картам,8,Создание_колоды,Метафорические карты
как интерпретировать метафорические карты,8,Расшифровка_значение,Метафорические карты
как создаются метафорические карты,8,Мак_общее,Метафорические карты
как читать метафорические карты правильно,8,Мак_общее,Метафорические карты
карта ох метафорические купить,8,Купить_колоду,Метафорические карты
колода хабитат метафорические карты,8,Виды_колод,Метафорические карты
метафорические ассоциативные карты для преодоления страхов,8,Эмоции_состояния,Метафорические карты
метафорические ассоциативные карты онлайн расклад бесплатно,8,Онлайн_расклад,Метафорические карты
метафорические карты puzzle maxi,8,Мак_общее,Метафорические карты
метафорические карты анима,8,Мак_общее,Метафорические карты
метафорические карты воспоминания,8,Мак_общее,Метафорические карты
метафорические карты детские травмы,8,Дети_семья,Метафорические карты
метафорические карты для взрослых,8,Мак_общее,Метафорические карты
метафорические карты для детей скачать,8,Скачать_бесплатно,Метафорические карты
метафорические карты значение и описание карт,8,Расшифровка_значение,Метафорические карты
метафорические карты искра внутри,8,Мак_общее,Метафорические карты
метафорические карты котики,8,Мак_общее,Метафорические карты
метафорические карты персона купить,8,Купить_колоду,Метафорические карты
метафорические карты пожелания,8,Мак_общее,Метафорические карты
метафорические карты тишина,8,Мак_общее,Метафорические карты
метафорические карты три кита,8,Мак_общее,Метафорические карты
метафорические карты филипп рыжук,8,Мак_общее,Метафорические карты
метафорические карты юнг,8,Мак_общее,Метафорические карты
метафорические карты юнга,8,Мак_общее,Метафорические карты
метафорические розовые карты,8,Мак_общее,Метафорические карты
моритц эгетмейер метафорические карты,8,Мак_общее,Метафорические карты
психологические игры с метафорическими картами,8,Мак_общее,Метафорические карты
путеводная звезда метафорические карты расшифровка,8,Расшифровка_значение,Метафорические карты
работа с метафорическими картами обучение видео бесплатно,8,Скачать_бесплатно,Метафорические карты
расклады мак метафорические карты,8,Онлайн_расклад,Метафорические карты
расшифровка метафорических карт ответ души,8,Расшифровка_значение,Метафорические карты
ресурсные метафорические карты онлайн,8,Мак_общее,Метафорические карты
статья про метафорические карты с источниками,8,Мак_общее,Метафорические карты
та самая карта метафорическая карта,8,Мак_общее,Метафорические карты
авито мак карты,8,Мак_общее,мак карты
детство мак карты,8,Дети_семья,мак карты
изготовление мак карт,8,Мак_общее,мак карты
мак бу на карте,8,Мак_общее,мак карты
мак карты альтер эго,8,Мак_общее,мак карты
мак карты архетипы и тени расшифровка,8,Расшифровка_значение,мак карты
мак карты групповая работа,8,Мак_общее,мак карты
мак карты для самопознания,8,Самопознание,мак карты
мак карты лишний вес,8,Мак_общее,мак карты
мак карты ответ на вопрос,8,Мак_общее,мак карты
мак карты проститься чтобы жить,8,Мак_общее,мак карты
мак карты энергия,8,Мак_общее,мак карты
мак рядом со мной на карте,8,Мак_общее,мак карты
повышение квалификации мак карты,8,Мак_общее,мак карты
село красный мак бахчисарайский район на карте,8,Мак_общее,мак карты
техники с мак картами с группой,8,Работа_с_клиентом,мак карты
арт терапия ата аналарға,8,Работа_с_клиентом,арт терапия
арт терапия бурганов центр,8,Работа_с_клиентом,арт терапия
арт терапия в работе с женщинами,8,Работа_с_клиентом,арт терапия
арт терапия википедия,8,Работа_с_клиентом,арт терапия
арт терапия диагностические техники,8,Работа_с_клиентом,арт терапия
арт терапия для онкобольных,8,Работа_с_клиентом,арт терапия
арт терапия для реабилитации после инсульта,8,Работа_с_клиентом,арт терапия
арт терапия дудлинг,8,Работа_с_клиентом,арт терапия
арт терапия изотерапия упражнения для подростков,8,Работа_с_клиентом,арт терапия
арт терапия как расшифровывается,8,Расшифровка_значение,арт терапия
арт терапия линия жизни,8,Работа_с_клиентом,арт терапия
арт терапия липецк,8,Работа_с_клиентом,арт терапия
арт терапия обучение бесплатно,8,Скачать_бесплатно,арт терапия
арт терапия практика для детей,8,Работа_с_клиентом,арт терапия
арт терапия рисуем эмоции,8,Работа_с_клиентом,арт терапия
арт терапия рисунки для раскрашивания,8,Работа_с_клиентом,арт терапия
арт терапия с столом песка,8,Работа_с_клиентом,арт терапия
арт терапия спб мастер класс,8,Работа_с_клиентом,арт терапия
арт терапия человек под дождем,8,Работа_с_клиентом,арт терапия
арт терапия черный цвет,8,Работа_с_клиентом,арт терапия
артпедагогика и арт терапия учебник,8,Работа_с_клиентом,арт терапия
арттерапия или арт терапия для детей,8,Работа_с_клиентом,арт терапия
глоссарий по арт терапии,8,Работа_с_клиентом,арт терапия
групповая арт терапия со взрослыми упражнения,8,Работа_с_клиентом,арт терапия
драматерапия это направление арт терапии,8,Работа_с_клиентом,арт терапия
издательство проф пресс арт терапия раскраска антистресс,8,Работа_с_клиентом,арт терапия
исследовательская работа арт терапия,8,Работа_с_клиентом,арт терапия
каковы обязательные элементы арт терапии,8,Работа_с_клиентом,арт терапия
киселева марина вячеславовна арт терапия,8,Работа_с_клиентом,арт терапия
кто является основателем психодинамической арт терапии,8,Работа_с_клиентом,арт терапия
мандалы арт терапия рисуем,8,Работа_с_клиентом,арт терапия
назовите принципы интерпретации в арт терапии,8,Расшифровка_значение,арт терапия
основным механизмом арт терапии является,8,Работа_с_клиентом,арт терапия
примеры арт терапии в психологии,8,Работа_с_клиентом,арт терапия
розовый цвет в арт терапии,8,Работа_с_клиентом,арт терапия
синий цвет в арт терапии,8,Работа_с_клиентом,арт терапия
скачать музыку для арт терапии бесплатно,8,Скачать_бесплатно,арт терапия
спонтанный рисунок в арт терапии,8,Работа_с_клиентом,арт терапия
техники аналитической арт терапии копытин,8,Работа_с_клиентом,арт терапия
упражнение маски арт терапия,8,Работа_с_клиентом,арт терапия
упражнения арт терапии при стрессе,8,Работа_с_клиентом,арт терапия
центр арт терапии бурганова,8,Работа_с_клиентом,арт терапия
две жизни метафорические ассоциативные карты для самопознания,7,Самопознание,Метафорические карты
довлатов константин метафорические карты,7,Мак_общее,Метафорические карты
достать метафорическую карту онлайн,7,Мак_общее,Метафорические карты
ирина таран метафорические карты,7,Мак_общее,Метафорические карты
как называется второй слой восприятия метафорической карты,7,Мак_общее,Метафорические карты
как начать работать с метафорическими картами,7,Мак_общее,Метафорические карты
какие метафорические карты лучше выбрать новичку,7,Мак_общее,Метафорические карты
кирилл сидоров метафорические ассоциативные карты сказочные архетипы,7,Виды_колод,Метафорические карты
колода диксит метафорические карты,7,Виды_колод,Метафорические карты
мат карты метафорические,7,Мак_общее,Метафорические карты
матрицы для работы с метафорическими картами,7,Мак_общее,Метафорические карты
метафорическая карта с танцующей девушкой,7,Мак_общее,Метафорические карты
метафорические ассоциативные карты родительские установки и запреты,7,Дети_семья,Метафорические карты
метафорические ассоциативные карты читать,7,Мак_общее,Метафорические карты
метафорические ассоциативные карты эмоцарики,7,Мак_общее,Метафорические карты
метафорические карты внутренний компас,7,Мак_общее,Метафорические карты
метафорические карты внутренний мир какие карты,7,Мак_общее,Метафорические карты
метафорические карты внутренний страх,7,Эмоции_состояния,Метафорические карты
метафорические карты для детей эмоции,7,Эмоции_состояния,Метафорические карты
метафорические карты земля,7,Мак_общее,Метафорические карты
метафорические карты источник купить,7,Купить_колоду,Метафорические карты
метафорические карты источники женской силы,7,Мак_общее,Метафорические карты
метафорические карты кони,7,Мак_общее,Метафорические карты
метафорические карты любви по книге перемен отзывы,7,Мак_общее,Метафорические карты
метафорические карты на английском,7,Мак_общее,Метафорические карты
метафорические карты на вайлдберриз,7,Мак_общее,Метафорические карты
метафорические карты нежные чувства,7,Мак_общее,Метафорические карты
метафорические карты онлайн кибика,7,Мак_общее,Метафорические карты
метафорические карты решение суда,7,Мак_общее,Метафорические карты
метафорические карты таракая,7,Мак_общее,Метафорические карты
метафорические карты твой путь,7,Мак_общее,Метафорические карты
метафорические карты терапия души,7,Работа_с_клиентом,Метафорические карты
метафорические карты успех скачать бесплатно,7,Скачать_бесплатно,Метафорические карты
мужчина психолог использует метафорические карты,7,Мак_общее,Метафорические карты
подсказки подсознания метафорические карты,7,Мак_общее,Метафорические карты
поле раскладки метафорических карт,7,Онлайн_расклад,Метафорические карты
чеширский кот метафорические карты,7,Мак_общее,Метафорические карты
щербинина метафорические карты психосоматика,7,Мак_общее,Метафорические карты
аромат карты мак,7,Мак_общее,мак карты
ехай колода мак карт,7,Виды_колод,мак карты
как поменять мак адрес на сетевой карте,7,Мак_общее,мак карты
карты мак инпот,7,Мак_общее,мак карты
колода мак чокер мудрость шута карты толкование,7,Виды_колод,мак карты
мак карты женственность,7,Мак_общее,мак карты
мак карты классические,7,Мак_общее,мак карты
мак карты личность,7,Мак_общее,мак карты
макрум мак карты,7,Мак_общее,мак карты
техники мак с картами мастер сказок,7,Работа_с_клиентом,мак карты
10 каковы риски использования арт терапии,7,Работа_с_клиентом,арт терапия
арт терапия астана,7,Работа_с_клиентом,арт терапия
арт терапия для аутиста подростка план,7,Работа_с_клиентом,арт терапия
арт терапия дружба,7,Работа_с_клиентом,арт терапия
арт терапия записаться,7,Работа_с_клиентом,арт терапия
арт терапия лошадь,7,Работа_с_клиентом,арт терапия
арт терапия мастер класс воздушный пластилин,7,Работа_с_клиентом,арт терапия
арт терапия надпись,7,Работа_с_клиентом,арт терапия
арт терапия определение в психологии,7,Работа_с_клиентом,арт терапия
арт терапия поведения диссертация,7,Работа_с_клиентом,арт терапия
арт терапия рисунки обсуждение с психологом,7,Работа_с_клиентом,арт терапия
арт терапия ташкент,7,Работа_с_клиентом,арт терапия
арт терапия это в психологии простыми словами,7,Работа_с_клиентом,арт терапия
гуманистическое направление в арт терапии,7,Работа_с_клиентом,арт терапия
детская арт терапия занятия в группе,7,Работа_с_клиентом,арт терапия
для арт терапии характерна,7,Работа_с_клиентом,арт терапия
елена макарова арт терапия,7,Работа_с_клиентом,арт терапия
какие задачи решает арт терапия,7,Работа_с_клиентом,арт терапия
книги по арт терапии агрессии для психологов,7,Работа_с_клиентом,арт терапия
мгппу арт терапия,7,Работа_с_клиентом,арт терапия
мгпу арт терапия,7,Работа_с_клиентом,арт терапия
международная школа арт терапии личный кабинет вход,7,Обучение_школа,арт терапия
минус арт терапия,7,Работа_с_клиентом,арт терапия
музейная арт терапия для детей,7,Работа_с_клиентом,арт терапия
определение арт терапии литература,7,Работа_с_клиентом,арт терапия
основные механизмы коррекционного воздействия арт терапии,7,Работа_с_клиентом,арт терапия
первым начал использовать термин арт терапия,7,Работа_с_клиентом,арт терапия
песочная арт терапия с дошкольниками,7,Обучение_школа,арт терапия
презентация на тему изотерапия без арт терапии,7,Работа_с_клиентом,арт терапия
синергические методики в арт терапии,7,Работа_с_клиентом,арт терапия
стартап арт терапия для женщин рисовать мужчин,7,Работа_с_клиентом,арт терапия
татьяна колошина арт терапия,7,Работа_с_клиентом,арт терапия
техника розовый куст арт терапия,7,Работа_с_клиентом,арт терапия
треугольник это в арт терапии,7,Работа_с_клиентом,арт терапия
три уровня педагогического потенциала арт терапии,7,Работа_с_клиентом,арт терапия
цель арт терапии в психологии,7,Работа_с_клиентом,арт терапия
центр арт терапии игоря бурганова,7,Работа_с_клиентом,арт терапия
энергетическая арт терапия,7,Работа_с_клиентом,арт терапия
tanya asmr видео про метафорические карты,6,Мак_общее,Метафорические карты
авторская колода карт метафорические,6,Виды_колод,Метафорические карты
значение часы в метафорических картах,6,Расшифровка_значение,Метафорические карты
как научиться читать метафорические карты,6,Мак_общее,Метафорические карты
как сделать метафорические карты самостоятельно,6,Создание_колоды,Метафорические карты
литературное вдохновение метафорические карты эскимо,6,Мак_общее,Метафорические карты
макомания интернет магазин метафорические карты,6,Купить_колоду,Метафорические карты
мастер сказок для детей метафорические карты,6,Дети_семья,Метафорические карты
метафорические ассоциативные карты аллегории,6,Мак_общее,Метафорические карты
метафорические ассоциативные карты значение каждой карты,6,Расшифровка_значение,Метафорические карты
метафорические ассоциативные карты кому помогают,6,Мак_общее,Метафорические карты
метафорические ассоциативные карты смотритель маяка,6,Мак_общее,Метафорические карты
метафорические карты для работы с семьей,6,Дети_семья,Метафорические карты
метафорические карты жил был домик,6,Мак_общее,Метафорические карты
метафорические карты к себе нежно,6,Мак_общее,Метафорические карты
метафорические карты лукомская наталия,6,Мак_общее,Метафорические карты
метафорические карты от ирины лилло объяснение карт,6,Мак_общее,Метафорические карты
метафорические карты послания ангелов и архангелов,6,Мак_общее,Метафорические карты
метафорические карты расклад отношения,6,Онлайн_расклад,Метафорические карты
метафорические карты распечатать бесплатно,6,Скачать_бесплатно,Метафорические карты
метафорические карты северные предания йона бауэра,6,Мак_общее,Метафорические карты
метафорические карты советы лосося,6,Мак_общее,Метафорические карты
метафорические карты художницы,6,Мак_общее,Метафорические карты
путь изобилия метафорические карты,6,Мак_общее,Метафорические карты
роботы метафорические карты ушакова скачать для печати,6,Скачать_бесплатно,Метафорические карты
okno карты мак скачать бесплатно форум,6,Скачать_бесплатно,мак карты
время жить мак карты,6,Мак_общее,мак карты
колода мак карт она,6,Виды_колод,мак карты
купить на валберис универсальные ресурсные мак карты,6,Купить_колоду,мак карты
мак карты здоровье,6,Мак_общее,мак карты
мак карты зеркало души,6,Мак_общее,мак карты
мак карты картинки красивые,6,Мак_общее,мак карты
мак карты личные границы онлайн,6,Мак_общее,мак карты
мак карты морена,6,Мак_общее,мак карты
мак карты ответ души расклады,6,Онлайн_расклад,мак карты
мак карты персона онлайн,6,Мак_общее,мак карты
мак карты портреты и лица,6,Мак_общее,мак карты
мак карты эмоушенс купить,6,Купить_колоду,мак карты
текстовые мак карты ирина федорова скачать бесплатно,6,Скачать_бесплатно,мак карты
шахматы в карте мак,6,Мак_общее,мак карты
29 конференция по арт терапии,6,Работа_с_клиентом,арт терапия
арт терапия дерево силы,6,Работа_с_клиентом,арт терапия
арт терапия для взрослых жизнь без наркотиков,6,Работа_с_клиентом,арт терапия
арт терапия для детей сво,6,Работа_с_клиентом,арт терапия
арт терапия для зависимых в реабилитации упражнения,6,Работа_с_клиентом,арт терапия
арт терапия лучшие курсы,6,Обучение_школа,арт терапия
арт терапия методики и упражнения,6,Работа_с_клиентом,арт терапия
арт терапия мытищи королев,6,Работа_с_клиентом,арт терапия
арт терапия с пожилыми людьми упражнения,6,Работа_с_клиентом,арт терапия
арт терапия фото вектор,6,Работа_с_клиентом,арт терапия
арт терапия фото картинки,6,Работа_с_клиентом,арт терапия
арт терапия әдістері,6,Работа_с_клиентом,арт терапия
библиотеки где проводится арт терапия,6,Работа_с_клиентом,арт терапия
библиотерапия как метод арт терапии,6,Работа_с_клиентом,арт терапия
занятие арт терапией со взрослыми,6,Работа_с_клиентом,арт терапия
как пишется слово арт терапия,6,Работа_с_клиентом,арт терапия
карта желаний арт терапия,6,Работа_с_клиентом,арт терапия
карта моего тела арт терапия,6,Работа_с_клиентом,арт терапия
киселева марина вячеславовна арт терапия прием,6,Работа_с_клиентом,арт терапия
книга для психологов по обучению арт терапии,6,Обучение_школа,арт терапия
музейная арт терапия обучение,6,Обучение_школа,арт терапия
мультимодальная арт терапия в доу,6,Работа_с_клиентом,арт терапия
первое занятие по арт терапии,6,Работа_с_клиентом,арт терапия
песочная терапия арт практика для пожилых,6,Работа_с_клиентом,арт терапия
психологический портрет семьи арт терапия,6,Работа_с_клиентом,арт терапия
рисование мандал в арт терапии,6,Работа_с_клиентом,арт терапия
с чем работает арт терапия у детей,6,Работа_с_клиентом,арт терапия
техника марания в арт терапии,6,Работа_с_клиентом,арт терапия
техники арт терапии применяются при,6,Работа_с_клиентом,арт терапия
удо байер арт терапия,6,Работа_с_клиентом,арт терапия
что такое арт терапия по юнгу,6,Работа_с_клиентом,арт терапия
эдит крамер арт терапия минск,6,Работа_с_клиентом,арт терапия
экспресс игры по арт терапии,6,Работа_с_клиентом,арт терапия
66 и 6 демонов метафорические карты колода,5,Виды_колод,Метафорические карты
parts work метафорические карты,5,Мак_общее,Метафорические карты
ангельские метафорические карты,5,Мак_общее,Метафорические карты
ассоциативные метафорические карты секрет онлайн купить,5,Купить_колоду,Метафорические карты
бесплатно обучу метафорическим картам,5,Онлайн_расклад,Метафорические карты
возможности использования метафорических карт в организационной диагностике,5,Мак_общее,Метафорические карты
вытащить метафорическую карту онлайн бесплатно,5,Скачать_бесплатно,Метафорические карты
игра с использованием метафорических карт тысяча дорог,5,Мак_общее,Метафорические карты
ирина тараненко психолог метафорические карты,5,Мак_общее,Метафорические карты
как выбрать метафорические карты для себя новичку,5,Самопознание,Метафорические карты
как задать вопрос про беременность метафорическим картам,5,Мак_общее,Метафорические карты
как нарисовать свою метафорическую карту,5,Мак_общее,Метафорические карты
карты астро совет метафорические,5,Мак_общее,Метафорические карты
лучшие метафорические карты по чувствам для детей,5,Дети_семья,Метафорические карты
мак эксперт метафорические карты онлайн,5,Мак_общее,Метафорические карты
мастер сказок метафорические карты значение карт,5,Расшифровка_значение,Метафорические карты
метафорическая карта бабушка с внуком на радуге,5,Мак_общее,Метафорические карты
метафорическая подборка карт скачать,5,Скачать_бесплатно,Метафорические карты
метафорические ассоциативные карты скачать колоду бесплатно,5,Скачать_бесплатно,Метафорические карты
метафорические ассоциативные карты тайны подсознания,5,Мак_общее,Метафорические карты
метафорические ассоциативные карты что это в психологии,5,Мак_общее,Метафорические карты
метафорические карты yearee miracle золото,5,Мак_общее,Метафорические карты
метафорические карты галинафолк дзен,5,Мак_общее,Метафорические карты
метафорические карты глубинные отражения,5,Мак_общее,Метафорические карты
метафорические карты голос предков значение,5,Расшифровка_значение,Метафорические карты
метафорические карты женские роли female,5,Мак_общее,Метафорические карты
метафорические карты издательство миф,5,Мак_общее,Метафорические карты
метафорические карты инструкция пдф,5,Мак_общее,Метафорические карты
метафорические карты источник онлайн,5,Мак_общее,Метафорические карты
метафорические карты классические,5,Мак_общее,Метафорические карты
метафорические карты на столе,5,Мак_общее,Метафорические карты
метафорические карты онлайн рыжук,5,Мак_общее,Метафорические карты
метафорические карты отзывы форум,5,Мак_общее,Метафорические карты
метафорические карты печать от 5 штук,5,Мак_общее,Метафорические карты
метафорические карты пути дороги онлайн,5,Мак_общее,Метафорические карты
метафорические карты самоисцеления,5,Мак_общее,Метафорические карты
метафорические карты северные предания йона бауэра галерея,5,Мак_общее,Метафорические карты
метафорические карты советник купить казань,5,Купить_колоду,Метафорические карты
метафорические карты советы вселенной,5,Мак_общее,Метафорические карты
метафорические карты сценарий в действии,5,Купить_колоду,Метафорические карты
метафорические карты татьяны зинкевич евстигнеевой,5,Мак_общее,Метафорические карты
метафорические карты текстовые,5,Мак_общее,Метафорические карты
метафорические карты универсум галерея,5,Мак_общее,Метафорические карты
немного нервно метафорические карты,5,Мак_общее,Метафорические карты
озон метафорические карты oh,5,Мак_общее,Метафорические карты
почему я здесь метафорические карты,5,Мак_общее,Метафорические карты
примеры метафорических карт для дружбы,5,Мак_общее,Метафорические карты
проводники мудрости метафорические карты наталья певнева,5,Мак_общее,Метафорические карты
самые популярные метафорические карты,5,Мак_общее,Метафорические карты
сексуальность метафорические карты чак спеццано интерпретации книга,5,Расшифровка_значение,Метафорические карты
сила стаи метафорические карты расшифровка,5,Расшифровка_значение,Метафорические карты
сюжетные метафорические карты,5,Мак_общее,Метафорические карты
треугольник в метафорических картах барби актриса модель,5,Мак_общее,Метафорические карты
утка в метафорических картах что обозначает,5,Мак_общее,Метафорические карты
я принимаю решение метафорические карты,5,Мак_общее,Метафорические карты
бесплатная платформа для мак карт,5,Скачать_бесплатно,мак карты
виртуальные ресурсные мак карты опора,5,Мак_общее,мак карты
изменить мак сетевой карты,5,Мак_общее,мак карты
иматон мак карты пролонгированный курс,5,Обучение_школа,мак карты
как найти сетевую карту по мак адресу,5,Мак_общее,мак карты
как правильно работать с мак картами,5,Мак_общее,мак карты
карты мак с арт практикой волшебный кулон,5,Мак_общее,мак карты
мак карты буравцевой пиктограммы,5,Мак_общее,мак карты
мак карты искры счастья,5,Мак_общее,мак карты
мак карты коуп,5,Мак_общее,мак карты
мак карты леди якобс инструкция,5,Мак_общее,мак карты
мак карты накшатры,5,Мак_общее,мак карты
мак карты про агрессию скачать,5,Скачать_бесплатно,мак карты
мак карты прокрастинация,5,Мак_общее,мак карты
мак колода ох карты,5,Виды_колод,мак карты
скачать бесплатно книгу архетипы в мак картах,5,Онлайн_расклад,мак карты
создатель мак карт спроси у бабы яги,5,Мак_общее,мак карты
тренинг с использованием мак карт для родителей,5,Обучение_школа,мак карты
арт терапия в мотивации к учебе,5,Работа_с_клиентом,арт терапия
арт терапия в работе спец психолога,5,Работа_с_клиентом,арт терапия
арт терапия в реже свердловской области,5,Работа_с_клиентом,арт терапия
арт терапия для детей с овз видео,5,Работа_с_клиентом,арт терапия
арт терапия картинки для раскрашивания,5,Работа_с_клиентом,арт терапия
арт терапия мужские и женские отношения,5,Работа_с_клиентом,арт терапия
арт терапия мұғалімдерге,5,Работа_с_клиентом,арт терапия
арт терапия на занятиях в гпд,5,Работа_с_клиентом,арт терапия
арт терапия на холстах,5,Работа_с_клиентом,арт терапия
арт терапия оренбург,5,Работа_с_клиентом,арт терапия
арт терапия при панических атаках,5,Работа_с_клиентом,арт терапия
арт терапия при расставании закрытая дверь,5,Работа_с_клиентом,арт терапия
арт терапия радуга,5,Работа_с_клиентом,арт терапия
арт терапия рисование океана моря для взрослых,5,Работа_с_клиентом,арт терапия
арт терапия рисуем шляпку,5,Работа_с_клиентом,арт терапия
арт терапия со школьниками,5,Обучение_школа,арт терапия
арт терапия это в психологии курсы эдпро,5,Обучение_школа,арт терапия
ассамбляж а арт терапии,5,Работа_с_клиентом,арт терапия
бьюкенен д арт терапия и нейронаука,5,Работа_с_клиентом,арт терапия
виды арт терапии показания для применения,5,Работа_с_клиентом,арт терапия
вкр развитие эмоционально волевой сферы арт терапией,5,Работа_с_клиентом,арт терапия
гуманистический подход в арт терапии,5,Работа_с_клиентом,арт терапия
занятие по арт терапии мое настроение,5,Работа_с_клиентом,арт терапия
каракули винникота арт терапия,5,Работа_с_клиентом,арт терапия
клиническую арт терапию дополняет арттерапия,5,Работа_с_клиентом,арт терапия
клякса в арт терапии это про,5,Работа_с_клиентом,арт терапия
куклотерапия марионетка как метод арт терапии,5,Работа_с_клиентом,арт терапия
ландшафтная арт терапия упражнения методички программы,5,Работа_с_клиентом,арт терапия
лицо без рта в арт терапии,5,Работа_с_клиентом,арт терапия
мандалатерапия психология арт терапия для детей,5,Работа_с_клиентом,арт терапия
международная академия арт терапии,5,Работа_с_клиентом,арт терапия
монотипии для детей метод арт терапии,5,Работа_с_клиентом,арт терапия
моя коллекция раскрасок из серии арт терапия,5,Работа_с_клиентом,арт терапия
написать отзыв после арт терапии,5,Работа_с_клиентом,арт терапия
написать текст про арт терапию платно,5,Работа_с_клиентом,арт терапия
обучение арт терапии владивосток очно,5,Обучение_школа,арт терапия
отзывы об арт терапии больных,5,Работа_с_клиентом,арт терапия
песня кофе арт терапия,5,Работа_с_клиентом,арт терапия
практики на раскрытие своей женственности арт терапия,5,Работа_с_клиентом,арт терапия
пространства в арт терапии статика динамика,5,Работа_с_клиентом,арт терапия
работы выполненные арт терапии живопись рисование скульптура,5,Работа_с_клиентом,арт терапия
сессии арт терапии онлайн,5,Работа_с_клиентом,арт терапия
техника арт терапии для определения целей,5,Работа_с_клиентом,арт терапия
традиции и инновации в арт терапии статьи,5,Работа_с_клиентом,арт терапия
фольга как средство арт терапии в доу,5,Работа_с_клиентом,арт терапия
фотки арт терапии,5,Работа_с_клиентом,арт терапия
что такое мультимодальная арт терапия,5,Работа_с_клиентом,арт терапия
метафорические карты колоды онлайн бесплатно,4,Скачать_бесплатно,Метафорические карты
метафорические карты пояснение,4,Мак_общее,Метафорические карты
метафорические карты стихия,4,Мак_общее,Метафорические карты
что спросить у метафорических карт,4,Мак_общее,Метафорические карты
арт терапия деген,4,Работа_с_клиентом,арт терапия
арт терапия мақсаты,4,Работа_с_клиентом,арт терапия
арт терапия дегеніміз,3,Работа_с_клиентом,арт терапия
арттерапия или арт терапия рисунки,3,Работа_с_клиентом,арт терапия
шаршаудан шабытқа арт терапия,3,Работа_с_клиентом,арт терапия
метафорические карты morena,2,Мак_общее,Метафорические карты
метафорические карты онлайн бесплатно разложить с расшифровкой,2,Скачать_бесплатно,Метафорические карты
арт терапия ата аналар жиналысы,2,Работа_с_клиентом,арт терапия
арт терапия рисунки и их значение,2,Расшифровка_значение,арт терапия
